voltage_phase_a,voltage_phase_b,voltage_phase_c,current_phase_a,current_phase_b,current_phase_c,types
-2207.086122,-22775.20941,24982.29553,-181.2742242,-137.1080094,318.3822337,1
-1166.293744,-23350.67983,24516.97357,-171.2337572,-147.8833334,319.1170905,1
-123.8439992,-23892.96765,24016.81165,-160.9499575,-158.448507,319.3984646,1
918.7817348,-24401.30226,23482.52053,-150.4374392,-168.7885166,319.2259559,1
1960.10183,-24874.96129,22914.85946,-139.7111411,-178.8886686,318.5998096,1
2998.636513,-25313.27164,22314.63512,-128.7863057,-188.7346099,317.5209156,1
4032.909969,-25715.61044,21682.70047,-117.678458,-198.312349,315.990807,1
5061.45244,-26081.40595,21019.95351,-106.4033828,-207.6082754,314.0116582,1
6082.80231,-26410.13835,20327.33604,-94.97710249,-216.6091791,311.5862816,1
7095.508185,-26701.34051,19605.83232,-83.41585456,-225.3022693,308.7181239,1
8098.130954,-26954.5986,18856.46764,-71.73606813,-233.6751927,305.4112608,1
9089.245836,-27169.55273,18080.30689,-59.95434082,-241.7160508,301.6703916,1
10067.4444,-27345.89743,17278.45303,-48.08741512,-249.4134172,297.5008323,1
11031.33658,-27483.38213,16452.04555,-36.15215456,-256.7563534,292.908508,1
11979.55262,-27581.81143,15602.2588,-24.16551982,-263.7344249,287.8999447,1
12910.74507,-27641.04547,14730.3004,-12.14454455,-270.3377153,282.4822598,1
13823.59064,-27661.00007,13837.40943,-0.106311217,-276.556841,276.6631522,1
14716.79213,-27641.64687,12924.85474,11.93207319,-282.3829643,270.4508911,1
15589.08025,-27583.01338,11993.93313,23.95350147,-287.8078059,263.8543045,1
16439.21544,-27485.18293,11045.96749,35.94089051,-292.8236569,256.8827664,1
17265.9896,-27348.29452,10082.30492,47.87720558,-297.4233895,249.5461839,1
18068.22785,-27172.54269,9104.314838,59.74548452,-301.6004672,241.8549827,1
18844.79016,-26958.17719,8113.387031,71.52886185,-305.3489541,233.8200922,1
19594.57299,-26705.50264,7110.929657,83.21059276,-308.6635234,225.4529306,1
20316.51085,-26414.87812,6098.367263,94.77407687,-311.539465,216.7653881,1
21009.57785,-26086.7166,5077.138756,106.2028818,-313.9726919,207.7698101,1
21672.78908,-25721.48444,4048.695356,117.4807667,-315.9597465,198.4789798,1
22305.2021,-25319.70064,3014.498539,128.5917049,-317.497805,188.9061,1
22905.9182,-24881.93616,1976.017955,139.5199073,-318.5846817,179.0647744,1
23474.08374,-24408.81308,934.7293404,150.2498443,-319.2188321,168.9689878,1
24008.89132,-23901.00375,-107.8875754,160.766268,-319.3993552,158.6330871,1
24509.58096,-23359.22978,-1150.351177,171.0542341,-319.1259943,148.0717601,1
24975.44114,-22784.26107,-2191.180067,181.0991227,-318.3991378,137.3000151,1
25405.80985,-22176.91468,-3228.895169,190.8866596,-317.2198188,126.3331592,1
25800.07551,-21538.05367,-4262.021836,200.4029361,-315.589713,115.1867769,1
26157.67785,-20868.58592,-5289.091935,209.6344291,-313.5111371,103.876708,1
26478.10871,-20169.46276,-6308.645946,218.56802,-310.9870446,92.41902456,1
26760.91272,-19441.67769,-7319.235026,227.1910139,-308.0210225,80.83000863,1
27005.68801,-18686.26494,-8319.423072,235.4911568,-304.6172857,69.12612884,1
27212.08674,-17904.29798,-9307.788763,243.456654,-300.780671,57.32401704,1
27379.81561,-17096.88803,-10282.92758,251.0761859,-296.5166306,45.44044467,1
27508.63626,-16265.18247,-11243.45379,258.3389248,-291.8312238,33.49229895,1
27598.36563,-15410.36319,-12188.00244,265.23455,-286.7311089,21.49655884,1
27648.87621,-14533.64495,-13115.23127,271.7532624,-281.2235333,9.470270935,1
27660.09623,-13636.2736,-14023.82263,277.8857985,-275.3163238,-2.569474739,1
27632.00974,-12719.52436,-14912.48538,283.6234437,-269.0178747,-14.60556905,1
27564.65665,-11784.69998,-15779.95667,288.9580445,-262.3371364,-26.62090805,1
27458.13268,-10833.12889,-16625.00378,293.88202,-255.2836028,-38.59841728,1
27312.58919,-9866.163341,-17446.42585,298.3883732,-247.8672971,-50.52107604,1
27128.23303,-8885.17743,-18243.0556,302.4707001,-240.0987585,-62.3719416,1
26905.32615,-7891.565195,-19013.76096,306.1231996,-231.9890264,-74.13417321,1
26644.18534,-6886.738615,-19757.44673,309.3406813,-223.5496252,-85.7910561,1
26345.18169,-5872.125602,-20473.05608,312.118573,-214.7925478,-97.32602521,1
26008.74008,-4849.167978,-21159.57211,314.4529271,-205.7302384,-108.7226887,1
25635.33864,-3819.31942,-21816.01922,316.3404264,-196.375575,-119.9648513,1
25225.50798,-2784.043401,-22441.46457,317.7783886,-186.7418513,-131.0365373,1
24779.83048,-1744.811103,-23035.01938,318.7647703,-176.8427571,-141.9220132,1
24298.9395,-703.099334,-23595.84016,319.2981699,-166.6923597,-152.6058102,1
23783.51839,339.611578,-24123.12997,319.3778293,-156.3050833,-163.0727459,1
23234.2996,1381.839883,-24616.13948,319.0036353,-145.6956889,-173.3079464,1
22652.0636,2422.104519,-25074.16812,318.1761197,-134.8792529,-183.2968668,1
22037.63778,3458.927211,-25496.56499,316.8964584,-123.8711461,-193.0253123,1
21391.89527,4490.834579,-25882.72984,315.1664699,-112.6870117,-202.4794582,1
20715.7537,5516.360224,-26232.11393,312.9886126,-101.3427428,-211.6458698,1
20010.17392,6534.046821,-26544.22074,310.3659814,-89.85446034,-220.5115211,1
19276.15858,7542.448179,-26818.60676,307.3023031,-78.23848978,-229.0638133,1
18514.75077,8540.131305,-27054.88207,303.8019315,-66.51133805,-237.2905934,1
17727.03248,9525.678437,-27252.71092,299.8698406,-54.68967006,-245.1801706,1
16914.12311,10497.68906,-27411.81217,295.5116183,-42.79028507,-252.7213333,1
16077.17784,11454.78189,-27531.95974,290.7334579,-30.83009273,-259.9033651,1
15217.38603,12395.59685,-27612.98288,285.5421493,-18.82608915,-266.7160601,1
14335.96948,13318.79699,-27654.76647,279.9450696,-6.795332665,-273.149737,1
13434.18073,14223.07039,-27657.25112,273.9501727,5.24508036,-279.1952531,1
12513.30127,15107.13203,-27620.4333,267.5659777,17.27803984,-284.8440175,1
11574.63973,15969.7256,-27544.36534,260.8015567,29.28644628,-290.088003,1
10619.52999,16809.62533,-27429.15532,253.6665224,41.25323507,-294.9197575,1
9649.329324,17625.63765,-27274.96698,246.1710142,53.16140077,-299.3324149,1
8665.416428,18416.60298,-27082.01941,238.3256834,64.9940212,-303.3197046,1
7669.189502,19181.39731,-26850.58681,230.1416788,76.73428157,-306.8759604,1
6662.064237,19918.93382,-26580.99806,221.6306303,88.36549833,-309.9961286,1
5645.471815,20628.16444,-26273.63626,212.8046326,99.87114288,-312.6757754,1
4620.856868,21308.08131,-25928.93818,203.6762278,111.2348651,-314.9110928,1
3589.675431,21957.71823,-25547.39366,194.2583879,122.4405164,-316.6989044,1
2553.392869,22576.15203,-25129.5449,184.5644963,133.4721731,-318.0366694,1
1513.481796,23162.50388,-24675.98568,174.6083284,144.3141585,-318.9224869,1
471.4199818,23715.94055,-24187.36053,164.4040325,154.9510657,-319.3550982,1
-571.3117456,24235.67557,-23664.36382,153.9661095,165.3677788,-319.3338883,1
-1613.231608,24720.97037,-23107.73876,143.3093922,175.5494953,-318.8588875,1
-2652.858979,25171.13531,-22518.27633,132.4490244,185.4817464,-317.9307708,1
-3688.716493,25585.5307,-21896.8142,121.4004394,195.1504178,-316.5508571,1
-4719.332139,25963.56764,-21244.2355,110.1793376,204.5417697,-314.7211073,1
-5743.241356,26304.70894,-20561.46758,98.80166501,213.6424566,-312.4441216,1
-6758.989113,26608.4698,-19849.48069,87.28358982,222.4395458,-309.7231357,1
-7765.131976,26874.41857,-19109.2866,75.64147988,230.9205363,-306.5620162,1
-8760.240162,27102.17733,-18341.93716,63.89187926,239.0733761,-302.9652554,1
-9742.899567,27291.4224,-17548.52284,52.05148478,246.8864795,-298.9379643,1
-10711.71378,27441.88488,-16730.1711,40.13712229,254.3487438,-294.4858661,1
-11665.30606,27553.35093,-15888.04487,28.16572275,261.4495645,-289.6152873,1
-12602.3213,27625.66216,-15023.34086,16.15429818,268.1788512,-284.3331493,1
-13521.42795,27658.71581,-14137.28786,4.119917474,274.5270409,-278.6469584,1
-14421.31992,27652.46492,-13231.145,-7.920317864,280.4851128,-272.5647949,1
-15300.7184,27606.91836,-12306.19996,-19.949298,286.0445999,-266.0953019,1
-16158.37372,27522.14086,-11363.76714,-31.94992909,291.1976021,-259.247673,1
-16993.06711,27398.25289,-10405.18578,-43.90515758,295.9367965,-252.0316389,1
-17803.61242,27235.43051,-9431.818085,-55.79799444,300.2554485,-244.457454,1
-18588.85782,27033.90508,-8445.047259,-67.61153929,304.1474211,-236.5358818,1
-19347.68744,26793.963,-7446.275558,-79.32900445,307.6071835,-228.2781791,1
-20079.02294,26515.94523,-6436.922293,-90.93373876,310.6298194,-219.6960806,1
-20781.82505,26200.24686,-5418.421809,-102.4092512,313.2110332,-210.801782,1
-21455.09504,25847.31649,-4392.221451,-113.7392346,315.3471571,-201.6079225,1
-22097.87617,25457.65568,-3359.779506,-124.9075882,317.0351553,-192.1275671,1
-22709.25501,25031.81815,-2322.563131,-135.8984414,318.2726293,-182.3741879,1
-23288.36276,24570.40903,-1282.046266,-146.6961754,319.0578205,-172.3616451,1
-23834.37647,24074.08401,-239.7075436,-157.2854461,319.389613,-162.1041669,1
-24346.52023,23543.54841,802.9718166,-167.6512056,319.2675354,-151.6163298,1
-24824.06624,22979.55613,1844.51011,-177.7787236,318.6917612,-140.9130376,1
-25266.3359,22382.90865,2883.427253,-187.6536083,317.6631085,-130.0095002,1
-25672.70072,21754.45383,3918.246889,-197.2618269,316.1830392,-118.9212123,1
-26042.58322,21095.08474,4947.498481,-206.5897257,314.2536565,-107.6639308,1
-26375.45779,20405.73838,5969.719408,-215.6240491,311.8777021,-96.25365298,1
-26670.85139,19687.39435,6983.457036,-224.351959,309.0585525,-84.70659344,1
-26928.34425,18941.07346,7987.27079,-232.7610525,305.8002137,-73.0391612,1
-27147.57046,18167.83626,8979.734195,-240.8393798,302.1073161,-61.26793631,1
-27328.21848,17368.78158,9959.436906,-248.5754612,297.9851075,-49.40964634,1
-27470.03162,16545.0449,10924.98671,-255.9583032,293.4394458,-37.48114255,1
-27572.80833,15697.79681,11875.01151,-262.9774145,288.4767905,-25.49937601,1
-27636.40257,14828.2413,12808.16128,-269.6228205,283.1041939,-13.48137345,1
-27660.72398,13937.61404,13723.10994,-275.8850777,277.3292908,-1.444213134,1
-27645.73798,13027.18067,14618.55731,-281.7552871,271.1602876,10.59499949,1
-27591.46588,12098.23496,15493.23092,-287.2251068,264.6059507,22.61915604,1
-27497.98479,11152.097,16345.88779,-292.2867639,257.6755944,34.61116954,1
-27365.42756,10190.1113,17175.31626,-296.9330656,250.3790669,46.55399867,1
-27193.98256,9213.644888,17980.33767,-301.1574091,242.7267371,58.43067202,1
-26983.89343,8224.085386,18759.80804,-304.9537914,234.7294793,70.22431218,1
-26735.4587,7222.83901,19512.61969,-308.3168178,226.398658,81.91815976,1
-26449.03143,6211.328584,20237.70284,-311.241709,217.7461119,93.49559715,1
-26125.01863,5190.99152,20934.02711,-313.7243088,208.7841366,104.9401722,1
-25763.88075,4163.277773,21600.60298,-315.7610891,199.5254677,116.2356215,1
-25366.13099,3129.647781,22236.48321,-317.3491557,189.9832621,127.3658936,1
-24932.33457,2091.570388,22840.76419,-318.4862518,180.1710799,138.3151718,1
-24463.10794,1050.520758,23412.58718,-319.1707614,170.1028648,149.0678966,1
-23959.11789,7.978281935,23951.13961,-319.401712,159.7929242,159.6087878,1
-23421.08063,-1034.575532,24455.65616,-319.1787752,149.2559091,169.9228661,1
-22849.76073,-2075.659158,24925.41988,-318.5022679,138.5067932,179.9954747,1
-22245.97006,-3113.793158,25359.76322,-317.3731515,127.5608515,189.8123,1
-21610.56666,-4147.502288,25758.06895,-315.7930305,116.4336389,199.3593915,1
-20944.45346,-5175.317591,26119.77105,-313.7641503,105.1409678,208.6231825,1
-20248.57704,-6195.778483,26444.35553,-311.289394,93.69888554,217.5905085,1
-19523.92629,-7207.434836,26731.36113,-308.3722785,82.12365206,226.2486265,1
-18771.53097,-8208.849029,26980.38,-305.0169491,70.43171638,234.5852328,1
-17992.46028,-9198.597999,27191.05828,-301.228174,58.63969338,242.5884806,1
-17187.82132,-10175.27526,27363.09658,-297.0113371,46.76434016,250.246997,1
-16358.75752,-11137.49289,27496.25042,-292.3724309,34.82253225,257.5498986,1
-15506.44704,-12083.88354,27590.33058,-287.3180474,22.83123962,264.4868078,1
-14632.10104,-13013.10233,27645.20337,-281.8553693,10.80750256,271.0478667,1
-13736.96203,-13923.82879,27660.79082,-275.9921593,-1.231592566,277.2237518,1
-12822.30204,-14814.76873,27637.07077,-269.7367493,-13.26893753,283.0056868,1
-11889.42086,-15684.65606,27574.07692,-263.0980286,-25.2874266,288.3854552,1
-10939.64416,-16532.25465,27471.89881,-256.0854312,-37.26998086,293.3554121,1
-9974.321632,-17356.35999,27330.68163,-248.7089225,-49.19957244,297.9084949,1
-8994.825045,-18155.801,27150.62605,-240.9789847,-61.05924873,302.0382334,1
-8002.546319,-18929.44163,26931.98794,-232.9066026,-72.83215648,305.7387591,1
-6998.895537,-19676.18248,26675.07801,-224.5032475,-84.50156576,309.0048133,1
-5985.298942,-20394.96239,26380.26133,-215.780861,-96.05089369,311.8317547,1
-4963.196909,-21084.75995,26047.95686,-206.7518381,-107.463728,314.2155661,1
-3934.041902,-21744.59492,25678.63682,-197.4290095,-118.7238506,316.15286,1
-2899.296405,-22373.52962,25272.82602,-187.8256234,-129.81526,317.6408834,1
-1860.430851,-22970.67031,24831.10116,-177.9553269,-140.7221948,318.6775217,1
-818.9215216,-23535.16843,24354.08995,-167.8321462,-151.4291557,319.2613019,1
223.7515397,-24066.22178,23842.47024,-157.4704667,-161.9209275,319.3913942,1
1266.106638,-24563.07571,23296.96907,-146.8850131,-172.1826008,319.0676139,1
2306.662529,-25025.02417,22718.36164,-136.0908279,-182.1995932,318.2904211,1
3343.940527,-25451.4107,22107.47018,-125.1032502,-191.95767,317.0609202,1
4376.466602,-25841.62938,21465.16278,-113.9378939,-201.4429644,315.3808583,1
5402.773478,-26195.1257,20792.35222,-102.6106256,-210.6419974,313.252623,1
6421.402718,-26511.39731,20089.99459,-91.13754199,-219.5416966,310.6792386,1
7430.906793,-26789.99477,19359.08797,-79.53494696,-228.129415,307.6643619,1
8429.851143,-27030.52218,18600.67104,-67.81932842,-236.392949,304.2122774,1
9416.816214,-27232.63774,17815.82153,-56.0073349,-244.3205557,300.3278906,1
10390.39947,-27396.05423,17005.65476,-44.1157519,-251.9009695,296.0167214,1
11349.21741,-27520.53943,16171.32203,-32.16147799,-259.1234183,291.2848963,1
12291.90748,-27605.91644,15314.00896,-20.16150087,-265.9776385,286.1391394,1
13217.13008,-27652.06393,14434.93385,-8.132873149,-272.4538899,280.5867631,1
14123.57042,-27658.91633,13535.34591,3.907311828,-278.5429695,274.6356576,1
15009.94039,-27626.46389,12616.5235,15.9419443,-284.2362242,268.2942799,1
15874.98041,-27554.75273,11679.77232,27.9539224,-289.5255637,261.5716413,1
16717.46122,-27443.88476,10726.42355,39.92617645,-294.4034716,254.4772951,1
17536.1856,-27294.01753,9757.831937,51.84169321,-298.863016,247.0213228,1
18329.9901,-27105.36401,8775.373915,63.68354009,-302.8978597,239.2143196,1
19097.74668,-26878.19228,7780.445606,75.43488918,-306.5022689,231.0673798,1
19838.36432,-26612.82518,6774.460858,87.07904116,-309.6711217,222.5920806,1
20550.79055,-26309.63979,5758.849231,98.59944905,-312.3999149,213.8004658,1
21234.01299,-25969.06696,4735.053964,109.9797417,-314.6847707,204.7050289,1
21887.06074,-25591.59066,3704.529925,121.2037472,-316.5224422,195.318695,1
22509.00577,-25177.74732,2668.741548,132.2555155,-317.910318,185.6548025,1
23098.96428,-24728.12502,1629.160742,143.1193415,-318.8464258,175.7270844,1
23656.09789,-24243.3627,587.26481,153.779787,-319.3294355,165.5496485,1
24179.6149,-23724.14924,-455.4656576,164.2217031,-319.3586605,155.1369574,1
24668.77134,-23171.22246,-1497.548884,174.4302511,-318.9340594,144.5038083,1
25122.87212,-22585.36811,-2537.504011,184.3909242,-318.0562356,133.6653113,1
25541.27191,-21967.41871,-3573.853206,194.0895678,-316.7264364,122.6368686,1
25923.37617,-21318.25241,-4605.12376,203.5123994,-314.9465516,111.4341522,1
26268.64188,-20638.7917,-5629.850181,212.6460287,-312.7191106,100.0730818,1
26576.57842,-19930.00215,-6646.576277,221.4774765,-310.0472786,88.5698021,1
26846.74819,-19192.89097,-7653.857224,229.9941926,-306.9348524,76.94065983,1
27078.76726,-18428.50564,-8650.261622,238.1840743,-303.386255,65.20218067,1
27272.30592,-17637.93239,-9634.373524,246.0354835,-299.4065292,53.37104564,1
27427.08914,-16822.29468,-10604.79445,253.5372628,-295.0013302,41.46406744,1
27542.89696,-15982.75157,-11560.14539,260.6787518,-290.1769183,29.49816653,1
27619.56483,-15120.4961,-12499.06873,267.449802,-284.9401491,17.49034711,1
27656.98378,-14236.75357,-13420.23021,273.8407914,-279.2984643,5.45767295,1
27655.10064,-13332.77983,-14322.3208,279.842638,-273.2598811,-6.582756862,1
27613.91809,-12409.85949,-15204.0586,285.4468129,-266.8329807,-18.61383222,1
27533.49465,-11469.30406,-16064.19059,290.6453523,-260.026896,-30.6184563,1
27413.94461,-10512.45011,-16901.49449,295.4308688,-252.8512989,-42.57956987,1
27255.43785,-9540.657404,-17714.78045,299.7965618,-245.3163863,-54.48017555,1
27058.19963,-8555.306899,-18502.89273,303.7362275,-237.4328656,-66.30336192,1
26822.51022,-7557.798834,-19264.71139,307.2442674,-229.2119398,-78.03232759,1
26548.70456,-6549.550724,-19999.15383,310.3156964,-220.6652914,-89.65040504,1
26237.17173,-5531.995344,-20705.17639,312.9461498,-211.8050654,-101.1410844,1
25888.35445,-4506.578696,-21381.77576,315.1318896,-202.6438529,-112.4880367,1
25502.74841,-3474.757953,-22027.99045,316.8698097,-193.1946724,-123.6751373,1
25080.90156,-2437.999388,-22642.90217,318.1574405,-183.4709517,-134.6864889,1
24623.41337,-1397.776294,-23225.63708,318.9929522,-173.4865087,-145.5064435,1
24130.93397,-355.5668821,-23775.36709,319.3751574,-163.2555319,-156.1196255,1
23604.16319,687.1478094,-24291.311,319.3035131,-152.7925601,-166.510953,1
23043.84961,1728.886026,-24772.73563,318.778121,-142.1124616,-176.6656593,1
22450.78945,2768.167401,-25218.95685,317.7997277,-131.2304136,-186.5693141,1
21825.82549,3803.515059,-25629.34055,316.3697237,-120.16188,-196.2078436,1
21169.84584,4833.457714,-26003.30356,314.4901409,-108.9225898,-205.5675511,1
20483.78269,5856.531761,-26340.31445,312.1636505,-97.52851461,-214.6351358,1
19768.61095,6871.283356,-26639.89431,309.3935584,-85.99584607,-223.3977123,1
19025.34694,7876.270481,-26901.61742,306.1838011,-74.34097273,-231.8428284,1
18255.04687,8870.064995,-27125.11186,302.5389399,-62.5804568,-239.9584831,1
17458.80537,9851.254661,-27310.06003,298.4641543,-50.73101062,-247.7331437,1
16637.75396,10818.44516,-27456.19912,293.9652349,-38.80947289,-255.155762,1
15793.05939,11770.26205,-27563.32144,289.0485747,-26.83278478,-262.2157899,1
14925.92202,12705.35275,-27631.27478,283.7211607,-14.81796582,-268.9031949,1
14037.5741,13622.38846,-27659.96256,277.9905634,-2.782089712,-275.2084737,1
13129.27802,14520.066,-27649.34402,271.8649263,9.257739896,-281.1226662,1
12202.32451,15397.10974,-27599.43425,265.3529543,21.28441375,-286.637368,1
11258.03083,16252.27334,-27510.30417,258.4639012,33.28084128,-291.7447425,1
10297.73888,17084.34157,-27382.08045,251.2075567,45.22997492,-296.4375317,1
9322.813275,17892.13201,-27214.94529,243.5942326,57.11483429,-300.7090669,1
8334.639442,18674.49676,-27009.1362,235.6347477,68.91853036,-304.5532781,1
7334.62163,19430.32403,-26764.94566,227.340413,80.62428942,-307.9647024,1
6324.18092,20158.53974,-26482.72066,218.7230151,92.21547696,-310.9384921,1
5304.753203,20858.10907,-26162.86227,209.7947998,103.6756213,-313.4704211,1
4277.787141,21528.03788,-25805.82502,200.5684547,114.9884368,-315.5568915,1
3244.74211,22167.37417,-25412.11628,191.0570907,126.1378475,-317.1949383,1
2207.086122,22775.20941,-24982.29553,181.2742242,137.1080094,-318.3822337,1
1166.293744,23350.67983,-24516.97357,171.2337572,147.8833334,-319.1170905,1
123.8439992,23892.96765,-24016.81165,160.9499575,158.448507,-319.3984646,1
-918.7817348,24401.30226,-23482.52053,150.4374392,168.7885166,-319.2259559,1
-1960.10183,24874.96129,-22914.85946,139.7111411,178.8886686,-318.5998096,1
-2998.636513,25313.27164,-22314.63512,128.7863057,188.7346099,-317.5209156,1
-4032.909969,25715.61044,-21682.70047,117.678458,198.312349,-315.990807,1
-5061.45244,26081.40595,-21019.95351,106.4033828,207.6082754,-314.0116582,1
-6082.80231,26410.13835,-20327.33604,94.97710249,216.6091791,-311.5862816,1
-7095.508185,26701.34051,-19605.83232,83.41585456,225.3022693,-308.7181239,1
-8098.130954,26954.5986,-18856.46764,71.73606813,233.6751927,-305.4112608,1
-9089.245836,27169.55273,-18080.30689,59.95434082,241.7160508,-301.6703916,1
-10067.4444,27345.89743,-17278.45303,48.08741512,249.4134172,-297.5008323,1
-11031.33658,27483.38213,-16452.04555,36.15215456,256.7563534,-292.908508,1
-11979.55262,27581.81143,-15602.2588,24.16551982,263.7344249,-287.8999447,1
-12910.74507,27641.04547,-14730.3004,12.14454455,270.3377153,-282.4822598,1
-13823.59064,27661.00007,-13837.40943,0.106311217,276.556841,-276.6631522,1
-14716.79213,27641.64687,-12924.85474,-11.93207319,282.3829643,-270.4508911,1
-15589.08025,27583.01338,-11993.93313,-23.95350147,287.8078059,-263.8543045,1
-16439.21544,27485.18293,-11045.96749,-35.94089051,292.8236569,-256.8827664,1
-17265.9896,27348.29452,-10082.30492,-47.87720558,297.4233895,-249.5461839,1
-18068.22785,27172.54269,-9104.314838,-59.74548452,301.6004672,-241.8549827,1
-18844.79016,26958.17719,-8113.387031,-71.52886185,305.3489541,-233.8200922,1
-19594.57299,26705.50264,-7110.929657,-83.21059276,308.6635234,-225.4529306,1
-20316.51085,26414.87812,-6098.367263,-94.77407687,311.539465,-216.7653881,1
-21009.57785,26086.7166,-5077.138756,-106.2028818,313.9726919,-207.7698101,1
-21672.78908,25721.48444,-4048.695356,-117.4807667,315.9597465,-198.4789798,1
-22305.2021,25319.70064,-3014.498539,-128.5917049,317.497805,-188.9061,1
-22905.9182,24881.93616,-1976.017955,-139.5199073,318.5846817,-179.0647744,1
-23474.08374,24408.81308,-934.7293404,-150.2498443,319.2188321,-168.9689878,1
-24008.89132,23901.00375,107.8875754,-160.766268,319.3993552,-158.6330871,1
-24509.58096,23359.22978,1150.351177,-171.0542341,319.1259943,-148.0717601,1
-24975.44114,22784.26107,2191.180067,-181.0991227,318.3991378,-137.3000151,1
-25405.80985,22176.91468,3228.895169,-190.8866596,317.2198188,-126.3331592,1
-25800.07551,21538.05367,4262.021836,-200.4029361,315.589713,-115.1867769,1
-26157.67785,20868.58592,5289.091935,-209.6344291,313.5111371,-103.876708,1
-26478.10871,20169.46276,6308.645946,-218.56802,310.9870446,-92.41902456,1
-26760.91272,19441.67769,7319.235026,-227.1910139,308.0210225,-80.83000863,1
-27005.68801,18686.26494,8319.423072,-235.4911568,304.6172857,-69.12612884,1
-27212.08674,17904.29798,9307.788763,-243.456654,300.780671,-57.32401704,1
-27379.81561,17096.88803,10282.92758,-251.0761859,296.5166306,-45.44044467,1
-27508.63626,16265.18247,11243.45379,-258.3389248,291.8312238,-33.49229895,1
-27598.36563,15410.36319,12188.00244,-265.23455,286.7311089,-21.49655884,1
-27648.87621,14533.64495,13115.23127,-271.7532624,281.2235333,-9.470270935,1
-27660.09623,13636.2736,14023.82263,-277.8857985,275.3163238,2.569474739,1
-27632.00974,12719.52436,14912.48538,-283.6234437,269.0178747,14.60556905,1
-27564.65665,11784.69998,15779.95667,-288.9580445,262.3371364,26.62090805,1
-27458.13268,10833.12889,16625.00378,-293.88202,255.2836028,38.59841728,1
-27312.58919,9866.163341,17446.42585,-298.3883732,247.8672971,50.52107604,1
-27128.23303,8885.17743,18243.0556,-302.4707001,240.0987585,62.3719416,1
-26905.32615,7891.565195,19013.76096,-306.1231996,231.9890264,74.13417321,1
-26644.18534,6886.738615,19757.44673,-309.3406813,223.5496252,85.7910561,1
-26345.18169,5872.125602,20473.05608,-312.118573,214.7925478,97.32602521,1
-26008.74008,4849.167978,21159.57211,-314.4529271,205.7302384,108.7226887,1
-25635.33864,3819.31942,21816.01922,-316.3404264,196.375575,119.9648513,1
-25225.50798,2784.043401,22441.46457,-317.7783886,186.7418513,131.0365373,1
-24779.83048,1744.811103,23035.01938,-318.7647703,176.8427571,141.9220132,1
-24298.9395,703.099334,23595.84016,-319.2981699,166.6923597,152.6058102,1
-23783.51839,-339.611578,24123.12997,-319.3778293,156.3050833,163.0727459,1
-23234.2996,-1381.839883,24616.13948,-319.0036353,145.6956889,173.3079464,1
-22652.0636,-2422.104519,25074.16812,-318.1761197,134.8792529,183.2968668,1
-22037.63778,-3458.927211,25496.56499,-316.8964584,123.8711461,193.0253123,1
-21391.89527,-4490.834579,25882.72984,-315.1664699,112.6870117,202.4794582,1
-20715.7537,-5516.360224,26232.11393,-312.9886126,101.3427428,211.6458698,1
-20010.17392,-6534.046821,26544.22074,-310.3659814,89.85446034,220.5115211,1
-19276.15858,-7542.448179,26818.60676,-307.3023031,78.23848978,229.0638133,1
-18514.75077,-8540.131305,27054.88207,-303.8019315,66.51133805,237.2905934,1
-17727.03248,-9525.678437,27252.71092,-299.8698406,54.68967006,245.1801706,1
-16914.12311,-10497.68906,27411.81217,-295.5116183,42.79028507,252.7213333,1
-16077.17784,-11454.78189,27531.95974,-290.7334579,30.83009273,259.9033651,1
-15217.38603,-12395.59685,27612.98288,-285.5421493,18.82608915,266.7160601,1
-14335.96948,-13318.79699,27654.76647,-279.9450696,6.795332665,273.149737,1
-13434.18073,-14223.07039,27657.25112,-273.9501727,-5.24508036,279.1952531,1
-12513.30127,-15107.13203,27620.4333,-267.5659777,-17.27803984,284.8440175,1
-11574.63973,-15969.7256,27544.36534,-260.8015567,-29.28644628,290.088003,1
-10619.52999,-16809.62533,27429.15532,-253.6665224,-41.25323507,294.9197575,1
-9649.329324,-17625.63765,27274.96698,-246.1710142,-53.16140077,299.3324149,1
-8665.416428,-18416.60298,27082.01941,-238.3256834,-64.9940212,303.3197046,1
-7669.189502,-19181.39731,26850.58681,-230.1416788,-76.73428157,306.8759604,1
-6662.064237,-19918.93382,26580.99806,-221.6306303,-88.36549833,309.9961286,1
-5645.471815,-20628.16444,26273.63626,-212.8046326,-99.87114288,312.6757754,1
-4620.856868,-21308.08131,25928.93818,-203.6762278,-111.2348651,314.9110928,1
-3589.675431,-21957.71823,25547.39366,-194.2583879,-122.4405164,316.6989044,1
-2553.392869,-22576.15203,25129.5449,-184.5644963,-133.4721731,318.0366694,1
-1513.481796,-23162.50388,24675.98568,-174.6083284,-144.3141585,318.9224869,1
-471.4199818,-23715.94055,24187.36053,-164.4040325,-154.9510657,319.3550982,1
571.3117456,-24235.67557,23664.36382,-153.9661095,-165.3677788,319.3338883,1
1613.231608,-24720.97037,23107.73876,-143.3093922,-175.5494953,318.8588875,1
2652.858979,-25171.13531,22518.27633,-132.4490244,-185.4817464,317.9307708,1
3688.716493,-25585.5307,21896.8142,-121.4004394,-195.1504178,316.5508571,1
4719.332139,-25963.56764,21244.2355,-110.1793376,-204.5417697,314.7211073,1
5743.241356,-26304.70894,20561.46758,-98.80166501,-213.6424566,312.4441216,1
6758.989113,-26608.4698,19849.48069,-87.28358982,-222.4395458,309.7231357,1
7765.131976,-26874.41857,19109.2866,-75.64147988,-230.9205363,306.5620162,1
8760.240162,-27102.17733,18341.93716,-63.89187926,-239.0733761,302.9652554,1
9742.899567,-27291.4224,17548.52284,-52.05148478,-246.8864795,298.9379643,1
10711.71378,-27441.88488,16730.1711,-40.13712229,-254.3487438,294.4858661,1
11665.30606,-27553.35093,15888.04487,-28.16572275,-261.4495645,289.6152873,1
12602.3213,-27625.66216,15023.34086,-16.15429818,-268.1788512,284.3331493,1
13521.42795,-27658.71581,14137.28786,-4.119917474,-274.5270409,278.6469584,1
14421.31992,-27652.46492,13231.145,7.920317864,-280.4851128,272.5647949,1
15300.7184,-27606.91836,12306.19996,19.949298,-286.0445999,266.0953019,1
16158.37372,-27522.14086,11363.76714,31.94992909,-291.1976021,259.247673,1
16993.06711,-27398.25289,10405.18578,43.90515758,-295.9367965,252.0316389,1
17803.61242,-27235.43051,9431.818085,55.79799444,-300.2554485,244.457454,1
18588.85782,-27033.90508,8445.047259,67.61153929,-304.1474211,236.5358818,1
19347.68744,-26793.963,7446.275558,79.32900445,-307.6071835,228.2781791,1
20079.02294,-26515.94523,6436.922293,90.93373876,-310.6298194,219.6960806,1
20781.82505,-26200.24686,5418.421809,102.4092512,-313.2110332,210.801782,1
21455.09504,-25847.31649,4392.221451,113.7392346,-315.3471571,201.6079225,1
22097.87617,-25457.65568,3359.779506,124.9075882,-317.0351553,192.1275671,1
22709.25501,-25031.81815,2322.563131,135.8984414,-318.2726293,182.3741879,1
23288.36276,-24570.40903,1282.046266,146.6961754,-319.0578205,172.3616451,1
23834.37647,-24074.08401,239.7075436,157.2854461,-319.389613,162.1041669,1
24346.52023,-23543.54841,-802.9718166,167.6512056,-319.2675354,151.6163298,1
24824.06624,-22979.55613,-1844.51011,177.7787236,-318.6917612,140.9130376,1
25266.3359,-22382.90865,-2883.427253,187.6536083,-317.6631085,130.0095002,1
25672.70072,-21754.45383,-3918.246889,197.2618269,-316.1830392,118.9212123,1
26042.58322,-21095.08474,-4947.498481,206.5897257,-314.2536565,107.6639308,1
26375.45779,-20405.73838,-5969.719408,215.6240491,-311.8777021,96.25365298,1
26670.85139,-19687.39435,-6983.457036,224.351959,-309.0585525,84.70659344,1
26928.34425,-18941.07346,-7987.27079,232.7610525,-305.8002137,73.0391612,1
27147.57046,-18167.83626,-8979.734195,240.8393798,-302.1073161,61.26793631,1
27328.21848,-17368.78158,-9959.436906,248.5754612,-297.9851075,49.40964634,1
27470.03162,-16545.0449,-10924.98671,255.9583032,-293.4394458,37.48114255,1
27572.80833,-15697.79681,-11875.01151,262.9774145,-288.4767905,25.49937601,1
27636.40257,-14828.2413,-12808.16128,269.6228205,-283.1041939,13.48137345,1
27660.72398,-13937.61404,-13723.10994,275.8850777,-277.3292908,1.444213134,1
27645.73798,-13027.18067,-14618.55731,281.7552871,-271.1602876,-10.59499949,1
27591.46588,-12098.23496,-15493.23092,287.2251068,-264.6059507,-22.61915604,1
27497.98479,-11152.097,-16345.88779,292.2867639,-257.6755944,-34.61116954,1
27365.42756,-10190.1113,-17175.31626,296.9330656,-250.3790669,-46.55399867,1
27193.98256,-9213.644888,-17980.33767,301.1574091,-242.7267371,-58.43067202,1
26983.89343,-8224.085386,-18759.80804,304.9537914,-234.7294793,-70.22431218,1
26735.4587,-7222.83901,-19512.61969,308.3168178,-226.398658,-81.91815976,1
26449.03143,-6211.328584,-20237.70284,311.241709,-217.7461119,-93.49559715,1
26125.01863,-5190.99152,-20934.02711,313.7243088,-208.7841366,-104.9401722,1
25763.88075,-4163.277773,-21600.60298,315.7610891,-199.5254677,-116.2356215,1
25366.13099,-3129.647781,-22236.48321,317.3491557,-189.9832621,-127.3658936,1
24932.33457,-2091.570388,-22840.76419,318.4862518,-180.1710799,-138.3151718,1
24463.10794,-1050.520758,-23412.58718,319.1707614,-170.1028648,-149.0678966,1
23959.11789,-7.978281934,-23951.13961,319.401712,-159.7929242,-159.6087878,1
23421.08063,1034.575532,-24455.65616,319.1787752,-149.2559091,-169.9228661,1
22849.76073,2075.659158,-24925.41988,318.5022679,-138.5067932,-179.9954747,1
22245.97006,3113.793158,-25359.76322,317.3731515,-127.5608515,-189.8123,1
21610.56666,4147.502288,-25758.06895,315.7930305,-116.4336389,-199.3593915,1
20944.45346,5175.317591,-26119.77105,313.7641503,-105.1409678,-208.6231825,1
20248.57704,6195.778483,-26444.35553,311.289394,-93.69888554,-217.5905085,1
19523.92629,7207.434836,-26731.36113,308.3722785,-82.12365206,-226.2486265,1
18771.53097,8208.849029,-26980.38,305.0169491,-70.43171638,-234.5852328,1
17992.46028,9198.597999,-27191.05828,301.228174,-58.63969338,-242.5884806,1
17187.82132,10175.27526,-27363.09658,297.0113371,-46.76434016,-250.246997,1
16358.75752,11137.49289,-27496.25042,292.3724309,-34.82253225,-257.5498986,1
15506.44704,12083.88354,-27590.33058,287.3180474,-22.83123962,-264.4868078,1
14632.10104,13013.10233,-27645.20337,281.8553693,-10.80750256,-271.0478667,1
13736.96203,13923.82879,-27660.79082,275.9921593,1.231592566,-277.2237518,1
12822.30204,14814.76873,-27637.07077,269.7367493,13.26893753,-283.0056868,1
11889.42086,15684.65606,-27574.07692,263.0980286,25.2874266,-288.3854552,1
10939.64416,16532.25465,-27471.89881,256.0854312,37.26998086,-293.3554121,1
9974.321632,17356.35999,-27330.68163,248.7089225,49.19957244,-297.9084949,1
8994.825045,18155.801,-27150.62605,240.9789847,61.05924873,-302.0382334,1
8002.546319,18929.44163,-26931.98794,232.9066026,72.83215648,-305.7387591,1
6998.895537,19676.18248,-26675.07801,224.5032475,84.50156576,-309.0048133,1
5985.298942,20394.96239,-26380.26133,215.780861,96.05089369,-311.8317547,1
4963.196909,21084.75995,-26047.95686,206.7518381,107.463728,-314.2155661,1
3934.041902,21744.59492,-25678.63682,197.4290095,118.7238506,-316.15286,1
2899.296405,22373.52962,-25272.82602,187.8256234,129.81526,-317.6408834,1
1860.430851,22970.67031,-24831.10116,177.9553269,140.7221948,-318.6775217,1
818.9215216,23535.16843,-24354.08995,167.8321462,151.4291557,-319.2613019,1
-223.7515397,24066.22178,-23842.47024,157.4704667,161.9209275,-319.3913942,1
-1266.106638,24563.07571,-23296.96907,146.8850131,172.1826008,-319.0676139,1
-2306.662529,25025.02417,-22718.36164,136.0908279,182.1995932,-318.2904211,1
-3343.940527,25451.4107,-22107.47018,125.1032502,191.95767,-317.0609202,1
-4376.466602,25841.62938,-21465.16278,113.9378939,201.4429644,-315.3808583,1
-5402.773478,26195.1257,-20792.35222,102.6106256,210.6419974,-313.252623,1
-6421.402718,26511.39731,-20089.99459,91.13754199,219.5416966,-310.6792386,1
-7430.906793,26789.99477,-19359.08797,79.53494696,228.129415,-307.6643619,1
-8429.851143,27030.52218,-18600.67104,67.81932842,236.392949,-304.2122774,1
-9416.816214,27232.63774,-17815.82153,56.0073349,244.3205557,-300.3278906,1
-10390.39947,27396.05423,-17005.65476,44.1157519,251.9009695,-296.0167214,1
-11349.21741,27520.53943,-16171.32203,32.16147799,259.1234183,-291.2848963,1
-12291.90748,27605.91644,-15314.00896,20.16150087,265.9776385,-286.1391394,1
-13217.13008,27652.06393,-14434.93385,8.132873149,272.4538899,-280.5867631,1
-14123.57042,27658.91633,-13535.34591,-3.907311828,278.5429695,-274.6356576,1
-15009.94039,27626.46389,-12616.5235,-15.9419443,284.2362242,-268.2942799,1
-15874.98041,27554.75273,-11679.77232,-27.9539224,289.5255637,-261.5716413,1
-16717.46122,27443.88476,-10726.42355,-39.92617645,294.4034716,-254.4772951,1
-17536.1856,27294.01753,-9757.831937,-51.84169321,298.863016,-247.0213228,1
-18329.9901,27105.36401,-8775.373915,-63.68354009,302.8978597,-239.2143196,1
-19097.74668,26878.19228,-7780.445606,-75.43488918,306.5022689,-231.0673798,1
-19838.36432,26612.82518,-6774.460858,-87.07904116,309.6711217,-222.5920806,1
-20550.79055,26309.63979,-5758.849231,-98.59944905,312.3999149,-213.8004658,1
-21234.01299,25969.06696,-4735.053964,-109.9797417,314.6847707,-204.7050289,1
-21887.06074,25591.59066,-3704.529925,-121.2037472,316.5224422,-195.318695,1
-22509.00577,25177.74732,-2668.741548,-132.2555155,317.910318,-185.6548025,1
-23098.96428,24728.12502,-1629.160742,-143.1193415,318.8464258,-175.7270844,1
-23656.09789,24243.3627,-587.26481,-153.779787,319.3294355,-165.5496485,1
-24179.6149,23724.14924,455.4656576,-164.2217031,319.3586605,-155.1369574,1
-24668.77134,23171.22246,1497.548884,-174.4302511,318.9340594,-144.5038083,1
-25122.87212,22585.36811,2537.504011,-184.3909242,318.0562356,-133.6653113,1
-25541.27191,21967.41871,3573.853206,-194.0895678,316.7264364,-122.6368686,1
-25923.37617,21318.25241,4605.12376,-203.5123994,314.9465516,-111.4341522,1
-26268.64188,20638.7917,5629.850181,-212.6460287,312.7191106,-100.0730818,1
-26576.57842,19930.00215,6646.576277,-221.4774765,310.0472786,-88.5698021,1
-26846.74819,19192.89097,7653.857224,-229.9941926,306.9348524,-76.94065983,1
-27078.76726,18428.50564,8650.261622,-238.1840743,303.386255,-65.20218067,1
-27272.30592,17637.93239,9634.373524,-246.0354835,299.4065292,-53.37104564,1
-27427.08914,16822.29468,10604.79445,-253.5372628,295.0013302,-41.46406744,1
-27542.89696,15982.75157,11560.14539,-260.6787518,290.1769183,-29.49816653,1
-27619.56483,15120.4961,12499.06873,-267.449802,284.9401491,-17.49034711,1
-27656.98378,14236.75357,13420.23021,-273.8407914,279.2984643,-5.45767295,1
-27655.10064,13332.77983,14322.3208,-279.842638,273.2598811,6.582756862,1
-27613.91809,12409.85949,15204.0586,-285.4468129,266.8329807,18.61383222,1
-27533.49465,11469.30406,16064.19059,-290.6453523,260.026896,30.6184563,1
-27413.94461,10512.45011,16901.49449,-295.4308688,252.8512989,42.57956987,1
-27255.43785,9540.657404,17714.78045,-299.7965618,245.3163863,54.48017555,1
-27058.19963,8555.306899,18502.89273,-303.7362275,237.4328656,66.30336192,1
-26822.51022,7557.798834,19264.71139,-307.2442674,229.2119398,78.03232759,1
-26548.70456,6549.550724,19999.15383,-310.3156964,220.6652914,89.65040504,1
-26237.17173,5531.995344,20705.17639,-312.9461498,211.8050654,101.1410844,1
-25888.35445,4506.578696,21381.77576,-315.1318896,202.6438529,112.4880367,1
-25502.74841,3474.757953,22027.99045,-316.8698097,193.1946724,123.6751373,1
-25080.90156,2437.999388,22642.90217,-318.1574405,183.4709517,134.6864889,1
-24623.41337,1397.776294,23225.63708,-318.9929522,173.4865087,145.5064435,1
-24130.93397,355.5668821,23775.36709,-319.3751574,163.2555319,156.1196255,1
-23604.16319,-687.1478094,24291.311,-319.3035131,152.7925601,166.510953,1
-23043.84961,-1728.886026,24772.73563,-318.778121,142.1124616,176.6656593,1
-22450.78945,-2768.167401,25218.95685,-317.7997277,131.2304136,186.5693141,1
-21825.82549,-3803.515059,25629.34055,-316.3697237,120.16188,196.2078436,1
-21169.84584,-4833.457714,26003.30356,-314.4901409,108.9225898,205.5675511,1
-20483.78269,-5856.531761,26340.31445,-312.1636505,97.52851461,214.6351358,1
-19768.61095,-6871.283356,26639.89431,-309.3935584,85.99584607,223.3977123,1
-19025.34694,-7876.270481,26901.61742,-306.1838011,74.34097273,231.8428284,1
-18255.04687,-8870.064995,27125.11186,-302.5389399,62.5804568,239.9584831,1
-17458.80537,-9851.254661,27310.06003,-298.4641543,50.73101062,247.7331437,1
-16637.75396,-10818.44516,27456.19912,-293.9652349,38.80947289,255.155762,1
-15793.05939,-11770.26205,27563.32144,-289.0485747,26.83278478,262.2157899,1
-14925.92202,-12705.35275,27631.27478,-283.7211607,14.81796582,268.9031949,1
-14037.5741,-13622.38846,27659.96256,-277.9905634,2.782089712,275.2084737,1
-13129.27802,-14520.066,27649.34402,-271.8649263,-9.257739896,281.1226662,1
-12202.32451,-15397.10974,27599.43425,-265.3529543,-21.28441375,286.637368,1
-11258.03083,-16252.27334,27510.30417,-258.4639012,-33.28084128,291.7447425,1
-10297.73888,-17084.34157,27382.08045,-251.2075567,-45.22997492,296.4375317,1
-9322.813275,-17892.13201,27214.94529,-243.5942326,-57.11483429,300.7090669,1
-8334.639442,-18674.49676,27009.1362,-235.6347477,-68.91853036,304.5532781,1
-7334.62163,-19430.32403,26764.94566,-227.340413,-80.62428942,307.9647024,1
-6324.18092,-20158.53974,26482.72066,-218.7230151,-92.21547696,310.9384921,1
-5304.753203,-20858.10907,26162.86227,-209.7947998,-103.6756213,313.4704211,1
-4277.787141,-21528.03788,25805.82502,-200.5684547,-114.9884368,315.5568915,1
-3244.74211,-22167.37417,25412.11628,-191.0570907,-126.1378475,317.1949383,1
-2207.086122,-22775.20941,24982.29553,-181.2742242,-137.1080094,318.3822337,1
-1166.293744,-23350.67983,24516.97357,-171.2337572,-147.8833334,319.1170905,1
-123.8439992,-23892.96765,24016.81165,-160.9499575,-158.448507,319.3984646,1
918.7817348,-24401.30226,23482.52053,-150.4374392,-168.7885166,319.2259559,1
1960.10183,-24874.96129,22914.85946,-139.7111411,-178.8886686,318.5998096,1
2998.636513,-25313.27164,22314.63512,-128.7863057,-188.7346099,317.5209156,1
4032.909969,-25715.61044,21682.70047,-117.678458,-198.312349,315.990807,1
5061.45244,-26081.40595,21019.95351,-106.4033828,-207.6082754,314.0116582,1
6082.80231,-26410.13835,20327.33604,-94.97710249,-216.6091791,311.5862816,1
7095.508185,-26701.34051,19605.83232,-83.41585456,-225.3022693,308.7181239,1
8098.130954,-26954.5986,18856.46764,-71.73606813,-233.6751927,305.4112608,1
9089.245836,-27169.55273,18080.30689,-59.95434082,-241.7160508,301.6703916,1
10067.4444,-27345.89743,17278.45303,-48.08741512,-249.4134172,297.5008323,1
11031.33658,-27483.38213,16452.04555,-36.15215456,-256.7563534,292.908508,1
11979.55262,-27581.81143,15602.2588,-24.16551982,-263.7344249,287.8999447,1
12910.74507,-27641.04547,14730.3004,-12.14454455,-270.3377153,282.4822598,1
13823.59064,-27661.00007,13837.40943,-0.106311217,-276.556841,276.6631522,1
14716.79213,-27641.64687,12924.85474,11.93207319,-282.3829643,270.4508911,1
15589.08025,-27583.01338,11993.93313,23.95350147,-287.8078059,263.8543045,1
16439.21544,-27485.18293,11045.96749,35.94089051,-292.8236569,256.8827664,1
17265.9896,-27348.29452,10082.30492,47.87720558,-297.4233895,249.5461839,1
18068.22785,-27172.54269,9104.314838,59.74548452,-301.6004672,241.8549827,1
18844.79016,-26958.17719,8113.387031,71.52886185,-305.3489541,233.8200922,1
19594.57299,-26705.50264,7110.929657,83.21059276,-308.6635234,225.4529306,1
20316.51085,-26414.87812,6098.367263,94.77407687,-311.539465,216.7653881,1
21009.57785,-26086.7166,5077.138756,106.2028818,-313.9726919,207.7698101,1
21672.78908,-25721.48444,4048.695356,117.4807667,-315.9597465,198.4789798,1
22305.2021,-25319.70064,3014.498539,128.5917049,-317.497805,188.9061,1
22905.9182,-24881.93616,1976.017955,139.5199073,-318.5846817,179.0647744,1
23474.08374,-24408.81308,934.7293404,150.2498443,-319.2188321,168.9689878,1
24008.89132,-23901.00375,-107.8875754,160.766268,-319.3993552,158.6330871,1
24509.58096,-23359.22978,-1150.351177,171.0542341,-319.1259943,148.0717601,1
24975.44114,-22784.26107,-2191.180067,181.0991227,-318.3991378,137.3000151,1
25405.80985,-22176.91468,-3228.895169,190.8866596,-317.2198188,126.3331592,1
25800.07551,-21538.05367,-4262.021836,200.4029361,-315.589713,115.1867769,1
26157.67785,-20868.58592,-5289.091935,209.6344291,-313.5111371,103.876708,1
26478.10871,-20169.46276,-6308.645946,218.56802,-310.9870446,92.41902456,1
26760.91272,-19441.67769,-7319.235026,227.1910139,-308.0210225,80.83000863,1
27005.68801,-18686.26494,-8319.423072,235.4911568,-304.6172857,69.12612884,1
27212.08674,-17904.29798,-9307.788763,243.456654,-300.780671,57.32401704,1
27379.81561,-17096.88803,-10282.92758,251.0761859,-296.5166306,45.44044467,1
27508.63626,-16265.18247,-11243.45379,258.3389248,-291.8312238,33.49229895,1
27598.36563,-15410.36319,-12188.00244,265.23455,-286.7311089,21.49655884,1
27648.87621,-14533.64495,-13115.23127,271.7532624,-281.2235333,9.470270935,1
27660.09623,-13636.2736,-14023.82263,277.8857985,-275.3163238,-2.569474739,1
27632.00974,-12719.52436,-14912.48538,283.6234437,-269.0178747,-14.60556905,1
27564.65665,-11784.69998,-15779.95667,288.9580445,-262.3371364,-26.62090805,1
27458.13268,-10833.12889,-16625.00378,293.88202,-255.2836028,-38.59841728,1
27312.58919,-9866.163341,-17446.42585,298.3883732,-247.8672971,-50.52107604,1
27128.23303,-8885.17743,-18243.0556,302.4707001,-240.0987585,-62.3719416,1
26905.32615,-7891.565195,-19013.76096,306.1231996,-231.9890264,-74.13417321,1
26644.18534,-6886.738615,-19757.44673,309.3406813,-223.5496252,-85.7910561,1
26345.18169,-5872.125602,-20473.05608,312.118573,-214.7925478,-97.32602521,1
26008.74008,-4849.167978,-21159.57211,314.4529271,-205.7302384,-108.7226887,1
25635.33864,-3819.31942,-21816.01922,316.3404264,-196.375575,-119.9648513,1
25225.50798,-2784.043401,-22441.46457,317.7783886,-186.7418513,-131.0365373,1
24779.83048,-1744.811103,-23035.01938,318.7647703,-176.8427571,-141.9220132,1
24298.9395,-703.099334,-23595.84016,319.2981699,-166.6923597,-152.6058102,1
23783.51839,339.611578,-24123.12997,319.3778293,-156.3050833,-163.0727459,1
23234.2996,1381.839883,-24616.13948,319.0036353,-145.6956889,-173.3079464,1
22652.0636,2422.104519,-25074.16812,318.1761197,-134.8792529,-183.2968668,1
22037.63778,3458.927211,-25496.56499,316.8964584,-123.8711461,-193.0253123,1
21391.89527,4490.834579,-25882.72984,315.1664699,-112.6870117,-202.4794582,1
20715.7537,5516.360224,-26232.11393,312.9886126,-101.3427428,-211.6458698,1
20010.17392,6534.046821,-26544.22074,310.3659814,-89.85446034,-220.5115211,1
19276.15858,7542.448179,-26818.60676,307.3023031,-78.23848978,-229.0638133,1
18514.75077,8540.131305,-27054.88207,303.8019315,-66.51133805,-237.2905934,1
17727.03248,9525.678437,-27252.71092,299.8698406,-54.68967006,-245.1801706,1
16914.12311,10497.68906,-27411.81217,295.5116183,-42.79028507,-252.7213333,1
16077.17784,11454.78189,-27531.95974,290.7334579,-30.83009273,-259.9033651,1
15217.38603,12395.59685,-27612.98288,285.5421493,-18.82608915,-266.7160601,1
14335.96948,13318.79699,-27654.76647,279.9450696,-6.795332665,-273.149737,1
13434.18073,14223.07039,-27657.25112,273.9501727,5.24508036,-279.1952531,1
12513.30127,15107.13203,-27620.4333,267.5659777,17.27803984,-284.8440175,1
11574.63973,15969.7256,-27544.36534,260.8015567,29.28644628,-290.088003,1
10619.52999,16809.62533,-27429.15532,253.6665224,41.25323507,-294.9197575,1
9649.329324,17625.63765,-27274.96698,246.1710142,53.16140077,-299.3324149,1
8665.416428,18416.60298,-27082.01941,238.3256834,64.9940212,-303.3197046,1
7669.189502,19181.39731,-26850.58681,230.1416788,76.73428157,-306.8759604,1
6662.064237,19918.93382,-26580.99806,221.6306303,88.36549833,-309.9961286,1
5645.471815,20628.16444,-26273.63626,212.8046326,99.87114288,-312.6757754,1
4620.856868,21308.08131,-25928.93818,203.6762278,111.2348651,-314.9110928,1
3589.675431,21957.71823,-25547.39366,194.2583879,122.4405164,-316.6989044,1
2553.392869,22576.15203,-25129.5449,184.5644963,133.4721731,-318.0366694,1
1513.481796,23162.50388,-24675.98568,174.6083284,144.3141585,-318.9224869,1
471.4199818,23715.94055,-24187.36053,164.4040325,154.9510657,-319.3550982,1
-571.3117456,24235.67557,-23664.36382,153.9661095,165.3677788,-319.3338883,1
-1613.231608,24720.97037,-23107.73876,143.3093922,175.5494953,-318.8588875,1
-2652.858979,25171.13531,-22518.27633,132.4490244,185.4817464,-317.9307708,1
-3688.716493,25585.5307,-21896.8142,121.4004394,195.1504178,-316.5508571,1
-4719.332139,25963.56764,-21244.2355,110.1793376,204.5417697,-314.7211073,1
-5743.241356,26304.70894,-20561.46758,98.80166501,213.6424566,-312.4441216,1
-6758.989113,26608.4698,-19849.48069,87.28358982,222.4395458,-309.7231357,1
-7765.131976,26874.41857,-19109.2866,75.64147988,230.9205363,-306.5620162,1
-8760.240162,27102.17733,-18341.93716,63.89187926,239.0733761,-302.9652554,1
-9742.899567,27291.4224,-17548.52284,52.05148478,246.8864795,-298.9379643,1
-10711.71378,27441.88488,-16730.1711,40.13712229,254.3487438,-294.4858661,1
-11665.30606,27553.35093,-15888.04487,28.16572275,261.4495645,-289.6152873,1
-12602.3213,27625.66216,-15023.34086,16.15429818,268.1788512,-284.3331493,1
-13521.42795,27658.71581,-14137.28786,4.119917474,274.5270409,-278.6469584,1
-14421.31992,27652.46492,-13231.145,-7.920317864,280.4851128,-272.5647949,1
-15300.7184,27606.91836,-12306.19996,-19.949298,286.0445999,-266.0953019,1
-16158.37372,27522.14086,-11363.76714,-31.94992909,291.1976021,-259.247673,1
-16993.06711,27398.25289,-10405.18578,-43.90515758,295.9367965,-252.0316389,1
-17803.61242,27235.43051,-9431.818085,-55.79799444,300.2554485,-244.457454,1
-18588.85782,27033.90508,-8445.047259,-67.61153929,304.1474211,-236.5358818,1
-19347.68744,26793.963,-7446.275558,-79.32900445,307.6071835,-228.2781791,1
-20079.02294,26515.94523,-6436.922293,-90.93373876,310.6298194,-219.6960806,1
-20781.82505,26200.24686,-5418.421809,-102.4092512,313.2110332,-210.801782,1
-21455.09504,25847.31649,-4392.221451,-113.7392346,315.3471571,-201.6079225,1
-22097.87617,25457.65568,-3359.779506,-124.9075882,317.0351553,-192.1275671,1
-22709.25501,25031.81815,-2322.563131,-135.8984414,318.2726293,-182.3741879,1
-23288.36276,24570.40903,-1282.046266,-146.6961754,319.0578205,-172.3616451,1
-23834.37647,24074.08401,-239.7075436,-157.2854461,319.389613,-162.1041669,1
-24346.52023,23543.54841,802.9718166,-167.6512056,319.2675354,-151.6163298,1
-24824.06624,22979.55613,1844.51011,-177.7787236,318.6917612,-140.9130376,1
-25266.3359,22382.90865,2883.427253,-187.6536083,317.6631085,-130.0095002,1
-25672.70072,21754.45383,3918.246889,-197.2618269,316.1830392,-118.9212123,1
-26042.58322,21095.08474,4947.498481,-206.5897257,314.2536565,-107.6639308,1
-26375.45779,20405.73838,5969.719408,-215.6240491,311.8777021,-96.25365298,1
-26670.85139,19687.39435,6983.457036,-224.351959,309.0585525,-84.70659344,1
-26928.34425,18941.07346,7987.27079,-232.7610525,305.8002137,-73.0391612,1
-27147.57046,18167.83626,8979.734195,-240.8393798,302.1073161,-61.26793631,1
-27328.21848,17368.78158,9959.436906,-248.5754612,297.9851075,-49.40964634,1
-27470.03162,16545.0449,10924.98671,-255.9583032,293.4394458,-37.48114255,1
-27572.80833,15697.79681,11875.01151,-262.9774145,288.4767905,-25.49937601,1
-27636.40257,14828.2413,12808.16128,-269.6228205,283.1041939,-13.48137345,1
-27660.72398,13937.61404,13723.10994,-275.8850777,277.3292908,-1.444213134,1
-27645.73798,13027.18067,14618.55731,-281.7552871,271.1602876,10.59499949,1
-27591.46588,12098.23496,15493.23092,-287.2251068,264.6059507,22.61915604,1
-27497.98479,11152.097,16345.88779,-292.2867639,257.6755944,34.61116954,1
-27365.42756,10190.1113,17175.31626,-296.9330656,250.3790669,46.55399867,1
-27193.98256,9213.644888,17980.33767,-301.1574091,242.7267371,58.43067202,1
-26983.89343,8224.085386,18759.80804,-304.9537914,234.7294793,70.22431218,1
-26735.4587,7222.83901,19512.61969,-308.3168178,226.398658,81.91815976,1
-26449.03143,6211.328584,20237.70284,-311.241709,217.7461119,93.49559715,1
-26125.01863,5190.99152,20934.02711,-313.7243088,208.7841366,104.9401722,1
-25763.88075,4163.277773,21600.60298,-315.7610891,199.5254677,116.2356215,1
-25366.13099,3129.647781,22236.48321,-317.3491557,189.9832621,127.3658936,1
-24932.33457,2091.570388,22840.76419,-318.4862518,180.1710799,138.3151718,1
-24463.10794,1050.520758,23412.58718,-319.1707614,170.1028648,149.0678966,1
-23959.11789,7.978281934,23951.13961,-319.401712,159.7929242,159.6087878,1
-23421.08063,-1034.575532,24455.65616,-319.1787752,149.2559091,169.9228661,1
-22849.76073,-2075.659158,24925.41988,-318.5022679,138.5067932,179.9954747,1
-22245.97006,-3113.793158,25359.76322,-317.3731515,127.5608515,189.8123,1
-21610.56666,-4147.502288,25758.06895,-315.7930305,116.4336389,199.3593915,1
-20944.45346,-5175.317591,26119.77105,-313.7641503,105.1409678,208.6231825,1
-20248.57704,-6195.778483,26444.35553,-311.289394,93.69888554,217.5905085,1
-19523.92629,-7207.434836,26731.36113,-308.3722785,82.12365206,226.2486265,1
-18771.53097,-8208.849029,26980.38,-305.0169491,70.43171638,234.5852328,1
-17992.46028,-9198.597999,27191.05828,-301.228174,58.63969338,242.5884806,1
-17187.82132,-10175.27526,27363.09658,-297.0113371,46.76434016,250.246997,1
-16358.75752,-11137.49289,27496.25042,-292.3724309,34.82253225,257.5498986,1
-15506.44704,-12083.88354,27590.33058,-287.3180474,22.83123962,264.4868078,1
-14632.10104,-13013.10233,27645.20337,-281.8553693,10.80750256,271.0478667,1
-13736.96203,-13923.82879,27660.79082,-275.9921593,-1.231592566,277.2237518,1
-12822.30204,-14814.76873,27637.07077,-269.7367493,-13.26893753,283.0056868,1
-11889.42086,-15684.65606,27574.07692,-263.0980286,-25.2874266,288.3854552,1
-10939.64416,-16532.25465,27471.89881,-256.0854312,-37.26998086,293.3554121,1
-9974.321632,-17356.35999,27330.68163,-248.7089225,-49.19957244,297.9084949,1
-8994.825045,-18155.801,27150.62605,-240.9789847,-61.05924873,302.0382334,1
-8002.546319,-18929.44163,26931.98794,-232.9066026,-72.83215648,305.7387591,1
-6998.895537,-19676.18248,26675.07801,-224.5032475,-84.50156576,309.0048133,1
-5985.298942,-20394.96239,26380.26133,-215.780861,-96.05089369,311.8317547,1
-4963.196909,-21084.75995,26047.95686,-206.7518381,-107.463728,314.2155661,1
-3934.041902,-21744.59492,25678.63682,-197.4290095,-118.7238506,316.15286,1
-2899.296405,-22373.52962,25272.82602,-187.8256234,-129.81526,317.6408834,1
-1860.430851,-22970.67031,24831.10116,-177.9553269,-140.7221948,318.6775217,1
-818.9215216,-23535.16843,24354.08995,-167.8321462,-151.4291557,319.2613019,1
223.7515397,-24066.22178,23842.47024,-157.4704667,-161.9209275,319.3913942,1
1266.106638,-24563.07571,23296.96907,-146.8850131,-172.1826008,319.0676139,1
2306.662529,-25025.02417,22718.36164,-136.0908279,-182.1995932,318.2904211,1
3343.940527,-25451.4107,22107.47018,-125.1032502,-191.95767,317.0609202,1
4376.466602,-25841.62938,21465.16278,-113.9378939,-201.4429644,315.3808583,1
5402.773478,-26195.1257,20792.35222,-102.6106256,-210.6419974,313.252623,1
6421.402718,-26511.39731,20089.99459,-91.13754199,-219.5416966,310.6792386,1
7430.906793,-26789.99477,19359.08797,-79.53494696,-228.129415,307.6643619,1
8429.851143,-27030.52218,18600.67104,-67.81932842,-236.392949,304.2122774,1
9416.816214,-27232.63774,17815.82153,-56.0073349,-244.3205557,300.3278906,1
10390.39947,-27396.05423,17005.65476,-44.1157519,-251.9009695,296.0167214,1
11349.21741,-27520.53943,16171.32203,-32.16147799,-259.1234183,291.2848963,1
12291.90748,-27605.91644,15314.00896,-20.16150087,-265.9776385,286.1391394,1
13217.13008,-27652.06393,14434.93385,-8.132873149,-272.4538899,280.5867631,1
14123.57042,-27658.91633,13535.34591,3.907311828,-278.5429695,274.6356576,1
15009.94039,-27626.46389,12616.5235,15.9419443,-284.2362242,268.2942799,1
15874.98041,-27554.75273,11679.77232,27.9539224,-289.5255637,261.5716413,1
16717.46122,-27443.88476,10726.42355,39.92617645,-294.4034716,254.4772951,1
17536.1856,-27294.01753,9757.831937,51.84169321,-298.863016,247.0213228,1
18329.9901,-27105.36401,8775.373915,63.68354009,-302.8978597,239.2143196,1
19097.74668,-26878.19228,7780.445606,75.43488918,-306.5022689,231.0673798,1
19838.36432,-26612.82518,6774.460858,87.07904116,-309.6711217,222.5920806,1
20550.79055,-26309.63979,5758.849231,98.59944905,-312.3999149,213.8004658,1
21234.01299,-25969.06696,4735.053964,109.9797417,-314.6847707,204.7050289,1
21887.06074,-25591.59066,3704.529925,121.2037472,-316.5224422,195.318695,1
22509.00577,-25177.74732,2668.741548,132.2555155,-317.910318,185.6548025,1
23098.96428,-24728.12502,1629.160742,143.1193415,-318.8464258,175.7270844,1
23656.09789,-24243.3627,587.26481,153.779787,-319.3294355,165.5496485,1
24179.6149,-23724.14924,-455.4656576,164.2217031,-319.3586605,155.1369574,1
24668.77134,-23171.22246,-1497.548884,174.4302511,-318.9340594,144.5038083,1
25122.87212,-22585.36811,-2537.504011,184.3909242,-318.0562356,133.6653113,1
25541.27191,-21967.41871,-3573.853206,194.0895678,-316.7264364,122.6368686,1
25923.37617,-21318.25241,-4605.12376,203.5123994,-314.9465516,111.4341522,1
26268.64188,-20638.7917,-5629.850181,212.6460287,-312.7191106,100.0730818,1
26576.57842,-19930.00215,-6646.576277,221.4774765,-310.0472786,88.5698021,1
26846.74819,-19192.89097,-7653.857224,229.9941926,-306.9348524,76.94065983,1
27078.76726,-18428.50564,-8650.261622,238.1840743,-303.386255,65.20218067,1
27272.30592,-17637.93239,-9634.373524,246.0354835,-299.4065292,53.37104564,1
27427.08914,-16822.29468,-10604.79445,253.5372628,-295.0013302,41.46406744,1
27542.89696,-15982.75157,-11560.14539,260.6787518,-290.1769183,29.49816653,1
27619.56483,-15120.4961,-12499.06873,267.449802,-284.9401491,17.49034711,1
27656.98378,-14236.75357,-13420.23021,273.8407914,-279.2984643,5.45767295,1
27655.10064,-13332.77983,-14322.3208,279.842638,-273.2598811,-6.582756862,1
27613.91809,-12409.85949,-15204.0586,285.4468129,-266.8329807,-18.61383222,1
27533.49465,-11469.30406,-16064.19059,290.6453523,-260.026896,-30.6184563,1
27413.94461,-10512.45011,-16901.49449,295.4308688,-252.8512989,-42.57956987,1
27255.43785,-9540.657404,-17714.78045,299.7965618,-245.3163863,-54.48017555,1
27058.19963,-8555.306899,-18502.89273,303.7362275,-237.4328656,-66.30336192,1
26822.51022,-7557.798834,-19264.71139,307.2442674,-229.2119398,-78.03232759,1
26548.70456,-6549.550724,-19999.15383,310.3156964,-220.6652914,-89.65040504,1
26237.17173,-5531.995344,-20705.17639,312.9461498,-211.8050654,-101.1410844,1
25888.35445,-4506.578696,-21381.77576,315.1318896,-202.6438529,-112.4880367,1
25502.74841,-3474.757953,-22027.99045,316.8698097,-193.1946724,-123.6751373,1
25080.90156,-2437.999388,-22642.90217,318.1574405,-183.4709517,-134.6864889,1
24623.41337,-1397.776294,-23225.63708,318.9929522,-173.4865087,-145.5064435,1
24130.93397,-355.5668821,-23775.36709,319.3751574,-163.2555319,-156.1196255,1
23604.16319,687.1478094,-24291.311,319.3035131,-152.7925601,-166.510953,1
23043.84961,1728.886026,-24772.73563,318.778121,-142.1124616,-176.6656593,1
22450.78945,2768.167401,-25218.95685,317.7997277,-131.2304136,-186.5693141,1
21825.82549,3803.515059,-25629.34055,316.3697237,-120.16188,-196.2078436,1
21169.84584,4833.457714,-26003.30356,314.4901409,-108.9225898,-205.5675511,1
20483.78269,5856.531761,-26340.31445,312.1636505,-97.52851461,-214.6351358,1
19768.61095,6871.283356,-26639.89431,309.3935584,-85.99584607,-223.3977123,1
19025.34694,7876.270481,-26901.61742,306.1838011,-74.34097273,-231.8428284,1
18255.04687,8870.064995,-27125.11186,302.5389399,-62.5804568,-239.9584831,1
17458.80537,9851.254661,-27310.06003,298.4641543,-50.73101062,-247.7331437,1
16637.75396,10818.44516,-27456.19912,293.9652349,-38.80947289,-255.155762,1
15793.05939,11770.26205,-27563.32144,289.0485747,-26.83278478,-262.2157899,1
14925.92202,12705.35275,-27631.27478,283.7211607,-14.81796582,-268.9031949,1
14037.5741,13622.38846,-27659.96256,277.9905634,-2.782089712,-275.2084737,1
13129.27802,14520.066,-27649.34402,271.8649263,9.257739896,-281.1226662,1
12202.32451,15397.10974,-27599.43425,265.3529543,21.28441375,-286.637368,1
11258.03083,16252.27334,-27510.30417,258.4639012,33.28084128,-291.7447425,1
10297.73888,17084.34157,-27382.08045,251.2075567,45.22997492,-296.4375317,1
9322.813275,17892.13201,-27214.94529,243.5942326,57.11483429,-300.7090669,1
8334.639442,18674.49676,-27009.1362,235.6347477,68.91853036,-304.5532781,1
7334.62163,19430.32403,-26764.94566,227.340413,80.62428942,-307.9647024,1
6324.18092,20158.53974,-26482.72066,218.7230151,92.21547696,-310.9384921,1
5304.753203,20858.10907,-26162.86227,209.7947998,103.6756213,-313.4704211,1
4277.787141,21528.03788,-25805.82502,200.5684547,114.9884368,-315.5568915,1
3244.74211,22167.37417,-25412.11628,191.0570907,126.1378475,-317.1949383,1
2207.086122,22775.20941,-24982.29553,181.2742242,137.1080094,-318.3822337,1
1166.293744,23350.67983,-24516.97357,171.2337572,147.8833334,-319.1170905,1
123.8439992,23892.96765,-24016.81165,160.9499575,158.448507,-319.3984646,1
-918.7817348,24401.30226,-23482.52053,150.4374392,168.7885166,-319.2259559,1
-1960.10183,24874.96129,-22914.85946,139.7111411,178.8886686,-318.5998096,1
-2998.636513,25313.27164,-22314.63512,128.7863057,188.7346099,-317.5209156,1
-4032.909969,25715.61044,-21682.70047,117.678458,198.312349,-315.990807,1
-5061.45244,26081.40595,-21019.95351,106.4033828,207.6082754,-314.0116582,1
-6082.80231,26410.13835,-20327.33604,94.97710249,216.6091791,-311.5862816,1
-7095.508185,26701.34051,-19605.83232,83.41585456,225.3022693,-308.7181239,1
-8098.130954,26954.5986,-18856.46764,71.73606813,233.6751927,-305.4112608,1
-9089.245836,27169.55273,-18080.30689,59.95434082,241.7160508,-301.6703916,1
-10067.4444,27345.89743,-17278.45303,48.08741512,249.4134172,-297.5008323,1
-11031.33658,27483.38213,-16452.04555,36.15215456,256.7563534,-292.908508,1
-11979.55262,27581.81143,-15602.2588,24.16551982,263.7344249,-287.8999447,1
-12910.74507,27641.04547,-14730.3004,12.14454455,270.3377153,-282.4822598,1
-13823.59064,27661.00007,-13837.40943,0.106311217,276.556841,-276.6631522,1
-14716.79213,27641.64687,-12924.85474,-11.93207319,282.3829643,-270.4508911,1
-15589.08025,27583.01338,-11993.93313,-23.95350147,287.8078059,-263.8543045,1
-16439.21544,27485.18293,-11045.96749,-35.94089051,292.8236569,-256.8827664,1
-17265.9896,27348.29452,-10082.30492,-47.87720558,297.4233895,-249.5461839,1
-18068.22785,27172.54269,-9104.314838,-59.74548452,301.6004672,-241.8549827,1
-18844.79016,26958.17719,-8113.387031,-71.52886185,305.3489541,-233.8200922,1
-19594.57299,26705.50264,-7110.929657,-83.21059276,308.6635234,-225.4529306,1
-20316.51085,26414.87812,-6098.367263,-94.77407687,311.539465,-216.7653881,1
-21009.57785,26086.7166,-5077.138756,-106.2028818,313.9726919,-207.7698101,1
-21672.78908,25721.48444,-4048.695356,-117.4807667,315.9597465,-198.4789798,1
-22305.2021,25319.70064,-3014.498539,-128.5917049,317.497805,-188.9061,1
-22905.9182,24881.93616,-1976.017955,-139.5199073,318.5846817,-179.0647744,1
-23474.08374,24408.81308,-934.7293404,-150.2498443,319.2188321,-168.9689878,1
-24008.89132,23901.00375,107.8875754,-160.766268,319.3993552,-158.6330871,1
-24509.58096,23359.22978,1150.351177,-171.0542341,319.1259943,-148.0717601,1
-24975.44114,22784.26107,2191.180067,-181.0991227,318.3991378,-137.3000151,1
-25405.80985,22176.91468,3228.895169,-190.8866596,317.2198188,-126.3331592,1
-25800.07551,21538.05367,4262.021836,-200.4029361,315.589713,-115.1867769,1
-26157.67785,20868.58592,5289.091935,-209.6344291,313.5111371,-103.876708,1
-26478.10871,20169.46276,6308.645946,-218.56802,310.9870446,-92.41902456,1
-26760.91272,19441.67769,7319.235026,-227.1910139,308.0210225,-80.83000863,1
-27005.68801,18686.26494,8319.423072,-235.4911568,304.6172857,-69.12612884,1
-27212.08674,17904.29798,9307.788763,-243.456654,300.780671,-57.32401704,1
-27379.81561,17096.88803,10282.92758,-251.0761859,296.5166306,-45.44044467,1
-27508.63626,16265.18247,11243.45379,-258.3389248,291.8312238,-33.49229895,1
-27598.36563,15410.36319,12188.00244,-265.23455,286.7311089,-21.49655884,1
-27648.87621,14533.64495,13115.23127,-271.7532624,281.2235333,-9.470270935,1
-27660.09623,13636.2736,14023.82263,-277.8857985,275.3163238,2.569474739,1
-27632.00974,12719.52436,14912.48538,-283.6234437,269.0178747,14.60556905,1
-27564.65665,11784.69998,15779.95667,-288.9580445,262.3371364,26.62090805,1
-27458.13268,10833.12889,16625.00378,-293.88202,255.2836028,38.59841728,1
-27312.58919,9866.163341,17446.42585,-298.3883732,247.8672971,50.52107604,1
-27128.23303,8885.17743,18243.0556,-302.4707001,240.0987585,62.3719416,1
-26905.32615,7891.565195,19013.76096,-306.1231996,231.9890264,74.13417321,1
-26644.18534,6886.738615,19757.44673,-309.3406813,223.5496252,85.7910561,1
-26345.18169,5872.125602,20473.05608,-312.118573,214.7925478,97.32602521,1
-26008.74008,4849.167978,21159.57211,-314.4529271,205.7302384,108.7226887,1
-25635.33864,3819.31942,21816.01922,-316.3404264,196.375575,119.9648513,1
-25225.50798,2784.043401,22441.46457,-317.7783886,186.7418513,131.0365373,1
-24779.83048,1744.811103,23035.01938,-318.7647703,176.8427571,141.9220132,1
-24298.9395,703.099334,23595.84016,-319.2981699,166.6923597,152.6058102,1
-23783.51839,-339.611578,24123.12997,-319.3778293,156.3050833,163.0727459,1
-23234.2996,-1381.839883,24616.13948,-319.0036353,145.6956889,173.3079464,1
-22652.0636,-2422.104519,25074.16812,-318.1761197,134.8792529,183.2968668,1
-22037.63778,-3458.927211,25496.56499,-316.8964584,123.8711461,193.0253123,1
-21391.89527,-4490.834579,25882.72984,-315.1664699,112.6870117,202.4794582,1
-20715.7537,-5516.360224,26232.11393,-312.9886126,101.3427428,211.6458698,1
-20010.17392,-6534.046821,26544.22074,-310.3659814,89.85446034,220.5115211,1
-19276.15858,-7542.448179,26818.60676,-307.3023031,78.23848978,229.0638133,1
-18514.75077,-8540.131305,27054.88207,-303.8019315,66.51133805,237.2905934,1
-17727.03248,-9525.678437,27252.71092,-299.8698406,54.68967006,245.1801706,1
-16914.12311,-10497.68906,27411.81217,-295.5116183,42.79028507,252.7213333,1
-16077.17784,-11454.78189,27531.95974,-290.7334579,30.83009273,259.9033651,1
-15217.38603,-12395.59685,27612.98288,-285.5421493,18.82608915,266.7160601,1
-14335.96948,-13318.79699,27654.76647,-279.9450696,6.795332665,273.149737,1
-13434.18073,-14223.07039,27657.25112,-273.9501727,-5.24508036,279.1952531,1
-12513.30127,-15107.13203,27620.4333,-267.5659777,-17.27803984,284.8440175,1
-11574.63973,-15969.7256,27544.36534,-260.8015567,-29.28644628,290.088003,1
-10619.52999,-16809.62533,27429.15532,-253.6665224,-41.25323507,294.9197575,1
-9649.329324,-17625.63765,27274.96698,-246.1710142,-53.16140077,299.3324149,1
-8665.416428,-18416.60298,27082.01941,-238.3256834,-64.9940212,303.3197046,1
-7669.189502,-19181.39731,26850.58681,-230.1416788,-76.73428157,306.8759604,1
-6662.064237,-19918.93382,26580.99806,-221.6306303,-88.36549833,309.9961286,1
-5645.471815,-20628.16444,26273.63626,-212.8046326,-99.87114288,312.6757754,1
-4620.856868,-21308.08131,25928.93818,-203.6762278,-111.2348651,314.9110928,1
-3589.675431,-21957.71823,25547.39366,-194.2583879,-122.4405164,316.6989044,1
-2553.392869,-22576.15203,25129.5449,-184.5644963,-133.4721731,318.0366694,1
-1513.481796,-23162.50388,24675.98568,-174.6083284,-144.3141585,318.9224869,1
-471.4199818,-23715.94055,24187.36053,-164.4040325,-154.9510657,319.3550982,1
571.3117456,-24235.67557,23664.36382,-153.9661095,-165.3677788,319.3338883,1
1613.231608,-24720.97037,23107.73876,-143.3093922,-175.5494953,318.8588875,1
2652.858979,-25171.13531,22518.27633,-132.4490244,-185.4817464,317.9307708,1
3688.716493,-25585.5307,21896.8142,-121.4004394,-195.1504178,316.5508571,1
4719.332139,-25963.56764,21244.2355,-110.1793376,-204.5417697,314.7211073,1
5743.241356,-26304.70894,20561.46758,-98.80166501,-213.6424566,312.4441216,1
6758.989113,-26608.4698,19849.48069,-87.28358982,-222.4395458,309.7231357,1
7765.131976,-26874.41857,19109.2866,-75.64147988,-230.9205363,306.5620162,1
8760.240162,-27102.17733,18341.93716,-63.89187926,-239.0733761,302.9652554,1
9742.899567,-27291.4224,17548.52284,-52.05148478,-246.8864795,298.9379643,1
10711.71378,-27441.88488,16730.1711,-40.13712229,-254.3487438,294.4858661,1
11665.30606,-27553.35093,15888.04487,-28.16572275,-261.4495645,289.6152873,1
12602.3213,-27625.66216,15023.34086,-16.15429818,-268.1788512,284.3331493,1
13521.42795,-27658.71581,14137.28786,-4.119917474,-274.5270409,278.6469584,1
14421.31992,-27652.46492,13231.145,7.920317864,-280.4851128,272.5647949,1
15300.7184,-27606.91836,12306.19996,19.949298,-286.0445999,266.0953019,1
16158.37372,-27522.14086,11363.76714,31.94992909,-291.1976021,259.247673,1
16993.06711,-27398.25289,10405.18578,43.90515758,-295.9367965,252.0316389,1
17803.61242,-27235.43051,9431.818085,55.79799444,-300.2554485,244.457454,1
18588.85782,-27033.90508,8445.047259,67.61153929,-304.1474211,236.5358818,1
19347.68744,-26793.963,7446.275558,79.32900445,-307.6071835,228.2781791,1
20079.02294,-26515.94523,6436.922293,90.93373876,-310.6298194,219.6960806,1
20781.82505,-26200.24686,5418.421809,102.4092512,-313.2110332,210.801782,1
21455.09504,-25847.31649,4392.221451,113.7392346,-315.3471571,201.6079225,1
22097.87617,-25457.65568,3359.779506,124.9075882,-317.0351553,192.1275671,1
22709.25501,-25031.81815,2322.563131,135.8984414,-318.2726293,182.3741879,1
23288.36276,-24570.40903,1282.046266,146.6961754,-319.0578205,172.3616451,1
23834.37647,-24074.08401,239.7075436,157.2854461,-319.389613,162.1041669,1
24346.52023,-23543.54841,-802.9718166,167.6512056,-319.2675354,151.6163298,1
24824.06624,-22979.55613,-1844.51011,177.7787236,-318.6917612,140.9130376,1
25266.3359,-22382.90865,-2883.427253,187.6536083,-317.6631085,130.0095002,1
25672.70072,-21754.45383,-3918.246889,197.2618269,-316.1830392,118.9212123,1
26042.58322,-21095.08474,-4947.498481,206.5897257,-314.2536565,107.6639308,1
26375.45779,-20405.73838,-5969.719408,215.6240491,-311.8777021,96.25365298,1
26670.85139,-19687.39435,-6983.457036,224.351959,-309.0585525,84.70659344,1
26928.34425,-18941.07346,-7987.27079,232.7610525,-305.8002137,73.0391612,1
27147.57046,-18167.83626,-8979.734195,240.8393798,-302.1073161,61.26793631,1
27328.21848,-17368.78158,-9959.436906,248.5754612,-297.9851075,49.40964634,1
27470.03162,-16545.0449,-10924.98671,255.9583032,-293.4394458,37.48114255,1
27572.80833,-15697.79681,-11875.01151,262.9774145,-288.4767905,25.49937601,1
27636.40257,-14828.2413,-12808.16128,269.6228205,-283.1041939,13.48137345,1
27660.72398,-13937.61404,-13723.10994,275.8850777,-277.3292908,1.444213134,1
27645.73798,-13027.18067,-14618.55731,281.7552871,-271.1602876,-10.59499949,1
27591.46588,-12098.23496,-15493.23092,287.2251068,-264.6059507,-22.61915604,1
27497.98479,-11152.097,-16345.88779,292.2867639,-257.6755944,-34.61116954,1
27365.42756,-10190.1113,-17175.31626,296.9330656,-250.3790669,-46.55399867,1
27193.98256,-9213.644888,-17980.33767,301.1574091,-242.7267371,-58.43067202,1
26983.89343,-8224.085386,-18759.80804,304.9537914,-234.7294793,-70.22431218,1
26735.4587,-7222.83901,-19512.61969,308.3168178,-226.398658,-81.91815976,1
26449.03143,-6211.328584,-20237.70284,311.241709,-217.7461119,-93.49559715,1
26125.01863,-5190.99152,-20934.02711,313.7243088,-208.7841366,-104.9401722,1
25763.88075,-4163.277773,-21600.60298,315.7610891,-199.5254677,-116.2356215,1
25366.13099,-3129.647781,-22236.48321,317.3491557,-189.9832621,-127.3658936,1
24932.33457,-2091.570388,-22840.76419,318.4862518,-180.1710799,-138.3151718,1
24463.10794,-1050.520758,-23412.58718,319.1707614,-170.1028648,-149.0678966,1
23959.11789,-7.978281934,-23951.13961,319.401712,-159.7929242,-159.6087878,1
23421.08063,1034.575532,-24455.65616,319.1787752,-149.2559091,-169.9228661,1
22849.76073,2075.659158,-24925.41988,318.5022679,-138.5067932,-179.9954747,1
22245.97006,3113.793158,-25359.76322,317.3731515,-127.5608515,-189.8123,1
21610.56666,4147.502288,-25758.06895,315.7930305,-116.4336389,-199.3593915,1
20944.45346,5175.317591,-26119.77105,313.7641503,-105.1409678,-208.6231825,1
20248.57704,6195.778483,-26444.35553,311.289394,-93.69888554,-217.5905085,1
19523.92629,7207.434836,-26731.36113,308.3722785,-82.12365206,-226.2486265,1
18771.53097,8208.849029,-26980.38,305.0169491,-70.43171638,-234.5852328,1
17992.46028,9198.597999,-27191.05828,301.228174,-58.63969338,-242.5884806,1
17187.82132,10175.27526,-27363.09658,297.0113371,-46.76434016,-250.246997,1
16358.75752,11137.49289,-27496.25042,292.3724309,-34.82253225,-257.5498986,1
15506.44704,12083.88354,-27590.33058,287.3180474,-22.83123962,-264.4868078,1
14632.10104,13013.10233,-27645.20337,281.8553693,-10.80750256,-271.0478667,1
13736.96203,13923.82879,-27660.79082,275.9921593,1.231592566,-277.2237518,1
12822.30204,14814.76873,-27637.07077,269.7367493,13.26893753,-283.0056868,1
11889.42086,15684.65606,-27574.07692,263.0980286,25.2874266,-288.3854552,1
10939.64416,16532.25465,-27471.89881,256.0854312,37.26998086,-293.3554121,1
9974.321632,17356.35999,-27330.68163,248.7089225,49.19957244,-297.9084949,1
8994.825045,18155.801,-27150.62605,240.9789847,61.05924873,-302.0382334,1
8002.546319,18929.44163,-26931.98794,232.9066026,72.83215648,-305.7387591,1
6998.895537,19676.18248,-26675.07801,224.5032475,84.50156576,-309.0048133,1
5985.298942,20394.96239,-26380.26133,215.780861,96.05089369,-311.8317547,1
4963.196909,21084.75995,-26047.95686,206.7518381,107.463728,-314.2155661,1
3934.041902,21744.59492,-25678.63682,197.4290095,118.7238506,-316.15286,1
2899.296405,22373.52962,-25272.82602,187.8256234,129.81526,-317.6408834,1
1860.430851,22970.67031,-24831.10116,177.9553269,140.7221948,-318.6775217,1
818.9215216,23535.16843,-24354.08995,167.8321462,151.4291557,-319.2613019,1
-223.7515397,24066.22178,-23842.47024,157.4704667,161.9209275,-319.3913942,1
-1266.106638,24563.07571,-23296.96907,146.8850131,172.1826008,-319.0676139,1
-2306.662529,25025.02417,-22718.36164,136.0908279,182.1995932,-318.2904211,1
-3343.940527,25451.4107,-22107.47018,125.1032502,191.95767,-317.0609202,1
-4376.466602,25841.62938,-21465.16278,113.9378939,201.4429644,-315.3808583,1
-5402.773478,26195.1257,-20792.35222,102.6106256,210.6419974,-313.252623,1
-6421.402718,26511.39731,-20089.99459,91.13754199,219.5416966,-310.6792386,1
-7430.906793,26789.99477,-19359.08797,79.53494696,228.129415,-307.6643619,1
-8429.851143,27030.52218,-18600.67104,67.81932842,236.392949,-304.2122774,1
-9416.816214,27232.63774,-17815.82153,56.0073349,244.3205557,-300.3278906,1
-10390.39947,27396.05423,-17005.65476,44.1157519,251.9009695,-296.0167214,1
-11349.21741,27520.53943,-16171.32203,32.16147799,259.1234183,-291.2848963,1
-12291.90748,27605.91644,-15314.00896,20.16150087,265.9776385,-286.1391394,1
-13217.13008,27652.06393,-14434.93385,8.132873149,272.4538899,-280.5867631,1
-14123.57042,27658.91633,-13535.34591,-3.907311828,278.5429695,-274.6356576,1
-15009.94039,27626.46389,-12616.5235,-15.9419443,284.2362242,-268.2942799,1
-15874.98041,27554.75273,-11679.77232,-27.9539224,289.5255637,-261.5716413,1
-16717.46122,27443.88476,-10726.42355,-39.92617645,294.4034716,-254.4772951,1
-17536.1856,27294.01753,-9757.831937,-51.84169321,298.863016,-247.0213228,1
-18329.9901,27105.36401,-8775.373915,-63.68354009,302.8978597,-239.2143196,1
-19097.74668,26878.19228,-7780.445606,-75.43488918,306.5022689,-231.0673798,1
-19838.36432,26612.82518,-6774.460858,-87.07904116,309.6711217,-222.5920806,1
-20550.79055,26309.63979,-5758.849231,-98.59944905,312.3999149,-213.8004658,1
-21234.01299,25969.06696,-4735.053964,-109.9797417,314.6847707,-204.7050289,1
-21887.06074,25591.59066,-3704.529925,-121.2037472,316.5224422,-195.318695,1
-22509.00577,25177.74732,-2668.741548,-132.2555155,317.910318,-185.6548025,1
-23098.96428,24728.12502,-1629.160742,-143.1193415,318.8464258,-175.7270844,1
-23656.09789,24243.3627,-587.26481,-153.779787,319.3294355,-165.5496485,1
-24179.6149,23724.14924,455.4656576,-164.2217031,319.3586605,-155.1369574,1
-24668.77134,23171.22246,1497.548884,-174.4302511,318.9340594,-144.5038083,1
-25122.87212,22585.36811,2537.504011,-184.3909242,318.0562356,-133.6653113,1
-25541.27191,21967.41871,3573.853206,-194.0895678,316.7264364,-122.6368686,1
-25923.37617,21318.25241,4605.12376,-203.5123994,314.9465516,-111.4341522,1
-26268.64188,20638.7917,5629.850181,-212.6460287,312.7191106,-100.0730818,1
-26576.57842,19930.00215,6646.576277,-221.4774765,310.0472786,-88.5698021,1
-26846.74819,19192.89097,7653.857224,-229.9941926,306.9348524,-76.94065983,1
-27078.76726,18428.50564,8650.261622,-238.1840743,303.386255,-65.20218067,1
-27272.30592,17637.93239,9634.373524,-246.0354835,299.4065292,-53.37104564,1
-27427.08914,16822.29468,10604.79445,-253.5372628,295.0013302,-41.46406744,1
-27542.89696,15982.75157,11560.14539,-260.6787518,290.1769183,-29.49816653,1
-27619.56483,15120.4961,12499.06873,-267.449802,284.9401491,-17.49034711,1
-27656.98378,14236.75357,13420.23021,-273.8407914,279.2984643,-5.45767295,1
-27655.10064,13332.77983,14322.3208,-279.842638,273.2598811,6.582756862,1
-27613.91809,12409.85949,15204.0586,-285.4468129,266.8329807,18.61383222,1
-27533.49465,11469.30406,16064.19059,-290.6453523,260.026896,30.6184563,1
-27413.94461,10512.45011,16901.49449,-295.4308688,252.8512989,42.57956987,1
-27255.43785,9540.657404,17714.78045,-299.7965618,245.3163863,54.48017555,1
-27058.19963,8555.306899,18502.89273,-303.7362275,237.4328656,66.30336192,1
-26822.51022,7557.798834,19264.71139,-307.2442674,229.2119398,78.03232759,1
-26548.70456,6549.550724,19999.15383,-310.3156964,220.6652914,89.65040504,1
-26237.17173,5531.995344,20705.17639,-312.9461498,211.8050654,101.1410844,1
-25888.35445,4506.578696,21381.77576,-315.1318896,202.6438529,112.4880367,1
-25502.74841,3474.757953,22027.99045,-316.8698097,193.1946724,123.6751373,1
-25080.90156,2437.999388,22642.90217,-318.1574405,183.4709517,134.6864889,1
-24623.41337,1397.776294,23225.63708,-318.9929522,173.4865087,145.5064435,1
-24130.93397,355.5668821,23775.36709,-319.3751574,163.2555319,156.1196255,1
-23604.16319,-687.1478094,24291.311,-319.3035131,152.7925601,166.510953,1
-23043.84961,-1728.886026,24772.73563,-318.778121,142.1124616,176.6656593,1
-22450.78945,-2768.167401,25218.95685,-317.7997277,131.2304136,186.5693141,1
-21825.82549,-3803.515059,25629.34055,-316.3697237,120.16188,196.2078436,1
-21169.84584,-4833.457714,26003.30356,-314.4901409,108.9225898,205.5675511,1
-20483.78269,-5856.531761,26340.31445,-312.1636505,97.52851461,214.6351358,1
-19768.61095,-6871.283356,26639.89431,-309.3935584,85.99584607,223.3977123,1
-19025.34694,-7876.270481,26901.61742,-306.1838011,74.34097273,231.8428284,1
-18255.04687,-8870.064995,27125.11186,-302.5389399,62.5804568,239.9584831,1
-17458.80537,-9851.254661,27310.06003,-298.4641543,50.73101062,247.7331437,1
-16637.75396,-10818.44516,27456.19912,-293.9652349,38.80947289,255.155762,1
-15793.05939,-11770.26205,27563.32144,-289.0485747,26.83278478,262.2157899,1
-14925.92202,-12705.35275,27631.27478,-283.7211607,14.81796582,268.9031949,1
-14037.5741,-13622.38846,27659.96256,-277.9905634,2.782089712,275.2084737,1
-13129.27802,-14520.066,27649.34402,-271.8649263,-9.257739896,281.1226662,1
-12202.32451,-15397.10974,27599.43425,-265.3529543,-21.28441375,286.637368,1
-11258.03083,-16252.27334,27510.30417,-258.4639012,-33.28084128,291.7447425,1
-10297.73888,-17084.34157,27382.08045,-251.2075567,-45.22997492,296.4375317,1
-9322.813275,-17892.13201,27214.94529,-243.5942326,-57.11483429,300.7090669,1
-8334.639442,-18674.49676,27009.1362,-235.6347477,-68.91853036,304.5532781,1
-7334.62163,-19430.32403,26764.94566,-227.340413,-80.62428942,307.9647024,1
-6324.18092,-20158.53974,26482.72066,-218.7230151,-92.21547696,310.9384921,1
-5304.753203,-20858.10907,26162.86227,-209.7947998,-103.6756213,313.4704211,1
-4277.787141,-21528.03788,25805.82502,-200.5684547,-114.9884368,315.5568915,1
-3244.74211,-22167.37417,25412.11628,-191.0570907,-126.1378475,317.1949383,1
-2207.086122,-22775.20941,24982.29553,-181.2742242,-137.1080094,318.3822337,1
-1166.293744,-23350.67983,24516.97357,-171.2337572,-147.8833334,319.1170905,1
-123.8439992,-23892.96765,24016.81165,-160.9499575,-158.448507,319.3984646,1
918.7817348,-24401.30226,23482.52053,-150.4374392,-168.7885166,319.2259559,1
1960.10183,-24874.96129,22914.85946,-139.7111411,-178.8886686,318.5998096,1
2998.636513,-25313.27164,22314.63512,-128.7863057,-188.7346099,317.5209156,1
4032.909969,-25715.61044,21682.70047,-117.678458,-198.312349,315.990807,1
5061.45244,-26081.40595,21019.95351,-106.4033828,-207.6082754,314.0116582,1
6082.80231,-26410.13835,20327.33604,-94.97710249,-216.6091791,311.5862816,1
7095.508185,-26701.34051,19605.83232,-83.41585456,-225.3022693,308.7181239,1
8098.130954,-26954.5986,18856.46764,-71.73606813,-233.6751927,305.4112608,1
9089.245836,-27169.55273,18080.30689,-59.95434082,-241.7160508,301.6703916,1
10067.4444,-27345.89743,17278.45303,-48.08741512,-249.4134172,297.5008323,1
11031.33658,-27483.38213,16452.04555,-36.15215456,-256.7563534,292.908508,1
11979.55262,-27581.81143,15602.2588,-24.16551982,-263.7344249,287.8999447,1
12910.74507,-27641.04547,14730.3004,-12.14454455,-270.3377153,282.4822598,1
13823.59064,-27661.00007,13837.40943,-0.106311217,-276.556841,276.6631522,1
14716.79213,-27641.64687,12924.85474,11.93207319,-282.3829643,270.4508911,1
15589.08025,-27583.01338,11993.93313,23.95350147,-287.8078059,263.8543045,1
16439.21544,-27485.18293,11045.96749,35.94089051,-292.8236569,256.8827664,1
17265.9896,-27348.29452,10082.30492,47.87720558,-297.4233895,249.5461839,1
18068.22785,-27172.54269,9104.314838,59.74548452,-301.6004672,241.8549827,1
18844.79016,-26958.17719,8113.387031,71.52886185,-305.3489541,233.8200922,1
19594.57299,-26705.50264,7110.929657,83.21059276,-308.6635234,225.4529306,1
20316.51085,-26414.87812,6098.367263,94.77407687,-311.539465,216.7653881,1
21009.57785,-26086.7166,5077.138756,106.2028818,-313.9726919,207.7698101,1
21672.78908,-25721.48444,4048.695356,117.4807667,-315.9597465,198.4789798,1
22305.2021,-25319.70064,3014.498539,128.5917049,-317.497805,188.9061,1
22905.9182,-24881.93616,1976.017955,139.5199073,-318.5846817,179.0647744,1
23474.08374,-24408.81308,934.7293404,150.2498443,-319.2188321,168.9689878,1
24008.89132,-23901.00375,-107.8875754,160.766268,-319.3993552,158.6330871,1
24509.58096,-23359.22978,-1150.351177,171.0542341,-319.1259943,148.0717601,1
24975.44114,-22784.26107,-2191.180067,181.0991227,-318.3991378,137.3000151,1
25405.80985,-22176.91468,-3228.895169,190.8866596,-317.2198188,126.3331592,1
25800.07551,-21538.05367,-4262.021836,200.4029361,-315.589713,115.1867769,1
26157.67785,-20868.58592,-5289.091935,209.6344291,-313.5111371,103.876708,1
26478.10871,-20169.46276,-6308.645946,218.56802,-310.9870446,92.41902456,1
26760.91272,-19441.67769,-7319.235026,227.1910139,-308.0210225,80.83000863,1
27005.68801,-18686.26494,-8319.423072,235.4911568,-304.6172857,69.12612884,1
27212.08674,-17904.29798,-9307.788763,243.456654,-300.780671,57.32401704,1
27379.81561,-17096.88803,-10282.92758,251.0761859,-296.5166306,45.44044467,1
27508.63626,-16265.18247,-11243.45379,258.3389248,-291.8312238,33.49229895,1
27598.36563,-15410.36319,-12188.00244,265.23455,-286.7311089,21.49655884,1
27648.87621,-14533.64495,-13115.23127,271.7532624,-281.2235333,9.470270935,1
27660.09623,-13636.2736,-14023.82263,277.8857985,-275.3163238,-2.569474739,1
27632.00974,-12719.52436,-14912.48538,283.6234437,-269.0178747,-14.60556905,1
27564.65665,-11784.69998,-15779.95667,288.9580445,-262.3371364,-26.62090805,1
27458.13268,-10833.12889,-16625.00378,293.88202,-255.2836028,-38.59841728,1
27312.58919,-9866.163341,-17446.42585,298.3883732,-247.8672971,-50.52107604,1
27128.23303,-8885.17743,-18243.0556,302.4707001,-240.0987585,-62.3719416,1
26905.32615,-7891.565195,-19013.76096,306.1231996,-231.9890264,-74.13417321,1
26644.18534,-6886.738615,-19757.44673,309.3406813,-223.5496252,-85.7910561,1
26345.18169,-5872.125602,-20473.05608,312.118573,-214.7925478,-97.32602521,1
26008.74008,-4849.167978,-21159.57211,314.4529271,-205.7302384,-108.7226887,1
25635.33864,-3819.31942,-21816.01922,316.3404264,-196.375575,-119.9648513,1
25225.50798,-2784.043401,-22441.46457,317.7783886,-186.7418513,-131.0365373,1
24779.83048,-1744.811103,-23035.01938,318.7647703,-176.8427571,-141.9220132,1
24298.9395,-703.099334,-23595.84016,319.2981699,-166.6923597,-152.6058102,1
23783.51839,339.611578,-24123.12997,319.3778293,-156.3050833,-163.0727459,1
23234.2996,1381.839883,-24616.13948,319.0036353,-145.6956889,-173.3079464,1
22652.0636,2422.104519,-25074.16812,318.1761197,-134.8792529,-183.2968668,1
22037.63778,3458.927211,-25496.56499,316.8964584,-123.8711461,-193.0253123,1
21391.89527,4490.834579,-25882.72984,315.1664699,-112.6870117,-202.4794582,1
20715.7537,5516.360224,-26232.11393,312.9886126,-101.3427428,-211.6458698,1
20010.17392,6534.046821,-26544.22074,310.3659814,-89.85446034,-220.5115211,1
19276.15858,7542.448179,-26818.60676,307.3023031,-78.23848978,-229.0638133,1
18514.75077,8540.131305,-27054.88207,303.8019315,-66.51133805,-237.2905934,1
17727.03248,9525.678437,-27252.71092,299.8698406,-54.68967006,-245.1801706,1
16914.12311,10497.68906,-27411.81217,295.5116183,-42.79028507,-252.7213333,1
16077.17784,11454.78189,-27531.95974,290.7334579,-30.83009273,-259.9033651,1
15217.38603,12395.59685,-27612.98288,285.5421493,-18.82608915,-266.7160601,1
14335.96948,13318.79699,-27654.76647,279.9450696,-6.795332665,-273.149737,1
13434.18073,14223.07039,-27657.25112,273.9501727,5.24508036,-279.1952531,1
12513.30127,15107.13203,-27620.4333,267.5659777,17.27803984,-284.8440175,1
11574.63973,15969.7256,-27544.36534,260.8015567,29.28644628,-290.088003,1
10619.52999,16809.62533,-27429.15532,253.6665224,41.25323507,-294.9197575,1
9649.329324,17625.63765,-27274.96698,246.1710142,53.16140077,-299.3324149,1
8665.416428,18416.60298,-27082.01941,238.3256834,64.9940212,-303.3197046,1
7669.189502,19181.39731,-26850.58681,230.1416788,76.73428157,-306.8759604,1
6662.064237,19918.93382,-26580.99806,221.6306303,88.36549833,-309.9961286,1
5645.471815,20628.16444,-26273.63626,212.8046326,99.87114288,-312.6757754,1
4620.856868,21308.08131,-25928.93818,203.6762278,111.2348651,-314.9110928,1
3589.675431,21957.71823,-25547.39366,194.2583879,122.4405164,-316.6989044,1
2553.392869,22576.15203,-25129.5449,184.5644963,133.4721731,-318.0366694,1
1513.481796,23162.50388,-24675.98568,174.6083284,144.3141585,-318.9224869,1
471.4199818,23715.94055,-24187.36053,164.4040325,154.9510657,-319.3550982,1
-571.3117456,24235.67557,-23664.36382,153.9661095,165.3677788,-319.3338883,1
-1613.231608,24720.97037,-23107.73876,143.3093922,175.5494953,-318.8588875,1
-2652.858979,25171.13531,-22518.27633,132.4490244,185.4817464,-317.9307708,1
-3688.716493,25585.5307,-21896.8142,121.4004394,195.1504178,-316.5508571,1
-4719.332139,25963.56764,-21244.2355,110.1793376,204.5417697,-314.7211073,1
-5743.241356,26304.70894,-20561.46758,98.80166501,213.6424566,-312.4441216,1
-6758.989113,26608.4698,-19849.48069,87.28358982,222.4395458,-309.7231357,1
-7765.131976,26874.41857,-19109.2866,75.64147988,230.9205363,-306.5620162,1
-8760.240162,27102.17733,-18341.93716,63.89187926,239.0733761,-302.9652554,1
-9742.899567,27291.4224,-17548.52284,52.05148478,246.8864795,-298.9379643,1
-10711.71378,27441.88488,-16730.1711,40.13712229,254.3487438,-294.4858661,1
-11665.30606,27553.35093,-15888.04487,28.16572275,261.4495645,-289.6152873,1
-12602.3213,27625.66216,-15023.34086,16.15429818,268.1788512,-284.3331493,1
-13521.42795,27658.71581,-14137.28786,4.119917474,274.5270409,-278.6469584,1
-14421.31992,27652.46492,-13231.145,-7.920317864,280.4851128,-272.5647949,1
-15300.7184,27606.91836,-12306.19996,-19.949298,286.0445999,-266.0953019,1
-16158.37372,27522.14086,-11363.76714,-31.94992909,291.1976021,-259.247673,1
-16993.06711,27398.25289,-10405.18578,-43.90515758,295.9367965,-252.0316389,1
-17803.61242,27235.43051,-9431.818085,-55.79799444,300.2554485,-244.457454,1
-18588.85782,27033.90508,-8445.047259,-67.61153929,304.1474211,-236.5358818,1
-19347.68744,26793.963,-7446.275558,-79.32900445,307.6071835,-228.2781791,1
-20079.02294,26515.94523,-6436.922293,-90.93373876,310.6298194,-219.6960806,1
-20781.82505,26200.24686,-5418.421809,-102.4092512,313.2110332,-210.801782,1
-21455.09504,25847.31649,-4392.221451,-113.7392346,315.3471571,-201.6079225,1
-22097.87617,25457.65568,-3359.779506,-124.9075882,317.0351553,-192.1275671,1
-22709.25501,25031.81815,-2322.563131,-135.8984414,318.2726293,-182.3741879,1
-23288.36276,24570.40903,-1282.046266,-146.6961754,319.0578205,-172.3616451,1
-23834.37647,24074.08401,-239.7075436,-157.2854461,319.389613,-162.1041669,1
-24346.52023,23543.54841,802.9718166,-167.6512056,319.2675354,-151.6163298,1
-24824.06624,22979.55613,1844.51011,-177.7787236,318.6917612,-140.9130376,1
-25266.3359,22382.90865,2883.427253,-187.6536083,317.6631085,-130.0095002,1
-25672.70072,21754.45383,3918.246889,-197.2618269,316.1830392,-118.9212123,1
-26042.58322,21095.08474,4947.498481,-206.5897257,314.2536565,-107.6639308,1
-26375.45779,20405.73838,5969.719408,-215.6240491,311.8777021,-96.25365298,1
-26670.85139,19687.39435,6983.457036,-224.351959,309.0585525,-84.70659344,1
-26928.34425,18941.07346,7987.27079,-232.7610525,305.8002137,-73.0391612,1
-27147.57046,18167.83626,8979.734195,-240.8393798,302.1073161,-61.26793631,1
-27328.21848,17368.78158,9959.436906,-248.5754612,297.9851075,-49.40964634,1
-27470.03162,16545.0449,10924.98671,-255.9583032,293.4394458,-37.48114255,1
-27572.80833,15697.79681,11875.01151,-262.9774145,288.4767905,-25.49937601,1
-27636.40257,14828.2413,12808.16128,-269.6228205,283.1041939,-13.48137345,1
-27660.72398,13937.61404,13723.10994,-275.8850777,277.3292908,-1.444213134,1
-27645.73798,13027.18067,14618.55731,-281.7552871,271.1602876,10.59499949,1
-27591.46588,12098.23496,15493.23092,-287.2251068,264.6059507,22.61915604,1
-27497.98479,11152.097,16345.88779,-292.2867639,257.6755944,34.61116954,1
-27365.42756,10190.1113,17175.31626,-296.9330656,250.3790669,46.55399867,1
-27193.98256,9213.644888,17980.33767,-301.1574091,242.7267371,58.43067202,1
-26983.89343,8224.085386,18759.80804,-304.9537914,234.7294793,70.22431218,1
-26735.4587,7222.83901,19512.61969,-308.3168178,226.398658,81.91815976,1
-26449.03143,6211.328584,20237.70284,-311.241709,217.7461119,93.49559715,1
-26125.01863,5190.99152,20934.02711,-313.7243088,208.7841366,104.9401722,1
-25763.88075,4163.277773,21600.60298,-315.7610891,199.5254677,116.2356215,1
-25366.13099,3129.647781,22236.48321,-317.3491557,189.9832621,127.3658936,1
-24932.33457,2091.570388,22840.76419,-318.4862518,180.1710799,138.3151718,1
-24463.10794,1050.520758,23412.58718,-319.1707614,170.1028648,149.0678966,1
-23959.11789,7.978281934,23951.13961,-319.401712,159.7929242,159.6087878,1
-23421.08063,-1034.575532,24455.65616,-319.1787752,149.2559091,169.9228661,1
-22849.76073,-2075.659158,24925.41988,-318.5022679,138.5067932,179.9954747,1
-22245.97006,-3113.793158,25359.76322,-317.3731515,127.5608515,189.8123,1
-21610.56666,-4147.502288,25758.06895,-315.7930305,116.4336389,199.3593915,1
-20944.45346,-5175.317591,26119.77105,-313.7641503,105.1409678,208.6231825,1
-20248.57704,-6195.778483,26444.35553,-311.289394,93.69888554,217.5905085,1
-19523.92629,-7207.434836,26731.36113,-308.3722785,82.12365206,226.2486265,1
-18771.53097,-8208.849029,26980.38,-305.0169491,70.43171638,234.5852328,1
-17992.46028,-9198.597999,27191.05828,-301.228174,58.63969338,242.5884806,1
-17187.82132,-10175.27526,27363.09658,-297.0113371,46.76434016,250.246997,1
-16358.75752,-11137.49289,27496.25042,-292.3724309,34.82253225,257.5498986,1
-15506.44704,-12083.88354,27590.33058,-287.3180474,22.83123962,264.4868078,1
-14632.10104,-13013.10233,27645.20337,-281.8553693,10.80750256,271.0478667,1
-13736.96203,-13923.82879,27660.79082,-275.9921593,-1.231592566,277.2237518,1
-12822.30204,-14814.76873,27637.07077,-269.7367493,-13.26893753,283.0056868,1
-11889.42086,-15684.65606,27574.07692,-263.0980286,-25.2874266,288.3854552,1
-10939.64416,-16532.25465,27471.89881,-256.0854312,-37.26998086,293.3554121,1
-9974.321632,-17356.35999,27330.68163,-248.7089225,-49.19957244,297.9084949,1
-8994.825045,-18155.801,27150.62605,-240.9789847,-61.05924873,302.0382334,1
-8002.546319,-18929.44163,26931.98794,-232.9066026,-72.83215648,305.7387591,1
-6998.895537,-19676.18248,26675.07801,-224.5032475,-84.50156576,309.0048133,1
-5985.298942,-20394.96239,26380.26133,-215.780861,-96.05089369,311.8317547,1
-4963.196909,-21084.75995,26047.95686,-206.7518381,-107.463728,314.2155661,1
-3934.041902,-21744.59492,25678.63682,-197.4290095,-118.7238506,316.15286,1
-2899.296405,-22373.52962,25272.82602,-187.8256234,-129.81526,317.6408834,1
-1860.430851,-22970.67031,24831.10116,-177.9553269,-140.7221948,318.6775217,1
-818.9215216,-23535.16843,24354.08995,-167.8321462,-151.4291557,319.2613019,1
223.7515397,-24066.22178,23842.47024,-157.4704667,-161.9209275,319.3913942,1
1266.106638,-24563.07571,23296.96907,-146.8850131,-172.1826008,319.0676139,1
2306.662529,-25025.02417,22718.36164,-136.0908279,-182.1995932,318.2904211,1
3343.940527,-25451.4107,22107.47018,-125.1032502,-191.95767,317.0609202,1
4376.466602,-25841.62938,21465.16278,-113.9378939,-201.4429644,315.3808583,1
5402.773478,-26195.1257,20792.35222,-102.6106256,-210.6419974,313.252623,1
6421.402718,-26511.39731,20089.99459,-91.13754199,-219.5416966,310.6792386,1
7430.906793,-26789.99477,19359.08797,-79.53494696,-228.129415,307.6643619,1
8429.851143,-27030.52218,18600.67104,-67.81932842,-236.392949,304.2122774,1
9416.816214,-27232.63774,17815.82153,-56.0073349,-244.3205557,300.3278906,1
10390.39947,-27396.05423,17005.65476,-44.1157519,-251.9009695,296.0167214,1
11349.21741,-27520.53943,16171.32203,-32.16147799,-259.1234183,291.2848963,1
12291.90748,-27605.91644,15314.00896,-20.16150087,-265.9776385,286.1391394,1
13217.13008,-27652.06393,14434.93385,-8.132873149,-272.4538899,280.5867631,1
14123.57042,-27658.91633,13535.34591,3.907311828,-278.5429695,274.6356576,1
15009.94039,-27626.46389,12616.5235,15.9419443,-284.2362242,268.2942799,1
15874.98041,-27554.75273,11679.77232,27.9539224,-289.5255637,261.5716413,1
16717.46122,-27443.88476,10726.42355,39.92617645,-294.4034716,254.4772951,1
17536.1856,-27294.01753,9757.831937,51.84169321,-298.863016,247.0213228,1
18329.9901,-27105.36401,8775.373915,63.68354009,-302.8978597,239.2143196,1
19097.74668,-26878.19228,7780.445606,75.43488918,-306.5022689,231.0673798,1
19838.36432,-26612.82518,6774.460858,87.07904116,-309.6711217,222.5920806,1
20550.79055,-26309.63979,5758.849231,98.59944905,-312.3999149,213.8004658,1
21234.01299,-25969.06696,4735.053964,109.9797417,-314.6847707,204.7050289,1
21887.06074,-25591.59066,3704.529925,121.2037472,-316.5224422,195.318695,1
22509.00577,-25177.74732,2668.741548,132.2555155,-317.910318,185.6548025,1
23098.96428,-24728.12502,1629.160742,143.1193415,-318.8464258,175.7270844,1
23656.09789,-24243.3627,587.26481,153.779787,-319.3294355,165.5496485,1
24179.6149,-23724.14924,-455.4656576,164.2217031,-319.3586605,155.1369574,1
24668.77134,-23171.22246,-1497.548884,174.4302511,-318.9340594,144.5038083,1
25122.87212,-22585.36811,-2537.504011,184.3909242,-318.0562356,133.6653113,1
25541.27191,-21967.41871,-3573.853206,194.0895678,-316.7264364,122.6368686,1
25923.37617,-21318.25241,-4605.12376,203.5123994,-314.9465516,111.4341522,1
26268.64188,-20638.7917,-5629.850181,212.6460287,-312.7191106,100.0730818,1
26576.57842,-19930.00215,-6646.576277,221.4774765,-310.0472786,88.5698021,1
26846.74819,-19192.89097,-7653.857224,229.9941926,-306.9348524,76.94065983,1
27078.76726,-18428.50564,-8650.261622,238.1840743,-303.386255,65.20218067,1
27272.30592,-17637.93239,-9634.373524,246.0354835,-299.4065292,53.37104564,1
27427.08914,-16822.29468,-10604.79445,253.5372628,-295.0013302,41.46406744,1
27542.89696,-15982.75157,-11560.14539,260.6787518,-290.1769183,29.49816653,1
27619.56483,-15120.4961,-12499.06873,267.449802,-284.9401491,17.49034711,1
27656.98378,-14236.75357,-13420.23021,273.8407914,-279.2984643,5.45767295,1
27655.10064,-13332.77983,-14322.3208,279.842638,-273.2598811,-6.582756862,1
27613.91809,-12409.85949,-15204.0586,285.4468129,-266.8329807,-18.61383222,1
27533.49465,-11469.30406,-16064.19059,290.6453523,-260.026896,-30.6184563,1
27413.94461,-10512.45011,-16901.49449,295.4308688,-252.8512989,-42.57956987,1
27255.43785,-9540.657404,-17714.78045,299.7965618,-245.3163863,-54.48017555,1
27058.19963,-8555.306899,-18502.89273,303.7362275,-237.4328656,-66.30336192,1
26822.51022,-7557.798834,-19264.71139,307.2442674,-229.2119398,-78.03232759,1
26548.70456,-6549.550724,-19999.15383,310.3156964,-220.6652914,-89.65040504,1
26237.17173,-5531.995344,-20705.17639,312.9461498,-211.8050654,-101.1410844,1
25888.35445,-4506.578696,-21381.77576,315.1318896,-202.6438529,-112.4880367,1
25502.74841,-3474.757953,-22027.99045,316.8698097,-193.1946724,-123.6751373,1
25080.90156,-2437.999388,-22642.90217,318.1574405,-183.4709517,-134.6864889,1
24623.41337,-1397.776294,-23225.63708,318.9929522,-173.4865087,-145.5064435,1
24130.93397,-355.5668821,-23775.36709,319.3751574,-163.2555319,-156.1196255,1
23604.16319,687.1478094,-24291.311,319.3035131,-152.7925601,-166.510953,1
23043.84961,1728.886026,-24772.73563,318.778121,-142.1124616,-176.6656593,1
22450.78945,2768.167401,-25218.95685,317.7997277,-131.2304136,-186.5693141,1
21825.82549,3803.515059,-25629.34055,316.3697237,-120.16188,-196.2078436,1
21169.84584,4833.457714,-26003.30356,314.4901409,-108.9225898,-205.5675511,1
20483.78269,5856.531761,-26340.31445,312.1636505,-97.52851461,-214.6351358,1
19768.61095,6871.283356,-26639.89431,309.3935584,-85.99584607,-223.3977123,1
19025.34694,7876.270481,-26901.61742,306.1838011,-74.34097273,-231.8428284,1
18255.04687,8870.064995,-27125.11186,302.5389399,-62.5804568,-239.9584831,1
17458.80537,9851.254661,-27310.06003,298.4641543,-50.73101062,-247.7331437,1
16637.75396,10818.44516,-27456.19912,293.9652349,-38.80947289,-255.155762,1
15793.05939,11770.26205,-27563.32144,289.0485747,-26.83278478,-262.2157899,1
14925.92202,12705.35275,-27631.27478,283.7211607,-14.81796582,-268.9031949,1
14037.5741,13622.38846,-27659.96256,277.9905634,-2.782089712,-275.2084737,1
13129.27802,14520.066,-27649.34402,271.8649263,9.257739896,-281.1226662,1
12202.32451,15397.10974,-27599.43425,265.3529543,21.28441375,-286.637368,1
11258.03083,16252.27334,-27510.30417,258.4639012,33.28084128,-291.7447425,1
10297.73888,17084.34157,-27382.08045,251.2075567,45.22997492,-296.4375317,1
9322.813275,17892.13201,-27214.94529,243.5942326,57.11483429,-300.7090669,1
8334.639442,18674.49676,-27009.1362,235.6347477,68.91853036,-304.5532781,1
7334.62163,19430.32403,-26764.94566,227.340413,80.62428942,-307.9647024,1
6324.18092,20158.53974,-26482.72066,218.7230151,92.21547696,-310.9384921,1
5304.753203,20858.10907,-26162.86227,209.7947998,103.6756213,-313.4704211,1
4277.787141,21528.03788,-25805.82502,200.5684547,114.9884368,-315.5568915,1
3244.74211,22167.37417,-25412.11628,191.0570907,126.1378475,-317.1949383,1
2207.086122,22775.20941,-24982.29553,181.2742242,137.1080094,-318.3822337,1
1166.293744,23350.67983,-24516.97357,171.2337572,147.8833334,-319.1170905,1
123.8439992,23892.96765,-24016.81165,160.9499575,158.448507,-319.3984646,1
-918.7817348,24401.30226,-23482.52053,150.4374392,168.7885166,-319.2259559,1
-1960.10183,24874.96129,-22914.85946,139.7111411,178.8886686,-318.5998096,1
-2998.636513,25313.27164,-22314.63512,128.7863057,188.7346099,-317.5209156,1
-4032.909969,25715.61044,-21682.70047,117.678458,198.312349,-315.990807,1
-5061.45244,26081.40595,-21019.95351,106.4033828,207.6082754,-314.0116582,1
-6082.80231,26410.13835,-20327.33604,94.97710249,216.6091791,-311.5862816,1
-7095.508185,26701.34051,-19605.83232,83.41585456,225.3022693,-308.7181239,1
-8098.130954,26954.5986,-18856.46764,71.73606813,233.6751927,-305.4112608,1
-9089.245836,27169.55273,-18080.30689,59.95434082,241.7160508,-301.6703916,1
-10067.4444,27345.89743,-17278.45303,48.08741512,249.4134172,-297.5008323,1
-11031.33658,27483.38213,-16452.04555,36.15215456,256.7563534,-292.908508,1
-11979.55262,27581.81143,-15602.2588,24.16551982,263.7344249,-287.8999447,1
-12910.74507,27641.04547,-14730.3004,12.14454455,270.3377153,-282.4822598,1
-13823.59064,27661.00007,-13837.40943,0.106311217,276.556841,-276.6631522,1
-14716.79213,27641.64687,-12924.85474,-11.93207319,282.3829643,-270.4508911,1
-15589.08025,27583.01338,-11993.93313,-23.95350147,287.8078059,-263.8543045,1
-16439.21544,27485.18293,-11045.96749,-35.94089051,292.8236569,-256.8827664,1
-17265.9896,27348.29452,-10082.30492,-47.87720558,297.4233895,-249.5461839,1
-18068.22785,27172.54269,-9104.314838,-59.74548452,301.6004672,-241.8549827,1
-18844.79016,26958.17719,-8113.387031,-71.52886185,305.3489541,-233.8200922,1
-19594.57299,26705.50264,-7110.929657,-83.21059276,308.6635234,-225.4529306,1
-20316.51085,26414.87812,-6098.367263,-94.77407687,311.539465,-216.7653881,1
-21009.57785,26086.7166,-5077.138756,-106.2028818,313.9726919,-207.7698101,1
-21672.78908,25721.48444,-4048.695356,-117.4807667,315.9597465,-198.4789798,1
-22305.2021,25319.70064,-3014.498539,-128.5917049,317.497805,-188.9061,1
-22905.9182,24881.93616,-1976.017955,-139.5199073,318.5846817,-179.0647744,1
-23474.08374,24408.81308,-934.7293404,-150.2498443,319.2188321,-168.9689878,1
-24008.89132,23901.00375,107.8875754,-160.766268,319.3993552,-158.6330871,1
-24509.58096,23359.22978,1150.351177,-171.0542341,319.1259943,-148.0717601,1
-24975.44114,22784.26107,2191.180067,-181.0991227,318.3991378,-137.3000151,1
-25405.80985,22176.91468,3228.895169,-190.8866596,317.2198188,-126.3331592,1
-25800.07551,21538.05367,4262.021836,-200.4029361,315.589713,-115.1867769,1
-26157.67785,20868.58592,5289.091935,-209.6344291,313.5111371,-103.876708,1
-26478.10871,20169.46276,6308.645946,-218.56802,310.9870446,-92.41902456,1
-26760.91272,19441.67769,7319.235026,-227.1910139,308.0210225,-80.83000863,1
-27005.68801,18686.26494,8319.423072,-235.4911568,304.6172857,-69.12612884,1
-27212.08674,17904.29798,9307.788763,-243.456654,300.780671,-57.32401704,1
-27379.81561,17096.88803,10282.92758,-251.0761859,296.5166306,-45.44044467,1
-27508.63626,16265.18247,11243.45379,-258.3389248,291.8312238,-33.49229895,1
-27598.36563,15410.36319,12188.00244,-265.23455,286.7311089,-21.49655884,1
-27648.87621,14533.64495,13115.23127,-271.7532624,281.2235333,-9.470270935,1
-27660.09623,13636.2736,14023.82263,-277.8857985,275.3163238,2.569474739,1
-27632.00974,12719.52436,14912.48538,-283.6234437,269.0178747,14.60556905,1
-27564.65665,11784.69998,15779.95667,-288.9580445,262.3371364,26.62090805,1
-27458.13268,10833.12889,16625.00378,-293.88202,255.2836028,38.59841728,1
-27312.58919,9866.163341,17446.42585,-298.3883732,247.8672971,50.52107604,1
-27128.23303,8885.17743,18243.0556,-302.4707001,240.0987585,62.3719416,1
-26905.32615,7891.565195,19013.76096,-306.1231996,231.9890264,74.13417321,1
-26644.18534,6886.738615,19757.44673,-309.3406813,223.5496252,85.7910561,1
-26345.18169,5872.125602,20473.05608,-312.118573,214.7925478,97.32602521,1
-26008.74008,4849.167978,21159.57211,-314.4529271,205.7302384,108.7226887,1
-25635.33864,3819.31942,21816.01922,-316.3404264,196.375575,119.9648513,1
-25225.50798,2784.043401,22441.46457,-317.7783886,186.7418513,131.0365373,1
-24779.83048,1744.811103,23035.01938,-318.7647703,176.8427571,141.9220132,1
-24298.9395,703.099334,23595.84016,-319.2981699,166.6923597,152.6058102,1
-23783.51839,-339.611578,24123.12997,-319.3778293,156.3050833,163.0727459,1
-23234.2996,-1381.839883,24616.13948,-319.0036353,145.6956889,173.3079464,1
-22652.0636,-2422.104519,25074.16812,-318.1761197,134.8792529,183.2968668,1
-22037.63778,-3458.927211,25496.56499,-316.8964584,123.8711461,193.0253123,1
-21391.89527,-4490.834579,25882.72984,-315.1664699,112.6870117,202.4794582,1
-20715.7537,-5516.360224,26232.11393,-312.9886126,101.3427428,211.6458698,1
-20010.17392,-6534.046821,26544.22074,-310.3659814,89.85446034,220.5115211,1
-19276.15858,-7542.448179,26818.60676,-307.3023031,78.23848978,229.0638133,1
-18514.75077,-8540.131305,27054.88207,-303.8019315,66.51133805,237.2905934,1
-17727.03248,-9525.678437,27252.71092,-299.8698406,54.68967006,245.1801706,1
-16914.12311,-10497.68906,27411.81217,-295.5116183,42.79028507,252.7213333,1
-16077.17784,-11454.78189,27531.95974,-290.7334579,30.83009273,259.9033651,1
-15217.38603,-12395.59685,27612.98288,-285.5421493,18.82608915,266.7160601,1
-14335.96948,-13318.79699,27654.76647,-279.9450696,6.795332665,273.149737,1
-13434.18073,-14223.07039,27657.25112,-273.9501727,-5.24508036,279.1952531,1
-12513.30127,-15107.13203,27620.4333,-267.5659777,-17.27803984,284.8440175,1
-11574.63973,-15969.7256,27544.36534,-260.8015567,-29.28644628,290.088003,1
-10619.52999,-16809.62533,27429.15532,-253.6665224,-41.25323507,294.9197575,1
-9649.329324,-17625.63765,27274.96698,-246.1710142,-53.16140077,299.3324149,1
-8665.416428,-18416.60298,27082.01941,-238.3256834,-64.9940212,303.3197046,1
-7669.189502,-19181.39731,26850.58681,-230.1416788,-76.73428157,306.8759604,1
-6662.064237,-19918.93382,26580.99806,-221.6306303,-88.36549833,309.9961286,1
-5645.471815,-20628.16444,26273.63626,-212.8046326,-99.87114288,312.6757754,1
-4620.856868,-21308.08131,25928.93818,-203.6762278,-111.2348651,314.9110928,1
-3589.675431,-21957.71823,25547.39366,-194.2583879,-122.4405164,316.6989044,1
-2553.392869,-22576.15203,25129.5449,-184.5644963,-133.4721731,318.0366694,1
-1513.481796,-23162.50388,24675.98568,-174.6083284,-144.3141585,318.9224869,1
-471.4199818,-23715.94055,24187.36053,-164.4040325,-154.9510657,319.3550982,1
571.3117456,-24235.67557,23664.36382,-153.9661095,-165.3677788,319.3338883,1
1613.231608,-24720.97037,23107.73876,-143.3093922,-175.5494953,318.8588875,1
2652.858979,-25171.13531,22518.27633,-132.4490244,-185.4817464,317.9307708,1
3688.716493,-25585.5307,21896.8142,-121.4004394,-195.1504178,316.5508571,1
4719.332139,-25963.56764,21244.2355,-110.1793376,-204.5417697,314.7211073,1
5743.241356,-26304.70894,20561.46758,-98.80166501,-213.6424566,312.4441216,1
6758.989113,-26608.4698,19849.48069,-87.28358982,-222.4395458,309.7231357,1
7765.131976,-26874.41857,19109.2866,-75.64147988,-230.9205363,306.5620162,1
8760.240162,-27102.17733,18341.93716,-63.89187926,-239.0733761,302.9652554,1
9742.899567,-27291.4224,17548.52284,-52.05148478,-246.8864795,298.9379643,1
10711.71378,-27441.88488,16730.1711,-40.13712229,-254.3487438,294.4858661,1
11665.30606,-27553.35093,15888.04487,-28.16572275,-261.4495645,289.6152873,1
12602.3213,-27625.66216,15023.34086,-16.15429818,-268.1788512,284.3331493,1
13521.42795,-27658.71581,14137.28786,-4.119917474,-274.5270409,278.6469584,1
14421.31992,-27652.46492,13231.145,7.920317864,-280.4851128,272.5647949,1
15300.7184,-27606.91836,12306.19996,19.949298,-286.0445999,266.0953019,1
16158.37372,-27522.14086,11363.76714,31.94992909,-291.1976021,259.247673,1
16993.06711,-27398.25289,10405.18578,43.90515758,-295.9367965,252.0316389,1
17803.61242,-27235.43051,9431.818085,55.79799444,-300.2554485,244.457454,1
18588.85782,-27033.90508,8445.047259,67.61153929,-304.1474211,236.5358818,1
19347.68744,-26793.963,7446.275558,79.32900445,-307.6071835,228.2781791,1
20079.02294,-26515.94523,6436.922293,90.93373876,-310.6298194,219.6960806,1
20781.82505,-26200.24686,5418.421809,102.4092512,-313.2110332,210.801782,1
21455.09504,-25847.31649,4392.221451,113.7392346,-315.3471571,201.6079225,1
22097.87617,-25457.65568,3359.779506,124.9075882,-317.0351553,192.1275671,1
22709.25501,-25031.81815,2322.563131,135.8984414,-318.2726293,182.3741879,1
23288.36276,-24570.40903,1282.046266,146.6961754,-319.0578205,172.3616451,1
23834.37647,-24074.08401,239.7075436,157.2854461,-319.389613,162.1041669,1
24346.52023,-23543.54841,-802.9718166,167.6512056,-319.2675354,151.6163298,1
24824.06624,-22979.55613,-1844.51011,177.7787236,-318.6917612,140.9130376,1
25266.3359,-22382.90865,-2883.427253,187.6536083,-317.6631085,130.0095002,1
25672.70072,-21754.45383,-3918.246889,197.2618269,-316.1830392,118.9212123,1
26042.58322,-21095.08474,-4947.498481,206.5897257,-314.2536565,107.6639308,1
26375.45779,-20405.73838,-5969.719408,215.6240491,-311.8777021,96.25365298,1
26670.85139,-19687.39435,-6983.457036,224.351959,-309.0585525,84.70659344,1
26928.34425,-18941.07346,-7987.27079,232.7610525,-305.8002137,73.0391612,1
27147.57046,-18167.83626,-8979.734195,240.8393798,-302.1073161,61.26793631,1
27328.21848,-17368.78158,-9959.436906,248.5754612,-297.9851075,49.40964634,1
27470.03162,-16545.0449,-10924.98671,255.9583032,-293.4394458,37.48114255,1
27572.80833,-15697.79681,-11875.01151,262.9774145,-288.4767905,25.49937601,1
27636.40257,-14828.2413,-12808.16128,269.6228205,-283.1041939,13.48137345,1
27660.72398,-13937.61404,-13723.10994,275.8850777,-277.3292908,1.444213134,1
27645.73798,-13027.18067,-14618.55731,281.7552871,-271.1602876,-10.59499949,1
27591.46588,-12098.23496,-15493.23092,287.2251068,-264.6059507,-22.61915604,1
27497.98479,-11152.097,-16345.88779,292.2867639,-257.6755944,-34.61116954,1
27365.42756,-10190.1113,-17175.31626,296.9330656,-250.3790669,-46.55399867,1
27193.98256,-9213.644888,-17980.33767,301.1574091,-242.7267371,-58.43067202,1
26983.89343,-8224.085386,-18759.80804,304.9537914,-234.7294793,-70.22431218,1
26735.4587,-7222.83901,-19512.61969,308.3168178,-226.398658,-81.91815976,1
26449.03143,-6211.328584,-20237.70284,311.241709,-217.7461119,-93.49559715,1
26125.01863,-5190.99152,-20934.02711,313.7243088,-208.7841366,-104.9401722,1
25763.88075,-4163.277773,-21600.60298,315.7610891,-199.5254677,-116.2356215,1
25366.13099,-3129.647781,-22236.48321,317.3491557,-189.9832621,-127.3658936,1
24932.33457,-2091.570388,-22840.76419,318.4862518,-180.1710799,-138.3151718,1
24463.10794,-1050.520758,-23412.58718,319.1707614,-170.1028648,-149.0678966,1
23959.11789,-7.978281934,-23951.13961,319.401712,-159.7929242,-159.6087878,1
23421.08063,1034.575532,-24455.65616,319.1787752,-149.2559091,-169.9228661,1
22849.76073,2075.659158,-24925.41988,318.5022679,-138.5067932,-179.9954747,1
22245.97006,3113.793158,-25359.76322,317.3731515,-127.5608515,-189.8123,1
21610.56666,4147.502288,-25758.06895,315.7930305,-116.4336389,-199.3593915,1
20944.45346,5175.317591,-26119.77105,313.7641503,-105.1409678,-208.6231825,1
20248.57704,6195.778483,-26444.35553,311.289394,-93.69888554,-217.5905085,1
19523.92629,7207.434836,-26731.36113,308.3722785,-82.12365206,-226.2486265,1
18771.53097,8208.849029,-26980.38,305.0169491,-70.43171638,-234.5852328,1
17992.46028,9198.597999,-27191.05828,301.228174,-58.63969338,-242.5884806,1
17187.82132,10175.27526,-27363.09658,297.0113371,-46.76434016,-250.246997,1
16358.75752,11137.49289,-27496.25042,292.3724309,-34.82253225,-257.5498986,1
15506.44704,12083.88354,-27590.33058,287.3180474,-22.83123962,-264.4868078,1
14632.10104,13013.10233,-27645.20337,281.8553693,-10.80750256,-271.0478667,1
13736.96203,13923.82879,-27660.79082,275.9921593,1.231592566,-277.2237518,1
12822.30204,14814.76873,-27637.07077,269.7367493,13.26893753,-283.0056868,1
11889.42086,15684.65606,-27574.07692,263.0980286,25.2874266,-288.3854552,1
10939.64416,16532.25465,-27471.89881,256.0854312,37.26998086,-293.3554121,1
9974.321632,17356.35999,-27330.68163,248.7089225,49.19957244,-297.9084949,1
8994.825045,18155.801,-27150.62605,240.9789847,61.05924873,-302.0382334,1
8002.546319,18929.44163,-26931.98794,232.9066026,72.83215648,-305.7387591,1
6998.895537,19676.18248,-26675.07801,224.5032475,84.50156576,-309.0048133,1
5985.298942,20394.96239,-26380.26133,215.780861,96.05089369,-311.8317547,1
4963.196909,21084.75995,-26047.95686,206.7518381,107.463728,-314.2155661,1
3934.041902,21744.59492,-25678.63682,197.4290095,118.7238506,-316.15286,1
2899.296405,22373.52962,-25272.82602,187.8256234,129.81526,-317.6408834,1
1860.430851,22970.67031,-24831.10116,177.9553269,140.7221948,-318.6775217,1
818.9215216,23535.16843,-24354.08995,167.8321462,151.4291557,-319.2613019,1
-223.7515397,24066.22178,-23842.47024,157.4704667,161.9209275,-319.3913942,1
-1266.106638,24563.07571,-23296.96907,146.8850131,172.1826008,-319.0676139,1
-2306.662529,25025.02417,-22718.36164,136.0908279,182.1995932,-318.2904211,1
-3343.940527,25451.4107,-22107.47018,125.1032502,191.95767,-317.0609202,1
-4376.466602,25841.62938,-21465.16278,113.9378939,201.4429644,-315.3808583,1
-5402.773478,26195.1257,-20792.35222,102.6106256,210.6419974,-313.252623,1
-6421.402718,26511.39731,-20089.99459,91.13754199,219.5416966,-310.6792386,1
-7430.906793,26789.99477,-19359.08797,79.53494696,228.129415,-307.6643619,1
-8429.851143,27030.52218,-18600.67104,67.81932842,236.392949,-304.2122774,1
-9416.816214,27232.63774,-17815.82153,56.0073349,244.3205557,-300.3278906,1
-10390.39947,27396.05423,-17005.65476,44.1157519,251.9009695,-296.0167214,1
-11349.21741,27520.53943,-16171.32203,32.16147799,259.1234183,-291.2848963,1
-12291.90748,27605.91644,-15314.00896,20.16150087,265.9776385,-286.1391394,1
-13217.13008,27652.06393,-14434.93385,8.132873149,272.4538899,-280.5867631,1
-14123.57042,27658.91633,-13535.34591,-3.907311828,278.5429695,-274.6356576,1
-15009.94039,27626.46389,-12616.5235,-15.9419443,284.2362242,-268.2942799,1
-15874.98041,27554.75273,-11679.77232,-27.9539224,289.5255637,-261.5716413,1
-16717.46122,27443.88476,-10726.42355,-39.92617645,294.4034716,-254.4772951,1
-17536.1856,27294.01753,-9757.831937,-51.84169321,298.863016,-247.0213228,1
-18329.9901,27105.36401,-8775.373915,-63.68354009,302.8978597,-239.2143196,1
-19097.74668,26878.19228,-7780.445606,-75.43488918,306.5022689,-231.0673798,1
-19838.36432,26612.82518,-6774.460858,-87.07904116,309.6711217,-222.5920806,1
-20550.79055,26309.63979,-5758.849231,-98.59944905,312.3999149,-213.8004658,1
-21234.01299,25969.06696,-4735.053964,-109.9797417,314.6847707,-204.7050289,1
-21887.06074,25591.59066,-3704.529925,-121.2037472,316.5224422,-195.318695,1
-22509.00577,25177.74732,-2668.741548,-132.2555155,317.910318,-185.6548025,1
-23098.96428,24728.12502,-1629.160742,-143.1193415,318.8464258,-175.7270844,1
-23656.09789,24243.3627,-587.26481,-153.779787,319.3294355,-165.5496485,1
-24179.6149,23724.14924,455.4656576,-164.2217031,319.3586605,-155.1369574,1
-24668.77134,23171.22246,1497.548884,-174.4302511,318.9340594,-144.5038083,1
-25122.87212,22585.36811,2537.504011,-184.3909242,318.0562356,-133.6653113,1
-25541.27191,21967.41871,3573.853206,-194.0895678,316.7264364,-122.6368686,1
-25923.37617,21318.25241,4605.12376,-203.5123994,314.9465516,-111.4341522,1
-26268.64188,20638.7917,5629.850181,-212.6460287,312.7191106,-100.0730818,1
-26576.57842,19930.00215,6646.576277,-221.4774765,310.0472786,-88.5698021,1
-26846.74819,19192.89097,7653.857224,-229.9941926,306.9348524,-76.94065983,1
-27078.76726,18428.50564,8650.261622,-238.1840743,303.386255,-65.20218067,1
-27272.30592,17637.93239,9634.373524,-246.0354835,299.4065292,-53.37104564,1
-27427.08914,16822.29468,10604.79445,-253.5372628,295.0013302,-41.46406744,1
-27542.89696,15982.75157,11560.14539,-260.6787518,290.1769183,-29.49816653,1
-27619.56483,15120.4961,12499.06873,-267.449802,284.9401491,-17.49034711,1
-27656.98378,14236.75357,13420.23021,-273.8407914,279.2984643,-5.45767295,1
-27655.10064,13332.77983,14322.3208,-279.842638,273.2598811,6.582756862,1
-27613.91809,12409.85949,15204.0586,-285.4468129,266.8329807,18.61383222,1
-27533.49465,11469.30406,16064.19059,-290.6453523,260.026896,30.6184563,1
-27413.94461,10512.45011,16901.49449,-295.4308688,252.8512989,42.57956987,1
-27255.43785,9540.657404,17714.78045,-299.7965618,245.3163863,54.48017555,1
-27058.19963,8555.306899,18502.89273,-303.7362275,237.4328656,66.30336192,1
-26822.51022,7557.798834,19264.71139,-307.2442674,229.2119398,78.03232759,1
-26548.70456,6549.550724,19999.15383,-310.3156964,220.6652914,89.65040504,1
-26237.17173,5531.995344,20705.17639,-312.9461498,211.8050654,101.1410844,1
-25888.35445,4506.578696,21381.77576,-315.1318896,202.6438529,112.4880367,1
-25502.74841,3474.757953,22027.99045,-316.8698097,193.1946724,123.6751373,1
-25080.90156,2437.999388,22642.90217,-318.1574405,183.4709517,134.6864889,1
-24623.41337,1397.776294,23225.63708,-318.9929522,173.4865087,145.5064435,1
-24130.93397,355.5668821,23775.36709,-319.3751574,163.2555319,156.1196255,1
-23604.16319,-687.1478094,24291.311,-319.3035131,152.7925601,166.510953,1
-23043.84961,-1728.886026,24772.73563,-318.778121,142.1124616,176.6656593,1
-22450.78945,-2768.167401,25218.95685,-317.7997277,131.2304136,186.5693141,1
-21825.82549,-3803.515059,25629.34055,-316.3697237,120.16188,196.2078436,1
-21169.84584,-4833.457714,26003.30356,-314.4901409,108.9225898,205.5675511,1
-20483.78269,-5856.531761,26340.31445,-312.1636505,97.52851461,214.6351358,1
-19768.61095,-6871.283356,26639.89431,-309.3935584,85.99584607,223.3977123,1
-19025.34694,-7876.270481,26901.61742,-306.1838011,74.34097273,231.8428284,1
-18255.04687,-8870.064995,27125.11186,-302.5389399,62.5804568,239.9584831,1
-17458.80537,-9851.254661,27310.06003,-298.4641543,50.73101062,247.7331437,1
-16637.75396,-10818.44516,27456.19912,-293.9652349,38.80947289,255.155762,1
-15793.05939,-11770.26205,27563.32144,-289.0485747,26.83278478,262.2157899,1
-14925.92202,-12705.35275,27631.27478,-283.7211607,14.81796582,268.9031949,1
-14037.5741,-13622.38846,27659.96256,-277.9905634,2.782089712,275.2084737,1
-13129.27802,-14520.066,27649.34402,-271.8649263,-9.257739896,281.1226662,1
-12202.32451,-15397.10974,27599.43425,-265.3529543,-21.28441375,286.637368,1
-11258.03083,-16252.27334,27510.30417,-258.4639012,-33.28084128,291.7447425,1
-10297.73888,-17084.34157,27382.08045,-251.2075567,-45.22997492,296.4375317,1
-9322.813275,-17892.13201,27214.94529,-243.5942326,-57.11483429,300.7090669,1
-8334.639442,-18674.49676,27009.1362,-235.6347477,-68.91853036,304.5532781,1
-7334.62163,-19430.32403,26764.94566,-227.340413,-80.62428942,307.9647024,1
-6324.18092,-20158.53974,26482.72066,-218.7230151,-92.21547696,310.9384921,1
-5304.753203,-20858.10907,26162.86227,-209.7947998,-103.6756213,313.4704211,1
-4277.787141,-21528.03788,25805.82502,-200.5684547,-114.9884368,315.5568915,1
-3244.74211,-22167.37417,25412.11628,-191.0570907,-126.1378475,317.1949383,1
-2207.086122,-22775.20941,24982.29553,-181.2742242,-137.1080094,318.3822337,1
-1166.293744,-23350.67983,24516.97357,-171.2337572,-147.8833334,319.1170905,1
-123.8439992,-23892.96765,24016.81165,-160.9499575,-158.448507,319.3984646,1
918.7817348,-24401.30226,23482.52053,-150.4374392,-168.7885166,319.2259559,1
1960.10183,-24874.96129,22914.85946,-139.7111411,-178.8886686,318.5998096,1
2998.636513,-25313.27164,22314.63512,-128.7863057,-188.7346099,317.5209156,1
4032.909969,-25715.61044,21682.70047,-117.678458,-198.312349,315.990807,1
5061.45244,-26081.40595,21019.95351,-106.4033828,-207.6082754,314.0116582,1
6082.80231,-26410.13835,20327.33604,-94.97710249,-216.6091791,311.5862816,1
7095.508185,-26701.34051,19605.83232,-83.41585456,-225.3022693,308.7181239,1
8098.130954,-26954.5986,18856.46764,-71.73606813,-233.6751927,305.4112608,1
9089.245836,-27169.55273,18080.30689,-59.95434082,-241.7160508,301.6703916,1
10067.4444,-27345.89743,17278.45303,-48.08741512,-249.4134172,297.5008323,1
11031.33658,-27483.38213,16452.04555,-36.15215456,-256.7563534,292.908508,1
11979.55262,-27581.81143,15602.2588,-24.16551982,-263.7344249,287.8999447,1
12910.74507,-27641.04547,14730.3004,-12.14454455,-270.3377153,282.4822598,1
13823.59064,-27661.00007,13837.40943,-0.106311217,-276.556841,276.6631522,1
14716.79213,-27641.64687,12924.85474,11.93207319,-282.3829643,270.4508911,1
15589.08025,-27583.01338,11993.93313,23.95350147,-287.8078059,263.8543045,1
16439.21544,-27485.18293,11045.96749,35.94089051,-292.8236569,256.8827664,1
17265.9896,-27348.29452,10082.30492,47.87720558,-297.4233895,249.5461839,1
18068.22785,-27172.54269,9104.314838,59.74548452,-301.6004672,241.8549827,1
18844.79016,-26958.17719,8113.387031,71.52886185,-305.3489541,233.8200922,1
19594.57299,-26705.50264,7110.929657,83.21059276,-308.6635234,225.4529306,1
20316.51085,-26414.87812,6098.367263,94.77407687,-311.539465,216.7653881,1
21009.57785,-26086.7166,5077.138756,106.2028818,-313.9726919,207.7698101,1
21672.78908,-25721.48444,4048.695356,117.4807667,-315.9597465,198.4789798,1
22305.2021,-25319.70064,3014.498539,128.5917049,-317.497805,188.9061,1
22905.9182,-24881.93616,1976.017955,139.5199073,-318.5846817,179.0647744,1
23474.08374,-24408.81308,934.7293404,150.2498443,-319.2188321,168.9689878,1
24008.89132,-23901.00375,-107.8875754,160.766268,-319.3993552,158.6330871,1
24509.58096,-23359.22978,-1150.351177,171.0542341,-319.1259943,148.0717601,1
24975.44114,-22784.26107,-2191.180067,181.0991227,-318.3991378,137.3000151,1
25405.80985,-22176.91468,-3228.895169,190.8866596,-317.2198188,126.3331592,1
25800.07551,-21538.05367,-4262.021836,200.4029361,-315.589713,115.1867769,1
26157.67785,-20868.58592,-5289.091935,209.6344291,-313.5111371,103.876708,1
26478.10871,-20169.46276,-6308.645946,218.56802,-310.9870446,92.41902456,1
26760.91272,-19441.67769,-7319.235026,227.1910139,-308.0210225,80.83000863,1
27005.68801,-18686.26494,-8319.423072,235.4911568,-304.6172857,69.12612884,1
27212.08674,-17904.29798,-9307.788763,243.456654,-300.780671,57.32401704,1
27379.81561,-17096.88803,-10282.92758,251.0761859,-296.5166306,45.44044467,1
27508.63626,-16265.18247,-11243.45379,258.3389248,-291.8312238,33.49229895,1
27598.36563,-15410.36319,-12188.00244,265.23455,-286.7311089,21.49655884,1
27648.87621,-14533.64495,-13115.23127,271.7532624,-281.2235333,9.470270935,1
27660.09623,-13636.2736,-14023.82263,277.8857985,-275.3163238,-2.569474739,1
27632.00974,-12719.52436,-14912.48538,283.6234437,-269.0178747,-14.60556905,1
27564.65665,-11784.69998,-15779.95667,288.9580445,-262.3371364,-26.62090805,1
27458.13268,-10833.12889,-16625.00378,293.88202,-255.2836028,-38.59841728,1
27312.58919,-9866.163341,-17446.42585,298.3883732,-247.8672971,-50.52107604,1
27128.23303,-8885.17743,-18243.0556,302.4707001,-240.0987585,-62.3719416,1
26905.32615,-7891.565195,-19013.76096,306.1231996,-231.9890264,-74.13417321,1
26644.18534,-6886.738615,-19757.44673,309.3406813,-223.5496252,-85.7910561,1
26345.18169,-5872.125602,-20473.05608,312.118573,-214.7925478,-97.32602521,1
26008.74008,-4849.167978,-21159.57211,314.4529271,-205.7302384,-108.7226887,1
25635.33864,-3819.31942,-21816.01922,316.3404264,-196.375575,-119.9648513,1
25225.50798,-2784.043401,-22441.46457,317.7783886,-186.7418513,-131.0365373,1
24779.83048,-1744.811103,-23035.01938,318.7647703,-176.8427571,-141.9220132,1
24298.9395,-703.099334,-23595.84016,319.2981699,-166.6923597,-152.6058102,1
23783.51839,339.611578,-24123.12997,319.3778293,-156.3050833,-163.0727459,1
23234.2996,1381.839883,-24616.13948,319.0036353,-145.6956889,-173.3079464,1
22652.0636,2422.104519,-25074.16812,318.1761197,-134.8792529,-183.2968668,1
22037.63778,3458.927211,-25496.56499,316.8964584,-123.8711461,-193.0253123,1
21391.89527,4490.834579,-25882.72984,315.1664699,-112.6870117,-202.4794582,1
20715.7537,5516.360224,-26232.11393,312.9886126,-101.3427428,-211.6458698,1
20010.17392,6534.046821,-26544.22074,310.3659814,-89.85446034,-220.5115211,1
19276.15858,7542.448179,-26818.60676,307.3023031,-78.23848978,-229.0638133,1
18514.75077,8540.131305,-27054.88207,303.8019315,-66.51133805,-237.2905934,1
17727.03248,9525.678437,-27252.71092,299.8698406,-54.68967006,-245.1801706,1
16914.12311,10497.68906,-27411.81217,295.5116183,-42.79028507,-252.7213333,1
16077.17784,11454.78189,-27531.95974,290.7334579,-30.83009273,-259.9033651,1
15217.38603,12395.59685,-27612.98288,285.5421493,-18.82608915,-266.7160601,1
14335.96948,13318.79699,-27654.76647,279.9450696,-6.795332665,-273.149737,1
13434.18073,14223.07039,-27657.25112,273.9501727,5.24508036,-279.1952531,1
12513.30127,15107.13203,-27620.4333,267.5659777,17.27803984,-284.8440175,1
11574.63973,15969.7256,-27544.36534,260.8015567,29.28644628,-290.088003,1
10619.52999,16809.62533,-27429.15532,253.6665224,41.25323507,-294.9197575,1
9649.329324,17625.63765,-27274.96698,246.1710142,53.16140077,-299.3324149,1
8665.416428,18416.60298,-27082.01941,238.3256834,64.9940212,-303.3197046,1
7669.189502,19181.39731,-26850.58681,230.1416788,76.73428157,-306.8759604,1
6662.064237,19918.93382,-26580.99806,221.6306303,88.36549833,-309.9961286,1
5645.471815,20628.16444,-26273.63626,212.8046326,99.87114288,-312.6757754,1
4620.856868,21308.08131,-25928.93818,203.6762278,111.2348651,-314.9110928,1
3589.675431,21957.71823,-25547.39366,194.2583879,122.4405164,-316.6989044,1
2553.392869,22576.15203,-25129.5449,184.5644963,133.4721731,-318.0366694,1
1513.481796,23162.50388,-24675.98568,174.6083284,144.3141585,-318.9224869,1
471.4199818,23715.94055,-24187.36053,164.4040325,154.9510657,-319.3550982,1
-571.3117456,24235.67557,-23664.36382,153.9661095,165.3677788,-319.3338883,1
-1613.231608,24720.97037,-23107.73876,143.3093922,175.5494953,-318.8588875,1
-2652.858979,25171.13531,-22518.27633,132.4490244,185.4817464,-317.9307708,1
-3688.716493,25585.5307,-21896.8142,121.4004394,195.1504178,-316.5508571,1
-4719.332139,25963.56764,-21244.2355,110.1793376,204.5417697,-314.7211073,1
-5743.241356,26304.70894,-20561.46758,98.80166501,213.6424566,-312.4441216,1
-6758.989113,26608.4698,-19849.48069,87.28358982,222.4395458,-309.7231357,1
-7765.131976,26874.41857,-19109.2866,75.64147988,230.9205363,-306.5620162,1
-8760.240162,27102.17733,-18341.93716,63.89187926,239.0733761,-302.9652554,1
-9742.899567,27291.4224,-17548.52284,52.05148478,246.8864795,-298.9379643,1
-10711.71378,27441.88488,-16730.1711,40.13712229,254.3487438,-294.4858661,1
-11665.30606,27553.35093,-15888.04487,28.16572275,261.4495645,-289.6152873,1
-12602.3213,27625.66216,-15023.34086,16.15429818,268.1788512,-284.3331493,1
-13521.42795,27658.71581,-14137.28786,4.119917474,274.5270409,-278.6469584,1
-14421.31992,27652.46492,-13231.145,-7.920317864,280.4851128,-272.5647949,1
-15300.7184,27606.91836,-12306.19996,-19.949298,286.0445999,-266.0953019,1
-16158.37372,27522.14086,-11363.76714,-31.94992909,291.1976021,-259.247673,1
-16993.06711,27398.25289,-10405.18578,-43.90515758,295.9367965,-252.0316389,1
-17803.61242,27235.43051,-9431.818085,-55.79799444,300.2554485,-244.457454,1
-18588.85782,27033.90508,-8445.047259,-67.61153929,304.1474211,-236.5358818,1
-19347.68744,26793.963,-7446.275558,-79.32900445,307.6071835,-228.2781791,1
-20079.02294,26515.94523,-6436.922293,-90.93373876,310.6298194,-219.6960806,1
-20781.82505,26200.24686,-5418.421809,-102.4092512,313.2110332,-210.801782,1
-21455.09504,25847.31649,-4392.221451,-113.7392346,315.3471571,-201.6079225,1
-22097.87617,25457.65568,-3359.779506,-124.9075882,317.0351553,-192.1275671,1
-22709.25501,25031.81815,-2322.563131,-135.8984414,318.2726293,-182.3741879,1
-23288.36276,24570.40903,-1282.046266,-146.6961754,319.0578205,-172.3616451,1
-23834.37647,24074.08401,-239.7075436,-157.2854461,319.389613,-162.1041669,1
-24346.52023,23543.54841,802.9718166,-167.6512056,319.2675354,-151.6163298,1
-24824.06624,22979.55613,1844.51011,-177.7787236,318.6917612,-140.9130376,1
-25266.3359,22382.90865,2883.427253,-187.6536083,317.6631085,-130.0095002,1
-25672.70072,21754.45383,3918.246889,-197.2618269,316.1830392,-118.9212123,1
-26042.58322,21095.08474,4947.498481,-206.5897257,314.2536565,-107.6639308,1
-26375.45779,20405.73838,5969.719408,-215.6240491,311.8777021,-96.25365298,1
-26670.85139,19687.39435,6983.457036,-224.351959,309.0585525,-84.70659344,1
-26928.34425,18941.07346,7987.27079,-232.7610525,305.8002137,-73.0391612,1
-27147.57046,18167.83626,8979.734195,-240.8393798,302.1073161,-61.26793631,1
-27328.21848,17368.78158,9959.436906,-248.5754612,297.9851075,-49.40964634,1
-27470.03162,16545.0449,10924.98671,-255.9583032,293.4394458,-37.48114255,1
-27572.80833,15697.79681,11875.01151,-262.9774145,288.4767905,-25.49937601,1
-27636.40257,14828.2413,12808.16128,-269.6228205,283.1041939,-13.48137345,1
-27660.72398,13937.61404,13723.10994,-275.8850777,277.3292908,-1.444213134,1
-27645.73798,13027.18067,14618.55731,-281.7552871,271.1602876,10.59499949,1
-27591.46588,12098.23496,15493.23092,-287.2251068,264.6059507,22.61915604,1
-27497.98479,11152.097,16345.88779,-292.2867639,257.6755944,34.61116954,1
-27365.42756,10190.1113,17175.31626,-296.9330656,250.3790669,46.55399867,1
-27193.98256,9213.644888,17980.33767,-301.1574091,242.7267371,58.43067202,1
-26983.89343,8224.085386,18759.80804,-304.9537914,234.7294793,70.22431218,1
-26735.4587,7222.83901,19512.61969,-308.3168178,226.398658,81.91815976,1
-26449.03143,6211.328584,20237.70284,-311.241709,217.7461119,93.49559715,1
-26125.01863,5190.99152,20934.02711,-313.7243088,208.7841366,104.9401722,1
-25763.88075,4163.277773,21600.60298,-315.7610891,199.5254677,116.2356215,1
-25366.13099,3129.647781,22236.48321,-317.3491557,189.9832621,127.3658936,1
-24932.33457,2091.570388,22840.76419,-318.4862518,180.1710799,138.3151718,1
-24463.10794,1050.520758,23412.58718,-319.1707614,170.1028648,149.0678966,1
-23959.11789,7.978281935,23951.13961,-319.401712,159.7929242,159.6087878,1
-23421.08063,-1034.575532,24455.65616,-319.1787752,149.2559091,169.9228661,1
-22849.76073,-2075.659158,24925.41988,-318.5022679,138.5067932,179.9954747,1
-22245.97006,-3113.793158,25359.76322,-317.3731515,127.5608515,189.8123,1
-21610.56666,-4147.502288,25758.06895,-315.7930305,116.4336389,199.3593915,1
-20944.45346,-5175.317591,26119.77105,-313.7641503,105.1409678,208.6231825,1
-20248.57704,-6195.778483,26444.35553,-311.289394,93.69888554,217.5905085,1
-19523.92629,-7207.434836,26731.36113,-308.3722785,82.12365206,226.2486265,1
-18771.53097,-8208.849029,26980.38,-305.0169491,70.43171638,234.5852328,1
-17992.46028,-9198.597999,27191.05828,-301.228174,58.63969338,242.5884806,1
-17187.82132,-10175.27526,27363.09658,-297.0113371,46.76434016,250.246997,1
-16358.75752,-11137.49289,27496.25042,-292.3724309,34.82253225,257.5498986,1
-15506.44704,-12083.88354,27590.33058,-287.3180474,22.83123962,264.4868078,1
-14632.10104,-13013.10233,27645.20337,-281.8553693,10.80750256,271.0478667,1
-13736.96203,-13923.82879,27660.79082,-275.9921593,-1.231592566,277.2237518,1
-12822.30204,-14814.76873,27637.07077,-269.7367493,-13.26893753,283.0056868,1
-11889.42086,-15684.65606,27574.07692,-263.0980286,-25.2874266,288.3854552,1
-10939.64416,-16532.25465,27471.89881,-256.0854312,-37.26998086,293.3554121,1
-9974.321632,-17356.35999,27330.68163,-248.7089225,-49.19957244,297.9084949,1
-8994.825045,-18155.801,27150.62605,-240.9789847,-61.05924873,302.0382334,1
-8002.546319,-18929.44163,26931.98794,-232.9066026,-72.83215648,305.7387591,1
-6998.895537,-19676.18248,26675.07801,-224.5032475,-84.50156576,309.0048133,1
-5985.298942,-20394.96239,26380.26133,-215.780861,-96.05089369,311.8317547,1
-4963.196909,-21084.75995,26047.95686,-206.7518381,-107.463728,314.2155661,1
-3934.041902,-21744.59492,25678.63682,-197.4290095,-118.7238506,316.15286,1
-2899.296405,-22373.52962,25272.82602,-187.8256234,-129.81526,317.6408834,1
-1860.430851,-22970.67031,24831.10116,-177.9553269,-140.7221948,318.6775217,1
-818.9215216,-23535.16843,24354.08995,-167.8321462,-151.4291557,319.2613019,1
223.7515397,-24066.22178,23842.47024,-157.4704667,-161.9209275,319.3913942,1
1266.106638,-24563.07571,23296.96907,-146.8850131,-172.1826008,319.0676139,1
2306.662529,-25025.02417,22718.36164,-136.0908279,-182.1995932,318.2904211,1
3343.940527,-25451.4107,22107.47018,-125.1032502,-191.95767,317.0609202,1
4376.466602,-25841.62938,21465.16278,-113.9378939,-201.4429644,315.3808583,1
5402.773478,-26195.1257,20792.35222,-102.6106256,-210.6419974,313.252623,1
6421.402718,-26511.39731,20089.99459,-91.13754199,-219.5416966,310.6792386,1
7430.906793,-26789.99477,19359.08797,-79.53494696,-228.129415,307.6643619,1
8429.851143,-27030.52218,18600.67104,-67.81932842,-236.392949,304.2122774,1
9416.816214,-27232.63774,17815.82153,-56.0073349,-244.3205557,300.3278906,1
10390.39947,-27396.05423,17005.65476,-44.1157519,-251.9009695,296.0167214,1
11349.21741,-27520.53943,16171.32203,-32.16147799,-259.1234183,291.2848963,1
12291.90748,-27605.91644,15314.00896,-20.16150087,-265.9776385,286.1391394,1
13217.13008,-27652.06393,14434.93385,-8.132873149,-272.4538899,280.5867631,1
14123.57042,-27658.91633,13535.34591,3.907311828,-278.5429695,274.6356576,1
15009.94039,-27626.46389,12616.5235,15.9419443,-284.2362242,268.2942799,1
15874.98041,-27554.75273,11679.77232,27.9539224,-289.5255637,261.5716413,1
16717.46122,-27443.88476,10726.42355,39.92617645,-294.4034716,254.4772951,1
17536.1856,-27294.01753,9757.831937,51.84169321,-298.863016,247.0213228,1
18329.9901,-27105.36401,8775.373915,63.68354009,-302.8978597,239.2143196,1
19097.74668,-26878.19228,7780.445606,75.43488918,-306.5022689,231.0673798,1
19838.36432,-26612.82518,6774.460858,87.07904116,-309.6711217,222.5920806,1
20550.79055,-26309.63979,5758.849231,98.59944905,-312.3999149,213.8004658,1
21234.01299,-25969.06696,4735.053964,109.9797417,-314.6847707,204.7050289,1
21887.06074,-25591.59066,3704.529925,121.2037472,-316.5224422,195.318695,1
22509.00577,-25177.74732,2668.741548,132.2555155,-317.910318,185.6548025,1
23098.96428,-24728.12502,1629.160742,143.1193415,-318.8464258,175.7270844,1
23656.09789,-24243.3627,587.26481,153.779787,-319.3294355,165.5496485,1
24179.6149,-23724.14924,-455.4656576,164.2217031,-319.3586605,155.1369574,1
24668.77134,-23171.22246,-1497.548884,174.4302511,-318.9340594,144.5038083,1
25122.87212,-22585.36811,-2537.504011,184.3909242,-318.0562356,133.6653113,1
25541.27191,-21967.41871,-3573.853206,194.0895678,-316.7264364,122.6368686,1
25923.37617,-21318.25241,-4605.12376,203.5123994,-314.9465516,111.4341522,1
26268.64188,-20638.7917,-5629.850181,212.6460287,-312.7191106,100.0730818,1
26576.57842,-19930.00215,-6646.576277,221.4774765,-310.0472786,88.5698021,1
26846.74819,-19192.89097,-7653.857224,229.9941926,-306.9348524,76.94065983,1
27078.76726,-18428.50564,-8650.261622,238.1840743,-303.386255,65.20218067,1
27272.30592,-17637.93239,-9634.373524,246.0354835,-299.4065292,53.37104564,1
27427.08914,-16822.29468,-10604.79445,253.5372628,-295.0013302,41.46406744,1
27542.89696,-15982.75157,-11560.14539,260.6787518,-290.1769183,29.49816653,1
27619.56483,-15120.4961,-12499.06873,267.449802,-284.9401491,17.49034711,1
27656.98378,-14236.75357,-13420.23021,273.8407914,-279.2984643,5.45767295,1
27655.10064,-13332.77983,-14322.3208,279.842638,-273.2598811,-6.582756862,1
27613.91809,-12409.85949,-15204.0586,285.4468129,-266.8329807,-18.61383222,1
27533.49465,-11469.30406,-16064.19059,290.6453523,-260.026896,-30.6184563,1
27413.94461,-10512.45011,-16901.49449,295.4308688,-252.8512989,-42.57956987,1
27255.43785,-9540.657404,-17714.78045,299.7965618,-245.3163863,-54.48017555,1
27058.19963,-8555.306899,-18502.89273,303.7362275,-237.4328656,-66.30336192,1
26822.51022,-7557.798834,-19264.71139,307.2442674,-229.2119398,-78.03232759,1
26548.70456,-6549.550724,-19999.15383,310.3156964,-220.6652914,-89.65040504,1
26237.17173,-5531.995344,-20705.17639,312.9461498,-211.8050654,-101.1410844,1
25888.35445,-4506.578696,-21381.77576,315.1318896,-202.6438529,-112.4880367,1
25502.74841,-3474.757953,-22027.99045,316.8698097,-193.1946724,-123.6751373,1
25080.90156,-2437.999388,-22642.90217,318.1574405,-183.4709517,-134.6864889,1
24623.41337,-1397.776294,-23225.63708,318.9929522,-173.4865087,-145.5064435,1
24130.93397,-355.5668821,-23775.36709,319.3751574,-163.2555319,-156.1196255,1
23604.16319,687.1478094,-24291.311,319.3035131,-152.7925601,-166.510953,1
23043.84961,1728.886026,-24772.73563,318.778121,-142.1124616,-176.6656593,1
22450.78945,2768.167401,-25218.95685,317.7997277,-131.2304136,-186.5693141,1
21825.82549,3803.515059,-25629.34055,316.3697237,-120.16188,-196.2078436,1
21169.84584,4833.457714,-26003.30356,314.4901409,-108.9225898,-205.5675511,1
20483.78269,5856.531761,-26340.31445,312.1636505,-97.52851461,-214.6351358,1
19768.61095,6871.283356,-26639.89431,309.3935584,-85.99584607,-223.3977123,1
19025.34694,7876.270481,-26901.61742,306.1838011,-74.34097273,-231.8428284,1
18255.04687,8870.064995,-27125.11186,302.5389399,-62.5804568,-239.9584831,1
17458.80537,9851.254661,-27310.06003,298.4641543,-50.73101062,-247.7331437,1
16637.75396,10818.44516,-27456.19912,293.9652349,-38.80947289,-255.155762,1
15793.05939,11770.26205,-27563.32144,289.0485747,-26.83278478,-262.2157899,1
14925.92202,12705.35275,-27631.27478,283.7211607,-14.81796582,-268.9031949,1
14037.5741,13622.38846,-27659.96256,277.9905634,-2.782089712,-275.2084737,1
13129.27802,14520.066,-27649.34402,271.8649263,9.257739896,-281.1226662,1
12202.32451,15397.10974,-27599.43425,265.3529543,21.28441375,-286.637368,1
11258.03083,16252.27334,-27510.30417,258.4639012,33.28084128,-291.7447425,1
10297.73888,17084.34157,-27382.08045,251.2075567,45.22997492,-296.4375317,1
9322.813275,17892.13201,-27214.94529,243.5942326,57.11483429,-300.7090669,1
8334.639442,18674.49676,-27009.1362,235.6347477,68.91853036,-304.5532781,1
7334.62163,19430.32403,-26764.94566,227.340413,80.62428942,-307.9647024,1
6324.18092,20158.53974,-26482.72066,218.7230151,92.21547696,-310.9384921,1
5304.753203,20858.10907,-26162.86227,209.7947998,103.6756213,-313.4704211,1
4277.787141,21528.03788,-25805.82502,200.5684547,114.9884368,-315.5568915,1
3244.74211,22167.37417,-25412.11628,191.0570907,126.1378475,-317.1949383,1
2207.086122,22775.20941,-24982.29553,181.2742242,137.1080094,-318.3822337,1
1166.293744,23350.67983,-24516.97357,171.2337572,147.8833334,-319.1170905,1
123.8439992,23892.96765,-24016.81165,160.9499575,158.448507,-319.3984646,1
-918.7817348,24401.30226,-23482.52053,150.4374392,168.7885166,-319.2259559,1
-1960.10183,24874.96129,-22914.85946,139.7111411,178.8886686,-318.5998096,1
-2998.636513,25313.27164,-22314.63512,128.7863057,188.7346099,-317.5209156,1
-4032.909969,25715.61044,-21682.70047,117.678458,198.312349,-315.990807,1
-5061.45244,26081.40595,-21019.95351,106.4033828,207.6082754,-314.0116582,1
-6082.80231,26410.13835,-20327.33604,94.97710249,216.6091791,-311.5862816,1
-7095.508185,26701.34051,-19605.83232,83.41585456,225.3022693,-308.7181239,1
-8098.130954,26954.5986,-18856.46764,71.73606813,233.6751927,-305.4112608,1
-9089.245836,27169.55273,-18080.30689,59.95434082,241.7160508,-301.6703916,1
-10067.4444,27345.89743,-17278.45303,48.08741512,249.4134172,-297.5008323,1
-11031.33658,27483.38213,-16452.04555,36.15215456,256.7563534,-292.908508,1
-11979.55262,27581.81143,-15602.2588,24.16551982,263.7344249,-287.8999447,1
-12910.74507,27641.04547,-14730.3004,12.14454455,270.3377153,-282.4822598,1
-13823.59064,27661.00007,-13837.40943,0.106311217,276.556841,-276.6631522,1
-14716.79213,27641.64687,-12924.85474,-11.93207319,282.3829643,-270.4508911,1
-15589.08025,27583.01338,-11993.93313,-23.95350147,287.8078059,-263.8543045,1
-16439.21544,27485.18293,-11045.96749,-35.94089051,292.8236569,-256.8827664,1
-17265.9896,27348.29452,-10082.30492,-47.87720558,297.4233895,-249.5461839,1
-18068.22785,27172.54269,-9104.314838,-59.74548452,301.6004672,-241.8549827,1
-18844.79016,26958.17719,-8113.387031,-71.52886185,305.3489541,-233.8200922,1
-19594.57299,26705.50264,-7110.929657,-83.21059276,308.6635234,-225.4529306,1
-20316.51085,26414.87812,-6098.367263,-94.77407687,311.539465,-216.7653881,1
-21009.57785,26086.7166,-5077.138756,-106.2028818,313.9726919,-207.7698101,1
-21672.78908,25721.48444,-4048.695356,-117.4807667,315.9597465,-198.4789798,1
-22305.2021,25319.70064,-3014.498539,-128.5917049,317.497805,-188.9061,1
-22905.9182,24881.93616,-1976.017955,-139.5199073,318.5846817,-179.0647744,1
-23474.08374,24408.81308,-934.7293404,-150.2498443,319.2188321,-168.9689878,1
-24008.89132,23901.00375,107.8875754,-160.766268,319.3993552,-158.6330871,1
-24509.58096,23359.22978,1150.351177,-171.0542341,319.1259943,-148.0717601,1
-24975.44114,22784.26107,2191.180067,-181.0991227,318.3991378,-137.3000151,1
-25405.80985,22176.91468,3228.895169,-190.8866596,317.2198188,-126.3331592,1
-25800.07551,21538.05367,4262.021836,-200.4029361,315.589713,-115.1867769,1
-26157.67785,20868.58592,5289.091935,-209.6344291,313.5111371,-103.876708,1
-26478.10871,20169.46276,6308.645946,-218.56802,310.9870446,-92.41902456,1
-26760.91272,19441.67769,7319.235026,-227.1910139,308.0210225,-80.83000863,1
-27005.68801,18686.26494,8319.423072,-235.4911568,304.6172857,-69.12612884,1
-27212.08674,17904.29798,9307.788763,-243.456654,300.780671,-57.32401704,1
-27379.81561,17096.88803,10282.92758,-251.0761859,296.5166306,-45.44044467,1
-27508.63626,16265.18247,11243.45379,-258.3389248,291.8312238,-33.49229895,1
-27598.36563,15410.36319,12188.00244,-265.23455,286.7311089,-21.49655884,1
-27648.87621,14533.64495,13115.23127,-271.7532624,281.2235333,-9.470270935,1
-27660.09623,13636.2736,14023.82263,-277.8857985,275.3163238,2.569474739,1
-27632.00974,12719.52436,14912.48538,-283.6234437,269.0178747,14.60556905,1
-27564.65665,11784.69998,15779.95667,-288.9580445,262.3371364,26.62090805,1
-27458.13268,10833.12889,16625.00378,-293.88202,255.2836028,38.59841728,1
-27312.58919,9866.163341,17446.42585,-298.3883732,247.8672971,50.52107604,1
-27128.23303,8885.17743,18243.0556,-302.4707001,240.0987585,62.3719416,1
-26905.32615,7891.565195,19013.76096,-306.1231996,231.9890264,74.13417321,1
-26644.18534,6886.738615,19757.44673,-309.3406813,223.5496252,85.7910561,1
-26345.18169,5872.125602,20473.05608,-312.118573,214.7925478,97.32602521,1
-26008.74008,4849.167978,21159.57211,-314.4529271,205.7302384,108.7226887,1
-25635.33864,3819.31942,21816.01922,-316.3404264,196.375575,119.9648513,1
-25225.50798,2784.043401,22441.46457,-317.7783886,186.7418513,131.0365373,1
-24779.83048,1744.811103,23035.01938,-318.7647703,176.8427571,141.9220132,1
-24298.9395,703.099334,23595.84016,-319.2981699,166.6923597,152.6058102,1
-23783.51839,-339.611578,24123.12997,-319.3778293,156.3050833,163.0727459,1
-23234.2996,-1381.839883,24616.13948,-319.0036353,145.6956889,173.3079464,1
-22652.0636,-2422.104519,25074.16812,-318.1761197,134.8792529,183.2968668,1
-22037.63778,-3458.927211,25496.56499,-316.8964584,123.8711461,193.0253123,1
-21391.89527,-4490.834579,25882.72984,-315.1664699,112.6870117,202.4794582,1
-20715.7537,-5516.360224,26232.11393,-312.9886126,101.3427428,211.6458698,1
-20010.17392,-6534.046821,26544.22074,-310.3659814,89.85446034,220.5115211,1
-19276.15858,-7542.448179,26818.60676,-307.3023031,78.23848978,229.0638133,1
-18514.75077,-8540.131305,27054.88207,-303.8019315,66.51133805,237.2905934,1
-17727.03248,-9525.678437,27252.71092,-299.8698406,54.68967006,245.1801706,1
-16914.12311,-10497.68906,27411.81217,-295.5116183,42.79028507,252.7213333,1
-16077.17784,-11454.78189,27531.95974,-290.7334579,30.83009273,259.9033651,1
-15217.38603,-12395.59685,27612.98288,-285.5421493,18.82608915,266.7160601,1
-14335.96948,-13318.79699,27654.76647,-279.9450696,6.795332665,273.149737,1
-13434.18073,-14223.07039,27657.25112,-273.9501727,-5.24508036,279.1952531,1
-12513.30127,-15107.13203,27620.4333,-267.5659777,-17.27803984,284.8440175,1
-11574.63973,-15969.7256,27544.36534,-260.8015567,-29.28644628,290.088003,1
-10619.52999,-16809.62533,27429.15532,-253.6665224,-41.25323507,294.9197575,1
-9649.329324,-17625.63765,27274.96698,-246.1710142,-53.16140077,299.3324149,1
-8665.416428,-18416.60298,27082.01941,-238.3256834,-64.9940212,303.3197046,1
-7669.189502,-19181.39731,26850.58681,-230.1416788,-76.73428157,306.8759604,1
-6662.064237,-19918.93382,26580.99806,-221.6306303,-88.36549833,309.9961286,1
-5645.471815,-20628.16444,26273.63626,-212.8046326,-99.87114288,312.6757754,1
-4620.856868,-21308.08131,25928.93818,-203.6762278,-111.2348651,314.9110928,1
-3589.675431,-21957.71823,25547.39366,-194.2583879,-122.4405164,316.6989044,1
-2553.392869,-22576.15203,25129.5449,-184.5644963,-133.4721731,318.0366694,1
-1513.481796,-23162.50388,24675.98568,-174.6083284,-144.3141585,318.9224869,1
-471.4199818,-23715.94055,24187.36053,-164.4040325,-154.9510657,319.3550982,1
571.3117456,-24235.67557,23664.36382,-153.9661095,-165.3677788,319.3338883,1
1613.231608,-24720.97037,23107.73876,-143.3093922,-175.5494953,318.8588875,1
2652.858979,-25171.13531,22518.27633,-132.4490244,-185.4817464,317.9307708,1
3688.716493,-25585.5307,21896.8142,-121.4004394,-195.1504178,316.5508571,1
4719.332139,-25963.56764,21244.2355,-110.1793376,-204.5417697,314.7211073,1
5743.241356,-26304.70894,20561.46758,-98.80166501,-213.6424566,312.4441216,1
6758.989113,-26608.4698,19849.48069,-87.28358982,-222.4395458,309.7231357,1
7765.131976,-26874.41857,19109.2866,-75.64147988,-230.9205363,306.5620162,1
8760.240162,-27102.17733,18341.93716,-63.89187926,-239.0733761,302.9652554,1
9742.899567,-27291.4224,17548.52284,-52.05148478,-246.8864795,298.9379643,1
10711.71378,-27441.88488,16730.1711,-40.13712229,-254.3487438,294.4858661,1
11665.30606,-27553.35093,15888.04487,-28.16572275,-261.4495645,289.6152873,1
12602.3213,-27625.66216,15023.34086,-16.15429818,-268.1788512,284.3331493,1
13521.42795,-27658.71581,14137.28786,-4.119917474,-274.5270409,278.6469584,1
14421.31992,-27652.46492,13231.145,7.920317864,-280.4851128,272.5647949,1
15300.7184,-27606.91836,12306.19996,19.949298,-286.0445999,266.0953019,1
16158.37372,-27522.14086,11363.76714,31.94992909,-291.1976021,259.247673,1
16993.06711,-27398.25289,10405.18578,43.90515758,-295.9367965,252.0316389,1
17803.61242,-27235.43051,9431.818085,55.79799444,-300.2554485,244.457454,1
18588.85782,-27033.90508,8445.047259,67.61153929,-304.1474211,236.5358818,1
19347.68744,-26793.963,7446.275558,79.32900445,-307.6071835,228.2781791,1
20079.02294,-26515.94523,6436.922293,90.93373876,-310.6298194,219.6960806,1
20781.82505,-26200.24686,5418.421809,102.4092512,-313.2110332,210.801782,1
21455.09504,-25847.31649,4392.221451,113.7392346,-315.3471571,201.6079225,1
22097.87617,-25457.65568,3359.779506,124.9075882,-317.0351553,192.1275671,1
22709.25501,-25031.81815,2322.563131,135.8984414,-318.2726293,182.3741879,1
23288.36276,-24570.40903,1282.046266,146.6961754,-319.0578205,172.3616451,1
23834.37647,-24074.08401,239.7075436,157.2854461,-319.389613,162.1041669,1
24346.52023,-23543.54841,-802.9718166,167.6512056,-319.2675354,151.6163298,1
24824.06624,-22979.55613,-1844.51011,177.7787236,-318.6917612,140.9130376,1
25266.3359,-22382.90865,-2883.427253,187.6536083,-317.6631085,130.0095002,1
25672.70072,-21754.45383,-3918.246889,197.2618269,-316.1830392,118.9212123,1
26042.58322,-21095.08474,-4947.498481,206.5897257,-314.2536565,107.6639308,1
26375.45779,-20405.73838,-5969.719408,215.6240491,-311.8777021,96.25365298,1
26670.85139,-19687.39435,-6983.457036,224.351959,-309.0585525,84.70659344,1
26928.34425,-18941.07346,-7987.27079,232.7610525,-305.8002137,73.0391612,1
27147.57046,-18167.83626,-8979.734195,240.8393798,-302.1073161,61.26793631,1
27328.21848,-17368.78158,-9959.436906,248.5754612,-297.9851075,49.40964634,1
27470.03162,-16545.0449,-10924.98671,255.9583032,-293.4394458,37.48114255,1
27572.80833,-15697.79681,-11875.01151,262.9774145,-288.4767905,25.49937601,1
27636.40257,-14828.2413,-12808.16128,269.6228205,-283.1041939,13.48137345,1
27660.72398,-13937.61404,-13723.10994,275.8850777,-277.3292908,1.444213134,1
27645.73798,-13027.18067,-14618.55731,281.7552871,-271.1602876,-10.59499949,1
27591.46588,-12098.23496,-15493.23092,287.2251068,-264.6059507,-22.61915604,1
27497.98479,-11152.097,-16345.88779,292.2867639,-257.6755944,-34.61116954,1
27365.42756,-10190.1113,-17175.31626,296.9330656,-250.3790669,-46.55399867,1
27193.98256,-9213.644888,-17980.33767,301.1574091,-242.7267371,-58.43067202,1
26983.89343,-8224.085386,-18759.80804,304.9537914,-234.7294793,-70.22431218,1
26735.4587,-7222.83901,-19512.61969,308.3168178,-226.398658,-81.91815976,1
26449.03143,-6211.328584,-20237.70284,311.241709,-217.7461119,-93.49559715,1
26125.01863,-5190.99152,-20934.02711,313.7243088,-208.7841366,-104.9401722,1
25763.88075,-4163.277773,-21600.60298,315.7610891,-199.5254677,-116.2356215,1
25366.13099,-3129.647781,-22236.48321,317.3491557,-189.9832621,-127.3658936,1
24932.33457,-2091.570388,-22840.76419,318.4862518,-180.1710799,-138.3151718,1
24463.10794,-1050.520758,-23412.58718,319.1707614,-170.1028648,-149.0678966,1
23959.11789,-7.978281935,-23951.13961,319.401712,-159.7929242,-159.6087878,1
23421.08063,1034.575532,-24455.65616,319.1787752,-149.2559091,-169.9228661,1
22849.76073,2075.659158,-24925.41988,318.5022679,-138.5067932,-179.9954747,1
22245.97006,3113.793158,-25359.76322,317.3731515,-127.5608515,-189.8123,1
21610.56666,4147.502288,-25758.06895,315.7930305,-116.4336389,-199.3593915,1
20944.45346,5175.317591,-26119.77105,313.7641503,-105.1409678,-208.6231825,1
20248.57704,6195.778483,-26444.35553,311.289394,-93.69888554,-217.5905085,1
19523.92629,7207.434836,-26731.36113,308.3722785,-82.12365206,-226.2486265,1
18771.53097,8208.849029,-26980.38,305.0169491,-70.43171638,-234.5852328,1
17992.46028,9198.597999,-27191.05828,301.228174,-58.63969338,-242.5884806,1
17187.82132,10175.27526,-27363.09658,297.0113371,-46.76434016,-250.246997,1
16358.75752,11137.49289,-27496.25042,292.3724309,-34.82253225,-257.5498986,1
15506.44704,12083.88354,-27590.33058,287.3180474,-22.83123962,-264.4868078,1
14632.10104,13013.10233,-27645.20337,281.8553693,-10.80750256,-271.0478667,1
13736.96203,13923.82879,-27660.79082,275.9921593,1.231592566,-277.2237518,1
12822.30204,14814.76873,-27637.07077,269.7367493,13.26893753,-283.0056868,1
11889.42086,15684.65606,-27574.07692,263.0980286,25.2874266,-288.3854552,1
10939.64416,16532.25465,-27471.89881,256.0854312,37.26998086,-293.3554121,1
9974.321632,17356.35999,-27330.68163,248.7089225,49.19957244,-297.9084949,1
8994.825045,18155.801,-27150.62605,240.9789847,61.05924873,-302.0382334,1
8002.546319,18929.44163,-26931.98794,232.9066026,72.83215648,-305.7387591,1
6998.895537,19676.18248,-26675.07801,224.5032475,84.50156576,-309.0048133,1
5985.298942,20394.96239,-26380.26133,215.780861,96.05089369,-311.8317547,1
4963.196909,21084.75995,-26047.95686,206.7518381,107.463728,-314.2155661,1
3934.041902,21744.59492,-25678.63682,197.4290095,118.7238506,-316.15286,1
2899.296405,22373.52962,-25272.82602,187.8256234,129.81526,-317.6408834,1
1860.430851,22970.67031,-24831.10116,177.9553269,140.7221948,-318.6775217,1
818.9215216,23535.16843,-24354.08995,167.8321462,151.4291557,-319.2613019,1
-223.7515397,24066.22178,-23842.47024,157.4704667,161.9209275,-319.3913942,1
-1266.106638,24563.07571,-23296.96907,146.8850131,172.1826008,-319.0676139,1
-2306.662529,25025.02417,-22718.36164,136.0908279,182.1995932,-318.2904211,1
-3343.940527,25451.4107,-22107.47018,125.1032502,191.95767,-317.0609202,1
-4376.466602,25841.62938,-21465.16278,113.9378939,201.4429644,-315.3808583,1
-5402.773478,26195.1257,-20792.35222,102.6106256,210.6419974,-313.252623,1
-6421.402718,26511.39731,-20089.99459,91.13754199,219.5416966,-310.6792386,1
-7430.906793,26789.99477,-19359.08797,79.53494696,228.129415,-307.6643619,1
-8429.851143,27030.52218,-18600.67104,67.81932842,236.392949,-304.2122774,1
-9416.816214,27232.63774,-17815.82153,56.0073349,244.3205557,-300.3278906,1
-10390.39947,27396.05423,-17005.65476,44.1157519,251.9009695,-296.0167214,1
-11349.21741,27520.53943,-16171.32203,32.16147799,259.1234183,-291.2848963,1
-12291.90748,27605.91644,-15314.00896,20.16150087,265.9776385,-286.1391394,1
-13217.13008,27652.06393,-14434.93385,8.132873149,272.4538899,-280.5867631,1
-14123.57042,27658.91633,-13535.34591,-3.907311828,278.5429695,-274.6356576,1
-15009.94039,27626.46389,-12616.5235,-15.9419443,284.2362242,-268.2942799,1
-15874.98041,27554.75273,-11679.77232,-27.9539224,289.5255637,-261.5716413,1
-16717.46122,27443.88476,-10726.42355,-39.92617645,294.4034716,-254.4772951,1
-17536.1856,27294.01753,-9757.831937,-51.84169321,298.863016,-247.0213228,1
-18329.9901,27105.36401,-8775.373915,-63.68354009,302.8978597,-239.2143196,1
-19097.74668,26878.19228,-7780.445606,-75.43488918,306.5022689,-231.0673798,1
-19838.36432,26612.82518,-6774.460858,-87.07904116,309.6711217,-222.5920806,1
-20550.79055,26309.63979,-5758.849231,-98.59944905,312.3999149,-213.8004658,1
-21234.01299,25969.06696,-4735.053964,-109.9797417,314.6847707,-204.7050289,1
-21887.06074,25591.59066,-3704.529925,-121.2037472,316.5224422,-195.318695,1
-22509.00577,25177.74732,-2668.741548,-132.2555155,317.910318,-185.6548025,1
-23098.96428,24728.12502,-1629.160742,-143.1193415,318.8464258,-175.7270844,1
-23656.09789,24243.3627,-587.26481,-153.779787,319.3294355,-165.5496485,1
-24179.6149,23724.14924,455.4656576,-164.2217031,319.3586605,-155.1369574,1
-24668.77134,23171.22246,1497.548884,-174.4302511,318.9340594,-144.5038083,1
-25122.87212,22585.36811,2537.504011,-184.3909242,318.0562356,-133.6653113,1
-25541.27191,21967.41871,3573.853206,-194.0895678,316.7264364,-122.6368686,1
-25923.37617,21318.25241,4605.12376,-203.5123994,314.9465516,-111.4341522,1
-26268.64188,20638.7917,5629.850181,-212.6460287,312.7191106,-100.0730818,1
-26576.57842,19930.00215,6646.576277,-221.4774765,310.0472786,-88.5698021,1
-26846.74819,19192.89097,7653.857224,-229.9941926,306.9348524,-76.94065983,1
-27078.76726,18428.50564,8650.261622,-238.1840743,303.386255,-65.20218067,1
-27272.30592,17637.93239,9634.373524,-246.0354835,299.4065292,-53.37104564,1
-27427.08914,16822.29468,10604.79445,-253.5372628,295.0013302,-41.46406744,1
-27542.89696,15982.75157,11560.14539,-260.6787518,290.1769183,-29.49816653,1
-27619.56483,15120.4961,12499.06873,-267.449802,284.9401491,-17.49034711,1
-27656.98378,14236.75357,13420.23021,-273.8407914,279.2984643,-5.45767295,1
-27655.10064,13332.77983,14322.3208,-279.842638,273.2598811,6.582756862,1
-27613.91809,12409.85949,15204.0586,-285.4468129,266.8329807,18.61383222,1
-27533.49465,11469.30406,16064.19059,-290.6453523,260.026896,30.6184563,1
-27413.94461,10512.45011,16901.49449,-295.4308688,252.8512989,42.57956987,1
-27255.43785,9540.657404,17714.78045,-299.7965618,245.3163863,54.48017555,1
-27058.19963,8555.306899,18502.89273,-303.7362275,237.4328656,66.30336192,1
-26822.51022,7557.798834,19264.71139,-307.2442674,229.2119398,78.03232759,1
-26548.70456,6549.550724,19999.15383,-310.3156964,220.6652914,89.65040504,1
-26237.17173,5531.995344,20705.17639,-312.9461498,211.8050654,101.1410844,1
-25888.35445,4506.578696,21381.77576,-315.1318896,202.6438529,112.4880367,1
-25502.74841,3474.757953,22027.99045,-316.8698097,193.1946724,123.6751373,1
-25080.90156,2437.999388,22642.90217,-318.1574405,183.4709517,134.6864889,1
-24623.41337,1397.776294,23225.63708,-318.9929522,173.4865087,145.5064435,1
-24130.93397,355.5668821,23775.36709,-319.3751574,163.2555319,156.1196255,1
-23604.16319,-687.1478094,24291.311,-319.3035131,152.7925601,166.510953,1
-23043.84961,-1728.886026,24772.73563,-318.778121,142.1124616,176.6656593,1
-22450.78945,-2768.167401,25218.95685,-317.7997277,131.2304136,186.5693141,1
-21825.82549,-3803.515059,25629.34055,-316.3697237,120.16188,196.2078436,1
-21169.84584,-4833.457714,26003.30356,-314.4901409,108.9225898,205.5675511,1
-20483.78269,-5856.531761,26340.31445,-312.1636505,97.52851461,214.6351358,1
-19768.61095,-6871.283356,26639.89431,-309.3935584,85.99584607,223.3977123,1
-19025.34694,-7876.270481,26901.61742,-306.1838011,74.34097273,231.8428284,1
-18255.04687,-8870.064995,27125.11186,-302.5389399,62.5804568,239.9584831,1
-17458.80537,-9851.254661,27310.06003,-298.4641543,50.73101062,247.7331437,1
-16637.75396,-10818.44516,27456.19912,-293.9652349,38.80947289,255.155762,1
-15793.05939,-11770.26205,27563.32144,-289.0485747,26.83278478,262.2157899,1
-14925.92202,-12705.35275,27631.27478,-283.7211607,14.81796582,268.9031949,1
-14037.5741,-13622.38846,27659.96256,-277.9905634,2.782089712,275.2084737,1
-13129.27802,-14520.066,27649.34402,-271.8649263,-9.257739896,281.1226662,1
-12202.32451,-15397.10974,27599.43425,-265.3529543,-21.28441375,286.637368,1
-11258.03083,-16252.27334,27510.30417,-258.4639012,-33.28084128,291.7447425,1
-10297.73888,-17084.34157,27382.08045,-251.2075567,-45.22997492,296.4375317,1
-9322.813275,-17892.13201,27214.94529,-243.5942326,-57.11483429,300.7090669,1
-8334.639442,-18674.49676,27009.1362,-235.6347477,-68.91853036,304.5532781,1
-7334.62163,-19430.32403,26764.94566,-227.340413,-80.62428942,307.9647024,1
-6324.18092,-20158.53974,26482.72066,-218.7230151,-92.21547696,310.9384921,1
-5304.753203,-20858.10907,26162.86227,-209.7947998,-103.6756213,313.4704211,1
-4277.787141,-21528.03788,25805.82502,-200.5684547,-114.9884368,315.5568915,1
-4.508427616,1.866556936,2.64187068,-0.047667698,0.042501252,0.005166446,2
-4.488353097,1.709637088,2.778716008,-0.04844625,0.04132136,0.007124891,2
-4.461900382,1.550287753,2.911612628,-0.049155958,0.040082747,0.009073211,2
-4.429107062,1.388735374,3.040371688,-0.049795813,0.038787175,0.011008637,2
-4.390019739,1.225209526,3.164810213,-0.050364905,0.037436485,0.01292842,2
-4.344693959,1.059942589,3.28475137,-0.050862425,0.036032595,0.01482983,2
-4.29319413,0.893169414,3.400024715,-0.051287667,0.034577501,0.016710167,2
-4.235593437,0.725126997,3.510466439,-0.051640027,0.03307327,0.018566757,2
-4.171973734,0.556054136,3.615919599,-0.051919004,0.03152204,0.020396963,2
-4.102425428,0.38619109,3.716234338,-0.0521242,0.029926016,0.022198184,2
-4.027047352,0.215779246,3.811268105,-0.052255326,0.028287465,0.02396786,2
-3.945946621,0.045060768,3.900885852,-0.052312193,0.026608716,0.025703477,2
-3.859238483,-0.125721744,3.984960226,-0.052294722,0.024892155,0.027402567,2
-3.767046156,-0.296325598,4.063371754,-0.052202938,0.023140221,0.029062717,2
-3.669500651,-0.466508357,4.136009009,-0.05203697,0.021355403,0.030681567,2
-3.566740585,-0.636028183,4.202768768,-0.051797055,0.019540238,0.032256817,2
-3.458911985,-0.804644178,4.263556163,-0.051483534,0.017697305,0.033786228,2
-3.346168082,-0.972116729,4.318284811,-0.051096851,0.015829224,0.035267627,2
-3.22866909,-1.13820785,4.36687694,-0.050637557,0.013938648,0.036698909,2
-3.106581984,-1.302681514,4.409263498,-0.050106305,0.012028264,0.03807804,2
-2.980080254,-1.465303997,4.445384252,-0.049503848,0.010100788,0.03940306,2
-2.849343668,-1.625844203,4.475187871,-0.048831044,0.008158958,0.040672086,2
-2.714558008,-1.784073995,4.498632003,-0.048088848,0.006205534,0.041883314,2
-2.575914813,-1.939768521,4.515683333,-0.047278316,0.004243291,0.043035025,2
-2.433611101,-2.092706529,4.52631763,-0.046400598,0.002275018,0.04412558,2
-2.287849095,-2.242670687,4.530519782,-0.045456943,0.000303513,0.04515343,2
-2.138835931,-2.389447887,4.528283817,-0.04444869,-0.001668424,0.046117114,2
-1.986783363,-2.53282955,4.519612914,-0.043377274,-0.00363799,0.047015264,2
-1.831907468,-2.672611925,4.504519393,-0.042244216,-0.005602386,0.047846603,2
-1.674428332,-2.808596372,4.483024703,-0.041051127,-0.007558821,0.048609948,2
-1.514569741,-2.940589649,4.45515939,-0.039799702,-0.009504515,0.049304217,2
-1.352558865,-3.068404188,4.420963052,-0.03849172,-0.011436702,0.049928421,2
-1.188625928,-3.191858356,4.380484284,-0.037129038,-0.013352636,0.050481675,2
-1.023003888,-3.310776719,4.333780607,-0.035713595,-0.015249596,0.050963191,2
-0.855928104,-3.424990288,4.280918392,-0.0342474,-0.017124886,0.051372285,2
-0.687635999,-3.534336757,4.221972757,-0.032732538,-0.01897584,0.051708377,2
-0.518366727,-3.63866074,4.157027467,-0.031171161,-0.020799828,0.051970989,2
-0.348360826,-3.737813988,4.086174814,-0.029565488,-0.022594259,0.052159747,2
-0.177859886,-3.831655598,4.009515483,-0.027917801,-0.024356582,0.052274383,2
-0.007106197,-3.920052215,3.927158412,-0.026230441,-0.026084293,0.052314734,2
0.163657591,-4.002878223,3.839220633,-0.024505806,-0.027774936,0.052280743,2
0.334188811,-4.080015923,3.745827111,-0.022746348,-0.02942611,0.052172458,2
0.504245132,-4.151355696,3.647110565,-0.020954565,-0.031035468,0.051990034,2
0.673584892,-4.216796167,3.543211274,-0.019133005,-0.032600723,0.051733728,2
0.841967451,-4.276244338,3.434276887,-0.017284256,-0.034119651,0.051403907,2
1.009153529,-4.329615733,3.320462204,-0.015410945,-0.035590092,0.051001037,2
1.174905544,-4.376834507,3.201928963,-0.013515734,-0.037009958,0.050525692,2
1.338987954,-4.417833559,3.078845605,-0.011601317,-0.038377231,0.049978548,2
1.501167589,-4.452554629,2.95138704,-0.009670413,-0.039689968,0.049360381,2
1.661213983,-4.480948374,2.819734391,-0.007725767,-0.040946303,0.04867207,2
1.8188997,-4.502974447,2.684074746,-0.005770143,-0.042144451,0.047914594,2
1.974000662,-4.518601547,2.544600884,-0.003806319,-0.04328271,0.047089028,2
2.126296461,-4.527807466,2.401511005,-0.001837086,-0.044359461,0.046196547,2
2.275570676,-4.530579124,2.255008448,0.000134758,-0.045373175,0.045238417,2
2.421611181,-4.52691258,2.105301399,0.00210641,-0.046322412,0.044216002,2
2.564210443,-4.516813046,1.952602603,0.004075069,-0.047205822,0.043130753,2
2.703165823,-4.500294874,1.797129051,0.006037937,-0.04802215,0.041984212,2
2.838279855,-4.477381536,1.639101681,0.007992225,-0.048770235,0.04077801,2
2.969360537,-4.448105594,1.478745057,0.009935155,-0.049449016,0.03951386,2
3.096221595,-4.412508651,1.316287055,0.011863967,-0.050057526,0.038193559,2
3.218682753,-4.370641291,1.151958538,0.01377592,-0.050594903,0.036818983,2
3.336569986,-4.322563011,0.985993025,0.015668296,-0.051060381,0.035392085,2
3.449715771,-4.268342133,0.818626362,0.017538407,-0.051453299,0.033914892,2
3.557959321,-4.208055706,0.650096385,0.019383595,-0.0517731,0.032389505,2
3.661146816,-4.141789403,0.480642587,0.021201237,-0.052019328,0.030818091,2
3.759131621,-4.06963739,0.310505768,0.022988752,-0.052191634,0.029202882,2
3.851774494,-3.991702199,0.139927705,0.024743598,-0.052289773,0.027546175,2
3.938943785,-3.908094581,-0.030849204,0.026463282,-0.052313605,0.025850323,2
4.020515622,-3.818933347,-0.201582274,0.028145361,-0.052263096,0.024117736,2
4.096374086,-3.7243452,-0.372028885,0.029787443,-0.052138319,0.022350876,2
4.166411378,-3.624464555,-0.541946823,0.031387196,-0.051939451,0.020552255,2
4.230527971,-3.519433347,-0.711094624,0.032942346,-0.051666773,0.018724428,2
4.288632753,-3.409400831,-0.879231922,0.034450683,-0.051320675,0.016869992,2
4.340643153,-3.294523371,-1.046119782,0.035910063,-0.050901647,0.014991583,2
4.386485261,-3.174964212,-1.211521049,0.037318414,-0.050410284,0.013091871,2
4.426093934,-3.050893256,-1.375200678,0.038673733,-0.049847286,0.011173554,2
4.459412885,-2.922486813,-1.536926072,0.039974094,-0.049213453,0.009239359,2
4.486394767,-2.789927357,-1.69646741,0.04121765,-0.048509684,0.007292034,2
4.507001236,-2.653403261,-1.853597975,0.042402634,-0.047736981,0.005334347,2
4.521203009,-2.513108534,-2.008094475,0.043527361,-0.04689644,0.003369079,2
4.528979906,-2.369242543,-2.159737364,0.044590233,-0.045989257,0.001399024,2
4.530320875,-2.222009728,-2.308311147,0.04558974,-0.045016721,-0.000573019,2
4.525224009,-2.071619315,-2.453604694,0.046524462,-0.043980214,-0.002544248,2
4.513696553,-1.918285018,-2.595411535,0.04739307,-0.042881208,-0.004511862,2
4.495754887,-1.762224734,-2.733530154,0.04819433,-0.041721266,-0.006473064,2
4.471424507,-1.603660231,-2.867764276,0.048927103,-0.040502036,-0.008425067,2
4.440739989,-1.442816839,-2.997923149,0.049590348,-0.03922525,-0.010365098,2
4.403744936,-1.279923126,-3.123821809,0.050183122,-0.037892722,-0.012290399,2
4.36049192,-1.115210572,-3.245281347,0.050704583,-0.036506348,-0.014198236,2
4.311042407,-0.948913243,-3.362129163,0.05115399,-0.035068095,-0.016085895,2
4.255466666,-0.781267456,-3.47419921,0.051530705,-0.033580009,-0.017950696,2
4.193843675,-0.612511446,-3.581332229,0.051834192,-0.032044204,-0.019789988,2
4.126261002,-0.442885023,-3.683375979,0.052064019,-0.030462862,-0.021601157,2
4.052814686,-0.272629236,-3.780185451,0.052219861,-0.028838231,-0.02338163,2
3.973609099,-0.101986028,-3.871623071,0.052301495,-0.02717262,-0.025128876,2
3.888756797,0.068802108,-3.957558904,0.052308807,-0.025468394,-0.026840412,2
3.798378357,0.239492472,-4.037870829,0.052241784,-0.023727977,-0.028513807,2
3.702602215,0.409842504,-4.112444719,0.052100523,-0.02195384,-0.030146683,2
3.601564472,0.579610127,-4.181174599,0.051885224,-0.020148507,-0.031736718,2
3.495408709,0.748554093,-4.243962802,0.051596194,-0.018314541,-0.033281653,2
3.384285779,0.916434323,-4.300720101,0.051233842,-0.016454549,-0.034779294,2
3.268353594,1.083012249,-4.351365842,0.050798685,-0.014571174,-0.036227511,2
3.147776899,1.248051155,-4.395828054,0.05029134,-0.012667093,-0.037624247,2
3.022727041,1.411316513,-4.434043554,0.049712528,-0.010745011,-0.038967517,2
2.893381723,1.572576312,-4.465958035,0.049063071,-0.00880766,-0.040255412,2
2.759924751,1.731601395,-4.491526145,0.048343894,-0.006857793,-0.041486101,2
2.622545774,1.888165777,-4.510711551,0.047556017,-0.00489818,-0.042657837,2
2.481440017,2.042046972,-4.523486989,0.046700561,-0.002931607,-0.043768954,2
2.336807997,2.193026307,-4.529834304,0.04577874,-0.000960868,-0.044817872,2
2.188855246,2.340889231,-4.529744477,0.044791865,0.001011237,-0.045803102,2
2.037792011,2.485425624,-4.523217636,0.043741339,0.002981904,-0.046723243,2
1.883832963,2.626430091,-4.510263054,0.042628654,0.004948334,-0.047576988,2
1.727196885,2.763702257,-4.490899142,0.041455391,0.006907733,-0.048363123,2
1.568106365,2.897047051,-4.465153417,0.040223218,0.008857315,-0.049080532,2
1.406787481,3.026274983,-4.433062464,0.038933885,0.01079431,-0.049728195,2
1.243469475,3.151202412,-4.394671887,0.037589225,0.012715966,-0.050305191,2
1.07838443,3.27165181,-4.35003624,0.036191149,0.014619552,-0.050810701,2
0.911766942,3.387452012,-4.299218954,0.034741643,0.016502362,-0.051244005,2
0.743853784,3.498438459,-4.242292243,0.033242768,0.018361722,-0.05160449,2
0.574883568,3.604453434,-4.179337002,0.031696652,0.020194989,-0.051891641,2
0.405096412,3.705346283,-4.110442695,0.030105494,0.021999558,-0.052105052,2
0.234733591,3.800973632,-4.035707223,0.028471555,0.023772864,-0.052244419,2
0.064037201,3.89119959,-3.955236792,0.026797156,0.025512387,-0.052309543,2
-0.106750189,3.975895941,-3.869145752,0.025084676,0.027215657,-0.052300333,2
-0.277385881,4.054942325,-3.777556444,0.02333655,0.028880251,-0.052216801,2
-0.447627393,4.128226415,-3.680599022,0.021555261,0.030503804,-0.052059066,2
-0.617232802,4.195644069,-3.578411267,0.019743341,0.032084011,-0.051827352,2
-0.785961089,4.257099483,-3.471138394,0.017903365,0.033618624,-0.051521989,2
-0.953572483,4.312505326,-3.358932843,0.016037947,0.035105463,-0.05114341,2
-1.119828798,4.361782863,-3.241954065,0.014149739,0.036542415,-0.050692154,2
-1.284493775,4.404862068,-3.120368293,0.012241422,0.037927439,-0.050168861,2
-1.447333416,4.441681723,-2.994348307,0.010315711,0.039258565,-0.049574276,2
-1.608116317,4.472189505,-2.864073188,0.008375339,0.040533903,-0.048909243,2
-1.766613997,4.496342061,-2.729728064,0.006423066,0.04175164,-0.048174707,2
-1.922601221,4.514105069,-2.591503847,0.004461666,0.042910046,-0.047371712,2
-2.075856324,4.525453286,-2.449596962,0.002493925,0.044007474,-0.046501399,2
-2.226161522,4.530370587,-2.304209065,0.00052264,0.045042366,-0.045565006,2
-2.373303222,4.528849983,-2.155546761,-0.001449387,0.046013249,-0.044563862,2
-2.517072329,4.520893636,-2.003821308,-0.003419355,0.046918745,-0.04349939,2
-2.657264537,4.506512851,-1.849248314,-0.005384464,0.047757567,-0.042373104,2
-2.793680628,4.485728066,-1.692047437,-0.007341921,0.048528523,-0.041186603,2
-2.926126746,4.458568815,-1.532442069,-0.009288945,0.049230518,-0.039941573,2
-3.054414677,4.425073693,-1.370659016,-0.011222768,0.049862553,-0.038639784,2
-3.178362118,4.385290301,-1.206928182,-0.013140644,0.05042373,-0.037283087,2
-3.297792933,4.33927517,-1.041482237,-0.015039846,0.050913253,-0.035873407,2
-3.412537403,4.287093692,-0.874556289,-0.016917675,0.051330425,-0.03441275,2
-3.522432471,4.228820019,-0.706387548,-0.018771464,0.051674654,-0.03290319,2
-3.62732197,4.164536962,-0.537214992,-0.020598577,0.051945451,-0.031346873,2
-3.727056846,4.09433587,-0.367279024,-0.022396419,0.05214243,-0.029746011,2
-3.821495369,4.018316502,-0.196821133,-0.024162434,0.052265311,-0.028102877,2
-3.910503339,3.936586887,-0.026083548,-0.025894113,0.052313921,-0.026419808,2
-3.99395427,3.849263167,0.144691104,-0.027588995,0.05228819,-0.024699195,2
-4.071729573,3.756469432,0.315260141,-0.029244672,0.052188155,-0.022943483,2
-4.143718726,3.65833755,0.485381176,-0.03085879,0.052013957,-0.021155168,2
-4.209819428,3.555006969,0.654812458,-0.032429056,0.051765845,-0.019336789,2
-4.269937745,3.446624529,0.823313216,-0.033953239,0.051444171,-0.017490932,2
-4.323988248,3.333344247,0.990644001,-0.035429172,0.051049391,-0.015620219,2
-4.371894127,3.2153271,1.156567026,-0.036854759,0.050582068,-0.013727309,2
-4.413587305,3.092740798,1.320846507,-0.038227973,0.050042865,-0.011814892,2
-4.449008534,2.965759542,1.483248992,-0.039546862,0.049432548,-0.009885685,2
-4.478107478,2.834563779,1.643543699,-0.040809554,0.048751985,-0.00794243,2
-4.500842787,2.699339946,1.801502841,-0.042014253,0.048002142,-0.005987889,2
-4.517182151,2.560280203,1.956901948,-0.043159248,0.047184086,-0.004024838,2
-4.527102353,2.417582162,2.109520191,-0.04424291,0.046298979,-0.002056068,2
-4.530589294,2.271448604,2.25914069,-0.045263702,0.045348078,-8.44E-05,2
-4.527638021,2.122087194,2.405550827,-0.046220171,0.044332735,0.001887436,2
-4.518252725,1.969710181,2.548542544,-0.047110958,0.043254393,0.003856565,2
-4.502446746,1.814534103,2.687912643,-0.047934799,0.042114584,0.005820215,2
-4.480242543,1.656779472,2.823463071,-0.048690521,0.040914928,0.007775593,2
-4.451671671,1.496670467,2.955001203,-0.049377051,0.03965713,0.009719922,2
-4.416774729,1.334434612,3.082340117,-0.049993415,0.038342976,0.011650438,2
-4.375601309,1.170302451,3.205298857,-0.050538734,0.036974336,0.013564399,2
-4.32820992,1.004507227,3.323702692,-0.051012235,0.035553152,0.015459083,2
-4.274667908,0.837284544,3.437383364,-0.051413246,0.034081446,0.0173318,2
-4.215051358,0.668872033,3.546179326,-0.051741195,0.032561308,0.019179887,2
-4.149444991,0.499509018,3.649935972,-0.051995617,0.030994899,0.021000718,2
-4.077942035,0.329436174,3.748505861,-0.05217615,0.029384444,0.022791706,2
-4.0006441,0.158895183,3.841748917,-0.052282539,0.027732232,0.024550306,2
-3.917661031,-0.011871607,3.929532637,-0.05231463,0.026040611,0.026274019,2
-3.829110751,-0.182621527,4.011732277,-0.05227238,0.024311986,0.027960395,2
-3.735119095,-0.353111931,4.088231026,-0.052155848,0.022548811,0.029607037,2
-3.635819631,-0.523100544,4.158920175,-0.0519652,0.020753593,0.031211607,2
-3.531353468,-0.692345803,4.223699271,-0.051700707,0.018928884,0.032771823,2
-3.421869058,-0.8606072,4.282476258,-0.051362743,0.017077275,0.034285468,2
-3.307521986,-1.027645628,4.335167613,-0.050951791,0.015201399,0.035750392,2
-3.188474743,-1.193223715,4.381698458,-0.050468433,0.013303921,0.037164513,2
-3.064896504,-1.357106165,4.422002669,-0.049913357,0.011387537,0.03852582,2
-2.936962879,-1.519060093,4.456022972,-0.049287351,0.00945497,0.039832381,2
-2.804855669,-1.678855354,4.483711023,-0.048591306,0.007508968,0.041082337,2
-2.668762605,-1.83626487,4.505027475,-0.047826209,0.005552295,0.042273914,2
-2.528877084,-1.991064953,4.519942037,-0.046993148,0.003587732,0.043405416,2
-2.38539789,-2.143035623,4.528433513,-0.046093308,0.001618071,0.044475237,2
-2.238528915,-2.291960923,4.530489838,-0.045127967,-0.00035389,0.045481857,2
-2.088478869,-2.437629221,4.526108089,-0.044098496,-0.002325348,0.046423844,2
-1.935460979,-2.579833514,4.515294493,-0.043006359,-0.004293501,0.047299861,2
-1.779692694,-2.718371722,4.498064416,-0.041853108,-0.006255553,0.048108661,2
-1.621395367,-2.853046976,4.474442343,-0.040640381,-0.008208716,0.048849097,2
-1.460793949,-2.983667894,4.444461843,-0.039369902,-0.010150214,0.049520116,2
-1.298116664,-3.110048856,4.40816552,-0.038043476,-0.012077287,0.050120763,2
-1.133594683,-3.232010269,4.365604952,-0.036662988,-0.013987198,0.050650187,2
-0.967461802,-3.349378818,4.31684062,-0.0352304,-0.015877233,0.051107633,2
-0.799954105,-3.461987717,4.261941822,-0.033747748,-0.017744705,0.051492453,2
-0.631309629,-3.569676942,4.200986572,-0.032217139,-0.019586961,0.0518041,2
-0.461768028,-3.672293461,4.134061489,-0.030640747,-0.021401383,0.052042129,2
-0.29157023,-3.769691449,4.061261679,-0.029020813,-0.023185392,0.052206205,2
-0.120958094,-3.8617325,3.982690594,-0.027359638,-0.024936453,0.052296092,2
0.04982593,-3.948285818,3.898459888,-0.025659585,-0.026652079,0.052311663,2
0.220539149,-4.029228405,3.808689257,-0.023923067,-0.02832983,0.052252897,2
0.390938969,-4.104445239,3.713506269,-0.022152554,-0.029967324,0.052119877,2
0.560783244,-4.173829431,3.613046187,-0.02035056,-0.031562231,0.051912792,2
0.729830615,-4.237282383,3.507451768,-0.018519647,-0.033112288,0.051631935,2
0.897840857,-4.294713925,3.396873068,-0.016662417,-0.03461529,0.051277707,2
1.064575218,-4.346042443,3.281467226,-0.014781509,-0.036069101,0.05085061,2
1.229796759,-4.391194998,3.161398239,-0.012879595,-0.037471657,0.050351252,2
1.393270692,-4.430107424,3.036836732,-0.010959379,-0.038820963,0.049780342,2
1.554764711,-4.462724425,2.907959714,-0.009023589,-0.040115103,0.049138692,2
1.714049324,-4.48899965,2.774950326,-0.007074976,-0.041352237,0.048427212,2
1.870898179,-4.508895761,2.637997582,-0.005116308,-0.042530607,0.047646915,2
2.025088386,-4.522384485,2.497296099,-0.003150371,-0.043648538,0.046798909,2
2.176400831,-4.529446652,2.353045822,-0.001179956,-0.044704443,0.045884399,2
2.324620491,-4.530072229,2.205451738,0.000792135,-0.04569682,0.044904685,2
2.469536739,-4.524260325,2.054723586,0.002763101,-0.04662426,0.043861159,2
2.610943639,-4.512019199,1.901075559,0.00473014,-0.047485444,0.042755304,2
2.748640246,-4.493366247,1.744726001,0.006690457,-0.048279148,0.041588691,2
2.882430885,-4.468327976,1.58589709,0.008641267,-0.049004246,0.040362979,2
3.012125432,-4.436939966,1.424814534,0.010579797,-0.049659705,0.039079908,2
3.137539584,-4.399246822,1.261707238,0.012503293,-0.050244596,0.037741303,2
3.25849512,-4.355302107,1.096806987,0.014409021,-0.050758086,0.036349065,2
3.374820156,-4.305168269,0.930348113,0.016294272,-0.051199446,0.034905173,2
3.486349389,-4.248916553,0.762567164,0.018156369,-0.051568048,0.033411679,2
3.592924327,-4.186626892,0.593702565,0.019992665,-0.05186337,0.031870706,2
3.694393524,-4.118387807,0.423994282,0.021800549,-0.052084991,0.030284442,2
3.790612786,-4.044296267,0.25368348,0.023577455,-0.052232597,0.028655142,2
3.88144538,-3.96445756,0.08301218,0.025320855,-0.052305977,0.026985122,2
3.966762227,-3.878985142,-0.087777084,0.027028273,-0.052305027,0.025276755,2
4.046442088,-3.788000475,-0.258441613,0.028697282,-0.05222975,0.023532468,2
4.120371733,-3.691632851,-0.428738882,0.030325511,-0.05208025,0.02175474,2
4.188446105,-3.590019215,-0.59842689,0.031910645,-0.051856742,0.019946097,2
4.250568465,-3.483303965,-0.767264501,0.033450433,-0.051559543,0.01810911,2
4.306650535,-3.371638749,-0.935011786,0.034942686,-0.051189075,0.016246388,2
4.35661262,-3.255182251,-1.101430368,0.036385284,-0.050745864,0.01436058,2
4.400383719,-3.13409996,-1.266283758,0.037776176,-0.050230541,0.012454365,2
4.437901632,-3.008563942,-1.429337689,0.039113386,-0.049643837,0.010530451,2
4.469113044,-2.87875259,-1.590360454,0.040395014,-0.048986586,0.008591573,2
4.493973602,-2.744850373,-1.749123229,0.041619238,-0.048259723,0.006640486,2
4.512447977,-2.607047574,-1.905400404,0.042784319,-0.047464281,0.004679962,2
4.524509917,-2.465540017,-2.058969901,0.043888601,-0.046601389,0.002712788,2
4.530142281,-2.320528793,-2.209613489,0.044930515,-0.045672274,0.000741759,2
4.529337065,-2.17221997,-2.357117095,0.04590858,-0.044678256,-0.001230325,2
4.522095413,-2.020824304,-2.501271109,0.046821407,-0.043620747,-0.00320066,2
4.508427616,-1.866556936,-2.64187068,0.047667698,-0.042501252,-0.005166446,2
4.488353097,-1.709637089,-2.778716008,0.04844625,-0.04132136,-0.007124891,2
4.461900382,-1.550287753,-2.911612629,0.049155958,-0.040082747,-0.009073211,2
4.429107062,-1.388735374,-3.040371688,0.049795813,-0.038787175,-0.011008637,2
4.390019739,-1.225209526,-3.164810213,0.050364905,-0.037436485,-0.01292842,2
4.344693959,-1.059942589,-3.28475137,0.050862425,-0.036032595,-0.01482983,2
4.29319413,-0.893169414,-3.400024715,0.051287667,-0.034577501,-0.016710167,2
4.235593437,-0.725126998,-3.510466439,0.051640027,-0.03307327,-0.018566757,2
4.171973734,-0.556054136,-3.615919598,0.051919004,-0.03152204,-0.020396963,2
4.102425428,-0.38619109,-3.716234338,0.0521242,-0.029926016,-0.022198184,2
4.027047352,-0.215779246,-3.811268106,0.052255326,-0.028287465,-0.02396786,2
3.94594662,-0.045060768,-3.900885852,0.052312193,-0.026608716,-0.025703477,2
3.859238483,0.125721744,-3.984960227,0.052294722,-0.024892155,-0.027402567,2
3.767046156,0.296325598,-4.063371755,0.052202938,-0.023140221,-0.029062717,2
3.669500651,0.466508358,-4.136009009,0.05203697,-0.021355403,-0.030681567,2
3.566740585,0.636028183,-4.202768768,0.051797055,-0.019540238,-0.032256817,2
3.458911985,0.804644178,-4.263556163,0.051483534,-0.017697305,-0.033786228,2
3.346168081,0.972116729,-4.318284811,0.051096851,-0.015829224,-0.035267627,2
3.228669091,1.13820785,-4.36687694,0.050637557,-0.013938648,-0.036698909,2
3.106581984,1.302681514,-4.409263498,0.050106305,-0.012028264,-0.03807804,2
2.980080254,1.465303997,-4.445384252,0.049503848,-0.010100788,-0.03940306,2
2.849343668,1.625844203,-4.475187871,0.048831044,-0.008158958,-0.040672086,2
2.714558008,1.784073995,-4.498632003,0.048088848,-0.006205534,-0.041883314,2
2.575914813,1.939768521,-4.515683333,0.047278316,-0.004243291,-0.043035025,2
2.433611101,2.092706529,-4.52631763,0.046400598,-0.002275018,-0.04412558,2
2.287849095,2.242670687,-4.530519782,0.045456943,-0.000303513,-0.04515343,2
2.138835931,2.389447887,-4.528283817,0.04444869,0.001668424,-0.046117114,2
1.986783363,2.53282955,-4.519612914,0.043377274,0.00363799,-0.047015264,2
1.831907468,2.672611925,-4.504519393,0.042244216,0.005602386,-0.047846603,2
1.674428332,2.808596372,-4.483024703,0.041051127,0.007558821,-0.048609948,2
1.514569741,2.940589649,-4.45515939,0.039799702,0.009504515,-0.049304217,2
1.352558865,3.068404188,-4.420963053,0.03849172,0.011436702,-0.049928421,2
1.188625928,3.191858356,-4.380484284,0.037129038,0.013352636,-0.050481675,2
1.023003888,3.310776719,-4.333780607,0.035713595,0.015249596,-0.050963191,2
0.855928104,3.424990287,-4.280918392,0.0342474,0.017124886,-0.051372285,2
0.687635999,3.534336757,-4.221972757,0.032732538,0.01897584,-0.051708377,2
0.518366727,3.638660741,-4.157027467,0.031171161,0.020799828,-0.051970989,2
0.348360826,3.737813988,-4.086174814,0.029565488,0.022594259,-0.052159747,2
0.177859885,3.831655598,-4.009515483,0.027917801,0.024356582,-0.052274383,2
0.007106197,3.920052215,-3.927158411,0.026230441,0.026084293,-0.052314734,2
-0.16365759,4.002878223,-3.839220633,0.024505806,0.027774936,-0.052280743,2
-0.334188811,4.080015923,-3.745827111,0.022746348,0.02942611,-0.052172458,2
-0.504245132,4.151355696,-3.647110565,0.020954565,0.031035468,-0.051990034,2
-0.673584892,4.216796167,-3.543211274,0.019133005,0.032600723,-0.051733728,2
-0.841967451,4.276244338,-3.434276887,0.017284256,0.034119651,-0.051403907,2
-1.009153529,4.329615733,-3.320462204,0.015410945,0.035590092,-0.051001037,2
-1.174905544,4.376834507,-3.201928963,0.013515734,0.037009958,-0.050525692,2
-1.338987954,4.417833559,-3.078845605,0.011601317,0.038377231,-0.049978548,2
-1.501167589,4.452554628,-2.951387039,0.009670413,0.039689968,-0.049360381,2
-1.661213983,4.480948374,-2.819734391,0.007725767,0.040946303,-0.04867207,2
-1.8188997,4.502974447,-2.684074746,0.005770143,0.042144451,-0.047914594,2
-1.974000662,4.518601547,-2.544600884,0.003806319,0.04328271,-0.047089028,2
-2.126296461,4.527807466,-2.401511005,0.001837086,0.044359461,-0.046196547,2
-2.275570676,4.530579123,-2.255008448,-0.000134758,0.045373175,-0.045238417,2
-2.42161118,4.52691258,-2.105301399,-0.00210641,0.046322412,-0.044216002,2
-2.564210443,4.516813046,-1.952602603,-0.004075069,0.047205822,-0.043130753,2
-2.703165823,4.500294873,-1.797129051,-0.006037937,0.04802215,-0.041984212,2
-2.838279856,4.477381536,-1.63910168,-0.007992225,0.048770235,-0.04077801,2
-2.969360537,4.448105594,-1.478745057,-0.009935155,0.049449016,-0.03951386,2
-3.096221595,4.412508651,-1.316287056,-0.011863967,0.050057526,-0.038193559,2
-3.218682753,4.370641291,-1.151958538,-0.01377592,0.050594903,-0.036818983,2
-3.336569986,4.322563011,-0.985993025,-0.015668296,0.051060381,-0.035392085,2
-3.449715771,4.268342132,-0.818626362,-0.017538407,0.051453299,-0.033914892,2
-3.557959321,4.208055707,-0.650096386,-0.019383595,0.0517731,-0.032389505,2
-3.661146816,4.141789403,-0.480642587,-0.021201237,0.052019328,-0.030818091,2
-3.759131621,4.06963739,-0.310505768,-0.022988752,0.052191634,-0.029202882,2
-3.851774494,3.991702199,-0.139927705,-0.024743598,0.052289773,-0.027546175,2
-3.938943785,3.908094581,0.030849204,-0.026463282,0.052313605,-0.025850323,2
-4.020515622,3.818933347,0.201582275,-0.028145361,0.052263096,-0.024117736,2
-4.096374086,3.7243452,0.372028886,-0.029787443,0.052138319,-0.022350876,2
-4.166411378,3.624464555,0.541946823,-0.031387196,0.051939451,-0.020552255,2
-4.230527971,3.519433347,0.711094625,-0.032942346,0.051666773,-0.018724428,2
-4.288632753,3.409400831,0.879231921,-0.034450683,0.051320675,-0.016869992,2
-4.340643153,3.294523371,1.046119782,-0.035910063,0.050901647,-0.014991583,2
-4.386485261,3.174964212,1.211521049,-0.037318414,0.050410284,-0.013091871,2
-4.426093934,3.050893256,1.375200678,-0.038673733,0.049847286,-0.011173554,2
-4.459412885,2.922486813,1.536926072,-0.039974094,0.049213453,-0.009239359,2
-4.486394767,2.789927357,1.69646741,-0.04121765,0.048509684,-0.007292034,2
-4.507001236,2.653403261,1.853597974,-0.042402634,0.047736981,-0.005334347,2
-4.52120301,2.513108534,2.008094475,-0.043527361,0.04689644,-0.003369079,2
-4.528979906,2.369242543,2.159737364,-0.044590233,0.045989257,-0.001399024,2
-4.530320875,2.222009727,2.308311147,-0.04558974,0.045016721,0.000573019,2
-4.525224009,2.071619315,2.453604694,-0.046524462,0.043980214,0.002544248,2
-4.513696553,1.918285018,2.595411535,-0.04739307,0.042881208,0.004511862,2
-4.495754887,1.762224734,2.733530154,-0.04819433,0.041721266,0.006473064,2
-4.471424507,1.603660231,2.867764276,-0.048927103,0.040502036,0.008425067,2
-4.440739989,1.442816839,2.997923149,-0.049590348,0.03922525,0.010365098,2
-4.403744935,1.279923126,3.123821809,-0.050183122,0.037892722,0.012290399,2
-4.36049192,1.115210572,3.245281348,-0.050704583,0.036506348,0.014198236,2
-4.311042406,0.948913243,3.362129163,-0.05115399,0.035068095,0.016085895,2
-4.255466666,0.781267456,3.47419921,-0.051530705,0.033580009,0.017950696,2
-4.193843674,0.612511446,3.581332229,-0.051834192,0.032044204,0.019789988,2
-4.126261002,0.442885023,3.683375979,-0.052064019,0.030462862,0.021601157,2
-4.052814686,0.272629236,3.78018545,-0.052219861,0.028838231,0.02338163,2
-3.973609099,0.101986028,3.871623071,-0.052301495,0.02717262,0.025128876,2
-3.888756797,-0.068802108,3.957558904,-0.052308807,0.025468394,0.026840412,2
-3.798378358,-0.239492472,4.037870829,-0.052241784,0.023727977,0.028513807,2
-3.702602215,-0.409842504,4.112444719,-0.052100523,0.02195384,0.030146683,2
-3.601564472,-0.579610127,4.181174599,-0.051885224,0.020148507,0.031736718,2
-3.495408709,-0.748554093,4.243962802,-0.051596194,0.018314541,0.033281653,2
-3.384285779,-0.916434323,4.300720102,-0.051233842,0.016454549,0.034779294,2
-3.268353594,-1.083012249,4.351365842,-0.050798685,0.014571174,0.036227511,2
-3.147776899,-1.248051155,4.395828054,-0.05029134,0.012667093,0.037624247,2
-3.022727041,-1.411316513,4.434043554,-0.049712528,0.010745011,0.038967517,2
-2.893381722,-1.572576312,4.465958035,-0.049063071,0.00880766,0.040255412,2
-2.75992475,-1.731601395,4.491526145,-0.048343894,0.006857793,0.041486101,2
-2.622545774,-1.888165777,4.510711551,-0.047556017,0.00489818,0.042657837,2
-2.481440017,-2.042046972,4.523486989,-0.046700561,0.002931607,0.043768954,2
-2.336807997,-2.193026307,4.529834304,-0.04577874,0.000960868,0.044817872,2
-2.188855246,-2.340889231,4.529744477,-0.044791865,-0.001011237,0.045803102,2
-2.037792012,-2.485425624,4.523217636,-0.043741339,-0.002981904,0.046723243,2
-1.883832963,-2.626430091,4.510263054,-0.042628654,-0.004948334,0.047576988,2
-1.727196885,-2.763702257,4.490899142,-0.041455391,-0.006907733,0.048363123,2
-1.568106365,-2.897047051,4.465153417,-0.040223218,-0.008857315,0.049080532,2
-1.406787481,-3.026274983,4.433062464,-0.038933885,-0.01079431,0.049728195,2
-1.243469475,-3.151202412,4.394671887,-0.037589225,-0.012715966,0.050305191,2
-1.07838443,-3.27165181,4.35003624,-0.036191149,-0.014619552,0.050810701,2
-0.911766942,-3.387452012,4.299218954,-0.034741643,-0.016502362,0.051244005,2
-0.743853784,-3.498438459,4.242292243,-0.033242768,-0.018361722,0.05160449,2
-0.574883568,-3.604453434,4.179337002,-0.031696652,-0.020194989,0.051891641,2
-0.405096412,-3.705346283,4.110442695,-0.030105494,-0.021999558,0.052105052,2
-0.234733591,-3.800973632,4.035707224,-0.028471555,-0.023772864,0.052244419,2
-0.064037201,-3.89119959,3.955236792,-0.026797156,-0.025512387,0.052309543,2
0.106750189,-3.975895941,3.869145752,-0.025084676,-0.027215657,0.052300333,2
0.277385881,-4.054942325,3.777556444,-0.02333655,-0.028880251,0.052216801,2
0.447627393,-4.128226415,3.680599022,-0.021555261,-0.030503804,0.052059066,2
0.617232802,-4.195644069,3.578411267,-0.019743341,-0.032084011,0.051827352,2
0.785961089,-4.257099483,3.471138394,-0.017903365,-0.033618624,0.051521989,2
0.953572483,-4.312505326,3.358932843,-0.016037947,-0.035105463,0.05114341,2
1.119828798,-4.361782863,3.241954065,-0.014149739,-0.036542415,0.050692154,2
1.284493775,-4.404862068,3.120368293,-0.012241422,-0.037927439,0.050168861,2
1.447333416,-4.441681723,2.994348307,-0.010315711,-0.039258565,0.049574276,2
1.608116317,-4.472189505,2.864073188,-0.008375339,-0.040533903,0.048909243,2
1.766613997,-4.496342061,2.729728064,-0.006423066,-0.04175164,0.048174707,2
1.922601221,-4.514105069,2.591503847,-0.004461666,-0.042910046,0.047371712,2
2.075856324,-4.525453286,2.449596962,-0.002493925,-0.044007474,0.046501399,2
2.226161522,-4.530370587,2.304209065,-0.00052264,-0.045042366,0.045565006,2
2.373303222,-4.528849983,2.155546761,0.001449387,-0.046013249,0.044563862,2
2.517072328,-4.520893636,2.003821307,0.003419355,-0.046918745,0.04349939,2
2.657264537,-4.506512852,1.849248314,0.005384464,-0.047757567,0.042373104,2
2.793680628,-4.485728065,1.692047437,0.007341921,-0.048528523,0.041186603,2
2.926126746,-4.458568815,1.532442069,0.009288945,-0.049230518,0.039941573,2
3.054414677,-4.425073694,1.370659016,0.011222768,-0.049862553,0.038639784,2
3.178362118,-4.3852903,1.206928182,0.013140644,-0.05042373,0.037283086,2
3.297792933,-4.33927517,1.041482237,0.015039846,-0.050913253,0.035873407,2
3.412537403,-4.287093692,0.874556289,0.016917675,-0.051330425,0.03441275,2
3.522432471,-4.228820019,0.706387548,0.018771464,-0.051674654,0.03290319,2
3.62732197,-4.164536962,0.537214992,0.020598577,-0.051945451,0.031346873,2
3.727056846,-4.09433587,0.367279024,0.022396419,-0.05214243,0.029746011,2
3.821495369,-4.018316502,0.196821133,0.024162434,-0.052265311,0.028102877,2
3.910503339,-3.936586887,0.026083548,0.025894113,-0.052313921,0.026419808,2
3.99395427,-3.849263166,-0.144691104,0.027588995,-0.05228819,0.024699195,2
4.071729573,-3.756469432,-0.315260141,0.029244672,-0.052188155,0.022943483,2
4.143718726,-3.65833755,-0.485381176,0.03085879,-0.052013957,0.021155168,2
4.209819428,-3.555006969,-0.654812459,0.032429056,-0.051765845,0.019336789,2
4.269937745,-3.446624529,-0.823313216,0.033953239,-0.051444171,0.017490932,2
4.323988248,-3.333344247,-0.990644001,0.035429172,-0.051049391,0.015620219,2
4.371894127,-3.2153271,-1.156567026,0.036854759,-0.050582068,0.013727309,2
4.413587305,-3.092740798,-1.320846507,0.038227973,-0.050042865,0.011814892,2
4.449008533,-2.965759542,-1.483248992,0.039546862,-0.049432548,0.009885685,2
4.478107478,-2.834563779,-1.643543699,0.040809554,-0.048751985,0.00794243,2
4.500842786,-2.699339946,-1.801502841,0.042014253,-0.048002142,0.005987889,2
4.517182151,-2.560280203,-1.956901948,0.043159248,-0.047184086,0.004024838,2
4.527102353,-2.417582162,-2.109520191,0.04424291,-0.046298979,0.002056068,2
4.530589294,-2.271448604,-2.25914069,0.045263702,-0.045348078,8.44E-05,2
4.527638021,-2.122087194,-2.405550827,0.046220171,-0.044332735,-0.001887436,2
4.518252725,-1.969710181,-2.548542544,0.047110958,-0.043254393,-0.003856565,2
4.502446746,-1.814534103,-2.687912643,0.047934799,-0.042114584,-0.005820215,2
4.480242543,-1.656779472,-2.823463071,0.048690521,-0.040914928,-0.007775593,2
4.45167167,-1.496670467,-2.955001203,0.049377051,-0.03965713,-0.009719922,2
4.416774729,-1.334434612,-3.082340117,0.049993415,-0.038342976,-0.011650438,2
4.375601309,-1.170302451,-3.205298857,0.050538734,-0.036974336,-0.013564399,2
4.32820992,-1.004507228,-3.323702692,0.051012235,-0.035553152,-0.015459083,2
4.274667908,-0.837284544,-3.437383364,0.051413246,-0.034081446,-0.0173318,2
4.215051359,-0.668872033,-3.546179326,0.051741195,-0.032561308,-0.019179887,2
4.149444991,-0.499509018,-3.649935973,0.051995617,-0.030994899,-0.021000718,2
4.077942034,-0.329436174,-3.748505861,0.05217615,-0.029384444,-0.022791706,2
4.0006441,-0.158895183,-3.841748917,0.052282539,-0.027732232,-0.024550306,2
3.917661031,0.011871607,-3.929532637,0.05231463,-0.026040611,-0.026274019,2
3.829110751,0.182621527,-4.011732277,0.05227238,-0.024311986,-0.027960395,2
3.735119095,0.353111931,-4.088231026,0.052155848,-0.022548811,-0.029607037,2
3.635819631,0.523100544,-4.158920175,0.0519652,-0.020753593,-0.031211607,2
3.531353468,0.692345803,-4.22369927,0.051700707,-0.018928884,-0.032771823,2
3.421869058,0.8606072,-4.282476258,0.051362743,-0.017077275,-0.034285468,2
3.307521986,1.027645627,-4.335167613,0.050951791,-0.015201399,-0.035750392,2
3.188474743,1.193223714,-4.381698458,0.050468433,-0.013303921,-0.037164513,2
3.064896504,1.357106165,-4.422002669,0.049913357,-0.011387537,-0.03852582,2
2.936962879,1.519060093,-4.456022972,0.049287351,-0.00945497,-0.039832381,2
2.804855669,1.678855354,-4.483711023,0.048591306,-0.007508968,-0.041082337,2
2.668762605,1.83626487,-4.505027475,0.047826209,-0.005552295,-0.042273914,2
2.528877084,1.991064953,-4.519942037,0.046993148,-0.003587732,-0.043405416,2
2.38539789,2.143035623,-4.528433513,0.046093308,-0.001618071,-0.044475237,2
2.238528915,2.291960923,-4.530489838,0.045127967,0.00035389,-0.045481857,2
2.088478868,2.437629221,-4.526108089,0.044098496,0.002325348,-0.046423844,2
1.935460979,2.579833514,-4.515294493,0.043006359,0.004293501,-0.047299861,2
1.779692694,2.718371722,-4.498064416,0.041853108,0.006255553,-0.048108661,2
1.621395367,2.853046976,-4.474442343,0.040640381,0.008208716,-0.048849097,2
1.460793949,2.983667894,-4.444461843,0.039369902,0.010150214,-0.049520116,2
1.298116664,3.110048856,-4.40816552,0.038043476,0.012077287,-0.050120763,2
1.133594683,3.232010269,-4.365604952,0.036662988,0.013987198,-0.050650187,2
0.967461802,3.349378818,-4.31684062,0.0352304,0.015877233,-0.051107633,2
0.799954105,3.461987717,-4.261941822,0.033747748,0.017744705,-0.051492453,2
0.631309629,3.569676942,-4.200986571,0.032217139,0.019586961,-0.0518041,2
0.461768029,3.672293461,-4.134061489,0.030640747,0.021401383,-0.052042129,2
0.29157023,3.769691449,-4.061261679,0.029020813,0.023185392,-0.052206205,2
0.120958094,3.8617325,-3.982690594,0.027359638,0.024936453,-0.052296092,2
-0.04982593,3.948285818,-3.898459888,0.025659585,0.026652079,-0.052311663,2
-0.220539149,4.029228405,-3.808689256,0.023923067,0.02832983,-0.052252897,2
-0.390938969,4.104445239,-3.71350627,0.022152554,0.029967324,-0.052119877,2
-0.560783244,4.173829431,-3.613046187,0.02035056,0.031562231,-0.051912792,2
-0.729830615,4.237282383,-3.507451768,0.018519647,0.033112288,-0.051631935,2
-0.897840857,4.294713925,-3.396873068,0.016662417,0.03461529,-0.051277707,2
-1.064575218,4.346042443,-3.281467225,0.014781509,0.036069101,-0.05085061,2
-1.229796759,4.391194998,-3.161398239,0.012879595,0.037471657,-0.050351252,2
-1.393270692,4.430107424,-3.036836732,0.010959379,0.038820963,-0.049780342,2
-1.554764711,4.462724425,-2.907959714,0.009023589,0.040115103,-0.049138692,2
-1.714049324,4.48899965,-2.774950326,0.007074976,0.041352237,-0.048427212,2
-1.870898179,4.508895761,-2.637997582,0.005116308,0.042530607,-0.047646915,2
-2.025088386,4.522384485,-2.497296099,0.003150371,0.043648538,-0.046798909,2
-2.176400831,4.529446653,-2.353045822,0.001179956,0.044704443,-0.045884399,2
-2.324620491,4.530072229,-2.205451738,-0.000792135,0.04569682,-0.044904685,2
-2.469536739,4.524260324,-2.054723586,-0.002763101,0.04662426,-0.043861159,2
-2.61094364,4.512019199,-1.901075559,-0.00473014,0.047485444,-0.042755304,2
-2.748640247,4.493366247,-1.744726,-0.006690457,0.048279148,-0.041588691,2
-2.882430885,4.468327976,-1.58589709,-0.008641267,0.049004246,-0.040362979,2
-3.012125432,4.436939966,-1.424814534,-0.010579797,0.049659705,-0.039079908,2
-3.137539584,4.399246822,-1.261707238,-0.012503293,0.050244596,-0.037741303,2
-3.25849512,4.355302107,-1.096806987,-0.014409021,0.050758086,-0.036349065,2
-3.374820156,4.30516827,-0.930348113,-0.016294272,0.051199446,-0.034905173,2
-3.486349389,4.248916552,-0.762567164,-0.018156369,0.051568048,-0.033411679,2
-3.592924327,4.186626893,-0.593702565,-0.019992665,0.05186337,-0.031870706,2
-3.694393524,4.118387807,-0.423994282,-0.021800549,0.052084991,-0.030284442,2
-3.790612786,4.044296267,-0.25368348,-0.023577455,0.052232597,-0.028655142,2
-3.88144538,3.96445756,-0.08301218,-0.025320855,0.052305977,-0.026985122,2
-3.966762227,3.878985142,0.087777085,-0.027028273,0.052305027,-0.025276755,2
-4.046442088,3.788000474,0.258441613,-0.028697282,0.05222975,-0.023532468,2
-4.120371733,3.691632851,0.428738882,-0.030325511,0.05208025,-0.02175474,2
-4.188446105,3.590019215,0.59842689,-0.031910645,0.051856742,-0.019946097,2
-4.250568465,3.483303965,0.7672645,-0.033450433,0.051559543,-0.01810911,2
-4.306650535,3.371638749,0.935011786,-0.034942686,0.051189075,-0.016246388,2
-4.356612619,3.255182251,1.101430368,-0.036385284,0.050745864,-0.01436058,2
-4.400383719,3.13409996,1.266283758,-0.037776176,0.050230541,-0.012454365,2
-4.437901632,3.008563942,1.42933769,-0.039113386,0.049643837,-0.010530451,2
-4.469113044,2.87875259,1.590360454,-0.040395014,0.048986586,-0.008591573,2
-4.493973602,2.744850373,1.749123229,-0.041619238,0.048259723,-0.006640486,2
-4.512447977,2.607047574,1.905400404,-0.042784319,0.047464281,-0.004679962,2
-4.524509918,2.465540017,2.058969901,-0.043888601,0.046601389,-0.002712788,2
-4.530142281,2.320528793,2.209613489,-0.044930515,0.045672274,-0.000741759,2
-4.529337065,2.17221997,2.357117095,-0.04590858,0.044678256,0.001230325,2
-4.522095413,2.020824304,2.501271109,-0.046821407,0.043620747,0.00320066,2
-4.508427616,1.866556936,2.64187068,-0.047667698,0.042501252,0.005166446,2
-4.488353097,1.709637088,2.778716008,-0.04844625,0.04132136,0.007124891,2
-4.461900382,1.550287753,2.911612628,-0.049155958,0.040082747,0.009073211,2
-4.429107062,1.388735374,3.040371688,-0.049795813,0.038787175,0.011008637,2
-4.39001974,1.225209526,3.164810213,-0.050364905,0.037436485,0.01292842,2
-4.344693959,1.059942589,3.28475137,-0.050862425,0.036032595,0.01482983,2
-4.29319413,0.893169414,3.400024715,-0.051287667,0.034577501,0.016710167,2
-4.235593437,0.725126997,3.510466439,-0.051640027,0.03307327,0.018566757,2
-4.171973734,0.556054136,3.615919598,-0.051919004,0.03152204,0.020396963,2
-4.102425428,0.38619109,3.716234338,-0.0521242,0.029926016,0.022198184,2
-4.027047352,0.215779246,3.811268105,-0.052255326,0.028287465,0.02396786,2
-3.94594662,0.045060768,3.900885852,-0.052312193,0.026608716,0.025703477,2
-3.859238483,-0.125721744,3.984960226,-0.052294722,0.024892155,0.027402567,2
-3.767046156,-0.296325598,4.063371754,-0.052202938,0.023140221,0.029062717,2
-3.669500651,-0.466508358,4.136009009,-0.05203697,0.021355403,0.030681567,2
-3.566740585,-0.636028183,4.202768768,-0.051797055,0.019540238,0.032256817,2
-3.458911985,-0.804644178,4.263556163,-0.051483534,0.017697305,0.033786228,2
-3.346168081,-0.972116729,4.318284811,-0.051096851,0.015829224,0.035267627,2
-3.228669091,-1.13820785,4.36687694,-0.050637557,0.013938648,0.036698909,2
-3.106581984,-1.302681514,4.409263498,-0.050106305,0.012028264,0.03807804,2
-2.980080254,-1.465303997,4.445384252,-0.049503848,0.010100788,0.03940306,2
-2.849343668,-1.625844203,4.475187871,-0.048831044,0.008158958,0.040672086,2
-2.714558008,-1.784073995,4.498632003,-0.048088848,0.006205534,0.041883314,2
-2.575914812,-1.939768521,4.515683333,-0.047278316,0.004243291,0.043035025,2
-2.433611101,-2.092706529,4.52631763,-0.046400598,0.002275018,0.04412558,2
-2.287849095,-2.242670687,4.530519782,-0.045456943,0.000303513,0.04515343,2
-2.138835931,-2.389447887,4.528283817,-0.04444869,-0.001668424,0.046117114,2
-1.986783363,-2.53282955,4.519612914,-0.043377274,-0.00363799,0.047015264,2
-1.831907468,-2.672611925,4.504519393,-0.042244216,-0.005602386,0.047846603,2
-1.674428332,-2.808596372,4.483024704,-0.041051127,-0.007558821,0.048609948,2
-1.514569741,-2.940589649,4.45515939,-0.039799702,-0.009504515,0.049304217,2
-1.352558865,-3.068404188,4.420963052,-0.03849172,-0.011436702,0.049928421,2
-1.188625928,-3.191858356,4.380484284,-0.037129038,-0.013352636,0.050481675,2
-1.023003888,-3.310776719,4.333780607,-0.035713595,-0.015249596,0.050963191,2
-0.855928104,-3.424990288,4.280918392,-0.0342474,-0.017124886,0.051372285,2
-0.687635999,-3.534336757,4.221972756,-0.032732538,-0.01897584,0.051708377,2
-0.518366727,-3.63866074,4.157027467,-0.031171161,-0.020799828,0.051970989,2
-0.348360826,-3.737813988,4.086174814,-0.029565488,-0.022594259,0.052159747,2
-0.177859885,-3.831655598,4.009515483,-0.027917801,-0.024356582,0.052274383,2
-0.007106197,-3.920052215,3.927158411,-0.026230441,-0.026084293,0.052314734,2
0.163657591,-4.002878223,3.839220633,-0.024505806,-0.027774936,0.052280743,2
0.334188811,-4.080015923,3.745827111,-0.022746348,-0.02942611,0.052172458,2
0.504245132,-4.151355696,3.647110565,-0.020954565,-0.031035468,0.051990034,2
0.673584892,-4.216796166,3.543211274,-0.019133005,-0.032600723,0.051733728,2
0.841967451,-4.276244338,3.434276887,-0.017284256,-0.034119651,0.051403907,2
1.009153529,-4.329615733,3.320462204,-0.015410945,-0.035590092,0.051001037,2
1.174905544,-4.376834507,3.201928963,-0.013515734,-0.037009958,0.050525692,2
1.338987954,-4.417833559,3.078845605,-0.011601317,-0.038377231,0.049978548,2
1.501167589,-4.452554629,2.95138704,-0.009670413,-0.039689968,0.049360381,2
1.661213983,-4.480948374,2.819734391,-0.007725767,-0.040946303,0.04867207,2
1.8188997,-4.502974447,2.684074746,-0.005770143,-0.042144451,0.047914594,2
1.974000662,-4.518601546,2.544600885,-0.003806319,-0.04328271,0.047089028,2
2.126296461,-4.527807466,2.401511005,-0.001837086,-0.044359461,0.046196547,2
2.275570676,-4.530579123,2.255008447,0.000134758,-0.045373175,0.045238417,2
2.421611181,-4.52691258,2.105301399,0.00210641,-0.046322412,0.044216002,2
2.564210443,-4.516813046,1.952602603,0.004075069,-0.047205822,0.043130753,2
2.703165823,-4.500294874,1.797129051,0.006037937,-0.04802215,0.041984212,2
2.838279855,-4.477381536,1.63910168,0.007992225,-0.048770235,0.04077801,2
2.969360537,-4.448105594,1.478745057,0.009935155,-0.049449016,0.03951386,2
3.096221595,-4.412508651,1.316287056,0.011863967,-0.050057526,0.038193559,2
3.218682753,-4.370641291,1.151958538,0.01377592,-0.050594903,0.036818983,2
3.336569986,-4.322563011,0.985993025,0.015668296,-0.051060381,0.035392085,2
3.449715771,-4.268342133,0.818626362,0.017538407,-0.051453299,0.033914892,2
3.557959321,-4.208055706,0.650096386,0.019383595,-0.0517731,0.032389505,2
3.661146816,-4.141789403,0.480642587,0.021201237,-0.052019328,0.030818091,2
3.759131621,-4.06963739,0.310505768,0.022988752,-0.052191634,0.029202882,2
3.851774495,-3.991702199,0.139927704,0.024743598,-0.052289773,0.027546175,2
3.938943786,-3.908094582,-0.030849204,0.026463282,-0.052313605,0.025850323,2
4.020515622,-3.818933348,-0.201582274,0.028145361,-0.052263096,0.024117736,2
4.096374086,-3.7243452,-0.372028886,0.029787443,-0.052138319,0.022350876,2
4.166411378,-3.624464555,-0.541946823,0.031387196,-0.051939451,0.020552255,2
4.230527971,-3.519433346,-0.711094624,0.032942346,-0.051666773,0.018724428,2
4.288632753,-3.409400831,-0.879231922,0.034450683,-0.051320675,0.016869992,2
4.340643153,-3.294523371,-1.046119782,0.035910063,-0.050901647,0.014991583,2
4.386485261,-3.174964212,-1.211521049,0.037318414,-0.050410284,0.013091871,2
4.426093934,-3.050893256,-1.375200678,0.038673733,-0.049847286,0.011173554,2
4.459412885,-2.922486813,-1.536926072,0.039974094,-0.049213453,0.009239359,2
4.486394767,-2.789927357,-1.69646741,0.04121765,-0.048509684,0.007292034,2
4.507001236,-2.653403261,-1.853597974,0.042402634,-0.047736981,0.005334347,2
4.521203009,-2.513108534,-2.008094475,0.043527361,-0.04689644,0.003369079,2
4.528979906,-2.369242542,-2.159737364,0.044590233,-0.045989257,0.001399024,2
4.530320875,-2.222009728,-2.308311147,0.04558974,-0.045016721,-0.000573019,2
4.525224009,-2.071619315,-2.453604694,0.046524462,-0.043980214,-0.002544248,2
4.513696553,-1.918285018,-2.595411535,0.04739307,-0.042881208,-0.004511862,2
4.495754887,-1.762224733,-2.733530153,0.04819433,-0.041721266,-0.006473064,2
4.471424507,-1.603660231,-2.867764276,0.048927103,-0.040502036,-0.008425067,2
4.440739989,-1.44281684,-2.997923149,0.049590348,-0.03922525,-0.010365098,2
4.403744936,-1.279923126,-3.123821809,0.050183122,-0.037892722,-0.012290399,2
4.36049192,-1.115210572,-3.245281348,0.050704583,-0.036506348,-0.014198236,2
4.311042406,-0.948913243,-3.362129163,0.05115399,-0.035068095,-0.016085895,2
4.255466666,-0.781267456,-3.47419921,0.051530705,-0.033580009,-0.017950696,2
4.193843675,-0.612511446,-3.581332229,0.051834192,-0.032044204,-0.019789988,2
4.126261002,-0.442885022,-3.683375979,0.052064019,-0.030462862,-0.021601157,2
4.052814686,-0.272629236,-3.780185451,0.052219861,-0.028838231,-0.02338163,2
3.973609099,-0.101986028,-3.871623071,0.052301495,-0.02717262,-0.025128876,2
3.888756797,0.068802108,-3.957558904,0.052308807,-0.025468394,-0.026840412,2
3.798378358,0.239492472,-4.037870829,0.052241784,-0.023727977,-0.028513807,2
3.702602215,0.409842504,-4.112444719,0.052100523,-0.02195384,-0.030146683,2
3.601564472,0.579610127,-4.181174599,0.051885224,-0.020148507,-0.031736718,2
3.495408709,0.748554093,-4.243962802,0.051596194,-0.018314541,-0.033281653,2
3.384285779,0.916434322,-4.300720101,0.051233842,-0.016454549,-0.034779294,2
3.268353594,1.083012249,-4.351365842,0.050798685,-0.014571174,-0.036227511,2
3.147776899,1.248051155,-4.395828054,0.05029134,-0.012667093,-0.037624247,2
3.022727041,1.411316513,-4.434043554,0.049712528,-0.010745011,-0.038967517,2
2.893381722,1.572576312,-4.465958035,0.049063071,-0.00880766,-0.040255412,2
2.75992475,1.731601395,-4.491526145,0.048343894,-0.006857793,-0.041486101,2
2.622545774,1.888165777,-4.510711551,0.047556017,-0.00489818,-0.042657837,2
2.481440017,2.042046972,-4.523486989,0.046700561,-0.002931607,-0.043768954,2
2.336807997,2.193026307,-4.529834304,0.04577874,-0.000960868,-0.044817872,2
2.188855246,2.340889231,-4.529744477,0.044791865,0.001011237,-0.045803102,2
2.037792012,2.485425624,-4.523217636,0.043741339,0.002981904,-0.046723243,2
1.883832963,2.626430091,-4.510263054,0.042628654,0.004948334,-0.047576988,2
1.727196885,2.763702257,-4.490899142,0.041455391,0.006907733,-0.048363123,2
1.568106366,2.897047051,-4.465153417,0.040223218,0.008857315,-0.049080532,2
1.406787481,3.026274983,-4.433062464,0.038933885,0.01079431,-0.049728195,2
1.243469475,3.151202412,-4.394671887,0.037589225,0.012715966,-0.050305191,2
1.07838443,3.27165181,-4.35003624,0.036191149,0.014619552,-0.050810701,2
0.911766942,3.387452012,-4.299218954,0.034741643,0.016502362,-0.051244005,2
0.743853784,3.498438459,-4.242292243,0.033242768,0.018361722,-0.05160449,2
0.574883568,3.604453434,-4.179337002,0.031696652,0.020194989,-0.051891641,2
0.405096412,3.705346283,-4.110442695,0.030105494,0.021999558,-0.052105052,2
0.234733591,3.800973632,-4.035707224,0.028471555,0.023772864,-0.052244419,2
0.064037201,3.89119959,-3.955236792,0.026797156,0.025512387,-0.052309543,2
-0.106750189,3.975895941,-3.869145752,0.025084676,0.027215657,-0.052300333,2
-0.277385881,4.054942325,-3.777556444,0.02333655,0.028880251,-0.052216801,2
-0.447627393,4.128226415,-3.680599022,0.021555261,0.030503804,-0.052059066,2
-0.617232802,4.195644069,-3.578411267,0.019743341,0.032084011,-0.051827352,2
-0.78596109,4.257099483,-3.471138394,0.017903365,0.033618624,-0.051521989,2
-0.953572483,4.312505326,-3.358932843,0.016037947,0.035105463,-0.05114341,2
-1.119828798,4.361782863,-3.241954065,0.014149739,0.036542415,-0.050692154,2
-1.284493775,4.404862068,-3.120368293,0.012241422,0.037927439,-0.050168861,2
-1.447333416,4.441681723,-2.994348307,0.010315711,0.039258565,-0.049574276,2
-1.608116317,4.472189504,-2.864073188,0.008375339,0.040533903,-0.048909243,2
-1.766613996,4.496342061,-2.729728064,0.006423066,0.04175164,-0.048174707,2
-1.922601221,4.514105068,-2.591503848,0.004461666,0.042910046,-0.047371712,2
-2.075856324,4.525453286,-2.449596962,0.002493925,0.044007474,-0.046501399,2
-2.226161522,4.530370587,-2.304209065,0.00052264,0.045042366,-0.045565006,2
-2.373303222,4.528849983,-2.155546761,-0.001449387,0.046013249,-0.044563862,2
-2.517072329,4.520893636,-2.003821308,-0.003419355,0.046918745,-0.04349939,2
-2.657264537,4.506512852,-1.849248314,-0.005384464,0.047757567,-0.042373104,2
-2.793680628,4.485728066,-1.692047437,-0.007341921,0.048528523,-0.041186603,2
-2.926126746,4.458568815,-1.532442069,-0.009288945,0.049230518,-0.039941573,2
-3.054414677,4.425073693,-1.370659016,-0.011222768,0.049862553,-0.038639784,2
-3.178362118,4.3852903,-1.206928182,-0.013140644,0.05042373,-0.037283087,2
-3.297792933,4.33927517,-1.041482237,-0.015039846,0.050913253,-0.035873407,2
-3.412537403,4.287093692,-0.874556289,-0.016917675,0.051330425,-0.03441275,2
-3.522432471,4.228820019,-0.706387548,-0.018771464,0.051674654,-0.03290319,2
-3.62732197,4.164536962,-0.537214992,-0.020598577,0.051945451,-0.031346873,2
-3.727056845,4.09433587,-0.367279024,-0.022396419,0.05214243,-0.029746011,2
-3.82149537,4.018316502,-0.196821133,-0.024162434,0.052265311,-0.028102877,2
-3.910503339,3.936586887,-0.026083548,-0.025894113,0.052313921,-0.026419808,2
-3.99395427,3.849263166,0.144691104,-0.027588995,0.05228819,-0.024699195,2
-4.071729573,3.756469432,0.315260141,-0.029244672,0.052188155,-0.022943483,2
-4.143718726,3.65833755,0.485381176,-0.03085879,0.052013957,-0.021155168,2
-4.209819428,3.555006969,0.654812459,-0.032429056,0.051765845,-0.019336789,2
-4.269937746,3.446624529,0.823313216,-0.033953239,0.051444171,-0.017490932,2
-4.323988248,3.333344247,0.990644001,-0.035429172,0.051049391,-0.015620219,2
-4.371894127,3.2153271,1.156567026,-0.036854759,0.050582068,-0.013727309,2
-4.413587305,3.092740798,1.320846507,-0.038227973,0.050042865,-0.011814892,2
-4.449008534,2.965759542,1.483248992,-0.039546862,0.049432548,-0.009885685,2
-4.478107478,2.834563779,1.643543699,-0.040809554,0.048751985,-0.00794243,2
-4.500842786,2.699339946,1.801502841,-0.042014253,0.048002142,-0.005987889,2
-4.517182151,2.560280203,1.956901948,-0.043159248,0.047184086,-0.004024838,2
-4.527102353,2.417582162,2.109520191,-0.04424291,0.046298979,-0.002056068,2
-4.530589294,2.271448604,2.25914069,-0.045263702,0.045348078,-8.44E-05,2
-4.52763802,2.122087194,2.405550827,-0.046220171,0.044332735,0.001887436,2
-4.518252725,1.969710181,2.548542544,-0.047110958,0.043254393,0.003856565,2
-4.502446746,1.814534103,2.687912643,-0.047934799,0.042114584,0.005820215,2
-4.480242543,1.656779472,2.823463071,-0.048690521,0.040914928,0.007775593,2
-4.451671671,1.496670467,2.955001203,-0.049377051,0.03965713,0.009719922,2
-4.416774729,1.334434612,3.082340117,-0.049993415,0.038342976,0.011650438,2
-4.375601309,1.170302452,3.205298857,-0.050538734,0.036974336,0.013564399,2
-4.32820992,1.004507228,3.323702692,-0.051012235,0.035553152,0.015459083,2
-4.274667908,0.837284544,3.437383364,-0.051413246,0.034081446,0.0173318,2
-4.215051358,0.668872033,3.546179326,-0.051741195,0.032561308,0.019179887,2
-4.149444991,0.499509018,3.649935973,-0.051995617,0.030994899,0.021000718,2
-4.077942035,0.329436174,3.748505861,-0.05217615,0.029384444,0.022791706,2
-4.0006441,0.158895183,3.841748917,-0.052282539,0.027732232,0.024550306,2
-3.917661031,-0.011871607,3.929532637,-0.05231463,0.026040611,0.026274019,2
-3.829110751,-0.182621527,4.011732277,-0.05227238,0.024311986,0.027960395,2
-3.735119095,-0.353111931,4.088231026,-0.052155848,0.022548811,0.029607037,2
-3.635819631,-0.523100544,4.158920175,-0.0519652,0.020753593,0.031211607,2
-3.531353468,-0.692345803,4.22369927,-0.051700707,0.018928884,0.032771823,2
-3.421869058,-0.8606072,4.282476258,-0.051362743,0.017077275,0.034285468,2
-3.307521986,-1.027645628,4.335167613,-0.050951791,0.015201399,0.035750392,2
-3.188474743,-1.193223714,4.381698458,-0.050468433,0.013303921,0.037164513,2
-3.064896504,-1.357106165,4.422002669,-0.049913357,0.011387537,0.03852582,2
-2.936962879,-1.519060093,4.456022972,-0.049287351,0.00945497,0.039832381,2
-2.804855669,-1.678855354,4.483711023,-0.048591306,0.007508968,0.041082337,2
-2.668762605,-1.83626487,4.505027475,-0.047826209,0.005552295,0.042273914,2
-2.528877084,-1.991064952,4.519942037,-0.046993148,0.003587732,0.043405416,2
-2.38539789,-2.143035623,4.528433513,-0.046093308,0.001618071,0.044475237,2
-2.238528915,-2.291960923,4.530489838,-0.045127967,-0.00035389,0.045481857,2
-2.088478869,-2.43762922,4.526108089,-0.044098496,-0.002325348,0.046423844,2
-1.935460979,-2.579833514,4.515294493,-0.043006359,-0.004293501,0.047299861,2
-1.779692693,-2.718371722,4.498064416,-0.041853108,-0.006255553,0.048108661,2
-1.621395367,-2.853046976,4.474442343,-0.040640381,-0.008208716,0.048849097,2
-1.460793949,-2.983667894,4.444461843,-0.039369902,-0.010150214,0.049520116,2
-1.298116664,-3.110048856,4.40816552,-0.038043476,-0.012077287,0.050120763,2
-1.133594683,-3.232010269,4.365604952,-0.036662988,-0.013987198,0.050650187,2
-0.967461802,-3.349378818,4.316840621,-0.0352304,-0.015877233,0.051107633,2
-0.799954105,-3.461987717,4.261941822,-0.033747748,-0.017744705,0.051492453,2
-0.63130963,-3.569676942,4.200986572,-0.032217139,-0.019586961,0.0518041,2
-0.461768028,-3.672293461,4.134061489,-0.030640747,-0.021401383,0.052042129,2
-0.29157023,-3.769691449,4.061261679,-0.029020813,-0.023185392,0.052206205,2
-0.120958094,-3.8617325,3.982690594,-0.027359638,-0.024936453,0.052296092,2
0.04982593,-3.948285818,3.898459888,-0.025659585,-0.026652079,0.052311663,2
0.220539149,-4.029228405,3.808689256,-0.023923067,-0.02832983,0.052252897,2
0.390938969,-4.104445239,3.713506269,-0.022152554,-0.029967324,0.052119877,2
0.560783244,-4.173829431,3.613046187,-0.02035056,-0.031562231,0.051912792,2
0.729830615,-4.237282383,3.507451768,-0.018519647,-0.033112288,0.051631935,2
0.897840857,-4.294713925,3.396873068,-0.016662417,-0.03461529,0.051277707,2
1.064575218,-4.346042443,3.281467225,-0.014781509,-0.036069101,0.05085061,2
1.229796759,-4.391194998,3.161398239,-0.012879595,-0.037471657,0.050351252,2
1.393270692,-4.430107424,3.036836732,-0.010959379,-0.038820963,0.049780342,2
1.554764711,-4.462724425,2.907959714,-0.009023589,-0.040115103,0.049138692,2
1.714049324,-4.48899965,2.774950326,-0.007074976,-0.041352237,0.048427212,2
1.870898179,-4.508895761,2.637997582,-0.005116308,-0.042530607,0.047646915,2
2.025088386,-4.522384485,2.497296099,-0.003150371,-0.043648538,0.046798909,2
2.176400831,-4.529446653,2.353045822,-0.001179956,-0.044704443,0.045884399,2
2.324620491,-4.530072229,2.205451738,0.000792135,-0.04569682,0.044904685,2
2.469536739,-4.524260324,2.054723586,0.002763101,-0.04662426,0.043861159,2
2.610943639,-4.512019199,1.901075559,0.00473014,-0.047485444,0.042755304,2
2.748640246,-4.493366247,1.744726001,0.006690457,-0.048279148,0.041588691,2
2.882430885,-4.468327976,1.58589709,0.008641267,-0.049004246,0.040362979,2
3.012125432,-4.436939966,1.424814534,0.010579797,-0.049659705,0.039079908,2
3.137539584,-4.399246822,1.261707238,0.012503293,-0.050244596,0.037741303,2
3.25849512,-4.355302107,1.096806987,0.014409021,-0.050758086,0.036349065,2
3.374820156,-4.30516827,0.930348113,0.016294272,-0.051199446,0.034905173,2
3.486349389,-4.248916553,0.762567164,0.018156369,-0.051568048,0.033411679,2
3.592924328,-4.186626893,0.593702565,0.019992665,-0.05186337,0.031870706,2
3.694393524,-4.118387807,0.423994282,0.021800549,-0.052084991,0.030284442,2
3.790612786,-4.044296267,0.25368348,0.023577455,-0.052232597,0.028655142,2
3.88144538,-3.96445756,0.08301218,0.025320855,-0.052305977,0.026985122,2
3.966762227,-3.878985142,-0.087777084,0.027028273,-0.052305027,0.025276755,2
4.046442088,-3.788000474,-0.258441613,0.028697282,-0.05222975,0.023532468,2
4.120371733,-3.691632851,-0.428738882,0.030325511,-0.05208025,0.02175474,2
4.188446105,-3.590019215,-0.59842689,0.031910645,-0.051856742,0.019946097,2
4.250568466,-3.483303965,-0.7672645,0.033450433,-0.051559543,0.01810911,2
4.306650535,-3.371638749,-0.935011786,0.034942686,-0.051189075,0.016246388,2
4.356612619,-3.255182251,-1.101430368,0.036385284,-0.050745864,0.01436058,2
4.400383719,-3.13409996,-1.266283758,0.037776176,-0.050230541,0.012454365,2
4.437901632,-3.008563942,-1.429337689,0.039113386,-0.049643837,0.010530451,2
4.469113044,-2.87875259,-1.590360454,0.040395014,-0.048986586,0.008591573,2
4.493973602,-2.744850373,-1.749123229,0.041619238,-0.048259723,0.006640486,2
4.512447977,-2.607047573,-1.905400404,0.042784319,-0.047464281,0.004679962,2
4.524509917,-2.465540017,-2.058969901,0.043888601,-0.046601389,0.002712788,2
4.530142281,-2.320528793,-2.209613489,0.044930515,-0.045672274,0.000741759,2
4.529337065,-2.17221997,-2.357117095,0.04590858,-0.044678256,-0.001230325,2
4.522095413,-2.020824304,-2.501271109,0.046821407,-0.043620747,-0.00320066,2
4.508427616,-1.866556936,-2.64187068,0.047667698,-0.042501252,-0.005166446,2
4.488353097,-1.709637089,-2.778716008,0.04844625,-0.04132136,-0.007124891,2
4.461900382,-1.550287753,-2.911612629,0.049155958,-0.040082747,-0.009073211,2
4.429107062,-1.388735374,-3.040371688,0.049795813,-0.038787175,-0.011008637,2
4.39001974,-1.225209526,-3.164810213,0.050364905,-0.037436485,-0.01292842,2
4.344693958,-1.059942588,-3.28475137,0.050862425,-0.036032595,-0.01482983,2
4.29319413,-0.893169414,-3.400024715,0.051287667,-0.034577501,-0.016710167,2
4.235593437,-0.725126997,-3.510466439,0.051640027,-0.03307327,-0.018566757,2
4.171973734,-0.556054136,-3.615919599,0.051919004,-0.03152204,-0.020396963,2
4.102425428,-0.38619109,-3.716234338,0.0521242,-0.029926016,-0.022198184,2
4.027047352,-0.215779247,-3.811268105,0.052255326,-0.028287465,-0.02396786,2
3.94594662,-0.045060768,-3.900885852,0.052312193,-0.026608716,-0.025703477,2
3.859238483,0.125721744,-3.984960227,0.052294722,-0.024892155,-0.027402567,2
3.767046156,0.296325598,-4.063371754,0.052202938,-0.023140221,-0.029062717,2
3.669500651,0.466508358,-4.136009009,0.05203697,-0.021355403,-0.030681567,2
3.566740585,0.636028183,-4.202768768,0.051797055,-0.019540238,-0.032256817,2
3.458911985,0.804644178,-4.263556163,0.051483534,-0.017697305,-0.033786228,2
3.346168081,0.972116729,-4.318284811,0.051096851,-0.015829224,-0.035267627,2
3.228669091,1.138207849,-4.36687694,0.050637557,-0.013938648,-0.036698909,2
3.106581984,1.302681514,-4.409263498,0.050106305,-0.012028264,-0.03807804,2
2.980080254,1.465303997,-4.445384252,0.049503848,-0.010100788,-0.03940306,2
2.849343668,1.625844203,-4.475187871,0.048831044,-0.008158958,-0.040672086,2
2.714558008,1.784073995,-4.498632003,0.048088848,-0.006205534,-0.041883314,2
2.575914812,1.939768521,-4.515683333,0.047278316,-0.004243291,-0.043035025,2
2.433611101,2.092706529,-4.52631763,0.046400598,-0.002275018,-0.04412558,2
2.287849095,2.242670687,-4.530519782,0.045456943,-0.000303513,-0.04515343,2
2.138835931,2.389447887,-4.528283817,0.04444869,0.001668424,-0.046117114,2
1.986783363,2.532829551,-4.519612914,0.043377274,0.00363799,-0.047015264,2
1.831907468,2.672611925,-4.504519393,0.042244216,0.005602386,-0.047846603,2
1.674428332,2.808596372,-4.483024704,0.041051127,0.007558821,-0.048609948,2
1.514569742,2.940589649,-4.455159391,0.039799702,0.009504515,-0.049304217,2
1.352558865,3.068404188,-4.420963052,0.03849172,0.011436702,-0.049928421,2
1.188625928,3.191858356,-4.380484284,0.037129038,0.013352636,-0.050481675,2
1.023003888,3.310776719,-4.333780607,0.035713595,0.015249596,-0.050963191,2
0.855928104,3.424990287,-4.280918392,0.0342474,0.017124886,-0.051372285,2
0.687635999,3.534336757,-4.221972757,0.032732538,0.01897584,-0.051708377,2
0.518366726,3.638660741,-4.157027467,0.031171161,0.020799828,-0.051970989,2
0.348360826,3.737813988,-4.086174814,0.029565488,0.022594259,-0.052159747,2
0.177859886,3.831655598,-4.009515483,0.027917801,0.024356582,-0.052274383,2
0.007106197,3.920052215,-3.927158412,0.026230441,0.026084293,-0.052314734,2
-0.16365759,4.002878223,-3.839220633,0.024505806,0.027774936,-0.052280743,2
-0.334188811,4.080015923,-3.745827111,0.022746348,0.02942611,-0.052172458,2
-0.504245132,4.151355696,-3.647110565,0.020954565,0.031035468,-0.051990034,2
-0.673584892,4.216796166,-3.543211274,0.019133005,0.032600723,-0.051733728,2
-0.841967451,4.276244338,-3.434276887,0.017284256,0.034119651,-0.051403907,2
-1.009153529,4.329615733,-3.320462204,0.015410945,0.035590092,-0.051001037,2
-1.174905544,4.376834507,-3.201928963,0.013515734,0.037009958,-0.050525692,2
-1.338987954,4.41783356,-3.078845605,0.011601317,0.038377231,-0.049978548,2
-1.501167589,4.452554629,-2.95138704,0.009670413,0.039689968,-0.049360381,2
-1.661213983,4.480948374,-2.819734391,0.007725767,0.040946303,-0.04867207,2
-1.8188997,4.502974447,-2.684074746,0.005770143,0.042144451,-0.047914594,2
-1.974000662,4.518601547,-2.544600884,0.003806319,0.04328271,-0.047089028,2
-2.126296461,4.527807466,-2.401511005,0.001837086,0.044359461,-0.046196547,2
-2.275570676,4.530579123,-2.255008447,-0.000134758,0.045373175,-0.045238417,2
-2.42161118,4.52691258,-2.105301399,-0.00210641,0.046322412,-0.044216002,2
-2.564210443,4.516813046,-1.952602603,-0.004075069,0.047205822,-0.043130753,2
-2.703165823,4.500294874,-1.797129051,-0.006037937,0.04802215,-0.041984212,2
-2.838279855,4.477381536,-1.639101681,-0.007992225,0.048770235,-0.04077801,2
-2.969360537,4.448105594,-1.478745057,-0.009935155,0.049449016,-0.03951386,2
-3.096221595,4.412508651,-1.316287056,-0.011863967,0.050057526,-0.038193559,2
-3.218682753,4.370641291,-1.151958538,-0.01377592,0.050594903,-0.036818983,2
-3.336569986,4.322563011,-0.985993025,-0.015668296,0.051060381,-0.035392085,2
-3.449715771,4.268342132,-0.818626362,-0.017538407,0.051453299,-0.033914892,2
-3.557959321,4.208055706,-0.650096385,-0.019383595,0.0517731,-0.032389505,2
-3.661146816,4.141789403,-0.480642587,-0.021201237,0.052019328,-0.030818091,2
-3.759131621,4.06963739,-0.310505769,-0.022988752,0.052191634,-0.029202882,2
-3.851774494,3.991702199,-0.139927704,-0.024743598,0.052289773,-0.027546175,2
-3.938943786,3.908094581,0.030849204,-0.026463282,0.052313605,-0.025850323,2
-4.020515622,3.818933348,0.201582275,-0.028145361,0.052263096,-0.024117736,2
-4.096374086,3.7243452,0.372028885,-0.029787443,0.052138319,-0.022350876,2
-4.166411378,3.624464555,0.541946823,-0.031387196,0.051939451,-0.020552255,2
-4.230527971,3.519433347,0.711094624,-0.032942346,0.051666773,-0.018724428,2
-4.288632753,3.409400831,0.879231922,-0.034450683,0.051320675,-0.016869992,2
-4.340643153,3.294523371,1.046119782,-0.035910063,0.050901647,-0.014991583,2
-4.386485261,3.174964212,1.211521049,-0.037318414,0.050410284,-0.013091871,2
-4.426093934,3.050893256,1.375200678,-0.038673733,0.049847286,-0.011173554,2
-4.459412885,2.922486813,1.536926072,-0.039974094,0.049213453,-0.009239359,2
-4.486394767,2.789927357,1.69646741,-0.04121765,0.048509684,-0.007292034,2
-4.507001236,2.653403261,1.853597974,-0.042402634,0.047736981,-0.005334347,2
-4.521203009,2.513108534,2.008094475,-0.043527361,0.04689644,-0.003369079,2
-4.528979906,2.369242543,2.159737364,-0.044590233,0.045989257,-0.001399024,2
-4.530320875,2.222009728,2.308311147,-0.04558974,0.045016721,0.000573019,2
-4.525224009,2.071619315,2.453604694,-0.046524462,0.043980214,0.002544248,2
-4.513696553,1.918285018,2.595411535,-0.04739307,0.042881208,0.004511862,2
-4.495754887,1.762224733,2.733530154,-0.04819433,0.041721266,0.006473064,2
-4.471424507,1.603660231,2.867764276,-0.048927103,0.040502036,0.008425067,2
-4.440739989,1.442816839,2.997923149,-0.049590348,0.03922525,0.010365098,2
-4.403744935,1.279923126,3.123821809,-0.050183122,0.037892722,0.012290399,2
-4.36049192,1.115210572,3.245281348,-0.050704583,0.036506348,0.014198236,2
-4.311042406,0.948913243,3.362129163,-0.05115399,0.035068095,0.016085895,2
-4.255466666,0.781267456,3.47419921,-0.051530705,0.033580009,0.017950696,2
-4.193843675,0.612511446,3.581332229,-0.051834192,0.032044204,0.019789988,2
-4.126261002,0.442885023,3.683375979,-0.052064019,0.030462862,0.021601157,2
-4.052814686,0.272629236,3.780185451,-0.052219861,0.028838231,0.02338163,2
-3.973609099,0.101986028,3.871623072,-0.052301495,0.02717262,0.025128876,2
-3.888756796,-0.068802108,3.957558904,-0.052308807,0.025468394,0.026840412,2
-3.798378358,-0.239492472,4.037870829,-0.052241784,0.023727977,0.028513807,2
-3.702602215,-0.409842504,4.112444719,-0.052100523,0.02195384,0.030146683,2
-3.601564472,-0.579610127,4.1811746,-0.051885224,0.020148507,0.031736718,2
-3.495408709,-0.748554093,4.243962802,-0.051596194,0.018314541,0.033281653,2
-3.384285779,-0.916434322,4.300720101,-0.051233842,0.016454549,0.034779294,2
-3.268353594,-1.083012249,4.351365842,-0.050798685,0.014571174,0.036227511,2
-3.147776899,-1.248051155,4.395828054,-0.05029134,0.012667093,0.037624247,2
-3.022727041,-1.411316513,4.434043554,-0.049712528,0.010745011,0.038967517,2
-2.893381723,-1.572576312,4.465958035,-0.049063071,0.00880766,0.040255412,2
-2.75992475,-1.731601395,4.491526145,-0.048343894,0.006857793,0.041486101,2
-2.622545774,-1.888165777,4.510711551,-0.047556017,0.00489818,0.042657837,2
-2.481440017,-2.042046972,4.523486989,-0.046700561,0.002931607,0.043768954,2
-2.336807997,-2.193026307,4.529834304,-0.04577874,0.000960868,0.044817872,2
-2.188855246,-2.340889231,4.529744477,-0.044791865,-0.001011237,0.045803102,2
-2.037792011,-2.485425624,4.523217636,-0.043741339,-0.002981904,0.046723243,2
-1.883832963,-2.626430091,4.510263054,-0.042628654,-0.004948334,0.047576988,2
-1.727196885,-2.763702257,4.490899142,-0.041455391,-0.006907733,0.048363123,2
-1.568106365,-2.897047051,4.465153416,-0.040223218,-0.008857315,0.049080532,2
-1.406787481,-3.026274983,4.433062463,-0.038933885,-0.01079431,0.049728195,2
-1.243469475,-3.151202412,4.394671887,-0.037589225,-0.012715966,0.050305191,2
-1.07838443,-3.27165181,4.35003624,-0.036191149,-0.014619552,0.050810701,2
-0.911766942,-3.387452012,4.299218954,-0.034741643,-0.016502362,0.051244005,2
-0.743853784,-3.498438459,4.242292243,-0.033242768,-0.018361722,0.05160449,2
-0.574883568,-3.604453434,4.179337002,-0.031696652,-0.020194989,0.051891641,2
-0.405096412,-3.705346283,4.110442695,-0.030105494,-0.021999558,0.052105052,2
-0.234733591,-3.800973632,4.035707224,-0.028471555,-0.023772864,0.052244419,2
-0.064037201,-3.89119959,3.955236792,-0.026797156,-0.025512387,0.052309543,2
0.106750189,-3.975895941,3.869145752,-0.025084676,-0.027215657,0.052300333,2
0.277385881,-4.054942325,3.777556444,-0.02333655,-0.028880251,0.052216801,2
0.447627393,-4.128226415,3.680599022,-0.021555261,-0.030503804,0.052059066,2
0.617232802,-4.195644069,3.578411267,-0.019743341,-0.032084011,0.051827352,2
0.78596109,-4.257099483,3.471138394,-0.017903365,-0.033618624,0.051521989,2
0.953572483,-4.312505326,3.358932843,-0.016037947,-0.035105463,0.05114341,2
1.119828798,-4.361782863,3.241954065,-0.014149739,-0.036542415,0.050692154,2
1.284493775,-4.404862068,3.120368293,-0.012241422,-0.037927439,0.050168861,2
1.447333416,-4.441681723,2.994348307,-0.010315711,-0.039258565,0.049574276,2
1.608116317,-4.472189505,2.864073188,-0.008375339,-0.040533903,0.048909243,2
1.766613997,-4.496342061,2.729728064,-0.006423066,-0.04175164,0.048174707,2
1.922601221,-4.514105069,2.591503848,-0.004461666,-0.042910046,0.047371712,2
2.075856324,-4.525453286,2.449596962,-0.002493925,-0.044007474,0.046501399,2
2.226161522,-4.530370587,2.304209065,-0.00052264,-0.045042366,0.045565006,2
2.373303222,-4.528849983,2.155546761,0.001449387,-0.046013249,0.044563862,2
2.517072328,-4.520893636,2.003821308,0.003419355,-0.046918745,0.04349939,2
2.657264537,-4.506512852,1.849248314,0.005384464,-0.047757567,0.042373104,2
2.793680628,-4.485728066,1.692047437,0.007341921,-0.048528523,0.041186603,2
2.926126746,-4.458568815,1.532442069,0.009288945,-0.049230518,0.039941573,2
3.054414677,-4.425073694,1.370659016,0.011222768,-0.049862553,0.038639784,2
3.178362118,-4.3852903,1.206928182,0.013140644,-0.05042373,0.037283087,2
3.297792933,-4.33927517,1.041482237,0.015039846,-0.050913253,0.035873407,2
3.412537403,-4.287093692,0.874556289,0.016917675,-0.051330425,0.03441275,2
3.522432471,-4.228820019,0.706387548,0.018771464,-0.051674654,0.03290319,2
3.62732197,-4.164536962,0.537214992,0.020598577,-0.051945451,0.031346873,2
3.727056845,-4.09433587,0.367279024,0.022396419,-0.05214243,0.029746011,2
3.82149537,-4.018316502,0.196821133,0.024162434,-0.052265311,0.028102877,2
3.91050334,-3.936586887,0.026083548,0.025894113,-0.052313921,0.026419808,2
3.99395427,-3.849263167,-0.144691103,0.027588995,-0.05228819,0.024699195,2
4.071729573,-3.756469432,-0.315260141,0.029244672,-0.052188155,0.022943483,2
4.143718726,-3.65833755,-0.485381176,0.03085879,-0.052013957,0.021155168,2
4.209819428,-3.555006969,-0.654812459,0.032429056,-0.051765845,0.019336789,2
4.269937746,-3.446624529,-0.823313216,0.033953239,-0.051444171,0.017490932,2
4.323988248,-3.333344247,-0.990644001,0.035429172,-0.051049391,0.015620219,2
4.371894127,-3.2153271,-1.156567026,0.036854759,-0.050582068,0.013727309,2
4.413587305,-3.092740798,-1.320846507,0.038227973,-0.050042865,0.011814892,2
4.449008534,-2.965759542,-1.483248992,0.039546862,-0.049432548,0.009885685,2
4.478107478,-2.834563779,-1.643543699,0.040809554,-0.048751985,0.00794243,2
4.500842786,-2.699339946,-1.80150284,0.042014253,-0.048002142,0.005987889,2
4.517182151,-2.560280203,-1.956901948,0.043159248,-0.047184086,0.004024838,2
4.527102353,-2.417582162,-2.109520191,0.04424291,-0.046298979,0.002056068,2
4.530589294,-2.271448604,-2.25914069,0.045263702,-0.045348078,8.44E-05,2
4.52763802,-2.122087194,-2.405550827,0.046220171,-0.044332735,-0.001887436,2
4.518252725,-1.969710181,-2.548542544,0.047110958,-0.043254393,-0.003856565,2
4.502446746,-1.814534103,-2.687912643,0.047934799,-0.042114584,-0.005820215,2
4.480242543,-1.656779472,-2.823463071,0.048690521,-0.040914928,-0.007775593,2
4.451671671,-1.496670467,-2.955001203,0.049377051,-0.03965713,-0.009719922,2
4.416774729,-1.334434612,-3.082340117,0.049993415,-0.038342976,-0.011650438,2
4.375601309,-1.170302451,-3.205298857,0.050538734,-0.036974336,-0.013564399,2
4.32820992,-1.004507228,-3.323702692,0.051012235,-0.035553152,-0.015459083,2
4.274667908,-0.837284544,-3.437383364,0.051413246,-0.034081446,-0.0173318,2
4.215051358,-0.668872033,-3.546179325,0.051741195,-0.032561308,-0.019179887,2
4.149444991,-0.499509018,-3.649935973,0.051995617,-0.030994899,-0.021000718,2
4.077942035,-0.329436174,-3.748505861,0.05217615,-0.029384444,-0.022791706,2
4.0006441,-0.158895183,-3.841748917,0.052282539,-0.027732232,-0.024550306,2
3.917661031,0.011871607,-3.929532638,0.05231463,-0.026040611,-0.026274019,2
3.829110751,0.182621527,-4.011732277,0.05227238,-0.024311986,-0.027960395,2
3.735119095,0.353111931,-4.088231026,0.052155848,-0.022548811,-0.029607037,2
3.635819631,0.523100544,-4.158920175,0.0519652,-0.020753593,-0.031211607,2
3.531353468,0.692345803,-4.22369927,0.051700707,-0.018928884,-0.032771823,2
3.421869058,0.8606072,-4.282476258,0.051362743,-0.017077275,-0.034285468,2
3.307521986,1.027645628,-4.335167613,0.050951791,-0.015201399,-0.035750392,2
3.188474743,1.193223714,-4.381698458,0.050468433,-0.013303921,-0.037164513,2
3.064896504,1.357106165,-4.422002669,0.049913357,-0.011387537,-0.03852582,2
2.936962879,1.519060093,-4.456022972,0.049287351,-0.00945497,-0.039832381,2
2.804855669,1.678855354,-4.483711023,0.048591306,-0.007508968,-0.041082337,2
2.668762605,1.83626487,-4.505027475,0.047826209,-0.005552295,-0.042273914,2
2.528877084,1.991064953,-4.519942037,0.046993148,-0.003587732,-0.043405416,2
2.38539789,2.143035623,-4.528433513,0.046093308,-0.001618071,-0.044475237,2
2.238528915,2.291960923,-4.530489838,0.045127967,0.00035389,-0.045481857,2
2.088478869,2.437629221,-4.526108089,0.044098496,0.002325348,-0.046423844,2
1.935460979,2.579833514,-4.515294493,0.043006359,0.004293501,-0.047299861,2
1.779692694,2.718371722,-4.498064416,0.041853108,0.006255553,-0.048108661,2
1.621395367,2.853046976,-4.474442343,0.040640381,0.008208716,-0.048849097,2
1.460793949,2.983667894,-4.444461843,0.039369902,0.010150214,-0.049520116,2
1.298116664,3.110048856,-4.40816552,0.038043476,0.012077287,-0.050120763,2
1.133594683,3.232010269,-4.365604952,0.036662988,0.013987198,-0.050650187,2
0.967461802,3.349378818,-4.31684062,0.0352304,0.015877233,-0.051107633,2
0.799954105,3.461987717,-4.261941822,0.033747748,0.017744705,-0.051492453,2
0.631309629,3.569676942,-4.200986572,0.032217139,0.019586961,-0.0518041,2
0.461768028,3.672293461,-4.134061489,0.030640747,0.021401383,-0.052042129,2
0.29157023,3.769691449,-4.061261679,0.029020813,0.023185392,-0.052206205,2
0.120958094,3.8617325,-3.982690594,0.027359638,0.024936453,-0.052296092,2
-0.04982593,3.948285818,-3.898459888,0.025659585,0.026652079,-0.052311663,2
-0.220539149,4.029228405,-3.808689257,0.023923067,0.02832983,-0.052252897,2
-0.390938969,4.104445239,-3.713506269,0.022152554,0.029967324,-0.052119877,2
-0.560783244,4.173829431,-3.613046187,0.02035056,0.031562231,-0.051912792,2
-0.729830615,4.237282383,-3.507451768,0.018519647,0.033112288,-0.051631935,2
-0.897840857,4.294713925,-3.396873068,0.016662417,0.03461529,-0.051277707,2
-1.064575218,4.346042443,-3.281467225,0.014781509,0.036069101,-0.05085061,2
-1.229796759,4.391194998,-3.161398239,0.012879595,0.037471657,-0.050351252,2
-1.393270692,4.430107423,-3.036836732,0.010959379,0.038820963,-0.049780342,2
-1.554764711,4.462724425,-2.907959714,0.009023589,0.040115103,-0.049138692,2
-1.714049324,4.48899965,-2.774950326,0.007074976,0.041352237,-0.048427212,2
-1.870898179,4.508895761,-2.637997582,0.005116308,0.042530607,-0.047646915,2
-2.025088386,4.522384485,-2.497296099,0.003150371,0.043648538,-0.046798909,2
-2.176400831,4.529446652,-2.353045822,0.001179956,0.044704443,-0.045884399,2
-2.324620491,4.530072229,-2.205451738,-0.000792135,0.04569682,-0.044904685,2
-2.469536739,4.524260325,-2.054723586,-0.002763101,0.04662426,-0.043861159,2
-2.61094364,4.512019199,-1.901075559,-0.00473014,0.047485444,-0.042755304,2
-2.748640246,4.493366247,-1.744726,-0.006690457,0.048279148,-0.041588691,2
-2.882430885,4.468327976,-1.58589709,-0.008641267,0.049004246,-0.040362979,2
-3.012125432,4.436939966,-1.424814534,-0.010579797,0.049659705,-0.039079908,2
-3.137539584,4.399246822,-1.261707238,-0.012503293,0.050244596,-0.037741303,2
-3.25849512,4.355302107,-1.096806987,-0.014409021,0.050758086,-0.036349065,2
-3.374820156,4.305168269,-0.930348113,-0.016294272,0.051199446,-0.034905173,2
-3.486349389,4.248916553,-0.762567164,-0.018156369,0.051568048,-0.033411679,2
-3.592924328,4.186626893,-0.593702565,-0.019992665,0.05186337,-0.031870706,2
-3.694393524,4.118387807,-0.423994282,-0.021800549,0.052084991,-0.030284442,2
-3.790612786,4.044296266,-0.25368348,-0.023577455,0.052232597,-0.028655142,2
-3.88144538,3.96445756,-0.08301218,-0.025320855,0.052305977,-0.026985122,2
-3.966762227,3.878985142,0.087777084,-0.027028273,0.052305027,-0.025276755,2
-4.046442088,3.788000475,0.258441613,-0.028697282,0.05222975,-0.023532468,2
-4.120371733,3.691632851,0.428738882,-0.030325511,0.05208025,-0.02175474,2
-4.188446105,3.590019215,0.59842689,-0.031910645,0.051856742,-0.019946097,2
-4.250568465,3.483303965,0.7672645,-0.033450433,0.051559543,-0.01810911,2
-4.306650535,3.37163875,0.935011786,-0.034942686,0.051189075,-0.016246388,2
-4.356612619,3.255182251,1.101430368,-0.036385284,0.050745864,-0.01436058,2
-4.400383719,3.13409996,1.266283758,-0.037776176,0.050230541,-0.012454365,2
-4.437901632,3.008563942,1.429337689,-0.039113386,0.049643837,-0.010530451,2
-4.469113044,2.87875259,1.590360454,-0.040395014,0.048986586,-0.008591573,2
-4.493973602,2.744850373,1.749123229,-0.041619238,0.048259723,-0.006640486,2
-4.512447977,2.607047574,1.905400404,-0.042784319,0.047464281,-0.004679962,2
-4.524509918,2.465540017,2.058969901,-0.043888601,0.046601389,-0.002712788,2
-4.530142281,2.320528793,2.209613489,-0.044930515,0.045672274,-0.000741759,2
-4.529337065,2.17221997,2.357117095,-0.04590858,0.044678256,0.001230325,2
-4.522095413,2.020824304,2.501271109,-0.046821407,0.043620747,0.00320066,2
-4.508427419,-16027.21303,16031.72146,-74.54503848,-74.45486954,246.0883471,2
-4.488352894,-16060.09407,16064.58243,-74.09167431,-74.00190671,247.1994681,2
-4.461900174,-16070.15285,16074.61475,-73.53302182,-73.44378312,247.9593052,2
-4.429106849,-16057.37505,16061.80416,-72.86987488,-72.7812919,248.3667785,2
-4.390019522,-16021.77885,16026.16887,-72.10317586,-72.01537448,248.4213091,2
-4.344693736,-15963.41482,15967.75951,-71.23401429,-71.14711927,248.1228194,2
-4.293193903,-15882.36591,15886.6591,-70.26362528,-70.17776012,247.4717335,2
-4.235593207,-15778.74728,15782.98288,-69.19338781,-69.10867452,246.4689768,2
-4.171973501,-15652.70619,15656.87817,-68.02482276,-67.94138172,245.1159742,2
-4.102425192,-15504.42175,15508.52418,-66.75959071,-66.6775405,243.4146484,2
-4.027047112,-15334.10468,15338.13173,-65.39948962,-65.31894684,241.367417,2
-3.945946379,-15141.99701,15145.94296,-63.94645229,-63.86753138,238.9771894,2
-3.859238239,-14928.37173,14932.23097,-62.40254355,-62.32535667,236.247362,2
-3.767045911,-14693.53242,14697.29946,-60.76995737,-60.69461422,233.1818143,2
-3.669500404,-14437.81279,14441.48229,-59.05101377,-58.9776214,229.7849024,2
-3.566740337,-14161.57624,14165.14298,-57.24815544,-57.17681815,226.0614536,2
-3.458911736,-13865.21532,13868.67423,-55.36394435,-55.29476351,222.0167591,2
-3.346167833,-13549.15117,13552.49733,-53.40105806,-53.33413199,217.6565667,2
-3.228668842,-13213.83293,13217.0616,-51.36228595,-51.29770975,212.9870723,2
-3.106581736,-12859.73711,12862.84369,-49.25052522,-49.18839066,208.0149117,2
-2.980080007,-12487.3669,12490.34698,-47.0687768,-47.00917217,202.7471505,2
-2.849343421,-12097.25146,12100.10081,-44.82014108,-44.76315108,197.1912745,2
-2.714557763,-11689.94517,11692.65972,-42.50781347,-42.4535191,191.3551789,2
-2.575914569,-11266.02682,11268.60273,-40.13507995,-40.08355834,185.2471572,2
-2.43361086,-10826.09883,10828.53244,-37.70531227,-37.65663666,178.875889,2
-2.287848857,-10370.78636,10373.07421,-35.22196328,-35.17620283,172.2504285,2
-2.138835695,-9900.736442,9902.875278,-32.68856196,-32.6457817,165.3801907,2
-1.986783131,-9416.617032,9418.603815,-30.1087084,-30.06896912,158.2749386,2
-1.831907239,-8919.116094,8920.948001,-27.48606872,-27.4494269,150.9447691,2
-1.674428107,-8408.940604,8410.615032,-24.82436983,-24.79087753,143.4000988,2
-1.51456952,-7886.815549,7888.330118,-22.12739416,-22.09709897,135.6516492,2
-1.352558648,-7353.482898,7354.835456,-19.39897424,-19.37191923,127.7104312,2
-1.188625716,-6809.700545,6810.88917,-16.64298733,-16.61921093,119.5877296,2
-1.023003681,-6256.241235,6257.264238,-13.86334981,-13.84288582,111.2950873,2
-0.855927903,-5693.891464,5694.747392,-11.06401172,-11.04688921,102.8442887,2
-0.687635804,-5123.450361,5124.137997,-8.248951061,-8.235194367,94.24734262,2
-0.518366536,-4545.728555,4546.246922,-5.422168191,-5.411796863,85.51646595,2
-0.348360642,-3961.547021,3961.895381,-2.587680124,-2.580708899,76.6640657,2
-0.177859708,-3371.735911,3371.913771,0.250485178,0.254046393,67.70272162,2
-0.007106026,-2777.13338,2777.140486,3.088294527,3.088440672,58.64516827,2
0.163657754,-2178.58439,2178.420733,5.92171524,5.918446107,49.50427692,2
0.334188968,-1576.939513,1576.605324,8.746720872,8.740041106,40.29303729,2
0.504245281,-973.0537185,972.5494733,11.55929694,11.54921603,31.02453905,2
0.673585034,-367.7851614,367.1115764,14.3554466,14.34197888,21.71195324,2
0.841967585,238.0060385,-238.8480061,17.1311964,17.114361,12.36851355,2
1.009153655,843.4590188,-844.4681725,19.88260183,19.86242268,3.007497534,2
1.174905662,1447.713398,-1448.888303,22.60575299,22.58225876,-6.357792303,2
1.338988063,2049.910497,-2051.249485,25.29678014,25.27000422,-15.71404737,2
1.50116769,2649.194561,-2650.695728,27.95185918,27.92183962,-25.04797191,2
1.661214075,3244.713974,-3246.375188,30.5672171,30.53399656,-34.34630192,2
1.818899784,3835.622472,-3837.441371,33.13913733,33.10276302,-43.59582395,2
1.974000736,4421.08034,-4423.05434,35.66396503,35.62448864,-52.78339393,2
2.126296526,5000.255611,-5002.381907,38.13811229,38.09558992,-61.89595582,2
2.275570732,5572.325245,-5574.600816,40.55806321,40.51255527,-70.92056017,2
2.421611228,6136.4763,-6138.897911,42.92037889,42.87195007,-79.84438252,2
2.564210481,6691.907086,-6694.471297,45.22170237,45.17042148,-88.65474164,2
2.703165851,7237.828307,-7240.531472,47.45876334,47.40470325,-97.33911752,2
2.838279874,7773.464177,-7776.302457,49.62838281,49.57162035,-105.8851692,2
2.969360547,8298.053529,-8301.02289,51.72747762,51.66809345,-114.2807522,2
3.096221596,8810.850893,-8813.947115,53.75306487,53.69114337,-122.5139361,2
3.218682744,9311.127556,-9314.346239,55.70226606,55.63789524,-130.5730209,2
3.336569968,9798.172597,-9801.509167,57.57231129,57.50558262,-138.4465543,2
3.449715743,10271.2939,-10274.74361,59.36054312,59.29155141,-146.1233476,2
3.557959284,10729.81913,-10733.37709,61.06442036,60.99326367,-153.5924917,2
3.66114677,11173.0967,-11176.75785,62.68152172,62.60830116,-160.8433724,2
3.759131566,11600.49669,-11604.25582,64.20954921,64.13436883,-167.8656858,2
3.85177443,12011.41174,-12015.26351,65.64633142,65.56929805,-174.6494529,2
3.938943712,12405.25791,-12409.19686,66.98982659,66.91104971,-181.1850336,2
4.02051554,12781.47554,-12785.49605,68.23812556,68.15771711,-187.4631405,2
4.096373994,13139.52999,-13143.62636,69.38945442,69.30752866,-193.474852,2
4.166411278,13478.91245,-13483.07886,70.44217706,70.35885042,-199.2116251,2
4.230527863,13799.14063,-13803.37116,71.39479752,71.31018841,-204.6653076,2
4.288632636,14099.75948,-14104.04812,72.24596207,72.16019071,-209.8281495,2
4.340643028,14380.34181,-14384.68245,72.99446114,72.90764944,-214.6928141,2
4.386485128,14640.48887,-14644.87536,73.6392311,73.5515024,-219.2523885,2
4.426093793,14879.83101,-14884.2571,74.17935568,74.09083466,-223.5003933,2
4.459412737,15098.02809,-15102.4875,74.61406733,74.52487979,-227.4307917,2
4.486394611,15294.77004,-15299.25644,74.94274831,74.85302098,-231.0379986,2
4.507001073,15469.77729,-15474.28429,75.16493155,75.07479194,-234.3168878,2
4.521202839,15622.80114,-15627.32235,75.28030131,75.18987751,-237.2627999,2
4.528979729,15753.62414,-15758.15312,75.28869363,75.19811415,-239.8715486,2
4.530320691,15862.06037,-15866.59069,75.19009661,75.09949015,-242.1394267,2
4.52522382,15947.95575,-15952.48097,74.98465034,74.89414567,-244.0632114,2
4.513696358,16011.18821,-16015.70191,74.67264678,74.58237251,-245.6401689,2
4.495754686,16051.66789,-16056.16365,74.25452931,74.16461372,-246.8680583,2
4.471424301,16069.33728,-16073.8087,73.73089208,73.64146295,-247.7451347,2
4.440739777,16064.17126,-16068.612,73.10247923,73.01366363,-248.2701517,2
4.403744719,16036.17717,-16040.58092,72.37018375,72.28210791,-248.4423632,2
4.360491699,15985.3948,-15989.75529,71.53504628,71.44783535,-248.2615245,2
4.311042181,15911.89631,-15916.20735,70.59825359,70.51203151,-247.7278927,2
4.255466437,15815.78614,-15820.0416,69.56113692,69.47602621,-246.8422259,2
4.193843442,15697.20087,-15701.39472,68.42517008,68.34129168,-245.6057828,2
4.126260766,15556.30902,-15560.43528,67.19196732,67.10944044,-244.0203205,2
4.052814448,15393.31081,-15397.36362,65.86328109,65.78222301,-242.0880919,2
3.973608859,15208.43786,-15212.41147,64.44099954,64.36152543,-239.8118429,2
3.888756554,15001.95289,-15005.84164,62.92714381,62.84936661,-237.1948082,2
3.798378113,14774.14932,-14777.9477,61.32386516,61.2478954,-234.2407066,2
3.702601969,14525.35087,-14529.05348,59.63344194,59.55938758,-230.9537362,2
3.601564225,14255.91111,-14259.51268,57.85827634,57.78624261,-227.3385679,2
3.495408461,13966.21292,-13969.70833,56.00089096,55.93098023,-223.4003391,2
3.38428553,13656.66797,-13660.05226,54.06392525,53.99623687,-219.1446461,2
3.268353345,13327.71616,-13330.98451,52.05013175,51.98476189,-214.5775367,2
3.14777665,12979.82493,-12982.9727,49.96237216,49.89941373,-209.7055007,2
3.022726793,12613.48865,-12616.51138,47.8036133,47.74315577,-204.5354619,2
2.893381476,12229.22792,-12232.12131,45.5769229,45.51905217,-199.0747669,2
2.759924505,11827.58879,-11830.34872,43.28546519,43.23026351,-193.3311758,2
2.62254553,11409.14201,-11411.76455,40.93249647,40.88004228,-187.3128505,2
2.481439775,10974.48221,-10976.96365,38.52136043,38.47172827,-181.0283434,2
2.336807758,10524.22707,-10526.56388,36.05548343,36.00874383,-174.4865851,2
2.188855009,10059.01643,-10061.20529,33.53836962,33.494589,-167.6968718,2
2.037791778,9579.511379,-9581.549171,30.97359595,30.93283652,-160.6688521,2
1.883832733,9086.393316,-9088.277149,28.3648071,28.32712678,-153.4125132,2
1.727196658,8580.362991,-8582.090188,25.71571031,25.68116266,-145.9381666,2
1.568106143,8062.139501,-8063.707607,23.03007009,22.99870419,-138.256434,2
1.406787263,7532.459269,-7533.866056,20.31170288,20.28356331,-130.3782314,2
1.243469261,6992.075,-6993.318469,17.56447162,17.53959837,-122.3147542,2
1.078384222,6441.75461,-6442.832995,14.7922803,14.7707087,-114.0774611,2
0.911766739,5882.280135,-5883.191902,11.99906833,11.98082905,-105.6780576,2
0.743853586,5314.446617,-5315.190471,9.188805027,9.173923986,-97.12847986,2
0.574883376,4739.06098,-4739.635864,6.365483932,6.353982273,-88.44087721,2
0.405096226,4156.940879,-4157.345975,3.533117136,3.525011203,-79.62759523,2
0.234733412,3568.913536,-3569.14827,0.695729587,0.6910309,-70.70115808,2
0.064037028,2975.814572,-2975.878609,-2.142646632,-2.143931396,-61.67425072,2
-0.106750355,2378.486813,-2378.380063,-4.977978032,-4.975847049,-52.55970088,2
-0.27738604,1777.779094,-1777.501708,-7.806235454,-7.80069175,-43.37046082,2
-0.447627545,1174.545054,-1174.097426,-10.62339979,-10.61445124,-34.11958897,2
-0.617232946,569.6419206,-569.0246877,-13.42546769,-13.41312702,-24.82023131,2
-0.785961226,-36.07070489,36.85666611,-16.20845727,-16.192742,-15.48560275,2
-0.953572611,-641.732072,642.6856446,-18.96841374,-18.94934622,-6.128968296,2
-1.119828918,-1246.481503,1247.601332,-21.70141506,-21.67902238,3.236375756,2
-1.284493887,-1849.459615,1850.744109,-24.40357748,-24.37789146,12.59712074,2
-1.447333519,-2449.809544,2451.256877,-27.07106108,-27.04211822,21.93996453,2
-1.608116412,-3046.678159,3048.286276,-29.70007522,-29.66791665,31.25163042,2
-1.766614083,-3639.217279,3640.983893,-32.28688393,-32.25155536,40.51888604,2
-1.922601298,-4226.584871,4228.507472,-34.82781121,-34.78936283,49.72856211,2
-2.075856392,-4807.946255,4810.022111,-37.31924627,-37.27773272,58.86757117,2
-2.226161581,-5382.475284,5384.701446,-39.75764863,-39.71312891,67.92292619,2
-2.373303272,-5949.355521,5951.728825,-42.1395532,-42.09209057,76.88175901,2
-2.517072369,-6507.781399,6510.298471,-44.46157516,-44.41123706,85.73133865,2
-2.657264569,-7056.959363,7059.616628,-46.72041479,-46.66727276,94.45908936,2
-2.79368065,-7596.109002,7598.902682,-48.91286216,-48.85699171,103.0526085,2
-2.926126759,-8124.464154,8127.390281,-51.03580166,-50.9772822,111.4996843,2
-3.054414681,-8641.273998,8644.328413,-53.08621651,-53.02513119,119.788313,2
-3.178362112,-9145.804119,9148.982481,-55.06119293,-54.99762856,127.9067158,2
-3.297792918,-9637.337551,9640.635344,-56.95792439,-56.89197129,135.8433563,2
-3.412537379,-10115.1758,10118.58834,-58.77371552,-58.70546741,143.5869559,2
-3.522432437,-10578.63983,10582.16226,-60.50598598,-60.43553986,151.1265106,2
-3.627321927,-11027.07104,11030.69836,-62.15227412,-62.0797301,158.4513062,2
-3.727056793,-11459.83217,11463.55922,-63.71024049,-63.63570164,165.5509339,2
-3.821495308,-11876.30825,11880.12975,-65.17767111,-65.10124337,172.4153046,2
-3.910503269,-12275.90745,12279.81796,-66.5524807,-66.47427267,179.0346637,2
-3.993954191,-12658.06192,12662.05587,-67.83271557,-67.75283839,185.3996048,2
-4.071729485,-13022.22858,13026.30031,-69.01655644,-68.93512362,191.5010829,2
-4.143718629,-13367.88995,13372.03367,-70.10232101,-70.01944827,197.3304275,2
-4.209819322,-13694.55481,13698.76463,-71.08846635,-71.00427145,202.8793548,2
-4.269937631,-14001.75896,14006.0289,-71.97359108,-71.88819367,208.1399793,2
-4.323988126,-14289.06585,14293.38984,-72.7564374,-72.66995884,213.1048256,2
-4.371893996,-14556.06719,14560.43909,-73.43589285,-73.34845602,217.7668383,2
-4.413587166,-14802.38357,14806.79715,-74.01099187,-73.92272103,222.1193924,2
-4.449008388,-15027.66494,15032.11395,-74.48091722,-74.39193781,226.1563026,2
-4.478107324,-15231.59118,15236.06929,-74.84500111,-74.75543958,229.8718324,2
-4.500842626,-15413.8725,15418.37334,-75.10272616,-75.01270977,233.2607018,2
-4.517181983,-15574.24986,15578.76705,-75.25372613,-75.1633828,236.3180949,2
-4.527102178,-15712.49536,15717.02247,-75.29778644,-75.20724455,239.039667,2
-4.530589113,-15828.41255,15832.94314,-75.23484447,-75.14423269,241.4215508,2
-4.527637833,-15921.83669,15926.36433,-75.06498967,-74.97443677,243.4603613,2
-4.518252532,-15992.63504,15997.15329,-74.78846341,-74.69809806,245.1532012,2
-4.502446547,-16040.70697,16045.20942,-74.40565865,-74.31560927,246.4976651,2
-4.480242338,-16065.98418,16070.46442,-73.91711938,-73.82751394,247.4918423,2
-4.451671461,-16068.43075,16072.88242,-73.32353984,-73.23450567,248.1343201,2
-4.416774514,-16048.0432,16052.45997,-72.62576354,-72.53742715,248.4241854,2
-4.375601089,-16004.8505,16009.2261,-71.82478205,-71.73726899,248.3610264,2
-4.328209696,-15938.91403,15943.24224,-70.92173362,-70.83516824,247.9449327,2
-4.27466768,-15850.3275,15854.60217,-69.91790152,-69.83240684,247.1764957,2
-4.215051127,-15739.21678,15743.43183,-68.81471226,-68.73040977,246.0568074,2
-4.149444756,-15605.73977,15609.88922,-67.61373353,-67.53074302,244.5874589,2
-4.077941797,-15450.08616,15454.1641,-66.31667199,-66.2351114,242.7705383,2
-4.000643859,-15272.47712,15276.47777,-64.92537082,-64.84535605,240.6086274,2
-3.917660788,-15073.16506,15077.08272,-63.44180715,-63.36345191,238.1047985,2
-3.829110506,-14852.43321,14856.26232,-61.8680892,-61.79150484,235.2626097,2
-3.735118849,-14610.59524,14614.33035,-60.20645331,-60.13174865,232.0860998,2
-3.635819383,-14347.99481,14351.63063,-58.45926075,-58.38654196,228.5797829,2
-3.53135322,-14065.00509,14068.53645,-56.62899439,-56.5583648,224.7486416,2
-3.42186881,-13762.02824,13765.45011,-54.71825512,-54.64981511,220.5981201,2
-3.307521737,-13439.49479,13442.80231,-52.72975823,-52.66360504,216.1341167,2
-3.188474495,-13097.86308,13101.05155,-50.66632946,-50.60255711,211.3629749,2
-3.064896256,-12737.61859,12740.68349,-48.53090106,-48.46960017,206.2914747,2
-2.936962631,-12359.27325,12362.21021,-46.3265076,-46.26776528,200.926823,2
-2.804855423,-11963.3647,11966.16956,-44.05628163,-44.00018136,195.2766434,2
-2.668762361,-11550.45556,11553.12433,-41.72344928,-41.67007078,189.3489649,2
-2.528876842,-11121.13259,11123.66147,-39.33132563,-39.28074475,183.1522112,2
-2.38539765,-10676.00588,10678.39128,-36.88331,-36.83559863,176.6951882,2
-2.238528678,-10215.70799,10217.94652,-34.38288118,-34.33810711,169.9870716,2
-2.088478634,-9740.893011,9742.981489,-31.8335924,-31.79181926,163.0373941,2
-1.935460748,-9252.235692,9254.171152,-29.23906634,-29.20035349,155.8560316,2
-1.779692466,-8750.43044,8752.210132,-26.60298998,-26.56739243,148.4531891,2
-1.621395143,-8236.190347,8237.811742,-23.9291093,-23.89667764,140.8393865,2
-1.46079373,-7710.246177,7711.706971,-21.22122406,-21.19200437,133.0254434,2
-1.298116448,-7173.345326,7174.643443,-18.48318229,-18.4572161,125.0224639,2
-1.133594473,-6626.250758,6627.384353,-15.71887491,-15.69619912,116.8418207,2
-0.967461597,-6069.739926,6070.707388,-12.93223014,-12.91287698,108.4951388,2
-0.799953905,-5504.603661,5505.403615,-10.12720797,-10.11120494,99.99427938,2
-0.631309436,-4931.645053,4932.276362,-7.307794489,-7.295164315,91.35132263,2
-0.461767841,-4351.678307,4352.140075,-4.477996227,-4.468756867,82.57855064,2
-0.291570048,-3765.527589,3765.819159,-1.641834488,-1.635999071,73.68843002,2
-0.120957919,-3174.025849,3174.146807,1.196660388,1.199083569,64.69359411,2
0.049826099,-2578.013646,2577.96382,4.033454744,4.032462246,55.60682505,2
0.22053931,-1978.337943,1978.117404,6.86451734,6.860110574,46.44103566,2
0.390939123,-1375.850915,1375.459976,9.685825082,9.678010309,37.20925101,2
0.560783391,-771.4087268,770.8479434,12.49336874,12.48215706,27.92458999,2
0.729830754,-165.8703247,165.1404939,15.28315863,15.26856599,18.60024659,2
0.897840988,439.9037882,-440.8016292,18.05123032,18.03327744,9.249471223,2
1.064575341,1045.052774,-1046.117349,20.79365022,20.77236263,-0.114448147,2
1.229796874,1648.716682,-1649.946479,23.50652121,23.48192914,-9.478204881,2
1.393270798,2250.037674,-2251.430945,26.18598814,26.15812656,-18.82849257,2
1.554764808,2848.161239,-2849.716004,28.82824336,28.79715184,-28.15202393,2
1.714049413,3442.237411,-3443.95146,31.42953206,31.3952548,-37.43554974,2
1.870898259,4031.421975,-4033.292874,33.98615768,33.94874338,-46.66587757,2
2.025088457,4614.877669,-4616.902757,36.4944871,36.45398893,-55.82989064,2
2.176400893,5191.775368,-5193.951769,38.95095587,38.90743138,-64.91456639,2
2.324620544,5761.295271,-5763.619891,41.35207319,41.30558423,-73.90699498,2
2.469536783,6322.628058,-6325.097594,43.69442696,43.6450396,-82.79439768,2
2.610943674,6874.976044,-6877.586988,45.97468855,45.92247297,-91.56414502,2
2.748640272,7417.554313,-7420.302953,48.1896176,48.13464799,-100.2037747,2
2.882430901,7949.591832,-7952.474263,50.33606656,50.27842105,-108.7010093,2
3.012125439,8470.332545,-8473.344671,52.41098522,52.35074571,-117.0437739,2
3.137539581,8979.036453,-8982.173993,54.411425,54.34867711,-125.2202128,2
3.258495108,9474.980658,-9478.239154,56.33454316,56.26937606,-133.218707,2
3.374820135,9957.460398,-9960.835218,58.17760686,58.11011315,-141.0278901,2
3.486349358,10425.79004,-10429.27639,59.937997,59.86827258,-148.6366648,2
3.592924288,10879.30407,-10882.89699,61.61321196,61.54135593,-156.0342187,2
3.694393475,11317.35801,-11321.0524,63.20087118,63.12698564,-163.2100395,2
3.790612728,11739.32936,-11743.11997,64.6987185,64.62290845,-170.1539298,2
3.881445312,12144.61848,-12148.49993,66.1046254,66.02699857,-176.8560221,2
3.96676215,12532.64944,-12536.6162,67.41659401,67.33726072,-183.3067924,2
4.046442002,12902.87082,-12906.91726,68.63275996,68.55183293,-189.4970736,2
4.120371639,13254.75651,-13258.87688,69.75139499,69.66898923,-195.4180691,2
4.188446002,13587.80647,-13591.99491,70.77090948,70.68714209,-201.0613649,2
4.250568354,13901.54741,-13905.79797,71.68985463,71.60484466,-206.4189414,2
4.306650416,14195.53349,-14199.84014,72.50692458,72.42079282,-211.4831854,2
4.356612492,14469.34694,-14473.70355,73.22095821,73.13382707,-216.2469002,2
4.400383583,14722.59865,-14726.99904,73.83094086,73.74293415,-220.7033163,2
4.437901488,14954.92875,-14959.36665,74.33600571,74.24724849,-224.8461009,2
4.469112893,15166.00708,-15170.47619,74.73543502,74.64605342,-228.6693668,2
4.493973444,15355.53368,-15360.02765,75.02866119,74.93878223,-232.1676812,2
4.512447812,15523.23923,-15527.75168,75.21526752,75.12501893,-235.3360725,2
4.524509745,15668.8854,-15673.40991,75.29498885,75.20449886,-238.1700384,2
4.530142102,15792.26523,-15796.79538,75.26771187,75.17710909,-240.6655516,2
4.52933688,15893.20339,-15897.73273,75.13347536,75.04288853,-242.8190659,2
4.522095221,15971.55644,-15976.07853,74.89247007,74.80202792,-244.6275211,2
4.508427419,16027.21303,-16031.72146,74.54503848,74.45486954,-246.0883471,2
4.488352894,16060.09407,-16064.58243,74.09167431,74.00190671,-247.1994681,2
4.461900174,16070.15285,-16074.61475,73.53302182,73.44378312,-247.9593052,2
4.429106849,16057.37505,-16061.80416,72.86987488,72.7812919,-248.3667785,2
4.390019522,16021.77885,-16026.16887,72.10317586,72.01537448,-248.4213091,2
4.344693736,15963.41482,-15967.75951,71.23401429,71.14711927,-248.1228194,2
4.293193903,15882.36591,-15886.6591,70.26362528,70.17776012,-247.4717335,2
4.235593207,15778.74728,-15782.98288,69.19338781,69.10867452,-246.4689768,2
4.171973501,15652.70619,-15656.87817,68.02482276,67.94138172,-245.1159742,2
4.102425192,15504.42175,-15508.52418,66.75959071,66.6775405,-243.4146484,2
4.027047112,15334.10468,-15338.13173,65.39948962,65.31894684,-241.367417,2
3.945946379,15141.99701,-15145.94296,63.94645229,63.86753138,-238.9771894,2
3.859238239,14928.37173,-14932.23097,62.40254355,62.32535667,-236.247362,2
3.767045911,14693.53242,-14697.29946,60.76995737,60.69461422,-233.1818143,2
3.669500404,14437.81279,-14441.48229,59.05101377,58.9776214,-229.7849024,2
3.566740337,14161.57624,-14165.14298,57.24815544,57.17681815,-226.0614536,2
3.458911736,13865.21532,-13868.67423,55.36394435,55.29476351,-222.0167591,2
3.346167833,13549.15117,-13552.49733,53.40105806,53.33413199,-217.6565667,2
3.228668842,13213.83293,-13217.0616,51.36228595,51.29770975,-212.9870723,2
3.106581736,12859.73711,-12862.84369,49.25052522,49.18839066,-208.0149117,2
2.980080007,12487.3669,-12490.34698,47.0687768,47.00917217,-202.7471505,2
2.849343421,12097.25146,-12100.10081,44.82014108,44.76315108,-197.1912745,2
2.714557763,11689.94517,-11692.65972,42.50781347,42.4535191,-191.3551789,2
2.575914569,11266.02682,-11268.60273,40.13507995,40.08355834,-185.2471572,2
2.43361086,10826.09883,-10828.53244,37.70531227,37.65663666,-178.875889,2
2.287848857,10370.78636,-10373.07421,35.22196328,35.17620283,-172.2504285,2
2.138835695,9900.736442,-9902.875278,32.68856196,32.6457817,-165.3801907,2
1.986783131,9416.617032,-9418.603815,30.1087084,30.06896912,-158.2749386,2
1.831907239,8919.116094,-8920.948001,27.48606872,27.4494269,-150.9447691,2
1.674428107,8408.940604,-8410.615032,24.82436983,24.79087753,-143.4000988,2
1.51456952,7886.815549,-7888.330118,22.12739416,22.09709897,-135.6516492,2
1.352558648,7353.482898,-7354.835456,19.39897424,19.37191923,-127.7104312,2
1.188625716,6809.700545,-6810.88917,16.64298733,16.61921093,-119.5877296,2
1.023003681,6256.241235,-6257.264238,13.86334981,13.84288582,-111.2950873,2
0.855927903,5693.891464,-5694.747392,11.06401172,11.04688921,-102.8442887,2
0.687635804,5123.450361,-5124.137997,8.248951061,8.235194367,-94.24734262,2
0.518366537,4545.728555,-4546.246922,5.422168191,5.411796863,-85.51646595,2
0.348360642,3961.547021,-3961.895381,2.587680124,2.580708899,-76.6640657,2
0.177859708,3371.735911,-3371.913771,-0.250485178,-0.254046393,-67.70272162,2
0.007106026,2777.13338,-2777.140486,-3.088294527,-3.088440672,-58.64516827,2
-0.163657754,2178.58439,-2178.420733,-5.92171524,-5.918446107,-49.50427692,2
-0.334188968,1576.939513,-1576.605324,-8.746720872,-8.740041106,-40.29303729,2
-0.504245281,973.0537185,-972.5494733,-11.55929694,-11.54921603,-31.02453905,2
-0.673585034,367.7851614,-367.1115764,-14.3554466,-14.34197888,-21.71195324,2
-0.841967585,-238.0060385,238.8480061,-17.1311964,-17.114361,-12.36851355,2
-1.009153655,-843.4590188,844.4681725,-19.88260183,-19.86242268,-3.007497534,2
-1.174905662,-1447.713398,1448.888303,-22.60575299,-22.58225876,6.357792303,2
-1.338988063,-2049.910497,2051.249485,-25.29678014,-25.27000422,15.71404737,2
-1.50116769,-2649.194561,2650.695728,-27.95185918,-27.92183962,25.04797191,2
-1.661214075,-3244.713974,3246.375188,-30.5672171,-30.53399656,34.34630192,2
-1.818899784,-3835.622472,3837.441371,-33.13913733,-33.10276302,43.59582395,2
-1.974000736,-4421.08034,4423.05434,-35.66396503,-35.62448864,52.78339393,2
-2.126296526,-5000.255611,5002.381907,-38.13811229,-38.09558992,61.89595582,2
-2.275570732,-5572.325245,5574.600816,-40.55806321,-40.51255527,70.92056017,2
-2.421611228,-6136.4763,6138.897911,-42.92037889,-42.87195007,79.84438252,2
-2.564210481,-6691.907086,6694.471297,-45.22170237,-45.17042148,88.65474164,2
-2.703165851,-7237.828307,7240.531472,-47.45876334,-47.40470325,97.33911752,2
-2.838279874,-7773.464177,7776.302457,-49.62838281,-49.57162035,105.8851692,2
-2.969360547,-8298.053529,8301.02289,-51.72747762,-51.66809345,114.2807522,2
-3.096221595,-8810.850893,8813.947115,-53.75306487,-53.69114337,122.5139361,2
-3.218682744,-9311.127556,9314.346239,-55.70226606,-55.63789524,130.5730209,2
-3.336569968,-9798.172597,9801.509167,-57.57231129,-57.50558262,138.4465543,2
-3.449715743,-10271.2939,10274.74361,-59.36054312,-59.29155141,146.1233476,2
-3.557959284,-10729.81913,10733.37709,-61.06442036,-60.99326367,153.5924917,2
-3.66114677,-11173.0967,11176.75785,-62.68152172,-62.60830116,160.8433724,2
-3.759131566,-11600.49669,11604.25582,-64.20954921,-64.13436883,167.8656858,2
-3.85177443,-12011.41174,12015.26351,-65.64633142,-65.56929805,174.6494529,2
-3.938943712,-12405.25791,12409.19686,-66.98982659,-66.91104971,181.1850336,2
-4.02051554,-12781.47554,12785.49605,-68.23812556,-68.15771711,187.4631405,2
-4.096373994,-13139.52999,13143.62636,-69.38945442,-69.30752866,193.474852,2
-4.166411278,-13478.91245,13483.07886,-70.44217706,-70.35885042,199.2116251,2
-4.230527863,-13799.14063,13803.37116,-71.39479752,-71.31018841,204.6653076,2
-4.288632636,-14099.75948,14104.04812,-72.24596207,-72.16019071,209.8281495,2
-4.340643028,-14380.34181,14384.68245,-72.99446114,-72.90764944,214.6928141,2
-4.386485128,-14640.48887,14644.87536,-73.6392311,-73.5515024,219.2523885,2
-4.426093793,-14879.83101,14884.2571,-74.17935568,-74.09083466,223.5003933,2
-4.459412737,-15098.02809,15102.4875,-74.61406733,-74.52487979,227.4307917,2
-4.486394611,-15294.77004,15299.25644,-74.94274831,-74.85302098,231.0379986,2
-4.507001073,-15469.77729,15474.28429,-75.16493155,-75.07479194,234.3168878,2
-4.521202839,-15622.80114,15627.32235,-75.28030131,-75.18987751,237.2627999,2
-4.528979729,-15753.62414,15758.15312,-75.28869363,-75.19811415,239.8715486,2
-4.530320691,-15862.06037,15866.59069,-75.19009661,-75.09949015,242.1394267,2
-4.52522382,-15947.95575,15952.48097,-74.98465034,-74.89414567,244.0632114,2
-4.513696358,-16011.18821,16015.70191,-74.67264678,-74.58237251,245.6401689,2
-4.495754686,-16051.66789,16056.16365,-74.25452931,-74.16461372,246.8680583,2
-4.471424301,-16069.33728,16073.8087,-73.73089208,-73.64146295,247.7451347,2
-4.440739777,-16064.17126,16068.612,-73.10247923,-73.01366363,248.2701517,2
-4.403744719,-16036.17717,16040.58092,-72.37018375,-72.28210791,248.4423632,2
-4.360491699,-15985.3948,15989.75529,-71.53504628,-71.44783535,248.2615245,2
-4.311042182,-15911.89631,15916.20735,-70.59825359,-70.51203151,247.7278927,2
-4.255466437,-15815.78614,15820.0416,-69.56113692,-69.47602621,246.8422259,2
-4.193843442,-15697.20087,15701.39472,-68.42517008,-68.34129168,245.6057828,2
-4.126260766,-15556.30902,15560.43528,-67.19196732,-67.10944044,244.0203205,2
-4.052814448,-15393.31081,15397.36362,-65.86328109,-65.78222301,242.0880919,2
-3.973608859,-15208.43786,15212.41147,-64.44099954,-64.36152543,239.8118429,2
-3.888756553,-15001.95289,15005.84164,-62.92714381,-62.84936661,237.1948082,2
-3.798378113,-14774.14932,14777.9477,-61.32386516,-61.2478954,234.2407066,2
-3.702601969,-14525.35087,14529.05348,-59.63344194,-59.55938758,230.9537362,2
-3.601564225,-14255.91111,14259.51268,-57.85827634,-57.78624261,227.3385679,2
-3.495408461,-13966.21292,13969.70833,-56.00089096,-55.93098023,223.4003391,2
-3.38428553,-13656.66797,13660.05226,-54.06392525,-53.99623687,219.1446461,2
-3.268353345,-13327.71616,13330.98451,-52.05013175,-51.98476189,214.5775367,2
-3.14777665,-12979.82493,12982.9727,-49.96237216,-49.89941373,209.7055007,2
-3.022726793,-12613.48865,12616.51138,-47.8036133,-47.74315577,204.5354619,2
-2.893381476,-12229.22792,12232.12131,-45.5769229,-45.51905217,199.0747669,2
-2.759924505,-11827.58879,11830.34872,-43.28546519,-43.23026351,193.3311758,2
-2.62254553,-11409.14201,11411.76455,-40.93249647,-40.88004228,187.3128505,2
-2.481439775,-10974.48221,10976.96365,-38.52136043,-38.47172827,181.0283434,2
-2.336807758,-10524.22707,10526.56388,-36.05548343,-36.00874383,174.4865851,2
-2.188855009,-10059.01643,10061.20529,-33.53836962,-33.494589,167.6968718,2
-2.037791778,-9579.511379,9581.549171,-30.97359595,-30.93283652,160.6688521,2
-1.883832733,-9086.393316,9088.277149,-28.3648071,-28.32712678,153.4125132,2
-1.727196658,-8580.362991,8582.090188,-25.71571031,-25.68116266,145.9381666,2
-1.568106143,-8062.139501,8063.707607,-23.03007009,-22.99870419,138.256434,2
-1.406787263,-7532.459269,7533.866056,-20.31170288,-20.28356331,130.3782314,2
-1.243469261,-6992.075,6993.318469,-17.56447162,-17.53959837,122.3147542,2
-1.078384222,-6441.75461,6442.832995,-14.7922803,-14.7707087,114.0774611,2
-0.911766739,-5882.280135,5883.191902,-11.99906833,-11.98082905,105.6780576,2
-0.743853586,-5314.446617,5315.190471,-9.188805027,-9.173923986,97.12847986,2
-0.574883376,-4739.06098,4739.635864,-6.365483932,-6.353982273,88.44087721,2
-0.405096226,-4156.940879,4157.345975,-3.533117136,-3.525011203,79.62759523,2
-0.234733412,-3568.913536,3569.14827,-0.695729587,-0.6910309,70.70115808,2
-0.064037028,-2975.814572,2975.878609,2.142646632,2.143931396,61.67425072,2
0.106750355,-2378.486813,2378.380063,4.977978032,4.975847049,52.55970088,2
0.27738604,-1777.779094,1777.501708,7.806235454,7.80069175,43.37046082,2
0.447627545,-1174.545054,1174.097426,10.62339979,10.61445124,34.11958897,2
0.617232946,-569.6419206,569.0246877,13.42546769,13.41312702,24.82023131,2
0.785961226,36.07070489,-36.85666611,16.20845727,16.192742,15.48560275,2
0.953572611,641.732072,-642.6856446,18.96841374,18.94934622,6.128968296,2
1.119828918,1246.481503,-1247.601332,21.70141506,21.67902238,-3.236375756,2
1.284493887,1849.459615,-1850.744109,24.40357748,24.37789146,-12.59712074,2
1.447333519,2449.809544,-2451.256877,27.07106108,27.04211822,-21.93996453,2
1.608116412,3046.678159,-3048.286276,29.70007522,29.66791665,-31.25163042,2
1.766614083,3639.217279,-3640.983893,32.28688393,32.25155536,-40.51888604,2
1.922601298,4226.584871,-4228.507472,34.82781121,34.78936283,-49.72856211,2
2.075856392,4807.946255,-4810.022111,37.31924627,37.27773272,-58.86757117,2
2.226161581,5382.475284,-5384.701446,39.75764863,39.71312891,-67.92292619,2
2.373303272,5949.355521,-5951.728825,42.1395532,42.09209057,-76.88175901,2
2.517072369,6507.781399,-6510.298471,44.46157516,44.41123706,-85.73133865,2
2.657264569,7056.959363,-7059.616628,46.72041479,46.66727276,-94.45908936,2
2.79368065,7596.109002,-7598.902682,48.91286216,48.85699171,-103.0526085,2
2.926126759,8124.464154,-8127.390281,51.03580166,50.9772822,-111.4996843,2
3.054414681,8641.273998,-8644.328413,53.08621651,53.02513119,-119.788313,2
3.178362112,9145.804119,-9148.982481,55.06119293,54.99762856,-127.9067158,2
3.297792918,9637.337551,-9640.635344,56.95792439,56.89197129,-135.8433563,2
3.412537379,10115.1758,-10118.58834,58.77371552,58.70546741,-143.5869559,2
3.522432437,10578.63983,-10582.16226,60.50598598,60.43553986,-151.1265106,2
3.627321927,11027.07104,-11030.69836,62.15227412,62.0797301,-158.4513062,2
3.727056793,11459.83217,-11463.55922,63.71024049,63.63570164,-165.5509339,2
3.821495308,11876.30825,-11880.12975,65.17767111,65.10124337,-172.4153046,2
3.910503269,12275.90745,-12279.81796,66.5524807,66.47427267,-179.0346637,2
3.993954191,12658.06192,-12662.05587,67.83271557,67.75283839,-185.3996048,2
4.071729485,13022.22858,-13026.30031,69.01655644,68.93512362,-191.5010829,2
4.143718629,13367.88995,-13372.03367,70.10232101,70.01944827,-197.3304275,2
4.209819322,13694.55481,-13698.76463,71.08846635,71.00427145,-202.8793548,2
4.269937631,14001.75896,-14006.0289,71.97359108,71.88819367,-208.1399793,2
4.323988126,14289.06585,-14293.38984,72.7564374,72.66995884,-213.1048256,2
4.371893996,14556.06719,-14560.43909,73.43589285,73.34845602,-217.7668383,2
4.413587166,14802.38357,-14806.79715,74.01099187,73.92272103,-222.1193924,2
4.449008388,15027.66494,-15032.11395,74.48091722,74.39193781,-226.1563026,2
4.478107324,15231.59118,-15236.06929,74.84500111,74.75543958,-229.8718324,2
4.500842626,15413.8725,-15418.37334,75.10272616,75.01270977,-233.2607018,2
4.517181983,15574.24986,-15578.76705,75.25372613,75.1633828,-236.3180949,2
4.527102178,15712.49536,-15717.02247,75.29778644,75.20724455,-239.039667,2
4.530589113,15828.41255,-15832.94314,75.23484447,75.14423269,-241.4215508,2
4.527637833,15921.83669,-15926.36433,75.06498967,74.97443677,-243.4603613,2
4.518252532,15992.63504,-15997.15329,74.78846341,74.69809806,-245.1532012,2
4.502446547,16040.70697,-16045.20942,74.40565865,74.31560927,-246.4976651,2
4.480242338,16065.98418,-16070.46442,73.91711938,73.82751394,-247.4918423,2
4.451671461,16068.43075,-16072.88242,73.32353984,73.23450567,-248.1343201,2
4.416774514,16048.0432,-16052.45997,72.62576354,72.53742715,-248.4241854,2
4.375601089,16004.8505,-16009.2261,71.82478205,71.73726899,-248.3610264,2
4.328209696,15938.91403,-15943.24224,70.92173362,70.83516824,-247.9449327,2
4.27466768,15850.3275,-15854.60217,69.91790152,69.83240684,-247.1764957,2
4.215051127,15739.21678,-15743.43183,68.81471226,68.73040977,-246.0568074,2
4.149444756,15605.73977,-15609.88922,67.61373353,67.53074302,-244.5874589,2
4.077941797,15450.08616,-15454.1641,66.31667199,66.2351114,-242.7705383,2
4.00064386,15272.47712,-15276.47777,64.92537082,64.84535605,-240.6086274,2
3.917660788,15073.16506,-15077.08272,63.44180715,63.36345191,-238.1047985,2
3.829110506,14852.43321,-14856.26232,61.8680892,61.79150484,-235.2626097,2
3.735118849,14610.59524,-14614.33035,60.20645331,60.13174865,-232.0860998,2
3.635819384,14347.99481,-14351.63063,58.45926075,58.38654196,-228.5797829,2
3.53135322,14065.00509,-14068.53645,56.62899439,56.5583648,-224.7486416,2
3.42186881,13762.02824,-13765.45011,54.71825512,54.64981511,-220.5981201,2
3.307521737,13439.49479,-13442.80231,52.72975823,52.66360504,-216.1341167,2
3.188474495,13097.86308,-13101.05155,50.66632946,50.60255711,-211.3629749,2
3.064896256,12737.61859,-12740.68349,48.53090106,48.46960017,-206.2914747,2
2.936962631,12359.27325,-12362.21021,46.3265076,46.26776528,-200.926823,2
2.804855423,11963.3647,-11966.16956,44.05628163,44.00018136,-195.2766434,2
2.668762361,11550.45556,-11553.12433,41.72344928,41.67007078,-189.3489649,2
2.528876842,11121.13259,-11123.66147,39.33132563,39.28074475,-183.1522112,2
2.38539765,10676.00588,-10678.39128,36.88331,36.83559863,-176.6951882,2
2.238528678,10215.70799,-10217.94652,34.38288118,34.33810711,-169.9870716,2
2.088478634,9740.893011,-9742.981489,31.8335924,31.79181926,-163.0373941,2
1.935460748,9252.235692,-9254.171152,29.23906634,29.20035349,-155.8560316,2
1.779692466,8750.43044,-8752.210132,26.60298998,26.56739243,-148.4531891,2
1.621395143,8236.190347,-8237.811742,23.9291093,23.89667764,-140.8393865,2
1.46079373,7710.246177,-7711.706971,21.22122406,21.19200437,-133.0254434,2
1.298116448,7173.345326,-7174.643443,18.48318229,18.4572161,-125.0224639,2
1.133594472,6626.250758,-6627.384353,15.71887491,15.69619912,-116.8418207,2
0.967461597,6069.739926,-6070.707388,12.93223014,12.91287698,-108.4951388,2
0.799953905,5504.603661,-5505.403615,10.12720797,10.11120494,-99.99427938,2
0.631309436,4931.645053,-4932.276362,7.307794489,7.295164315,-91.35132263,2
0.461767841,4351.678307,-4352.140075,4.477996227,4.468756867,-82.57855064,2
0.291570048,3765.527589,-3765.819159,1.641834488,1.635999071,-73.68843002,2
0.120957919,3174.025849,-3174.146807,-1.196660388,-1.199083569,-64.69359411,2
-0.049826099,2578.013646,-2577.96382,-4.033454744,-4.032462246,-55.60682505,2
-0.22053931,1978.337943,-1978.117404,-6.86451734,-6.860110574,-46.44103566,2
-0.390939123,1375.850915,-1375.459976,-9.685825082,-9.678010309,-37.20925101,2
-0.560783391,771.4087268,-770.8479434,-12.49336874,-12.48215706,-27.92458999,2
-0.729830754,165.8703247,-165.1404939,-15.28315863,-15.26856599,-18.60024659,2
-0.897840988,-439.9037882,440.8016292,-18.05123032,-18.03327744,-9.249471223,2
-1.064575341,-1045.052774,1046.117349,-20.79365022,-20.77236263,0.114448147,2
-1.229796874,-1648.716682,1649.946479,-23.50652121,-23.48192914,9.478204881,2
-1.393270798,-2250.037674,2251.430945,-26.18598814,-26.15812656,18.82849257,2
-1.554764808,-2848.161239,2849.716004,-28.82824336,-28.79715184,28.15202393,2
-1.714049413,-3442.237411,3443.95146,-31.42953206,-31.3952548,37.43554974,2
-1.870898259,-4031.421975,4033.292874,-33.98615768,-33.94874338,46.66587757,2
-2.025088457,-4614.877669,4616.902757,-36.4944871,-36.45398893,55.82989064,2
-2.176400893,-5191.775368,5193.951769,-38.95095587,-38.90743138,64.91456639,2
-2.324620544,-5761.295271,5763.619891,-41.35207319,-41.30558423,73.90699498,2
-2.469536783,-6322.628058,6325.097594,-43.69442696,-43.6450396,82.79439768,2
-2.610943674,-6874.976044,6877.586988,-45.97468855,-45.92247297,91.56414502,2
-2.748640272,-7417.554313,7420.302953,-48.1896176,-48.13464799,100.2037747,2
-2.882430901,-7949.591832,7952.474263,-50.33606656,-50.27842105,108.7010093,2
-3.012125439,-8470.332545,8473.344671,-52.41098522,-52.35074571,117.0437739,2
-3.137539581,-8979.036453,8982.173993,-54.411425,-54.34867711,125.2202128,2
-3.258495108,-9474.980658,9478.239154,-56.33454316,-56.26937606,133.218707,2
-3.374820135,-9957.460398,9960.835218,-58.17760686,-58.11011315,141.0278901,2
-3.486349358,-10425.79004,10429.27639,-59.937997,-59.86827258,148.6366648,2
-3.592924287,-10879.30407,10882.89699,-61.61321196,-61.54135593,156.0342187,2
-3.694393475,-11317.35801,11321.0524,-63.20087118,-63.12698564,163.2100395,2
-3.790612728,-11739.32936,11743.11997,-64.6987185,-64.62290845,170.1539298,2
-3.881445312,-12144.61848,12148.49993,-66.1046254,-66.02699857,176.8560221,2
-3.96676215,-12532.64944,12536.6162,-67.41659401,-67.33726072,183.3067924,2
-4.046442002,-12902.87082,12906.91726,-68.63275996,-68.55183293,189.4970736,2
-4.120371639,-13254.75651,13258.87688,-69.75139499,-69.66898923,195.4180691,2
-4.188446002,-13587.80647,13591.99491,-70.77090948,-70.68714209,201.0613649,2
-4.250568354,-13901.54741,13905.79797,-71.68985463,-71.60484466,206.4189414,2
-4.306650416,-14195.53349,14199.84014,-72.50692458,-72.42079282,211.4831854,2
-4.356612492,-14469.34694,14473.70355,-73.22095821,-73.13382707,216.2469002,2
-4.400383583,-14722.59865,14726.99904,-73.83094086,-73.74293415,220.7033163,2
-4.437901488,-14954.92875,14959.36665,-74.33600571,-74.24724849,224.8461009,2
-4.469112893,-15166.00708,15170.47619,-74.73543502,-74.64605342,228.6693668,2
-4.493973444,-15355.53368,15360.02765,-75.02866119,-74.93878223,232.1676812,2
-4.512447812,-15523.23923,15527.75168,-75.21526752,-75.12501893,235.3360725,2
-4.524509745,-15668.8854,15673.40991,-75.29498885,-75.20449886,238.1700384,2
-4.530142102,-15792.26523,15796.79538,-75.26771187,-75.17710909,240.6655516,2
-4.52933688,-15893.20339,15897.73273,-75.13347536,-75.04288853,242.8190659,2
-4.522095221,-15971.55644,15976.07853,-74.89247007,-74.80202792,244.6275211,2
-4.508427419,-16027.21303,16031.72146,-74.54503848,-74.45486954,246.0883471,2
-4.488352894,-16060.09407,16064.58243,-74.09167431,-74.00190671,247.1994681,2
-4.461900174,-16070.15285,16074.61475,-73.53302182,-73.44378312,247.9593052,2
-4.429106849,-16057.37505,16061.80416,-72.86987488,-72.7812919,248.3667785,2
-4.390019522,-16021.77885,16026.16887,-72.10317586,-72.01537448,248.4213091,2
-4.344693736,-15963.41482,15967.75951,-71.23401429,-71.14711927,248.1228194,2
-4.293193903,-15882.36591,15886.6591,-70.26362528,-70.17776012,247.4717335,2
-4.235593207,-15778.74728,15782.98288,-69.19338781,-69.10867452,246.4689768,2
-4.171973501,-15652.70619,15656.87817,-68.02482276,-67.94138172,245.1159742,2
-4.102425192,-15504.42175,15508.52418,-66.75959071,-66.6775405,243.4146484,2
-4.027047112,-15334.10468,15338.13173,-65.39948962,-65.31894684,241.367417,2
-3.945946379,-15141.99701,15145.94296,-63.94645229,-63.86753138,238.9771894,2
-3.859238239,-14928.37173,14932.23097,-62.40254355,-62.32535667,236.247362,2
-3.767045911,-14693.53242,14697.29946,-60.76995737,-60.69461422,233.1818143,2
-3.669500404,-14437.81279,14441.48229,-59.05101377,-58.9776214,229.7849024,2
-3.566740337,-14161.57624,14165.14298,-57.24815544,-57.17681815,226.0614536,2
-3.458911736,-13865.21532,13868.67423,-55.36394435,-55.29476351,222.0167591,2
-3.346167833,-13549.15117,13552.49733,-53.40105806,-53.33413199,217.6565667,2
-3.228668842,-13213.83293,13217.0616,-51.36228595,-51.29770975,212.9870723,2
-3.106581736,-12859.73711,12862.84369,-49.25052522,-49.18839066,208.0149117,2
-2.980080007,-12487.3669,12490.34698,-47.0687768,-47.00917217,202.7471505,2
-2.849343421,-12097.25146,12100.10081,-44.82014108,-44.76315108,197.1912745,2
-2.714557763,-11689.94517,11692.65972,-42.50781347,-42.4535191,191.3551789,2
-2.575914569,-11266.02682,11268.60273,-40.13507995,-40.08355834,185.2471572,2
-2.43361086,-10826.09883,10828.53244,-37.70531227,-37.65663666,178.875889,2
-2.287848857,-10370.78636,10373.07421,-35.22196328,-35.17620283,172.2504285,2
-2.138835695,-9900.736442,9902.875278,-32.68856196,-32.6457817,165.3801907,2
-1.986783131,-9416.617032,9418.603815,-30.1087084,-30.06896912,158.2749386,2
-1.831907239,-8919.116094,8920.948001,-27.48606872,-27.4494269,150.9447691,2
-1.674428107,-8408.940604,8410.615032,-24.82436983,-24.79087753,143.4000988,2
-1.51456952,-7886.815549,7888.330118,-22.12739416,-22.09709897,135.6516492,2
-1.352558648,-7353.482898,7354.835456,-19.39897424,-19.37191923,127.7104312,2
-1.188625716,-6809.700545,6810.88917,-16.64298733,-16.61921093,119.5877296,2
-1.023003681,-6256.241235,6257.264238,-13.86334981,-13.84288582,111.2950873,2
-0.855927903,-5693.891464,5694.747392,-11.06401172,-11.04688921,102.8442887,2
-0.687635804,-5123.450361,5124.137997,-8.248951061,-8.235194367,94.24734262,2
-0.518366537,-4545.728555,4546.246922,-5.422168191,-5.411796863,85.51646595,2
-0.348360642,-3961.547021,3961.895381,-2.587680124,-2.580708899,76.6640657,2
-0.177859708,-3371.735911,3371.913771,0.250485178,0.254046393,67.70272162,2
-0.007106026,-2777.13338,2777.140486,3.088294527,3.088440672,58.64516827,2
0.163657754,-2178.58439,2178.420733,5.92171524,5.918446107,49.50427692,2
0.334188968,-1576.939513,1576.605324,8.746720872,8.740041106,40.29303729,2
0.504245281,-973.0537185,972.5494733,11.55929694,11.54921603,31.02453905,2
0.673585034,-367.7851614,367.1115764,14.3554466,14.34197888,21.71195324,2
0.841967585,238.0060385,-238.8480061,17.1311964,17.114361,12.36851355,2
1.009153655,843.4590188,-844.4681725,19.88260183,19.86242268,3.007497534,2
1.174905662,1447.713398,-1448.888303,22.60575299,22.58225876,-6.357792303,2
1.338988063,2049.910497,-2051.249485,25.29678014,25.27000422,-15.71404737,2
1.50116769,2649.194561,-2650.695728,27.95185918,27.92183962,-25.04797191,2
1.661214075,3244.713974,-3246.375188,30.5672171,30.53399656,-34.34630192,2
1.818899784,3835.622472,-3837.441371,33.13913733,33.10276302,-43.59582395,2
1.974000736,4421.08034,-4423.05434,35.66396503,35.62448864,-52.78339393,2
2.126296526,5000.255611,-5002.381907,38.13811229,38.09558992,-61.89595582,2
2.275570732,5572.325245,-5574.600816,40.55806321,40.51255527,-70.92056017,2
2.421611228,6136.4763,-6138.897911,42.92037889,42.87195007,-79.84438252,2
2.564210481,6691.907086,-6694.471297,45.22170237,45.17042148,-88.65474164,2
2.703165851,7237.828307,-7240.531472,47.45876334,47.40470325,-97.33911752,2
2.838279874,7773.464177,-7776.302457,49.62838281,49.57162035,-105.8851692,2
2.969360547,8298.053529,-8301.02289,51.72747762,51.66809345,-114.2807522,2
3.096221595,8810.850893,-8813.947115,53.75306487,53.69114337,-122.5139361,2
3.218682744,9311.127556,-9314.346239,55.70226606,55.63789524,-130.5730209,2
3.336569968,9798.172597,-9801.509167,57.57231129,57.50558262,-138.4465543,2
3.449715743,10271.2939,-10274.74361,59.36054312,59.29155141,-146.1233476,2
3.557959284,10729.81913,-10733.37709,61.06442036,60.99326367,-153.5924917,2
3.66114677,11173.0967,-11176.75785,62.68152172,62.60830116,-160.8433724,2
3.759131566,11600.49669,-11604.25582,64.20954921,64.13436883,-167.8656858,2
3.85177443,12011.41174,-12015.26351,65.64633142,65.56929805,-174.6494529,2
3.938943712,12405.25791,-12409.19686,66.98982659,66.91104971,-181.1850336,2
4.02051554,12781.47554,-12785.49605,68.23812556,68.15771711,-187.4631405,2
4.096373994,13139.52999,-13143.62636,69.38945442,69.30752866,-193.474852,2
4.166411278,13478.91245,-13483.07886,70.44217706,70.35885042,-199.2116251,2
4.230527863,13799.14063,-13803.37116,71.39479752,71.31018841,-204.6653076,2
4.288632636,14099.75948,-14104.04812,72.24596207,72.16019071,-209.8281495,2
4.340643028,14380.34181,-14384.68245,72.99446114,72.90764944,-214.6928141,2
4.386485128,14640.48887,-14644.87536,73.6392311,73.5515024,-219.2523885,2
4.426093793,14879.83101,-14884.2571,74.17935568,74.09083466,-223.5003933,2
4.459412737,15098.02809,-15102.4875,74.61406733,74.52487979,-227.4307917,2
4.486394611,15294.77004,-15299.25644,74.94274831,74.85302098,-231.0379986,2
4.507001073,15469.77729,-15474.28429,75.16493155,75.07479194,-234.3168878,2
4.521202839,15622.80114,-15627.32235,75.28030131,75.18987751,-237.2627999,2
4.528979729,15753.62414,-15758.15312,75.28869363,75.19811415,-239.8715486,2
4.530320691,15862.06037,-15866.59069,75.19009661,75.09949015,-242.1394267,2
4.52522382,15947.95575,-15952.48097,74.98465034,74.89414567,-244.0632114,2
4.513696358,16011.18821,-16015.70191,74.67264678,74.58237251,-245.6401689,2
4.495754686,16051.66789,-16056.16365,74.25452931,74.16461372,-246.8680583,2
4.471424301,16069.33728,-16073.8087,73.73089208,73.64146295,-247.7451347,2
4.440739777,16064.17126,-16068.612,73.10247923,73.01366363,-248.2701517,2
4.403744719,16036.17717,-16040.58092,72.37018375,72.28210791,-248.4423632,2
4.360491699,15985.3948,-15989.75529,71.53504628,71.44783535,-248.2615245,2
4.311042181,15911.89631,-15916.20735,70.59825359,70.51203151,-247.7278927,2
4.255466437,15815.78614,-15820.0416,69.56113692,69.47602621,-246.8422259,2
4.193843442,15697.20087,-15701.39472,68.42517008,68.34129168,-245.6057828,2
4.126260766,15556.30902,-15560.43528,67.19196732,67.10944044,-244.0203205,2
4.052814448,15393.31081,-15397.36362,65.86328109,65.78222301,-242.0880919,2
3.973608859,15208.43786,-15212.41147,64.44099954,64.36152543,-239.8118429,2
3.888756553,15001.95289,-15005.84164,62.92714381,62.84936661,-237.1948082,2
3.798378113,14774.14932,-14777.9477,61.32386516,61.2478954,-234.2407066,2
3.702601969,14525.35087,-14529.05348,59.63344194,59.55938758,-230.9537362,2
3.601564225,14255.91111,-14259.51268,57.85827634,57.78624261,-227.3385679,2
3.495408461,13966.21292,-13969.70833,56.00089096,55.93098023,-223.4003391,2
3.38428553,13656.66797,-13660.05226,54.06392525,53.99623687,-219.1446461,2
3.268353345,13327.71616,-13330.98451,52.05013175,51.98476189,-214.5775367,2
3.14777665,12979.82493,-12982.9727,49.96237216,49.89941373,-209.7055007,2
3.022726793,12613.48865,-12616.51138,47.8036133,47.74315577,-204.5354619,2
2.893381476,12229.22792,-12232.12131,45.5769229,45.51905217,-199.0747669,2
2.759924505,11827.58879,-11830.34872,43.28546519,43.23026351,-193.3311758,2
2.62254553,11409.14201,-11411.76455,40.93249647,40.88004228,-187.3128505,2
2.481439775,10974.48221,-10976.96365,38.52136043,38.47172827,-181.0283434,2
2.336807758,10524.22707,-10526.56388,36.05548343,36.00874383,-174.4865851,2
2.188855009,10059.01643,-10061.20529,33.53836962,33.494589,-167.6968718,2
2.037791778,9579.511379,-9581.549171,30.97359595,30.93283652,-160.6688521,2
1.883832733,9086.393316,-9088.277149,28.3648071,28.32712678,-153.4125132,2
1.727196658,8580.362991,-8582.090188,25.71571031,25.68116266,-145.9381666,2
1.568106143,8062.139501,-8063.707607,23.03007009,22.99870419,-138.256434,2
1.406787263,7532.459269,-7533.866056,20.31170288,20.28356331,-130.3782314,2
1.243469261,6992.075,-6993.318469,17.56447162,17.53959837,-122.3147542,2
1.078384222,6441.75461,-6442.832995,14.7922803,14.7707087,-114.0774611,2
0.911766739,5882.280135,-5883.191902,11.99906833,11.98082905,-105.6780576,2
0.743853586,5314.446617,-5315.190471,9.188805027,9.173923986,-97.12847986,2
0.574883376,4739.06098,-4739.635864,6.365483932,6.353982273,-88.44087721,2
0.405096226,4156.940879,-4157.345975,3.533117136,3.525011203,-79.62759523,2
0.234733412,3568.913536,-3569.14827,0.695729587,0.6910309,-70.70115808,2
0.064037028,2975.814572,-2975.878609,-2.142646632,-2.143931396,-61.67425072,2
-0.106750355,2378.486813,-2378.380063,-4.977978032,-4.975847049,-52.55970088,2
-0.27738604,1777.779094,-1777.501708,-7.806235454,-7.80069175,-43.37046082,2
-0.447627545,1174.545054,-1174.097426,-10.62339979,-10.61445124,-34.11958897,2
-0.617232946,569.6419206,-569.0246877,-13.42546769,-13.41312702,-24.82023131,2
-0.785961226,-36.07070489,36.85666611,-16.20845727,-16.192742,-15.48560275,2
-0.953572611,-641.732072,642.6856446,-18.96841374,-18.94934622,-6.128968296,2
-1.119828918,-1246.481503,1247.601332,-21.70141506,-21.67902238,3.236375756,2
-1.284493887,-1849.459615,1850.744109,-24.40357748,-24.37789146,12.59712074,2
-1.447333519,-2449.809544,2451.256877,-27.07106108,-27.04211822,21.93996453,2
-1.608116412,-3046.678159,3048.286276,-29.70007522,-29.66791665,31.25163042,2
-1.766614083,-3639.217279,3640.983893,-32.28688393,-32.25155536,40.51888604,2
-1.922601298,-4226.584871,4228.507472,-34.82781121,-34.78936283,49.72856211,2
-2.075856392,-4807.946255,4810.022111,-37.31924627,-37.27773272,58.86757117,2
-2.226161581,-5382.475284,5384.701446,-39.75764863,-39.71312891,67.92292619,2
-2.373303272,-5949.355521,5951.728825,-42.1395532,-42.09209057,76.88175901,2
-2.517072369,-6507.781399,6510.298471,-44.46157516,-44.41123706,85.73133865,2
-2.657264569,-7056.959363,7059.616628,-46.72041479,-46.66727276,94.45908936,2
-2.79368065,-7596.109002,7598.902682,-48.91286216,-48.85699171,103.0526085,2
-2.926126759,-8124.464154,8127.390281,-51.03580166,-50.9772822,111.4996843,2
-3.054414681,-8641.273998,8644.328413,-53.08621651,-53.02513119,119.788313,2
-3.178362112,-9145.804119,9148.982481,-55.06119293,-54.99762856,127.9067158,2
-3.297792918,-9637.337551,9640.635344,-56.95792439,-56.89197129,135.8433563,2
-3.412537379,-10115.1758,10118.58834,-58.77371552,-58.70546741,143.5869559,2
-3.522432437,-10578.63983,10582.16226,-60.50598598,-60.43553986,151.1265106,2
-3.627321927,-11027.07104,11030.69836,-62.15227412,-62.0797301,158.4513062,2
-3.727056793,-11459.83217,11463.55922,-63.71024049,-63.63570164,165.5509339,2
-3.821495308,-11876.30825,11880.12975,-65.17767111,-65.10124337,172.4153046,2
-3.910503269,-12275.90745,12279.81796,-66.5524807,-66.47427267,179.0346637,2
-3.993954191,-12658.06192,12662.05587,-67.83271557,-67.75283839,185.3996048,2
-4.071729485,-13022.22858,13026.30031,-69.01655644,-68.93512362,191.5010829,2
-4.143718629,-13367.88995,13372.03367,-70.10232101,-70.01944827,197.3304275,2
-4.209819322,-13694.55481,13698.76463,-71.08846635,-71.00427145,202.8793548,2
-4.269937631,-14001.75896,14006.0289,-71.97359108,-71.88819367,208.1399793,2
-4.323988126,-14289.06585,14293.38984,-72.7564374,-72.66995884,213.1048256,2
-4.371893996,-14556.06719,14560.43909,-73.43589285,-73.34845602,217.7668383,2
-4.413587166,-14802.38357,14806.79715,-74.01099187,-73.92272103,222.1193924,2
-4.449008388,-15027.66494,15032.11395,-74.48091722,-74.39193781,226.1563026,2
-4.478107324,-15231.59118,15236.06929,-74.84500111,-74.75543958,229.8718324,2
-4.500842626,-15413.8725,15418.37334,-75.10272616,-75.01270977,233.2607018,2
-4.517181983,-15574.24986,15578.76705,-75.25372613,-75.1633828,236.3180949,2
-4.527102178,-15712.49536,15717.02247,-75.29778644,-75.20724455,239.039667,2
-4.530589113,-15828.41255,15832.94314,-75.23484447,-75.14423269,241.4215508,2
-4.527637833,-15921.83669,15926.36433,-75.06498967,-74.97443677,243.4603613,2
-4.518252532,-15992.63504,15997.15329,-74.78846341,-74.69809806,245.1532012,2
-4.502446547,-16040.70697,16045.20942,-74.40565865,-74.31560927,246.4976651,2
-4.480242338,-16065.98418,16070.46442,-73.91711938,-73.82751394,247.4918423,2
-4.451671461,-16068.43075,16072.88242,-73.32353984,-73.23450567,248.1343201,2
-4.416774514,-16048.0432,16052.45997,-72.62576354,-72.53742715,248.4241854,2
-4.375601089,-16004.8505,16009.2261,-71.82478205,-71.73726899,248.3610264,2
-4.328209696,-15938.91403,15943.24224,-70.92173362,-70.83516824,247.9449327,2
-4.27466768,-15850.3275,15854.60217,-69.91790152,-69.83240684,247.1764957,2
-4.215051127,-15739.21678,15743.43183,-68.81471226,-68.73040977,246.0568074,2
-4.149444756,-15605.73977,15609.88922,-67.61373353,-67.53074302,244.5874589,2
-4.077941797,-15450.08616,15454.1641,-66.31667199,-66.2351114,242.7705383,2
-4.000643859,-15272.47712,15276.47777,-64.92537082,-64.84535605,240.6086274,2
-3.917660788,-15073.16506,15077.08272,-63.44180715,-63.36345191,238.1047985,2
-3.829110506,-14852.43321,14856.26232,-61.8680892,-61.79150484,235.2626097,2
-3.735118849,-14610.59524,14614.33035,-60.20645331,-60.13174865,232.0860998,2
-3.635819384,-14347.99481,14351.63063,-58.45926075,-58.38654196,228.5797829,2
-3.53135322,-14065.00509,14068.53645,-56.62899439,-56.5583648,224.7486416,2
-3.42186881,-13762.02824,13765.45011,-54.71825512,-54.64981511,220.5981201,2
-3.307521737,-13439.49479,13442.80231,-52.72975823,-52.66360504,216.1341167,2
-3.188474495,-13097.86308,13101.05155,-50.66632946,-50.60255711,211.3629749,2
-3.064896256,-12737.61859,12740.68349,-48.53090106,-48.46960017,206.2914747,2
-2.936962631,-12359.27325,12362.21021,-46.3265076,-46.26776528,200.926823,2
-2.804855423,-11963.3647,11966.16956,-44.05628163,-44.00018136,195.2766434,2
-2.668762361,-11550.45556,11553.12433,-41.72344928,-41.67007078,189.3489649,2
-2.528876842,-11121.13259,11123.66147,-39.33132563,-39.28074475,183.1522112,2
-2.38539765,-10676.00588,10678.39128,-36.88331,-36.83559863,176.6951882,2
-2.238528678,-10215.70799,10217.94652,-34.38288118,-34.33810711,169.9870716,2
-2.088478634,-9740.893011,9742.981489,-31.8335924,-31.79181926,163.0373941,2
-1.935460748,-9252.235692,9254.171152,-29.23906634,-29.20035349,155.8560316,2
-1.779692466,-8750.43044,8752.210132,-26.60298998,-26.56739243,148.4531891,2
-1.621395143,-8236.190347,8237.811742,-23.9291093,-23.89667764,140.8393865,2
-1.46079373,-7710.246177,7711.706971,-21.22122406,-21.19200437,133.0254434,2
-1.298116448,-7173.345326,7174.643443,-18.48318229,-18.4572161,125.0224639,2
-1.133594472,-6626.250758,6627.384353,-15.71887491,-15.69619912,116.8418207,2
-0.967461597,-6069.739926,6070.707388,-12.93223014,-12.91287698,108.4951388,2
-0.799953905,-5504.603661,5505.403615,-10.12720797,-10.11120494,99.99427938,2
-0.631309436,-4931.645053,4932.276362,-7.307794489,-7.295164315,91.35132263,2
-0.461767841,-4351.678307,4352.140075,-4.477996227,-4.468756867,82.57855064,2
-0.291570048,-3765.527589,3765.819159,-1.641834488,-1.635999071,73.68843002,2
-0.120957919,-3174.025849,3174.146807,1.196660388,1.199083569,64.69359411,2
0.049826099,-2578.013646,2577.96382,4.033454744,4.032462246,55.60682505,2
0.22053931,-1978.337943,1978.117404,6.86451734,6.860110574,46.44103566,2
0.390939123,-1375.850915,1375.459976,9.685825082,9.678010309,37.20925101,2
0.560783391,-771.4087268,770.8479434,12.49336874,12.48215706,27.92458999,2
0.729830754,-165.8703247,165.1404939,15.28315863,15.26856599,18.60024659,2
0.897840988,439.9037882,-440.8016292,18.05123032,18.03327744,9.249471223,2
1.064575341,1045.052774,-1046.117349,20.79365022,20.77236263,-0.114448147,2
1.229796874,1648.716682,-1649.946479,23.50652121,23.48192914,-9.478204881,2
1.393270798,2250.037674,-2251.430945,26.18598814,26.15812656,-18.82849257,2
1.554764808,2848.161239,-2849.716004,28.82824336,28.79715184,-28.15202393,2
1.714049413,3442.237411,-3443.95146,31.42953206,31.3952548,-37.43554974,2
1.870898259,4031.421975,-4033.292874,33.98615768,33.94874338,-46.66587757,2
2.025088457,4614.877669,-4616.902757,36.4944871,36.45398893,-55.82989064,2
2.176400893,5191.775368,-5193.951769,38.95095587,38.90743138,-64.91456639,2
2.324620544,5761.295271,-5763.619891,41.35207319,41.30558423,-73.90699498,2
2.469536783,6322.628058,-6325.097594,43.69442696,43.6450396,-82.79439768,2
2.610943674,6874.976044,-6877.586988,45.97468855,45.92247297,-91.56414502,2
2.748640272,7417.554313,-7420.302953,48.1896176,48.13464799,-100.2037747,2
2.882430901,7949.591832,-7952.474263,50.33606656,50.27842105,-108.7010093,2
3.012125439,8470.332545,-8473.344671,52.41098522,52.35074571,-117.0437739,2
3.137539581,8979.036453,-8982.173993,54.411425,54.34867711,-125.2202128,2
3.258495108,9474.980658,-9478.239154,56.33454316,56.26937606,-133.218707,2
3.374820135,9957.460398,-9960.835218,58.17760686,58.11011315,-141.0278901,2
3.486349358,10425.79004,-10429.27639,59.937997,59.86827258,-148.6366648,2
3.592924288,10879.30407,-10882.89699,61.61321196,61.54135593,-156.0342187,2
3.694393475,11317.35801,-11321.0524,63.20087118,63.12698564,-163.2100395,2
3.790612728,11739.32936,-11743.11997,64.6987185,64.62290845,-170.1539298,2
3.881445312,12144.61848,-12148.49993,66.1046254,66.02699857,-176.8560221,2
3.96676215,12532.64944,-12536.6162,67.41659401,67.33726072,-183.3067924,2
4.046442002,12902.87082,-12906.91726,68.63275996,68.55183293,-189.4970736,2
4.120371639,13254.75651,-13258.87688,69.75139499,69.66898923,-195.4180691,2
4.188446002,13587.80647,-13591.99491,70.77090948,70.68714209,-201.0613649,2
4.250568354,13901.54741,-13905.79797,71.68985463,71.60484466,-206.4189414,2
4.306650416,14195.53349,-14199.84014,72.50692458,72.42079282,-211.4831854,2
4.356612492,14469.34694,-14473.70355,73.22095821,73.13382707,-216.2469002,2
4.400383583,14722.59865,-14726.99904,73.83094086,73.74293415,-220.7033163,2
4.437901488,14954.92875,-14959.36665,74.33600571,74.24724849,-224.8461009,2
4.469112893,15166.00708,-15170.47619,74.73543502,74.64605342,-228.6693668,2
4.493973444,15355.53368,-15360.02765,75.02866119,74.93878223,-232.1676812,2
4.512447812,15523.23923,-15527.75168,75.21526752,75.12501893,-235.3360725,2
4.524509745,15668.8854,-15673.40991,75.29498885,75.20449886,-238.1700384,2
4.530142102,15792.26523,-15796.79538,75.26771187,75.17710909,-240.6655516,2
4.52933688,15893.20339,-15897.73273,75.13347536,75.04288853,-242.8190659,2
4.522095222,15971.55644,-15976.07853,74.89247007,74.80202792,-244.6275211,2
4.508427419,16027.21303,-16031.72146,74.54503848,74.45486954,-246.0883471,2
4.488352894,16060.09407,-16064.58243,74.09167431,74.00190671,-247.1994681,2
4.461900174,16070.15285,-16074.61475,73.53302182,73.44378312,-247.9593052,2
4.429106849,16057.37505,-16061.80416,72.86987488,72.7812919,-248.3667785,2
4.390019522,16021.77885,-16026.16887,72.10317586,72.01537448,-248.4213091,2
4.344693736,15963.41482,-15967.75951,71.23401429,71.14711927,-248.1228194,2
4.293193903,15882.36591,-15886.6591,70.26362528,70.17776012,-247.4717335,2
4.235593207,15778.74728,-15782.98288,69.19338781,69.10867452,-246.4689768,2
4.171973501,15652.70619,-15656.87817,68.02482276,67.94138172,-245.1159742,2
4.102425192,15504.42175,-15508.52418,66.75959071,66.6775405,-243.4146484,2
4.027047112,15334.10468,-15338.13173,65.39948962,65.31894684,-241.367417,2
3.945946379,15141.99701,-15145.94296,63.94645229,63.86753138,-238.9771894,2
3.859238239,14928.37173,-14932.23097,62.40254355,62.32535667,-236.247362,2
3.767045911,14693.53242,-14697.29946,60.76995737,60.69461422,-233.1818143,2
3.669500404,14437.81279,-14441.48229,59.05101377,58.9776214,-229.7849024,2
3.566740337,14161.57624,-14165.14298,57.24815544,57.17681815,-226.0614536,2
3.458911736,13865.21532,-13868.67423,55.36394435,55.29476351,-222.0167591,2
3.346167833,13549.15117,-13552.49733,53.40105806,53.33413199,-217.6565667,2
3.228668842,13213.83293,-13217.0616,51.36228595,51.29770975,-212.9870723,2
3.106581736,12859.73711,-12862.84369,49.25052522,49.18839066,-208.0149117,2
2.980080007,12487.3669,-12490.34698,47.0687768,47.00917217,-202.7471505,2
2.849343421,12097.25146,-12100.10081,44.82014108,44.76315108,-197.1912745,2
2.714557763,11689.94517,-11692.65972,42.50781347,42.4535191,-191.3551789,2
2.575914569,11266.02682,-11268.60273,40.13507995,40.08355834,-185.2471572,2
2.43361086,10826.09883,-10828.53244,37.70531227,37.65663666,-178.875889,2
2.287848857,10370.78636,-10373.07421,35.22196328,35.17620283,-172.2504285,2
2.138835695,9900.736442,-9902.875278,32.68856196,32.6457817,-165.3801907,2
1.986783131,9416.617032,-9418.603815,30.1087084,30.06896912,-158.2749386,2
1.831907239,8919.116094,-8920.948001,27.48606872,27.4494269,-150.9447691,2
1.674428107,8408.940604,-8410.615032,24.82436983,24.79087753,-143.4000988,2
1.51456952,7886.815549,-7888.330118,22.12739416,22.09709897,-135.6516492,2
1.352558648,7353.482898,-7354.835456,19.39897424,19.37191923,-127.7104312,2
1.188625716,6809.700545,-6810.88917,16.64298733,16.61921093,-119.5877296,2
1.023003681,6256.241235,-6257.264238,13.86334981,13.84288582,-111.2950873,2
0.855927903,5693.891464,-5694.747392,11.06401172,11.04688921,-102.8442887,2
0.687635804,5123.450361,-5124.137997,8.248951061,8.235194367,-94.24734262,2
0.518366537,4545.728555,-4546.246922,5.422168191,5.411796863,-85.51646595,2
0.348360642,3961.547021,-3961.895381,2.587680124,2.580708899,-76.6640657,2
0.177859708,3371.735911,-3371.913771,-0.250485178,-0.254046393,-67.70272162,2
0.007106026,2777.13338,-2777.140486,-3.088294527,-3.088440672,-58.64516827,2
-0.163657754,2178.58439,-2178.420733,-5.92171524,-5.918446107,-49.50427692,2
-0.334188968,1576.939513,-1576.605324,-8.746720872,-8.740041106,-40.29303729,2
-0.504245281,973.0537185,-972.5494733,-11.55929694,-11.54921603,-31.02453905,2
-0.673585034,367.7851614,-367.1115764,-14.3554466,-14.34197888,-21.71195324,2
-0.841967585,-238.0060385,238.8480061,-17.1311964,-17.114361,-12.36851355,2
-1.009153655,-843.4590188,844.4681725,-19.88260183,-19.86242268,-3.007497534,2
-1.174905662,-1447.713398,1448.888303,-22.60575299,-22.58225876,6.357792303,2
-1.338988063,-2049.910497,2051.249485,-25.29678014,-25.27000422,15.71404737,2
-1.50116769,-2649.194561,2650.695728,-27.95185918,-27.92183962,25.04797191,2
-1.661214075,-3244.713974,3246.375188,-30.5672171,-30.53399656,34.34630192,2
-1.818899784,-3835.622472,3837.441371,-33.13913733,-33.10276302,43.59582395,2
-1.974000736,-4421.08034,4423.05434,-35.66396503,-35.62448864,52.78339393,2
-2.126296526,-5000.255611,5002.381907,-38.13811229,-38.09558992,61.89595582,2
-2.275570732,-5572.325245,5574.600816,-40.55806321,-40.51255527,70.92056017,2
-2.421611228,-6136.4763,6138.897911,-42.92037889,-42.87195007,79.84438252,2
-2.564210481,-6691.907086,6694.471297,-45.22170237,-45.17042148,88.65474164,2
-2.703165851,-7237.828307,7240.531472,-47.45876334,-47.40470325,97.33911752,2
-2.838279874,-7773.464177,7776.302457,-49.62838281,-49.57162035,105.8851692,2
-2.969360547,-8298.053529,8301.02289,-51.72747762,-51.66809345,114.2807522,2
-3.096221595,-8810.850893,8813.947115,-53.75306487,-53.69114337,122.5139361,2
-3.218682744,-9311.127556,9314.346239,-55.70226606,-55.63789524,130.5730209,2
-3.336569968,-9798.172597,9801.509167,-57.57231129,-57.50558262,138.4465543,2
-3.449715743,-10271.2939,10274.74361,-59.36054312,-59.29155141,146.1233476,2
-3.557959284,-10729.81913,10733.37709,-61.06442036,-60.99326367,153.5924917,2
-3.66114677,-11173.0967,11176.75785,-62.68152172,-62.60830116,160.8433724,2
-3.759131566,-11600.49669,11604.25582,-64.20954921,-64.13436883,167.8656858,2
-3.85177443,-12011.41174,12015.26351,-65.64633142,-65.56929805,174.6494529,2
-3.938943712,-12405.25791,12409.19686,-66.98982659,-66.91104971,181.1850336,2
-4.02051554,-12781.47554,12785.49605,-68.23812556,-68.15771711,187.4631405,2
-4.096373994,-13139.52999,13143.62636,-69.38945442,-69.30752866,193.474852,2
-4.166411278,-13478.91245,13483.07886,-70.44217706,-70.35885042,199.2116251,2
-4.230527863,-13799.14063,13803.37116,-71.39479752,-71.31018841,204.6653076,2
-4.288632636,-14099.75948,14104.04812,-72.24596207,-72.16019071,209.8281495,2
-4.340643028,-14380.34181,14384.68245,-72.99446114,-72.90764944,214.6928141,2
-4.386485128,-14640.48887,14644.87536,-73.6392311,-73.5515024,219.2523885,2
-4.426093793,-14879.83101,14884.2571,-74.17935568,-74.09083466,223.5003933,2
-4.459412737,-15098.02809,15102.4875,-74.61406733,-74.52487979,227.4307917,2
-4.486394611,-15294.77004,15299.25644,-74.94274831,-74.85302098,231.0379986,2
-4.507001073,-15469.77729,15474.28429,-75.16493155,-75.07479194,234.3168878,2
-4.521202839,-15622.80114,15627.32235,-75.28030131,-75.18987751,237.2627999,2
-4.528979729,-15753.62414,15758.15312,-75.28869363,-75.19811415,239.8715486,2
-4.530320691,-15862.06037,15866.59069,-75.19009661,-75.09949015,242.1394267,2
-4.52522382,-15947.95575,15952.48097,-74.98465034,-74.89414567,244.0632114,2
-4.513696358,-16011.18821,16015.70191,-74.67264678,-74.58237251,245.6401689,2
-4.495754686,-16051.66789,16056.16365,-74.25452931,-74.16461372,246.8680583,2
-4.471424301,-16069.33728,16073.8087,-73.73089208,-73.64146295,247.7451347,2
-4.440739777,-16064.17126,16068.612,-73.10247923,-73.01366363,248.2701517,2
-4.403744719,-16036.17717,16040.58092,-72.37018375,-72.28210791,248.4423632,2
-4.360491699,-15985.3948,15989.75529,-71.53504628,-71.44783535,248.2615245,2
-4.311042181,-15911.89631,15916.20735,-70.59825359,-70.51203151,247.7278927,2
-4.255466437,-15815.78614,15820.0416,-69.56113692,-69.47602621,246.8422259,2
-4.193843442,-15697.20087,15701.39472,-68.42517008,-68.34129168,245.6057828,2
-4.126260766,-15556.30902,15560.43528,-67.19196732,-67.10944044,244.0203205,2
-4.052814448,-15393.31081,15397.36362,-65.86328109,-65.78222301,242.0880919,2
-3.973608859,-15208.43786,15212.41147,-64.44099954,-64.36152543,239.8118429,2
-3.888756553,-15001.95289,15005.84164,-62.92714381,-62.84936661,237.1948082,2
-3.798378113,-14774.14932,14777.9477,-61.32386516,-61.2478954,234.2407066,2
-3.702601969,-14525.35087,14529.05348,-59.63344194,-59.55938758,230.9537362,2
-3.601564225,-14255.91111,14259.51268,-57.85827634,-57.78624261,227.3385679,2
-3.495408461,-13966.21292,13969.70833,-56.00089096,-55.93098023,223.4003391,2
-3.38428553,-13656.66797,13660.05226,-54.06392525,-53.99623687,219.1446461,2
-3.268353345,-13327.71616,13330.98451,-52.05013175,-51.98476189,214.5775367,2
-3.14777665,-12979.82493,12982.9727,-49.96237216,-49.89941373,209.7055007,2
-3.022726793,-12613.48865,12616.51138,-47.8036133,-47.74315577,204.5354619,2
-2.893381476,-12229.22792,12232.12131,-45.5769229,-45.51905217,199.0747669,2
-2.759924505,-11827.58879,11830.34872,-43.28546519,-43.23026351,193.3311758,2
-2.62254553,-11409.14201,11411.76455,-40.93249647,-40.88004228,187.3128505,2
-2.481439775,-10974.48221,10976.96365,-38.52136043,-38.47172827,181.0283434,2
-2.336807758,-10524.22707,10526.56388,-36.05548343,-36.00874383,174.4865851,2
-2.188855009,-10059.01643,10061.20529,-33.53836962,-33.494589,167.6968718,2
-2.037791778,-9579.511379,9581.549171,-30.97359595,-30.93283652,160.6688521,2
-1.883832733,-9086.393316,9088.277149,-28.3648071,-28.32712678,153.4125132,2
-1.727196658,-8580.362991,8582.090188,-25.71571031,-25.68116266,145.9381666,2
-1.568106143,-8062.139501,8063.707607,-23.03007009,-22.99870419,138.256434,2
-1.406787263,-7532.459269,7533.866056,-20.31170288,-20.28356331,130.3782314,2
-1.243469261,-6992.075,6993.318469,-17.56447162,-17.53959837,122.3147542,2
-1.078384222,-6441.75461,6442.832995,-14.7922803,-14.7707087,114.0774611,2
-0.911766739,-5882.280135,5883.191902,-11.99906833,-11.98082905,105.6780576,2
-0.743853586,-5314.446617,5315.190471,-9.188805027,-9.173923986,97.12847986,2
-0.574883376,-4739.06098,4739.635864,-6.365483932,-6.353982273,88.44087721,2
-0.405096226,-4156.940879,4157.345975,-3.533117136,-3.525011203,79.62759523,2
-0.234733412,-3568.913536,3569.14827,-0.695729587,-0.6910309,70.70115808,2
-0.064037028,-2975.814572,2975.878609,2.142646632,2.143931396,61.67425072,2
0.106750355,-2378.486813,2378.380063,4.977978032,4.975847049,52.55970088,2
0.27738604,-1777.779094,1777.501708,7.806235454,7.80069175,43.37046082,2
0.447627545,-1174.545054,1174.097426,10.62339979,10.61445124,34.11958897,2
0.617232946,-569.6419206,569.0246877,13.42546769,13.41312702,24.82023131,2
0.785961226,36.07070489,-36.85666611,16.20845727,16.192742,15.48560275,2
0.953572611,641.732072,-642.6856446,18.96841374,18.94934622,6.128968296,2
1.119828918,1246.481503,-1247.601332,21.70141506,21.67902238,-3.236375756,2
1.284493887,1849.459615,-1850.744109,24.40357748,24.37789146,-12.59712074,2
1.447333519,2449.809544,-2451.256877,27.07106108,27.04211822,-21.93996453,2
1.608116412,3046.678159,-3048.286276,29.70007522,29.66791665,-31.25163042,2
1.766614083,3639.217279,-3640.983893,32.28688393,32.25155536,-40.51888604,2
1.922601298,4226.584871,-4228.507472,34.82781121,34.78936283,-49.72856211,2
2.075856392,4807.946255,-4810.022111,37.31924627,37.27773272,-58.86757117,2
2.226161581,5382.475284,-5384.701446,39.75764863,39.71312891,-67.92292619,2
2.373303272,5949.355521,-5951.728825,42.1395532,42.09209057,-76.88175901,2
2.517072369,6507.781399,-6510.298471,44.46157516,44.41123706,-85.73133865,2
2.657264569,7056.959363,-7059.616628,46.72041479,46.66727276,-94.45908936,2
2.79368065,7596.109002,-7598.902682,48.91286216,48.85699171,-103.0526085,2
2.926126759,8124.464154,-8127.390281,51.03580166,50.9772822,-111.4996843,2
3.054414681,8641.273998,-8644.328413,53.08621651,53.02513119,-119.788313,2
3.178362112,9145.804119,-9148.982481,55.06119293,54.99762856,-127.9067158,2
3.297792918,9637.337551,-9640.635344,56.95792439,56.89197129,-135.8433563,2
3.412537379,10115.1758,-10118.58834,58.77371552,58.70546741,-143.5869559,2
3.522432437,10578.63983,-10582.16226,60.50598598,60.43553986,-151.1265106,2
3.627321927,11027.07104,-11030.69836,62.15227412,62.0797301,-158.4513062,2
3.727056793,11459.83217,-11463.55922,63.71024049,63.63570164,-165.5509339,2
3.821495308,11876.30825,-11880.12975,65.17767111,65.10124337,-172.4153046,2
3.910503269,12275.90745,-12279.81796,66.5524807,66.47427267,-179.0346637,2
3.993954191,12658.06192,-12662.05587,67.83271557,67.75283839,-185.3996048,2
4.071729485,13022.22858,-13026.30031,69.01655644,68.93512362,-191.5010829,2
4.143718629,13367.88995,-13372.03367,70.10232101,70.01944827,-197.3304275,2
4.209819322,13694.55481,-13698.76463,71.08846635,71.00427145,-202.8793548,2
4.269937631,14001.75896,-14006.0289,71.97359108,71.88819367,-208.1399793,2
4.323988126,14289.06585,-14293.38984,72.7564374,72.66995884,-213.1048256,2
4.371893996,14556.06719,-14560.43909,73.43589285,73.34845602,-217.7668383,2
4.413587166,14802.38357,-14806.79715,74.01099187,73.92272103,-222.1193924,2
4.449008388,15027.66494,-15032.11395,74.48091722,74.39193781,-226.1563026,2
4.478107324,15231.59118,-15236.06929,74.84500111,74.75543958,-229.8718324,2
4.500842626,15413.8725,-15418.37334,75.10272616,75.01270977,-233.2607018,2
4.517181983,15574.24986,-15578.76705,75.25372613,75.1633828,-236.3180949,2
4.527102178,15712.49536,-15717.02247,75.29778644,75.20724455,-239.039667,2
4.530589113,15828.41255,-15832.94314,75.23484447,75.14423269,-241.4215508,2
4.527637833,15921.83669,-15926.36433,75.06498967,74.97443677,-243.4603613,2
4.518252532,15992.63504,-15997.15329,74.78846341,74.69809806,-245.1532012,2
4.502446547,16040.70697,-16045.20942,74.40565865,74.31560927,-246.4976651,2
4.480242338,16065.98418,-16070.46442,73.91711938,73.82751394,-247.4918423,2
4.451671461,16068.43075,-16072.88242,73.32353984,73.23450567,-248.1343201,2
4.416774514,16048.0432,-16052.45997,72.62576354,72.53742715,-248.4241854,2
4.375601089,16004.8505,-16009.2261,71.82478205,71.73726899,-248.3610264,2
4.328209696,15938.91403,-15943.24224,70.92173362,70.83516824,-247.9449327,2
4.27466768,15850.3275,-15854.60217,69.91790152,69.83240684,-247.1764957,2
4.215051127,15739.21678,-15743.43183,68.81471226,68.73040977,-246.0568074,2
4.149444756,15605.73977,-15609.88922,67.61373353,67.53074302,-244.5874589,2
4.077941797,15450.08616,-15454.1641,66.31667199,66.2351114,-242.7705383,2
4.000643859,15272.47712,-15276.47777,64.92537082,64.84535605,-240.6086274,2
3.917660788,15073.16506,-15077.08272,63.44180715,63.36345191,-238.1047985,2
3.829110506,14852.43321,-14856.26232,61.8680892,61.79150484,-235.2626097,2
3.735118849,14610.59524,-14614.33035,60.20645331,60.13174865,-232.0860998,2
3.635819383,14347.99481,-14351.63063,58.45926075,58.38654196,-228.5797829,2
3.53135322,14065.00509,-14068.53645,56.62899439,56.5583648,-224.7486416,2
3.42186881,13762.02824,-13765.45011,54.71825512,54.64981511,-220.5981201,2
3.307521737,13439.49479,-13442.80231,52.72975823,52.66360504,-216.1341167,2
3.188474495,13097.86308,-13101.05155,50.66632946,50.60255711,-211.3629749,2
3.064896256,12737.61859,-12740.68349,48.53090106,48.46960017,-206.2914747,2
2.936962631,12359.27325,-12362.21021,46.3265076,46.26776528,-200.926823,2
2.804855423,11963.3647,-11966.16956,44.05628163,44.00018136,-195.2766434,2
2.668762361,11550.45556,-11553.12433,41.72344928,41.67007078,-189.3489649,2
2.528876842,11121.13259,-11123.66147,39.33132563,39.28074475,-183.1522112,2
2.38539765,10676.00588,-10678.39128,36.88331,36.83559863,-176.6951882,2
2.238528678,10215.70799,-10217.94652,34.38288118,34.33810711,-169.9870716,2
2.088478634,9740.893011,-9742.981489,31.8335924,31.79181926,-163.0373941,2
1.935460748,9252.235692,-9254.171152,29.23906634,29.20035349,-155.8560316,2
1.779692466,8750.43044,-8752.210132,26.60298998,26.56739243,-148.4531891,2
1.621395143,8236.190347,-8237.811742,23.9291093,23.89667764,-140.8393865,2
1.46079373,7710.246177,-7711.706971,21.22122406,21.19200437,-133.0254434,2
1.298116448,7173.345326,-7174.643443,18.48318229,18.4572161,-125.0224639,2
1.133594472,6626.250758,-6627.384353,15.71887491,15.69619912,-116.8418207,2
0.967461597,6069.739926,-6070.707388,12.93223014,12.91287698,-108.4951388,2
0.799953905,5504.603661,-5505.403615,10.12720797,10.11120494,-99.99427938,2
0.631309436,4931.645053,-4932.276362,7.307794489,7.295164315,-91.35132263,2
0.461767841,4351.678307,-4352.140075,4.477996227,4.468756867,-82.57855064,2
0.291570048,3765.527589,-3765.819159,1.641834488,1.635999071,-73.68843002,2
0.120957919,3174.025849,-3174.146807,-1.196660388,-1.199083569,-64.69359411,2
-0.049826099,2578.013646,-2577.96382,-4.033454744,-4.032462246,-55.60682505,2
-0.22053931,1978.337943,-1978.117404,-6.86451734,-6.860110574,-46.44103566,2
-0.390939123,1375.850915,-1375.459976,-9.685825082,-9.678010309,-37.20925101,2
-0.560783391,771.4087268,-770.8479434,-12.49336874,-12.48215706,-27.92458999,2
-0.729830754,165.8703247,-165.1404939,-15.28315863,-15.26856599,-18.60024659,2
-0.897840988,-439.9037882,440.8016292,-18.05123032,-18.03327744,-9.249471223,2
-1.064575341,-1045.052774,1046.117349,-20.79365022,-20.77236263,0.114448147,2
-1.229796874,-1648.716682,1649.946479,-23.50652121,-23.48192914,9.478204881,2
-1.393270798,-2250.037674,2251.430945,-26.18598814,-26.15812656,18.82849257,2
-1.554764808,-2848.161239,2849.716004,-28.82824336,-28.79715184,28.15202393,2
-1.714049413,-3442.237411,3443.95146,-31.42953206,-31.3952548,37.43554974,2
-1.870898259,-4031.421975,4033.292874,-33.98615768,-33.94874338,46.66587757,2
-2.025088457,-4614.877669,4616.902757,-36.4944871,-36.45398893,55.82989064,2
-2.176400893,-5191.775368,5193.951769,-38.95095587,-38.90743138,64.91456639,2
-2.324620544,-5761.295271,5763.619891,-41.35207319,-41.30558423,73.90699498,2
-2.469536783,-6322.628058,6325.097594,-43.69442696,-43.6450396,82.79439768,2
-2.610943674,-6874.976044,6877.586988,-45.97468855,-45.92247297,91.56414502,2
-2.748640272,-7417.554313,7420.302953,-48.1896176,-48.13464799,100.2037747,2
-2.882430901,-7949.591832,7952.474263,-50.33606656,-50.27842105,108.7010093,2
-3.012125439,-8470.332545,8473.344671,-52.41098522,-52.35074571,117.0437739,2
-3.137539581,-8979.036453,8982.173993,-54.411425,-54.34867711,125.2202128,2
-3.258495108,-9474.980658,9478.239154,-56.33454316,-56.26937606,133.218707,2
-3.374820135,-9957.460398,9960.835218,-58.17760686,-58.11011315,141.0278901,2
-3.486349358,-10425.79004,10429.27639,-59.937997,-59.86827258,148.6366648,2
-3.592924288,-10879.30407,10882.89699,-61.61321196,-61.54135593,156.0342187,2
-3.694393475,-11317.35801,11321.0524,-63.20087118,-63.12698564,163.2100395,2
-3.790612728,-11739.32936,11743.11997,-64.6987185,-64.62290845,170.1539298,2
-3.881445312,-12144.61848,12148.49993,-66.1046254,-66.02699857,176.8560221,2
-3.96676215,-12532.64944,12536.6162,-67.41659401,-67.33726072,183.3067924,2
-4.046442002,-12902.87082,12906.91726,-68.63275996,-68.55183293,189.4970736,2
-4.120371639,-13254.75651,13258.87688,-69.75139499,-69.66898923,195.4180691,2
-4.188446002,-13587.80647,13591.99491,-70.77090948,-70.68714209,201.0613649,2
-4.250568354,-13901.54741,13905.79797,-71.68985463,-71.60484466,206.4189414,2
-4.306650416,-14195.53349,14199.84014,-72.50692458,-72.42079282,211.4831854,2
-4.356612492,-14469.34694,14473.70355,-73.22095821,-73.13382707,216.2469002,2
-4.400383583,-14722.59865,14726.99904,-73.83094086,-73.74293415,220.7033163,2
-4.437901488,-14954.92875,14959.36665,-74.33600571,-74.24724849,224.8461009,2
-4.469112893,-15166.00708,15170.47619,-74.73543502,-74.64605342,228.6693668,2
-4.493973444,-15355.53368,15360.02765,-75.02866119,-74.93878223,232.1676812,2
-4.512447812,-15523.23923,15527.75168,-75.21526752,-75.12501893,235.3360725,2
-4.524509745,-15668.8854,15673.40991,-75.29498885,-75.20449886,238.1700384,2
-4.530142102,-15792.26523,15796.79538,-75.26771187,-75.17710909,240.6655516,2
-4.52933688,-15893.20339,15897.73273,-75.13347536,-75.04288853,242.8190659,2
-4.522095221,-15971.55644,15976.07853,-74.89247007,-74.80202792,244.6275211,2
-9032.658927,1.866556884,9030.79237,-152.5926044,28.07238515,28.03505035,2
-8525.081049,1.709637035,8523.371412,-145.0946849,25.41904108,25.38484461,2
-8005.388564,1.550287699,8003.838276,-137.390578,22.72957516,22.69856563,2
-7474.319984,1.388735319,7472.931249,-129.4912315,20.00780927,19.98003074,2
-6932.629987,1.22520947,6931.404777,-121.4078709,17.2576112,17.23310313,2
-6381.088343,1.059942531,6380.0284,-113.1519831,14.48288911,14.46168634,2
-5820.478823,0.893169356,5819.585654,-104.7353001,11.68758604,11.66971871,2
-5251.598085,0.725126939,5250.872958,-96.16978255,8.875674271,8.86116776,2
-4675.254538,0.556054076,4674.698484,-87.46760245,6.051149686,6.04002461,2
-4092.267199,0.38619103,4091.881008,-78.64112611,3.218026085,3.210298255,2
-3503.464524,0.215779186,3503.248744,-69.70289642,0.380329494,0.37600989,2
-2909.683234,0.045060707,2909.638173,-60.6656151,-2.457907567,-2.458812805,2
-2311.767125,-0.125721805,2311.892847,-51.54212462,-5.292651806,-5.290141393,2
-1710.565869,-0.296325659,1710.862194,-42.34538997,-8.119874897,-8.1139524,2
-1106.933805,-0.466508419,1107.400313,-33.0884802,-10.9355592,-10.92623304,2
-501.7287269,-0.636028245,502.3647552,-23.78454988,-13.73570348,-13.7229869,2
104.1893347,-0.804644239,-103.3846904,-14.44682042,-16.51632857,-16.50023965,2
709.9593375,-0.972116791,-708.9872207,-5.08856124,-19.27348305,-19.25404465,2
1314.720449,-1.138207911,-1313.582241,4.276929066,-22.00324886,-21.9804886,2
1917.613271,-1.302681575,-1916.31059,13.63634162,-24.70174685,-24.67569708,2
2517.78106,-1.465304058,-2516.315756,22.97637619,-27.36514231,-27.33584004,2
3114.370944,-1.625844263,-3112.7451,32.28376007,-29.9896504,-29.95713727,2
3706.535137,-1.784074055,-3704.751063,41.54526696,-32.57154156,-32.53586378,2
4293.43214,-1.939768579,-4291.492371,50.74773576,-35.10714677,-35.06835504,2
4874.227941,-2.092706587,-4872.135235,59.87808924,-37.59286281,-37.55101225,2
5448.097198,-2.242670744,-5445.854527,68.92335268,-40.02515733,-39.98030741,2
6014.22441,-2.389447943,-6011.834962,77.87067227,-42.40057391,-42.35278837,2
6571.805081,-2.532829606,-6569.272251,86.70733337,-44.71573696,-44.66508371,2
7120.046856,-2.672611979,-7117.374244,95.42077861,-46.9673565,-46.91390751,2
7658.170656,-2.808596424,-7655.36206,103.9986257,-49.15223286,-49.09606409,2
8185.411776,-2.940589701,-8182.471186,112.428685,-51.2672612,-51.20845247,2
8701.020978,-3.068404238,-8697.952574,120.6989771,-53.30943596,-53.24807083,2
9204.265553,-3.191858405,-9201.073695,128.7977493,-55.27585509,-55.21202078,2
9694.430364,-3.310776767,-9691.119587,136.7134928,-57.16372421,-57.09751142,2
10170.81886,-3.424990334,-10167.39387,144.434959,-58.97036055,-58.90186338,2
10632.75406,-3.534336802,-10629.21972,151.9511752,-60.69319678,-60.62251256,2
11079.57954,-3.638660784,-11075.94088,159.2514605,-62.32978466,-62.25701384,2
11510.66033,-3.73781403,-11506.92252,166.3254407,-63.8777985,-63.80304449,2
11925.38384,-3.831655637,-11921.55219,173.1630634,-65.33503849,-65.25840753,2
12323.16073,-3.920052253,-12319.24068,179.7546119,-66.69943382,-66.6210348,2
12703.42573,-4.002878259,-12699.42286,186.0907192,-67.96904561,-67.88898993,2
13065.63847,-4.080015957,-13061.55846,192.1623815,-69.14206966,-69.06047109,2
13409.28423,-4.151355728,-13405.13287,197.9609704,-70.21683905,-70.13381354,2
13733.87465,-4.216796196,-13729.65786,203.4782461,-71.19182646,-71.10749201,2
14038.94849,-4.276244366,-14034.67225,208.706368,-72.0656464,-71.98012284,2
14324.07222,-4.329615759,-14319.7426,213.6379067,-72.83705711,-72.75046598,2
14588.84065,-4.376834531,-14584.46382,218.2658543,-73.50496237,-73.41742672,2
14832.87754,-4.417833581,-14828.45971,222.5836341,-74.06841307,-73.98005729,2
15055.83611,-4.452554648,-15051.38355,226.5851105,-74.52660849,-74.43755814,2
15257.3995,-4.480948391,-15252.91855,230.264597,-74.87889752,-74.78927915,2
15437.2813,-4.502974462,-15432.77832,233.6168649,-75.12477955,-75.0347205,2
15595.22587,-4.518601559,-15590.70727,236.6371504,-75.26390515,-75.17353341,2
15731.00878,-4.527807476,-15726.48097,239.3211616,-75.29607663,-75.20552062,2
15844.43706,-4.530579132,-15839.90648,241.6650844,-75.22124826,-75.13063666,2
15935.34953,-4.526912586,-15930.82262,243.6655878,-75.03952637,-74.94898796,2
16003.61699,-4.51681305,-15999.10018,245.3198291,-74.75116922,-74.66083265,2
16049.14245,-4.500294875,-16044.64215,246.6254575,-74.35658657,-74.2665802,2
16071.86119,-4.477381535,-16067.3838,247.5806176,-73.85633913,-73.76679089,2
16071.74093,-4.448105591,-16067.29283,248.1839522,-73.2511378,-73.16217492,2
16048.78186,-4.412508645,-16044.36935,248.4346037,-72.54184259,-72.45359151,2
16003.01658,-4.370641283,-15998.64594,248.3322161,-71.72946146,-71.64204757,2
15934.51014,-4.322563001,-15930.18758,247.8769348,-70.81514883,-70.72869637,2
15843.3599,-4.26834212,-15839.09156,247.0694069,-69.80020401,-69.71483581,2
15729.69537,-4.208055691,-15725.48731,245.9107797,-68.68606927,-68.60190667,2
15593.67808,-4.141789386,-15589.53629,244.4027,-67.47432787,-67.39149045,2
15435.50133,-4.06963737,-15431.43169,242.5473106,-66.16670176,-66.08530725,2
15255.38988,-3.991702178,-15251.39818,240.3472481,-64.76504915,-64.6852132,2
15053.59969,-3.908094558,-15049.69159,237.8056392,-63.27136185,-63.19319793,2
14830.41751,-3.818933322,-14826.59857,234.9260953,-61.68776249,-61.61138166,2
14586.16049,-3.724345172,-14582.43614,231.7127087,-60.01650145,-59.94201225,2
14321.17574,-3.624464525,-14317.55128,228.1700456,-58.25995367,-58.18746196,2
14035.83982,-3.519433315,-14032.32039,224.3031404,-56.42061531,-56.35022411,2
13730.5582,-3.409400797,-13727.1488,220.1174881,-54.50110016,-54.4329095,2
13405.76471,-3.294523335,-13402.47019,215.6190369,-52.50413598,-52.43824275,2
13061.92089,-3.174964175,-13058.74593,210.8141792,-50.43256054,-50.36905838,2
12699.51537,-3.050893217,-12696.46447,205.709743,-48.28931767,-48.22829683,2
12319.06314,-2.922486772,-12316.14065,200.312982,-46.07745304,-46.01900023,2
11921.10485,-2.789927314,-11918.31492,194.6315654,-43.80010983,-43.74430811,2
11506.20601,-2.653403217,-11503.55261,188.6735666,-41.46052427,-41.40745294,2
11074.95623,-2.513108488,-11072.44312,182.4474523,-39.06202103,-39.01175551,2
10627.96833,-2.369242495,-10625.59909,175.9620702,-36.60800852,-36.56062024,2
10165.8775,-2.222009679,-10163.65549,169.2266364,-34.10197403,-34.05753033,2
9689.34041,-2.071619265,-9687.268791,162.2507223,-31.54747877,-31.50604281,2
9199.034234,-1.918284967,-9197.115949,155.0442411,-28.94815281,-28.90978347,2
8695.655726,-1.762224681,-8693.893501,147.6174335,-26.30768995,-26.27244175,2
8179.920215,-1.603660177,-8178.316555,139.9808534,-23.62984242,-23.59776545,2
7652.560591,-1.442816784,-7651.117774,132.1453529,-20.91841559,-20.88955544,2
7114.326259,-1.27992307,-7113.046336,124.1220666,-18.17726255,-18.15166022,2
6565.98208,-1.115210515,-6564.86687,115.9223961,-15.41027862,-15.38797051,2
6008.307281,-0.948913185,-6007.358368,107.5579935,-12.62139584,-12.60241364,2
5442.094349,-0.781267398,-5441.313082,99.04074505,-9.814577369,-9.798948057,2
4868.147903,-0.612511386,-4867.535392,90.38275433,-6.993811846,-6.981557631,2
4287.283553,-0.442884963,-4286.840668,81.59632477,-4.163107734,-4.154246029,2
3700.326738,-0.272629176,-3700.054109,72.69394237,-1.326487618,-1.321031017,2
3108.111556,-0.101985967,-3108.00957,63.6882579,1.51201751,1.514061253,2
2511.479578,0.068802169,-2511.54838,54.59206892,4.348373978,4.347001958,2
1911.27865,0.239492533,-1911.518142,45.41830164,7.178551168,7.173765337,2
1308.36169,0.409842565,-1308.771532,36.17999245,9.998527245,9.990334402,2
703.5854764,0.579610189,-704.1650866,26.89026953,12.80429487,12.79270665,2
97.80942961,0.748554155,-98.55798377,17.56233405,15.59186689,15.57689977,2
-508.1056098,0.916434384,507.1891754,8.20944154,18.35728201,18.33895726,2
-1113.298603,1.08301231,1112.215591,-1.155117037,21.09661043,21.07495409,2
-1716.909539,1.248051216,1715.661487,-10.51803413,23.80595941,23.78100226,2
-2318.080651,1.411316573,2316.669335,-19.86600452,26.48147882,26.45325632,2
-2915.957645,1.572576372,2914.385068,-29.18574423,29.1193666,29.08791885,2
-3509.690903,1.731601454,3507.959301,-38.4640094,31.71587417,31.68124586,2
-4098.436698,1.888165836,4096.548532,-47.68761511,34.26731175,34.22955209,2
-4681.35839,2.04204703,4679.316343,-56.84345411,36.7700536,36.72921625,2
-5257.627616,2.193026364,5255.43459,-65.91851545,39.22054319,39.17668618,2
-5826.425466,2.340889288,5824.084577,-74.89990298,41.61529824,41.5684839,2
-6386.943646,2.48542568,6384.45822,-83.77485364,43.95091568,43.90121053,2
-6938.38563,2.626430146,6935.759199,-92.53075565,46.22407646,46.17155114,2
-7479.967788,2.763702311,7477.204085,-101.1551664,48.4315503,48.37627945,2
-8010.920502,2.897047103,8008.023455,-109.6358301,50.57020026,50.51226241,2
-8530.48926,3.026275034,8527.462985,-117.9606953,52.6369872,52.57646469,2
-9037.935726,3.151202461,9034.784524,-126.1179319,54.62897409,54.56595293,2
-9532.538791,3.271651858,9529.267139,-134.095948,56.54333023,56.47789997,2
-10013.5956,3.387452059,10010.20814,-141.8834065,58.37733519,58.30958883,2
-10480.42254,3.498438504,10476.9241,-149.4692408,60.12838278,60.05841656,2
-10932.35622,3.604453477,10928.75177,-156.8426712,61.79398463,61.721898,2
-11368.75443,3.705346325,11365.04908,-163.9932196,63.37177386,63.29766925,2
-11788.99701,3.800973673,11785.19604,-170.9107246,64.85950833,64.78349104,2
-12192.48679,3.891199629,12188.59559,-177.5853561,66.25507388,66.17725195,2
-12578.65037,3.975895977,12574.67448,-184.0076292,67.55648735,67.47697136,2
-12946.93901,4.05494236,12942.88407,-190.1684173,68.76189936,68.68080231,2
-13296.82934,4.128226448,13292.70111,-196.0589657,69.86959694,69.78703407,2
-13627.82414,4.1956441,13623.6285,-201.6709036,70.87800601,70.79409465,2
-13939.45306,4.257099512,13935.19596,-206.996256,71.78569355,71.70055293,2
-14231.27325,4.312505353,14226.96075,-212.0274555,72.59136969,72.50512082,2
-14502.87003,4.361782888,14498.50825,-216.7573524,73.29388952,73.20665495,2
-14753.85744,4.40486209,14749.45257,-221.1792252,73.89225473,73.80415843,2
-14983.8788,4.441681743,14979.43712,-225.2867902,74.38561499,74.29678215,2
-15192.60726,4.472189523,15188.13507,-229.0742104,74.77326923,74.68382608,2
-15379.74618,4.496342076,15375.24984,-232.5361036,75.05466656,74.96474021,2
-15545.02965,4.514105082,15540.51555,-235.6675502,75.2294071,75.13912535,2
-15688.22278,4.525453297,15683.69733,-238.4641004,75.29724254,75.20673367,2
-15809.12209,4.530370596,15804.59172,-240.92178,75.25807648,75.16746911,2
-15907.55577,4.52884999,15903.02692,-243.0370966,75.11196457,75.02138746,2
-15983.38394,4.52089364,15978.86304,-244.8070442,74.85911445,74.76869632,2
-16036.49885,4.506512853,16031.99233,-246.2291076,74.49988544,74.40975477,2
-16066.82501,4.485728065,16062.33928,-247.3012659,74.03478801,73.94507288,2
-16074.31934,4.458568812,16069.86077,-248.0219956,73.46448309,73.375311,2
-16058.97118,4.425073689,16054.54611,-248.3902725,72.78978112,72.70127879,2
-16020.80235,4.385290293,16016.41706,-248.4055732,72.0116409,71.92393408,2
-15959.86707,4.33927516,15955.5278,-248.067876,71.13116819,71.04438153,2
-15876.25196,4.28709368,15871.96486,-247.3776608,70.14961419,70.06387102,2
-15770.07582,4.228820005,15765.847,-246.3359084,69.06837376,68.98379592,2
-15641.48954,4.164536946,15637.325,-244.9440992,67.88898339,67.80569107,2
-15490.67584,4.094335851,15486.58151,-243.204211,66.61311906,66.53123062,2
-15317.84905,4.018316481,15313.83074,-241.1187163,65.24259384,65.16222565,2
-15123.25476,3.936586864,15119.31817,-238.6905788,63.77935533,63.7006216,2
-14907.1695,3.849263141,14903.32023,-235.9232488,62.22548286,62.14849547,2
-14669.90033,3.756469405,14666.14386,-232.820659,60.58318457,60.50805294,2
-14411.78443,3.65833752,14408.12609,-229.3872184,58.85479427,58.78162515,2
-14133.1886,3.555006938,14129.63359,-225.6278059,57.04276808,56.97166545,2
-13834.50873,3.446624496,13831.0621,-221.547764,55.149681,55.0807459,2
-13516.16926,3.333344212,13512.83592,-217.1528905,53.1782232,53.11155359,2
-13178.62259,3.215327063,13175.40726,-212.449431,51.13119624,51.06688687,2
-12822.34836,3.092740759,12819.25562,-207.4440691,49.01150905,48.9496513,2
-12447.85288,2.965759501,12444.88712,-202.1439179,46.82217383,46.76285559,2
-12055.66832,2.834563737,12052.83376,-196.5565092,44.56630173,44.50960732,2
-11646.352,2.699339902,11643.65266,-190.6897828,42.24709848,42.19310845,2
-11220.48557,2.560280157,11217.92529,-184.5520759,39.86785979,39.81665087,2
-10778.67422,2.417582115,10776.25664,-178.1521103,37.43196669,37.38361165,2
-10321.54578,2.271448556,10319.27433,-171.4989809,34.94288072,34.89744827,2
-9849.74986,2.122087144,9847.627772,-164.602142,32.404139,32.3616937,2
-9363.956906,1.96971013,9361.987196,-157.4713945,29.81934923,29.7799514,2
-8864.857258,1.81453405,8863.042724,-150.1168715,27.19218453,27.15589016,2
-8353.160162,1.656779419,8351.503383,-142.5490242,24.52637825,24.49323892,2
-7829.592769,1.496670412,7828.096099,-134.778607,21.82571864,21.79578144,2
-7294.899096,1.334434556,7293.564662,-126.816662,19.0940435,19.06735096,2
-6749.838972,1.170302395,6748.66867,-118.6745035,16.33523467,16.31182473,2
-6195.186958,1.00450717,6194.182451,-110.3637021,13.55321258,13.53311851,2
-5631.731244,0.837284485,5630.89396,-101.8960679,10.75193063,10.73518099,2
-5060.272532,0.668871974,5059.60366,-93.28363372,7.935369602,7.921988182,2
-4481.622896,0.499508959,4481.123387,-84.53863843,5.107531979,5.0975378,2
-3896.604628,0.329436114,3896.275192,-75.6735091,2.272436274,2.265843538,2
-3306.049072,0.158895122,3305.890177,-66.70084358,-0.565888688,-0.569070613,2
-2710.795439,-0.011871668,2710.807311,-57.6333925,-3.403409491,-3.403176082,2
-2111.689617,-0.182621588,2111.872239,-48.48404123,-6.236093863,-6.232445452,2
-1509.58297,-0.353111992,1509.936082,-39.26579147,-9.059916404,-9.052858177,2
-905.3311216,-0.523100606,905.8542222,-29.99174288,-11.87086431,-11.86040629,2
-299.7927486,-0.692345864,300.4850945,-20.67507438,-14.66494306,-14.65110012,2
306.1716462,-0.860607262,-305.311039,-11.32902547,-17.43818213,-17.42097394,2
911.7009545,-1.027645689,-910.6733088,-1.966877398,-20.18664059,-20.1660916,2
1515.934686,-1.193223775,-1514.741462,7.398065718,-22.90641273,-22.88255214,2
2118.014191,-1.357106225,-2116.657085,16.75249578,-25.5936336,-25.56649532,2
2717.083882,-1.519060153,-2715.564822,26.08311963,-28.24448452,-28.21410711,2
3312.292448,-1.678855414,-3310.613593,35.37667793,-30.85519848,-30.82162511,2
3902.794066,-1.836264929,-3900.957801,44.61996404,-33.42206552,-33.3853439,2
4487.749599,-1.991065011,-4485.758534,53.79984274,-35.94143797,-35.90162028,2
5066.327795,-2.143035681,-5064.184759,62.90326892,-38.40973567,-38.3668785,2
5637.706461,-2.291960979,-5635.4145,71.91730612,-40.82345103,-40.77761529,2
6201.073639,-2.437629276,-6198.63601,80.82914488,-43.17915404,-43.13040485,2
6755.628751,-2.579833568,-6753.048918,89.62612101,-45.47349711,-45.42190375,2
7300.583745,-2.718371776,-7297.865374,98.29573352,-47.70321985,-47.64885563,2
7835.164211,-2.853047028,-7832.311164,106.8256624,-49.8651537,-49.80809589,2
8358.610479,-2.983667945,-8355.626811,115.2037862,-51.95622644,-51.89655611,2
8870.178704,-3.110048906,-8867.068655,123.4181991,-53.97346654,-53.91126849,2
9369.14192,-3.232010318,-9365.90991,131.457228,-55.91400739,-55.84937001,2
9854.791073,-3.349378866,-9851.441694,139.3094489,-57.77509138,-57.70810651,2
10326.43603,-3.461987763,-10322.97404,146.9637035,-59.5540738,-59.48483664,2
10783.40655,-3.569676986,-10779.83688,154.4091147,-61.24842663,-61.17703556,2
11225.05327,-3.672293503,-11221.38097,161.635102,-62.85574208,-62.78229857,2
11650.74857,-3.76969149,-11646.97887,168.6313971,-64.37373609,-64.29834449,2
12059.88751,-3.861732539,-12056.02578,175.3880577,-65.8002515,-65.72301895,2
12451.8887,-3.948285855,-12447.94042,181.8954822,-67.13326115,-67.05429741,2
12826.19507,-4.02922844,-12822.16585,188.1444233,-68.37087076,-68.29028803,2
13182.27472,-4.104445272,-13178.17028,194.1260009,-69.51132162,-69.42923442,2
13519.62164,-4.173829462,-13515.44781,199.8317149,-70.5529931,-70.46951807,2
13837.75643,-4.237282412,-13833.51914,205.253457,-71.4944049,-71.40966068,2
14136.22701,-4.294713952,-14131.9323,210.3835227,-72.33421925,-72.24832625,2
14414.60924,-4.346042468,-14410.2632,215.214622,-73.07124271,-72.984323,2
14672.50752,-4.391195021,-14668.11633,219.7398895,-73.70442794,-73.61660503,2
14909.55537,-4.430107445,-14905.12526,223.9528946,-74.23287514,-74.14427384,2
15125.41592,-4.462724443,-15120.9532,227.8476503,-74.65583337,-74.56657958,2
15319.78243,-4.488999666,-15315.29343,231.4186221,-74.97270157,-74.88292212,2
15492.37869,-4.508895775,-15487.86979,234.6607354,-75.18302946,-75.09285194,2
15642.95943,-4.522384497,-15638.43704,237.5693829,-75.28651815,-75.19607071,2
15771.31067,-4.529446662,-15766.78122,240.1404313,-75.28302058,-75.19243174,2
15877.25001,-4.530072236,-15872.71994,242.370227,-75.17254172,-75.08194022,2
15960.62692,-4.52426033,-15956.10266,244.2556014,-74.95523856,-74.86475315,2
16021.3229,-4.512019202,-16016.81088,245.7938752,-74.63141991,-74.54117916,2
16059.2517,-4.493366247,-16054.75833,246.9828624,-74.20154593,-74.11167809,2
16074.35943,-4.468327974,-16069.8911,247.8208735,-73.66622749,-73.57686026,2
16066.62461,-4.436939962,-16062.18767,248.3067176,-73.02622531,-72.93748569,2
16036.05824,-4.399246815,-16031.65899,248.4397042,-72.28244886,-72.19446296,2
15982.70375,-4.355302098,-15978.34845,248.2196445,-71.4359551,-71.34884795,2
15906.63697,-4.305168259,-15902.3318,247.646851,-70.48794695,-70.40184233,2
15807.96599,-4.248916539,-15803.71707,246.7221378,-69.43977156,-69.35479183,2
15686.83102,-4.186626877,-15682.64439,245.4468189,-68.29291845,-68.20918438,2
15543.40421,-4.118387789,-15539.28582,243.8227067,-67.04901737,-66.96664794,2
15377.88936,-4.044296247,-15373.84507,241.8521091,-65.70983597,-65.62894823,2
15190.5217,-3.964457538,-15186.55724,239.5378264,-64.2772773,-64.1979862,2
14981.56747,-3.878985118,-14977.68849,236.8831473,-62.7533771,-62.67579532,2
14751.32362,-3.788000448,-14747.53562,233.8918443,-61.14030091,-61.0645387,2
14500.11733,-3.691632822,-14496.42569,230.5681682,-59.44034102,-59.36650603,2
14228.30558,-3.590019184,-14224.71556,226.9168421,-57.65591314,-57.58411031,2
13936.27462,-3.483303932,-13932.79132,222.9430548,-55.78955306,-55.71988441,2
13624.43946,-3.371638715,-13621.06782,218.6524532,-53.84391297,-53.77647751,2
13293.24323,-3.255182215,-13289.98804,214.0511345,-51.82175774,-51.75665129,2
12943.15656,-3.134099922,-12940.02246,209.1456374,-49.72596095,-49.66327604,2
12574.67697,-3.008563902,-12571.66841,203.942933,-47.55950085,-47.49932656,2
12188.32807,-2.878752549,-12185.44932,198.4504144,-45.32545609,-45.26787793,2
11784.65889,-2.74485033,-11781.91404,192.675887,-43.02700139,-42.97210118,2
11364.24306,-2.607047529,-11361.63602,186.6275566,-40.66740296,-40.61525871,2
10927.67803,-2.46553997,-10925.21249,180.3140182,-38.25001392,-38.20069974,2
10475.58416,-2.320528745,-10473.26363,173.7442437,-35.77826952,-35.73185549,2
10008.60392,-2.172219921,-10006.4317,166.9275691,-33.25568225,-33.21223432,2
9527.400902,-2.020824253,-9525.380078,159.8736814,-30.68583682,-30.64541674,2
9032.658927,-1.866556884,-9030.79237,152.5926044,-28.07238515,-28.03505035,2
8525.081049,-1.709637035,-8523.371412,145.0946849,-25.41904108,-25.38484461,2
8005.388564,-1.550287699,-8003.838276,137.390578,-22.72957516,-22.69856563,2
7474.319984,-1.388735319,-7472.931249,129.4912315,-20.00780927,-19.98003074,2
6932.629987,-1.22520947,-6931.404777,121.4078709,-17.2576112,-17.23310313,2
6381.088343,-1.059942531,-6380.0284,113.1519831,-14.48288911,-14.46168634,2
5820.478823,-0.893169356,-5819.585654,104.7353001,-11.68758604,-11.66971871,2
5251.598085,-0.725126939,-5250.872958,96.16978255,-8.875674271,-8.86116776,2
4675.254538,-0.556054076,-4674.698484,87.46760245,-6.051149686,-6.04002461,2
4092.267199,-0.38619103,-4091.881008,78.64112611,-3.218026085,-3.210298255,2
3503.464524,-0.215779186,-3503.248744,69.70289642,-0.380329494,-0.37600989,2
2909.683234,-0.045060707,-2909.638173,60.6656151,2.457907567,2.458812805,2
2311.767125,0.125721805,-2311.892847,51.54212462,5.292651806,5.290141393,2
1710.565869,0.296325659,-1710.862194,42.34538997,8.119874897,8.1139524,2
1106.933805,0.466508419,-1107.400313,33.0884802,10.9355592,10.92623304,2
501.7287269,0.636028245,-502.3647552,23.78454988,13.73570348,13.7229869,2
-104.1893347,0.804644239,103.3846904,14.44682042,16.51632857,16.50023965,2
-709.9593375,0.972116791,708.9872207,5.08856124,19.27348305,19.25404465,2
-1314.720449,1.138207911,1313.582241,-4.276929066,22.00324886,21.9804886,2
-1917.613271,1.302681575,1916.31059,-13.63634162,24.70174685,24.67569708,2
-2517.78106,1.465304058,2516.315756,-22.97637619,27.36514231,27.33584004,2
-3114.370944,1.625844263,3112.7451,-32.28376007,29.9896504,29.95713727,2
-3706.535137,1.784074055,3704.751063,-41.54526696,32.57154156,32.53586378,2
-4293.43214,1.939768579,4291.492371,-50.74773576,35.10714677,35.06835504,2
-4874.227941,2.092706587,4872.135235,-59.87808924,37.59286281,37.55101225,2
-5448.097198,2.242670744,5445.854527,-68.92335268,40.02515733,39.98030741,2
-6014.22441,2.389447943,6011.834962,-77.87067227,42.40057391,42.35278837,2
-6571.805081,2.532829606,6569.272251,-86.70733337,44.71573696,44.66508371,2
-7120.046856,2.672611979,7117.374244,-95.42077861,46.9673565,46.91390751,2
-7658.170656,2.808596424,7655.36206,-103.9986257,49.15223286,49.09606409,2
-8185.411776,2.940589701,8182.471186,-112.428685,51.2672612,51.20845247,2
-8701.020978,3.068404238,8697.952574,-120.6989771,53.30943596,53.24807083,2
-9204.265553,3.191858405,9201.073695,-128.7977493,55.27585509,55.21202078,2
-9694.430364,3.310776767,9691.119587,-136.7134928,57.16372421,57.09751142,2
-10170.81886,3.424990334,10167.39387,-144.434959,58.97036055,58.90186338,2
-10632.75406,3.534336802,10629.21972,-151.9511752,60.69319678,60.62251256,2
-11079.57954,3.638660784,11075.94088,-159.2514605,62.32978466,62.25701384,2
-11510.66033,3.73781403,11506.92252,-166.3254407,63.8777985,63.80304449,2
-11925.38384,3.831655637,11921.55219,-173.1630634,65.33503849,65.25840753,2
-12323.16073,3.920052253,12319.24068,-179.7546119,66.69943382,66.6210348,2
-12703.42573,4.002878259,12699.42286,-186.0907192,67.96904561,67.88898993,2
-13065.63847,4.080015957,13061.55846,-192.1623815,69.14206966,69.06047109,2
-13409.28423,4.151355728,13405.13287,-197.9609704,70.21683905,70.13381354,2
-13733.87465,4.216796196,13729.65786,-203.4782461,71.19182646,71.10749201,2
-14038.94849,4.276244366,14034.67225,-208.706368,72.0656464,71.98012284,2
-14324.07222,4.329615759,14319.7426,-213.6379067,72.83705711,72.75046598,2
-14588.84065,4.376834531,14584.46382,-218.2658543,73.50496237,73.41742672,2
-14832.87754,4.417833581,14828.45971,-222.5836341,74.06841307,73.98005729,2
-15055.83611,4.452554648,15051.38355,-226.5851105,74.52660849,74.43755814,2
-15257.3995,4.480948391,15252.91855,-230.264597,74.87889752,74.78927915,2
-15437.2813,4.502974462,15432.77832,-233.6168649,75.12477955,75.0347205,2
-15595.22587,4.518601559,15590.70727,-236.6371504,75.26390515,75.17353341,2
-15731.00878,4.527807476,15726.48097,-239.3211616,75.29607663,75.20552062,2
-15844.43706,4.530579132,15839.90648,-241.6650844,75.22124825,75.13063666,2
-15935.34953,4.526912586,15930.82262,-243.6655878,75.03952637,74.94898796,2
-16003.61699,4.51681305,15999.10018,-245.3198291,74.75116922,74.66083265,2
-16049.14245,4.500294875,16044.64215,-246.6254575,74.35658657,74.2665802,2
-16071.86119,4.477381535,16067.3838,-247.5806176,73.85633913,73.76679089,2
-16071.74093,4.448105591,16067.29283,-248.1839522,73.2511378,73.16217492,2
-16048.78186,4.412508645,16044.36935,-248.4346037,72.54184259,72.45359151,2
-16003.01658,4.370641283,15998.64594,-248.3322161,71.72946146,71.64204757,2
-15934.51014,4.322563001,15930.18758,-247.8769348,70.81514883,70.72869637,2
-15843.3599,4.26834212,15839.09156,-247.0694069,69.80020401,69.71483581,2
-15729.69537,4.208055692,15725.48731,-245.9107797,68.68606927,68.60190667,2
-15593.67808,4.141789386,15589.53629,-244.4027,67.47432787,67.39149045,2
-15435.50133,4.06963737,15431.43169,-242.5473106,66.16670176,66.08530725,2
-15255.38988,3.991702178,15251.39818,-240.3472481,64.76504915,64.6852132,2
-15053.59969,3.908094558,15049.69159,-237.8056392,63.27136185,63.19319793,2
-14830.41751,3.818933322,14826.59857,-234.9260953,61.68776249,61.61138166,2
-14586.16049,3.724345172,14582.43614,-231.7127087,60.01650145,59.94201225,2
-14321.17574,3.624464525,14317.55128,-228.1700456,58.25995367,58.18746196,2
-14035.83982,3.519433315,14032.32039,-224.3031404,56.42061531,56.35022411,2
-13730.5582,3.409400797,13727.1488,-220.1174881,54.50110016,54.4329095,2
-13405.76471,3.294523335,13402.47019,-215.6190369,52.50413598,52.43824275,2
-13061.92089,3.174964175,13058.74593,-210.8141792,50.43256054,50.36905838,2
-12699.51537,3.050893217,12696.46447,-205.709743,48.28931767,48.22829683,2
-12319.06314,2.922486772,12316.14065,-200.312982,46.07745304,46.01900023,2
-11921.10485,2.789927314,11918.31492,-194.6315654,43.80010983,43.74430811,2
-11506.20601,2.653403217,11503.55261,-188.6735666,41.46052427,41.40745294,2
-11074.95623,2.513108488,11072.44312,-182.4474523,39.06202103,39.01175551,2
-10627.96833,2.369242495,10625.59909,-175.9620702,36.60800852,36.56062024,2
-10165.8775,2.222009679,10163.65549,-169.2266364,34.10197403,34.05753033,2
-9689.34041,2.071619265,9687.268791,-162.2507223,31.54747877,31.50604281,2
-9199.034234,1.918284967,9197.115949,-155.0442411,28.94815281,28.90978347,2
-8695.655726,1.762224681,8693.893501,-147.6174335,26.30768995,26.27244175,2
-8179.920215,1.603660177,8178.316555,-139.9808534,23.62984242,23.59776545,2
-7652.560591,1.442816784,7651.117774,-132.1453529,20.91841559,20.88955544,2
-7114.326259,1.27992307,7113.046336,-124.1220666,18.17726255,18.15166022,2
-6565.98208,1.115210515,6564.86687,-115.9223961,15.41027862,15.38797051,2
-6008.307281,0.948913185,6007.358368,-107.5579935,12.62139584,12.60241364,2
-5442.094349,0.781267398,5441.313082,-99.04074505,9.814577369,9.798948057,2
-4868.147903,0.612511386,4867.535392,-90.38275433,6.993811846,6.981557631,2
-4287.283553,0.442884963,4286.840668,-81.59632477,4.163107734,4.154246029,2
-3700.326738,0.272629176,3700.054109,-72.69394237,1.326487618,1.321031017,2
-3108.111556,0.101985967,3108.00957,-63.6882579,-1.51201751,-1.514061253,2
-2511.479578,-0.068802169,2511.54838,-54.59206892,-4.348373978,-4.347001958,2
-1911.27865,-0.239492533,1911.518142,-45.41830164,-7.178551168,-7.173765337,2
-1308.36169,-0.409842565,1308.771532,-36.17999245,-9.998527245,-9.990334402,2
-703.5854764,-0.579610189,704.1650866,-26.89026953,-12.80429487,-12.79270665,2
-97.80942961,-0.748554155,98.55798377,-17.56233405,-15.59186689,-15.57689977,2
508.1056098,-0.916434384,-507.1891754,-8.20944154,-18.35728201,-18.33895726,2
1113.298603,-1.08301231,-1112.215591,1.155117037,-21.09661043,-21.07495409,2
1716.909539,-1.248051216,-1715.661487,10.51803413,-23.80595941,-23.78100226,2
2318.080651,-1.411316573,-2316.669335,19.86600452,-26.48147882,-26.45325632,2
2915.957645,-1.572576372,-2914.385068,29.18574423,-29.1193666,-29.08791885,2
3509.690903,-1.731601454,-3507.959301,38.4640094,-31.71587417,-31.68124586,2
4098.436698,-1.888165836,-4096.548532,47.68761511,-34.26731175,-34.22955209,2
4681.35839,-2.04204703,-4679.316343,56.84345411,-36.7700536,-36.72921625,2
5257.627616,-2.193026364,-5255.43459,65.91851545,-39.22054319,-39.17668618,2
5826.425466,-2.340889288,-5824.084577,74.89990298,-41.61529824,-41.5684839,2
6386.943646,-2.48542568,-6384.45822,83.77485364,-43.95091568,-43.90121053,2
6938.38563,-2.626430146,-6935.759199,92.53075565,-46.22407646,-46.17155114,2
7479.967788,-2.763702311,-7477.204085,101.1551664,-48.4315503,-48.37627945,2
8010.920502,-2.897047103,-8008.023455,109.6358301,-50.57020026,-50.51226241,2
8530.48926,-3.026275034,-8527.462985,117.9606953,-52.6369872,-52.57646469,2
9037.935726,-3.151202461,-9034.784524,126.1179319,-54.62897409,-54.56595293,2
9532.538791,-3.271651858,-9529.267139,134.095948,-56.54333023,-56.47789997,2
10013.5956,-3.387452059,-10010.20814,141.8834065,-58.37733519,-58.30958883,2
10480.42254,-3.498438504,-10476.9241,149.4692408,-60.12838278,-60.05841656,2
10932.35622,-3.604453477,-10928.75177,156.8426712,-61.79398463,-61.721898,2
11368.75443,-3.705346325,-11365.04908,163.9932196,-63.37177386,-63.29766925,2
11788.99701,-3.800973673,-11785.19604,170.9107246,-64.85950833,-64.78349104,2
12192.48679,-3.891199629,-12188.59559,177.5853561,-66.25507388,-66.17725195,2
12578.65037,-3.975895977,-12574.67448,184.0076292,-67.55648735,-67.47697136,2
12946.93901,-4.05494236,-12942.88407,190.1684173,-68.76189936,-68.68080231,2
13296.82934,-4.128226448,-13292.70111,196.0589657,-69.86959694,-69.78703407,2
13627.82414,-4.1956441,-13623.6285,201.6709036,-70.87800601,-70.79409465,2
13939.45306,-4.257099512,-13935.19596,206.996256,-71.78569355,-71.70055293,2
14231.27325,-4.312505353,-14226.96075,212.0274555,-72.59136969,-72.50512082,2
14502.87003,-4.361782888,-14498.50825,216.7573524,-73.29388952,-73.20665495,2
14753.85744,-4.40486209,-14749.45257,221.1792252,-73.89225473,-73.80415843,2
14983.8788,-4.441681743,-14979.43712,225.2867902,-74.38561499,-74.29678215,2
15192.60726,-4.472189523,-15188.13507,229.0742104,-74.77326923,-74.68382608,2
15379.74618,-4.496342076,-15375.24984,232.5361036,-75.05466656,-74.96474021,2
15545.02965,-4.514105082,-15540.51555,235.6675502,-75.2294071,-75.13912535,2
15688.22278,-4.525453297,-15683.69733,238.4641004,-75.29724254,-75.20673367,2
15809.12209,-4.530370596,-15804.59172,240.92178,-75.25807648,-75.16746911,2
15907.55577,-4.52884999,-15903.02692,243.0370966,-75.11196457,-75.02138746,2
15983.38394,-4.52089364,-15978.86304,244.8070442,-74.85911445,-74.76869632,2
16036.49885,-4.506512853,-16031.99233,246.2291076,-74.49988544,-74.40975477,2
16066.82501,-4.485728065,-16062.33928,247.3012659,-74.03478801,-73.94507288,2
16074.31934,-4.458568812,-16069.86077,248.0219956,-73.46448309,-73.375311,2
16058.97118,-4.425073688,-16054.54611,248.3902725,-72.78978112,-72.70127879,2
16020.80235,-4.385290293,-16016.41706,248.4055732,-72.0116409,-71.92393408,2
15959.86707,-4.33927516,-15955.5278,248.067876,-71.13116819,-71.04438153,2
15876.25196,-4.28709368,-15871.96486,247.3776608,-70.14961419,-70.06387102,2
15770.07582,-4.228820005,-15765.847,246.3359084,-69.06837376,-68.98379592,2
15641.48954,-4.164536946,-15637.325,244.9440992,-67.88898339,-67.80569107,2
15490.67584,-4.094335851,-15486.58151,243.204211,-66.61311906,-66.53123062,2
15317.84905,-4.018316481,-15313.83074,241.1187163,-65.24259384,-65.16222565,2
15123.25476,-3.936586864,-15119.31817,238.6905788,-63.77935533,-63.7006216,2
14907.1695,-3.849263141,-14903.32023,235.9232488,-62.22548286,-62.14849547,2
14669.90033,-3.756469405,-14666.14386,232.820659,-60.58318457,-60.50805294,2
14411.78443,-3.65833752,-14408.12609,229.3872184,-58.85479427,-58.78162515,2
14133.1886,-3.555006938,-14129.63359,225.6278059,-57.04276808,-56.97166545,2
13834.50873,-3.446624496,-13831.0621,221.547764,-55.149681,-55.0807459,2
13516.16926,-3.333344212,-13512.83592,217.1528905,-53.1782232,-53.11155359,2
13178.62259,-3.215327063,-13175.40726,212.449431,-51.13119624,-51.06688687,2
12822.34836,-3.092740759,-12819.25562,207.4440691,-49.01150905,-48.9496513,2
12447.85288,-2.965759501,-12444.88712,202.1439179,-46.82217383,-46.76285559,2
12055.66832,-2.834563737,-12052.83376,196.5565092,-44.56630173,-44.50960732,2
11646.352,-2.699339902,-11643.65266,190.6897828,-42.24709848,-42.19310845,2
11220.48557,-2.560280157,-11217.92529,184.5520759,-39.86785979,-39.81665087,2
10778.67422,-2.417582115,-10776.25664,178.1521103,-37.43196669,-37.38361165,2
10321.54578,-2.271448556,-10319.27433,171.4989809,-34.94288072,-34.89744827,2
9849.74986,-2.122087144,-9847.627772,164.602142,-32.404139,-32.3616937,2
9363.956906,-1.96971013,-9361.987196,157.4713945,-29.81934923,-29.7799514,2
8864.857258,-1.81453405,-8863.042724,150.1168715,-27.19218453,-27.15589016,2
8353.160162,-1.656779419,-8351.503383,142.5490242,-24.52637825,-24.49323892,2
7829.592769,-1.496670412,-7828.096099,134.778607,-21.82571864,-21.79578144,2
7294.899096,-1.334434556,-7293.564662,126.816662,-19.0940435,-19.06735096,2
6749.838972,-1.170302395,-6748.66867,118.6745035,-16.33523467,-16.31182473,2
6195.186958,-1.00450717,-6194.182451,110.3637021,-13.55321258,-13.53311851,2
5631.731244,-0.837284485,-5630.89396,101.8960679,-10.75193063,-10.73518099,2
5060.272532,-0.668871974,-5059.60366,93.28363372,-7.935369602,-7.921988182,2
4481.622896,-0.499508959,-4481.123387,84.53863843,-5.107531979,-5.0975378,2
3896.604628,-0.329436114,-3896.275192,75.6735091,-2.272436274,-2.265843538,2
3306.049072,-0.158895122,-3305.890177,66.70084358,0.565888688,0.569070613,2
2710.795439,0.011871668,-2710.807311,57.6333925,3.403409491,3.403176082,2
2111.689617,0.182621588,-2111.872239,48.48404123,6.236093863,6.232445452,2
1509.58297,0.353111992,-1509.936082,39.26579147,9.059916404,9.052858177,2
905.3311216,0.523100606,-905.8542222,29.99174288,11.87086431,11.86040629,2
299.7927486,0.692345864,-300.4850945,20.67507438,14.66494306,14.65110012,2
-306.1716462,0.860607262,305.311039,11.32902547,17.43818213,17.42097394,2
-911.7009545,1.027645689,910.6733088,1.966877398,20.18664059,20.1660916,2
-1515.934686,1.193223775,1514.741462,-7.398065718,22.90641273,22.88255214,2
-2118.014191,1.357106225,2116.657085,-16.75249578,25.5936336,25.56649532,2
-2717.083882,1.519060153,2715.564822,-26.08311963,28.24448452,28.21410711,2
-3312.292448,1.678855414,3310.613593,-35.37667793,30.85519848,30.82162511,2
-3902.794066,1.836264929,3900.957801,-44.61996404,33.42206552,33.3853439,2
-4487.749599,1.991065011,4485.758534,-53.79984274,35.94143797,35.90162028,2
-5066.327795,2.143035681,5064.184759,-62.90326892,38.40973567,38.3668785,2
-5637.706461,2.291960979,5635.4145,-71.91730612,40.82345103,40.77761529,2
-6201.073639,2.437629276,6198.63601,-80.82914488,43.17915404,43.13040485,2
-6755.628751,2.579833568,6753.048918,-89.62612101,45.47349711,45.42190375,2
-7300.583745,2.718371776,7297.865374,-98.29573352,47.70321985,47.64885563,2
-7835.164211,2.853047028,7832.311164,-106.8256624,49.8651537,49.80809589,2
-8358.610479,2.983667945,8355.626811,-115.2037862,51.95622644,51.89655611,2
-8870.178704,3.110048906,8867.068655,-123.4181991,53.97346654,53.91126849,2
-9369.14192,3.232010318,9365.90991,-131.457228,55.91400739,55.84937001,2
-9854.791073,3.349378866,9851.441694,-139.3094489,57.77509138,57.70810651,2
-10326.43603,3.461987763,10322.97404,-146.9637035,59.5540738,59.48483664,2
-10783.40655,3.569676986,10779.83688,-154.4091147,61.24842663,61.17703556,2
-11225.05327,3.672293503,11221.38097,-161.635102,62.85574208,62.78229857,2
-11650.74857,3.76969149,11646.97887,-168.6313971,64.37373609,64.29834449,2
-12059.88751,3.861732539,12056.02578,-175.3880577,65.8002515,65.72301895,2
-12451.8887,3.948285855,12447.94042,-181.8954822,67.13326115,67.05429741,2
-12826.19507,4.02922844,12822.16585,-188.1444233,68.37087076,68.29028803,2
-13182.27472,4.104445272,13178.17028,-194.1260009,69.51132162,69.42923442,2
-13519.62164,4.173829462,13515.44781,-199.8317149,70.5529931,70.46951807,2
-13837.75643,4.237282412,13833.51914,-205.253457,71.4944049,71.40966068,2
-14136.22701,4.294713952,14131.9323,-210.3835227,72.33421925,72.24832625,2
-14414.60924,4.346042469,14410.2632,-215.214622,73.07124271,72.984323,2
-14672.50752,4.391195021,14668.11633,-219.7398895,73.70442794,73.61660503,2
-14909.55537,4.430107445,14905.12526,-223.9528946,74.23287514,74.14427384,2
-15125.41592,4.462724443,15120.9532,-227.8476503,74.65583337,74.56657958,2
-15319.78243,4.488999666,15315.29343,-231.4186221,74.97270157,74.88292212,2
-15492.37869,4.508895775,15487.86979,-234.6607354,75.18302946,75.09285194,2
-15642.95943,4.522384497,15638.43704,-237.5693829,75.28651815,75.19607071,2
-15771.31067,4.529446662,15766.78122,-240.1404313,75.28302058,75.19243174,2
-15877.25001,4.530072236,15872.71994,-242.370227,75.17254172,75.08194022,2
-15960.62692,4.52426033,15956.10266,-244.2556014,74.95523856,74.86475315,2
-16021.3229,4.512019202,16016.81088,-245.7938752,74.63141991,74.54117916,2
-16059.2517,4.493366247,16054.75833,-246.9828624,74.20154593,74.11167809,2
-16074.35943,4.468327974,16069.8911,-247.8208735,73.66622749,73.57686026,2
-16066.62461,4.436939962,16062.18767,-248.3067176,73.02622531,72.93748569,2
-16036.05824,4.399246815,16031.65899,-248.4397042,72.28244886,72.19446296,2
-15982.70375,4.355302098,15978.34845,-248.2196445,71.4359551,71.34884795,2
-15906.63697,4.305168258,15902.3318,-247.646851,70.48794695,70.40184233,2
-15807.96599,4.248916539,15803.71707,-246.7221378,69.43977156,69.35479183,2
-15686.83102,4.186626877,15682.64439,-245.4468189,68.29291845,68.20918438,2
-15543.40421,4.118387789,15539.28582,-243.8227067,67.04901737,66.96664794,2
-15377.88936,4.044296247,15373.84507,-241.8521091,65.70983597,65.62894823,2
-15190.5217,3.964457538,15186.55724,-239.5378264,64.2772773,64.1979862,2
-14981.56747,3.878985118,14977.68849,-236.8831473,62.7533771,62.67579532,2
-14751.32362,3.788000448,14747.53562,-233.8918443,61.14030091,61.0645387,2
-14500.11733,3.691632822,14496.42569,-230.5681682,59.44034102,59.36650603,2
-14228.30558,3.590019184,14224.71556,-226.9168421,57.65591314,57.58411031,2
-13936.27462,3.483303932,13932.79132,-222.9430548,55.78955306,55.71988441,2
-13624.43946,3.371638715,13621.06782,-218.6524532,53.84391297,53.77647751,2
-13293.24323,3.255182215,13289.98804,-214.0511345,51.82175774,51.75665129,2
-12943.15656,3.134099922,12940.02246,-209.1456374,49.72596095,49.66327604,2
-12574.67697,3.008563902,12571.66841,-203.942933,47.55950085,47.49932656,2
-12188.32807,2.878752549,12185.44932,-198.4504144,45.32545609,45.26787793,2
-11784.65889,2.74485033,11781.91404,-192.675887,43.02700139,42.97210118,2
-11364.24306,2.607047529,11361.63602,-186.6275566,40.66740296,40.61525871,2
-10927.67803,2.46553997,10925.21249,-180.3140182,38.25001392,38.20069974,2
-10475.58416,2.320528744,10473.26363,-173.7442437,35.77826952,35.73185549,2
-10008.60392,2.17221992,10006.4317,-166.9275691,33.25568225,33.21223432,2
-9527.400902,2.020824253,9525.380078,-159.8736814,30.68583682,30.64541674,2
-9032.658927,1.866556884,9030.79237,-152.5926044,28.07238515,28.03505035,2
-8525.081049,1.709637035,8523.371412,-145.0946849,25.41904108,25.38484461,2
-8005.388564,1.550287699,8003.838276,-137.390578,22.72957516,22.69856563,2
-7474.319984,1.388735319,7472.931249,-129.4912315,20.00780927,19.98003074,2
-6932.629987,1.22520947,6931.404777,-121.4078709,17.2576112,17.23310313,2
-6381.088343,1.059942531,6380.0284,-113.1519831,14.48288911,14.46168634,2
-5820.478823,0.893169356,5819.585654,-104.7353001,11.68758604,11.66971871,2
-5251.598085,0.725126939,5250.872958,-96.16978255,8.875674271,8.86116776,2
-4675.254538,0.556054076,4674.698484,-87.46760245,6.051149686,6.04002461,2
-4092.267199,0.38619103,4091.881008,-78.64112611,3.218026085,3.210298255,2
-3503.464524,0.215779186,3503.248744,-69.70289642,0.380329494,0.37600989,2
-2909.683234,0.045060707,2909.638173,-60.6656151,-2.457907567,-2.458812805,2
-2311.767125,-0.125721805,2311.892847,-51.54212462,-5.292651806,-5.290141393,2
-1710.565869,-0.296325659,1710.862194,-42.34538997,-8.119874897,-8.1139524,2
-1106.933805,-0.466508419,1107.400313,-33.0884802,-10.9355592,-10.92623304,2
-501.7287269,-0.636028245,502.3647552,-23.78454988,-13.73570348,-13.7229869,2
104.1893347,-0.804644239,-103.3846904,-14.44682042,-16.51632857,-16.50023965,2
709.9593375,-0.972116791,-708.9872207,-5.08856124,-19.27348305,-19.25404465,2
1314.720449,-1.138207911,-1313.582241,4.276929066,-22.00324886,-21.9804886,2
1917.613271,-1.302681575,-1916.31059,13.63634162,-24.70174685,-24.67569708,2
2517.78106,-1.465304058,-2516.315756,22.97637619,-27.36514231,-27.33584004,2
3114.370944,-1.625844263,-3112.7451,32.28376007,-29.9896504,-29.95713727,2
3706.535137,-1.784074054,-3704.751063,41.54526696,-32.57154156,-32.53586378,2
4293.43214,-1.939768579,-4291.492371,50.74773576,-35.10714677,-35.06835504,2
4874.227941,-2.092706587,-4872.135235,59.87808924,-37.59286281,-37.55101225,2
5448.097198,-2.242670744,-5445.854527,68.92335268,-40.02515733,-39.98030741,2
6014.22441,-2.389447943,-6011.834962,77.87067227,-42.40057391,-42.35278837,2
6571.805081,-2.532829606,-6569.272251,86.70733337,-44.71573696,-44.66508371,2
7120.046856,-2.672611979,-7117.374244,95.42077861,-46.9673565,-46.91390751,2
7658.170656,-2.808596424,-7655.36206,103.9986257,-49.15223286,-49.09606409,2
8185.411776,-2.940589701,-8182.471186,112.428685,-51.2672612,-51.20845247,2
8701.020978,-3.068404238,-8697.952574,120.6989771,-53.30943596,-53.24807083,2
9204.265553,-3.191858405,-9201.073695,128.7977493,-55.27585509,-55.21202078,2
9694.430364,-3.310776767,-9691.119587,136.7134928,-57.16372421,-57.09751142,2
10170.81886,-3.424990334,-10167.39387,144.434959,-58.97036055,-58.90186338,2
10632.75406,-3.534336802,-10629.21972,151.9511752,-60.69319678,-60.62251256,2
11079.57954,-3.638660784,-11075.94088,159.2514605,-62.32978466,-62.25701384,2
11510.66033,-3.73781403,-11506.92252,166.3254407,-63.8777985,-63.80304449,2
11925.38384,-3.831655637,-11921.55219,173.1630634,-65.33503849,-65.25840753,2
12323.16073,-3.920052253,-12319.24068,179.7546119,-66.69943382,-66.6210348,2
12703.42573,-4.002878259,-12699.42286,186.0907192,-67.96904561,-67.88898993,2
13065.63847,-4.080015957,-13061.55846,192.1623815,-69.14206966,-69.06047109,2
13409.28423,-4.151355728,-13405.13287,197.9609704,-70.21683905,-70.13381354,2
13733.87465,-4.216796196,-13729.65786,203.4782461,-71.19182646,-71.10749201,2
14038.94849,-4.276244366,-14034.67225,208.706368,-72.0656464,-71.98012284,2
14324.07222,-4.329615759,-14319.7426,213.6379067,-72.83705711,-72.75046598,2
14588.84065,-4.376834531,-14584.46382,218.2658543,-73.50496237,-73.41742672,2
14832.87754,-4.417833581,-14828.45971,222.5836341,-74.06841307,-73.98005729,2
15055.83611,-4.452554648,-15051.38355,226.5851105,-74.52660849,-74.43755814,2
15257.3995,-4.480948391,-15252.91855,230.264597,-74.87889752,-74.78927915,2
15437.2813,-4.502974462,-15432.77832,233.6168649,-75.12477955,-75.0347205,2
15595.22587,-4.518601559,-15590.70727,236.6371504,-75.26390515,-75.17353341,2
15731.00878,-4.527807476,-15726.48097,239.3211616,-75.29607663,-75.20552062,2
15844.43706,-4.530579132,-15839.90648,241.6650844,-75.22124825,-75.13063666,2
15935.34953,-4.526912586,-15930.82262,243.6655878,-75.03952637,-74.94898796,2
16003.61699,-4.516813049,-15999.10018,245.3198291,-74.75116922,-74.66083265,2
16049.14245,-4.500294875,-16044.64215,246.6254575,-74.35658657,-74.2665802,2
16071.86119,-4.477381535,-16067.3838,247.5806176,-73.85633913,-73.76679089,2
16071.74093,-4.448105591,-16067.29283,248.1839522,-73.2511378,-73.16217492,2
16048.78186,-4.412508645,-16044.36935,248.4346037,-72.54184259,-72.45359151,2
16003.01658,-4.370641283,-15998.64594,248.3322161,-71.72946146,-71.64204757,2
15934.51014,-4.322563001,-15930.18758,247.8769348,-70.81514883,-70.72869637,2
15843.3599,-4.26834212,-15839.09156,247.0694069,-69.80020401,-69.71483581,2
15729.69537,-4.208055692,-15725.48731,245.9107797,-68.68606927,-68.60190667,2
15593.67808,-4.141789386,-15589.53629,244.4027,-67.47432787,-67.39149045,2
15435.50133,-4.06963737,-15431.43169,242.5473106,-66.16670176,-66.08530725,2
15255.38988,-3.991702178,-15251.39818,240.3472481,-64.76504915,-64.6852132,2
15053.59969,-3.908094558,-15049.69159,237.8056392,-63.27136185,-63.19319793,2
14830.41751,-3.818933322,-14826.59857,234.9260953,-61.68776249,-61.61138166,2
14586.16049,-3.724345172,-14582.43614,231.7127087,-60.01650145,-59.94201225,2
14321.17574,-3.624464525,-14317.55128,228.1700456,-58.25995367,-58.18746196,2
14035.83982,-3.519433315,-14032.32039,224.3031404,-56.42061531,-56.35022411,2
13730.5582,-3.409400797,-13727.1488,220.1174881,-54.50110016,-54.4329095,2
13405.76471,-3.294523335,-13402.47019,215.6190369,-52.50413598,-52.43824275,2
13061.92089,-3.174964175,-13058.74593,210.8141792,-50.43256054,-50.36905838,2
12699.51537,-3.050893217,-12696.46447,205.709743,-48.28931767,-48.22829683,2
12319.06314,-2.922486772,-12316.14065,200.312982,-46.07745304,-46.01900023,2
11921.10485,-2.789927314,-11918.31492,194.6315654,-43.80010983,-43.74430811,2
11506.20601,-2.653403217,-11503.55261,188.6735666,-41.46052427,-41.40745294,2
11074.95623,-2.513108488,-11072.44312,182.4474523,-39.06202103,-39.01175551,2
10627.96833,-2.369242495,-10625.59909,175.9620702,-36.60800852,-36.56062024,2
10165.8775,-2.222009679,-10163.65549,169.2266364,-34.10197403,-34.05753033,2
9689.34041,-2.071619265,-9687.268791,162.2507223,-31.54747877,-31.50604281,2
9199.034234,-1.918284967,-9197.115949,155.0442411,-28.94815281,-28.90978347,2
8695.655726,-1.762224681,-8693.893501,147.6174335,-26.30768995,-26.27244175,2
8179.920215,-1.603660177,-8178.316555,139.9808534,-23.62984242,-23.59776545,2
7652.560591,-1.442816784,-7651.117774,132.1453529,-20.91841559,-20.88955544,2
7114.326259,-1.27992307,-7113.046336,124.1220666,-18.17726255,-18.15166022,2
6565.98208,-1.115210515,-6564.86687,115.9223961,-15.41027862,-15.38797051,2
6008.307281,-0.948913185,-6007.358368,107.5579935,-12.62139584,-12.60241364,2
5442.094349,-0.781267398,-5441.313082,99.04074505,-9.814577369,-9.798948057,2
4868.147903,-0.612511386,-4867.535392,90.38275433,-6.993811846,-6.981557631,2
4287.283553,-0.442884963,-4286.840668,81.59632477,-4.163107734,-4.154246029,2
3700.326738,-0.272629176,-3700.054109,72.69394237,-1.326487618,-1.321031017,2
3108.111556,-0.101985967,-3108.00957,63.6882579,1.51201751,1.514061253,2
2511.479578,0.068802169,-2511.54838,54.59206892,4.348373978,4.347001958,2
1911.27865,0.239492533,-1911.518142,45.41830164,7.178551168,7.173765337,2
1308.36169,0.409842565,-1308.771532,36.17999245,9.998527245,9.990334402,2
703.5854764,0.579610189,-704.1650866,26.89026953,12.80429487,12.79270665,2
97.80942961,0.748554155,-98.55798377,17.56233405,15.59186689,15.57689977,2
-508.1056098,0.916434384,507.1891754,8.20944154,18.35728201,18.33895726,2
-1113.298603,1.08301231,1112.215591,-1.155117037,21.09661043,21.07495409,2
-1716.909539,1.248051216,1715.661487,-10.51803413,23.80595941,23.78100226,2
-2318.080651,1.411316573,2316.669335,-19.86600452,26.48147882,26.45325632,2
-2915.957645,1.572576372,2914.385068,-29.18574423,29.1193666,29.08791885,2
-3509.690903,1.731601454,3507.959301,-38.4640094,31.71587417,31.68124586,2
-4098.436698,1.888165836,4096.548532,-47.68761511,34.26731175,34.22955209,2
-4681.35839,2.04204703,4679.316343,-56.84345411,36.7700536,36.72921625,2
-5257.627616,2.193026364,5255.43459,-65.91851545,39.22054319,39.17668618,2
-5826.425466,2.340889288,5824.084577,-74.89990298,41.61529824,41.5684839,2
-6386.943646,2.48542568,6384.45822,-83.77485364,43.95091568,43.90121053,2
-6938.38563,2.626430146,6935.759199,-92.53075565,46.22407646,46.17155114,2
-7479.967788,2.763702311,7477.204085,-101.1551664,48.4315503,48.37627945,2
-8010.920502,2.897047103,8008.023455,-109.6358301,50.57020026,50.51226241,2
-8530.48926,3.026275034,8527.462985,-117.9606953,52.6369872,52.57646469,2
-9037.935726,3.151202461,9034.784524,-126.1179319,54.62897409,54.56595293,2
-9532.538791,3.271651858,9529.267139,-134.095948,56.54333023,56.47789997,2
-10013.5956,3.387452059,10010.20814,-141.8834065,58.37733519,58.30958883,2
-10480.42254,3.498438504,10476.9241,-149.4692408,60.12838278,60.05841656,2
-10932.35622,3.604453477,10928.75177,-156.8426712,61.79398463,61.721898,2
-11368.75443,3.705346325,11365.04908,-163.9932196,63.37177386,63.29766925,2
-11788.99701,3.800973673,11785.19604,-170.9107246,64.85950833,64.78349104,2
-12192.48679,3.891199629,12188.59559,-177.5853561,66.25507388,66.17725195,2
-12578.65037,3.975895977,12574.67448,-184.0076292,67.55648735,67.47697136,2
-12946.93901,4.05494236,12942.88407,-190.1684173,68.76189936,68.68080231,2
-13296.82934,4.128226448,13292.70111,-196.0589657,69.86959694,69.78703407,2
-13627.82414,4.1956441,13623.6285,-201.6709036,70.87800601,70.79409465,2
-13939.45306,4.257099512,13935.19596,-206.996256,71.78569355,71.70055293,2
-14231.27325,4.312505353,14226.96075,-212.0274555,72.59136969,72.50512082,2
-14502.87003,4.361782888,14498.50825,-216.7573524,73.29388952,73.20665495,2
-14753.85744,4.40486209,14749.45257,-221.1792252,73.89225473,73.80415843,2
-14983.8788,4.441681743,14979.43712,-225.2867902,74.38561499,74.29678215,2
-15192.60726,4.472189523,15188.13507,-229.0742104,74.77326923,74.68382608,2
-15379.74618,4.496342076,15375.24984,-232.5361036,75.05466656,74.96474021,2
-15545.02965,4.514105082,15540.51555,-235.6675502,75.2294071,75.13912535,2
-15688.22278,4.525453297,15683.69733,-238.4641004,75.29724254,75.20673367,2
-15809.12209,4.530370596,15804.59172,-240.92178,75.25807648,75.16746911,2
-15907.55577,4.52884999,15903.02692,-243.0370966,75.11196457,75.02138746,2
-15983.38394,4.52089364,15978.86304,-244.8070442,74.85911445,74.76869632,2
-16036.49885,4.506512854,16031.99233,-246.2291076,74.49988544,74.40975477,2
-16066.82501,4.485728065,16062.33928,-247.3012659,74.03478801,73.94507288,2
-16074.31934,4.458568812,16069.86077,-248.0219956,73.46448309,73.375311,2
-16058.97118,4.425073689,16054.54611,-248.3902725,72.78978112,72.70127879,2
-16020.80235,4.385290293,16016.41706,-248.4055732,72.0116409,71.92393408,2
-15959.86707,4.33927516,15955.5278,-248.067876,71.13116819,71.04438153,2
-15876.25196,4.28709368,15871.96486,-247.3776608,70.14961419,70.06387102,2
-15770.07582,4.228820005,15765.847,-246.3359084,69.06837376,68.98379592,2
-15641.48954,4.164536946,15637.325,-244.9440992,67.88898339,67.80569107,2
-15490.67584,4.094335851,15486.58151,-243.204211,66.61311906,66.53123062,2
-15317.84905,4.018316481,15313.83074,-241.1187163,65.24259384,65.16222565,2
-15123.25476,3.936586864,15119.31817,-238.6905788,63.77935533,63.7006216,2
-14907.1695,3.849263141,14903.32023,-235.9232488,62.22548286,62.14849547,2
-14669.90033,3.756469405,14666.14386,-232.820659,60.58318457,60.50805294,2
-14411.78443,3.65833752,14408.12609,-229.3872184,58.85479427,58.78162515,2
-14133.1886,3.555006938,14129.63359,-225.6278059,57.04276808,56.97166545,2
-13834.50873,3.446624496,13831.0621,-221.547764,55.149681,55.0807459,2
-13516.16926,3.333344212,13512.83592,-217.1528905,53.1782232,53.11155359,2
-13178.62259,3.215327063,13175.40726,-212.449431,51.13119624,51.06688687,2
-12822.34836,3.092740759,12819.25562,-207.4440691,49.01150905,48.9496513,2
-12447.85288,2.965759501,12444.88712,-202.1439179,46.82217383,46.76285559,2
-12055.66832,2.834563737,12052.83376,-196.5565092,44.56630173,44.50960732,2
-11646.352,2.699339902,11643.65266,-190.6897828,42.24709848,42.19310845,2
-11220.48557,2.560280157,11217.92529,-184.5520759,39.86785979,39.81665087,2
-10778.67422,2.417582115,10776.25664,-178.1521103,37.43196669,37.38361165,2
-10321.54578,2.271448556,10319.27433,-171.4989809,34.94288072,34.89744827,2
-9849.74986,2.122087144,9847.627772,-164.602142,32.404139,32.3616937,2
-9363.956906,1.96971013,9361.987196,-157.4713945,29.81934923,29.7799514,2
-8864.857258,1.81453405,8863.042724,-150.1168715,27.19218453,27.15589016,2
-8353.160162,1.656779418,8351.503383,-142.5490242,24.52637825,24.49323892,2
-7829.592769,1.496670413,7828.096099,-134.778607,21.82571864,21.79578144,2
-7294.899096,1.334434556,7293.564662,-126.816662,19.0940435,19.06735096,2
-6749.838972,1.170302395,6748.66867,-118.6745035,16.33523467,16.31182473,2
-6195.186958,1.00450717,6194.182451,-110.3637021,13.55321258,13.53311851,2
-5631.731244,0.837284485,5630.89396,-101.8960679,10.75193063,10.73518099,2
-5060.272532,0.668871974,5059.60366,-93.28363372,7.935369602,7.921988182,2
-4481.622896,0.499508959,4481.123387,-84.53863843,5.107531979,5.0975378,2
-3896.604628,0.329436114,3896.275192,-75.6735091,2.272436274,2.265843538,2
-3306.049072,0.158895122,3305.890177,-66.70084358,-0.565888688,-0.569070613,2
-2710.795439,-0.011871668,2710.807311,-57.6333925,-3.403409491,-3.403176082,2
-2111.689617,-0.182621588,2111.872239,-48.48404123,-6.236093863,-6.232445452,2
-1509.58297,-0.353111992,1509.936082,-39.26579147,-9.059916404,-9.052858177,2
-905.3311216,-0.523100606,905.8542222,-29.99174288,-11.87086431,-11.86040629,2
-299.7927486,-0.692345864,300.4850945,-20.67507438,-14.66494306,-14.65110012,2
306.1716462,-0.860607262,-305.311039,-11.32902547,-17.43818213,-17.42097394,2
911.7009545,-1.027645689,-910.6733088,-1.966877398,-20.18664059,-20.1660916,2
1515.934686,-1.193223775,-1514.741462,7.398065718,-22.90641273,-22.88255214,2
2118.014191,-1.357106225,-2116.657085,16.75249578,-25.5936336,-25.56649532,2
2717.083882,-1.519060153,-2715.564822,26.08311963,-28.24448452,-28.21410711,2
3312.292448,-1.678855414,-3310.613593,35.37667793,-30.85519848,-30.82162511,2
3902.794066,-1.836264929,-3900.957801,44.61996404,-33.42206552,-33.3853439,2
4487.749599,-1.991065011,-4485.758534,53.79984274,-35.94143797,-35.90162028,2
5066.327795,-2.143035681,-5064.184759,62.90326892,-38.40973567,-38.3668785,2
5637.706461,-2.291960979,-5635.4145,71.91730612,-40.82345103,-40.77761529,2
6201.073639,-2.437629276,-6198.63601,80.82914488,-43.17915404,-43.13040485,2
6755.628751,-2.579833568,-6753.048918,89.62612101,-45.47349711,-45.42190375,2
7300.583745,-2.718371776,-7297.865374,98.29573352,-47.70321985,-47.64885563,2
7835.164211,-2.853047028,-7832.311164,106.8256624,-49.8651537,-49.80809589,2
8358.610479,-2.983667945,-8355.626811,115.2037862,-51.95622644,-51.89655611,2
8870.178704,-3.110048906,-8867.068655,123.4181991,-53.97346654,-53.91126849,2
9369.14192,-3.232010318,-9365.90991,131.457228,-55.91400739,-55.84937001,2
9854.791073,-3.349378866,-9851.441694,139.3094489,-57.77509138,-57.70810651,2
10326.43603,-3.461987763,-10322.97404,146.9637035,-59.5540738,-59.48483664,2
10783.40655,-3.569676986,-10779.83688,154.4091147,-61.24842663,-61.17703556,2
11225.05327,-3.672293503,-11221.38097,161.635102,-62.85574208,-62.78229857,2
11650.74857,-3.76969149,-11646.97887,168.6313971,-64.37373609,-64.29834449,2
12059.88751,-3.861732539,-12056.02578,175.3880577,-65.8002515,-65.72301895,2
12451.8887,-3.948285855,-12447.94042,181.8954822,-67.13326115,-67.05429741,2
12826.19507,-4.02922844,-12822.16585,188.1444233,-68.37087076,-68.29028803,2
13182.27472,-4.104445272,-13178.17028,194.1260009,-69.51132162,-69.42923442,2
13519.62164,-4.173829462,-13515.44781,199.8317149,-70.5529931,-70.46951807,2
13837.75643,-4.237282412,-13833.51914,205.253457,-71.4944049,-71.40966068,2
14136.22701,-4.294713952,-14131.9323,210.3835227,-72.33421925,-72.24832625,2
14414.60924,-4.346042468,-14410.2632,215.214622,-73.07124271,-72.984323,2
14672.50752,-4.391195021,-14668.11633,219.7398895,-73.70442794,-73.61660503,2
14909.55537,-4.430107445,-14905.12526,223.9528946,-74.23287514,-74.14427384,2
15125.41592,-4.462724443,-15120.9532,227.8476503,-74.65583337,-74.56657958,2
15319.78243,-4.488999666,-15315.29343,231.4186221,-74.97270157,-74.88292212,2
15492.37869,-4.508895775,-15487.86979,234.6607354,-75.18302946,-75.09285194,2
15642.95943,-4.522384497,-15638.43704,237.5693829,-75.28651815,-75.19607071,2
15771.31067,-4.529446662,-15766.78122,240.1404313,-75.28302058,-75.19243174,2
15877.25001,-4.530072236,-15872.71994,242.370227,-75.17254172,-75.08194022,2
15960.62692,-4.52426033,-15956.10266,244.2556014,-74.95523856,-74.86475315,2
16021.3229,-4.512019202,-16016.81088,245.7938752,-74.63141991,-74.54117916,2
16059.2517,-4.493366247,-16054.75833,246.9828624,-74.20154593,-74.11167809,2
16074.35943,-4.468327974,-16069.8911,247.8208735,-73.66622749,-73.57686026,2
16066.62461,-4.436939962,-16062.18767,248.3067176,-73.02622531,-72.93748569,2
16036.05824,-4.399246815,-16031.65899,248.4397042,-72.28244886,-72.19446296,2
15982.70375,-4.355302098,-15978.34845,248.2196445,-71.4359551,-71.34884795,2
15906.63697,-4.305168259,-15902.3318,247.646851,-70.48794695,-70.40184233,2
15807.96599,-4.248916539,-15803.71707,246.7221378,-69.43977156,-69.35479183,2
15686.83102,-4.186626877,-15682.64439,245.4468189,-68.29291845,-68.20918438,2
15543.40421,-4.118387789,-15539.28582,243.8227067,-67.04901737,-66.96664794,2
15377.88936,-4.044296246,-15373.84507,241.8521091,-65.70983597,-65.62894823,2
15190.5217,-3.964457538,-15186.55724,239.5378264,-64.2772773,-64.1979862,2
14981.56747,-3.878985118,-14977.68849,236.8831473,-62.7533771,-62.67579532,2
14751.32362,-3.788000448,-14747.53562,233.8918443,-61.14030091,-61.0645387,2
14500.11733,-3.691632822,-14496.42569,230.5681682,-59.44034102,-59.36650603,2
14228.30558,-3.590019184,-14224.71556,226.9168421,-57.65591314,-57.58411031,2
13936.27462,-3.483303932,-13932.79132,222.9430548,-55.78955306,-55.71988441,2
13624.43946,-3.371638715,-13621.06782,218.6524532,-53.84391297,-53.77647751,2
13293.24323,-3.255182215,-13289.98804,214.0511345,-51.82175774,-51.75665129,2
12943.15656,-3.134099922,-12940.02246,209.1456374,-49.72596095,-49.66327604,2
12574.67697,-3.008563902,-12571.66841,203.942933,-47.55950085,-47.49932656,2
12188.32807,-2.878752549,-12185.44932,198.4504144,-45.32545609,-45.26787793,2
11784.65889,-2.74485033,-11781.91404,192.675887,-43.02700139,-42.97210118,2
11364.24306,-2.607047529,-11361.63602,186.6275566,-40.66740296,-40.61525871,2
10927.67803,-2.46553997,-10925.21249,180.3140182,-38.25001392,-38.20069974,2
10475.58416,-2.320528745,-10473.26363,173.7442437,-35.77826952,-35.73185549,2
10008.60392,-2.172219921,-10006.4317,166.9275691,-33.25568225,-33.21223432,2
9527.400902,-2.020824253,-9525.380078,159.8736814,-30.68583682,-30.64541674,2
9032.658927,-1.866556884,-9030.79237,152.5926044,-28.07238515,-28.03505035,2
8525.081049,-1.709637035,-8523.371412,145.0946849,-25.41904108,-25.38484461,2
8005.388564,-1.550287699,-8003.838276,137.390578,-22.72957516,-22.69856563,2
7474.319984,-1.388735319,-7472.931249,129.4912315,-20.00780927,-19.98003074,2
6932.629987,-1.22520947,-6931.404777,121.4078709,-17.2576112,-17.23310313,2
6381.088343,-1.059942531,-6380.0284,113.1519831,-14.48288911,-14.46168634,2
5820.478823,-0.893169356,-5819.585654,104.7353001,-11.68758604,-11.66971871,2
5251.598085,-0.725126939,-5250.872958,96.16978255,-8.875674271,-8.86116776,2
4675.254538,-0.556054076,-4674.698484,87.46760245,-6.051149686,-6.04002461,2
4092.267199,-0.38619103,-4091.881008,78.64112611,-3.218026085,-3.210298255,2
3503.464524,-0.215779186,-3503.248744,69.70289642,-0.380329494,-0.37600989,2
2909.683234,-0.045060708,-2909.638173,60.6656151,2.457907567,2.458812805,2
2311.767125,0.125721805,-2311.892847,51.54212462,5.292651806,5.290141393,2
1710.565869,0.296325659,-1710.862194,42.34538997,8.119874897,8.1139524,2
1106.933805,0.466508419,-1107.400313,33.0884802,10.9355592,10.92623304,2
501.7287269,0.636028245,-502.3647552,23.78454988,13.73570348,13.7229869,2
-104.1893347,0.804644239,103.3846904,14.44682042,16.51632857,16.50023965,2
-709.9593375,0.972116791,708.9872207,5.08856124,19.27348305,19.25404465,2
-1314.720449,1.138207911,1313.582241,-4.276929066,22.00324886,21.9804886,2
-1917.613271,1.302681575,1916.31059,-13.63634162,24.70174685,24.67569708,2
-2517.78106,1.465304058,2516.315756,-22.97637619,27.36514231,27.33584004,2
-3114.370944,1.625844263,3112.7451,-32.28376007,29.9896504,29.95713727,2
-3706.535137,1.784074054,3704.751063,-41.54526696,32.57154156,32.53586378,2
-4293.43214,1.939768579,4291.492371,-50.74773576,35.10714677,35.06835504,2
-4874.227941,2.092706587,4872.135235,-59.87808924,37.59286281,37.55101225,2
-5448.097198,2.242670744,5445.854527,-68.92335268,40.02515733,39.98030741,2
-6014.22441,2.389447943,6011.834962,-77.87067227,42.40057391,42.35278837,2
-6571.805081,2.532829606,6569.272251,-86.70733337,44.71573696,44.66508371,2
-7120.046856,2.672611979,7117.374244,-95.42077861,46.9673565,46.91390751,2
-7658.170656,2.808596424,7655.36206,-103.9986257,49.15223286,49.09606409,2
-8185.411776,2.940589701,8182.471186,-112.428685,51.2672612,51.20845247,2
-8701.020978,3.068404238,8697.952574,-120.6989771,53.30943596,53.24807083,2
-9204.265553,3.191858405,9201.073695,-128.7977493,55.27585509,55.21202078,2
-9694.430364,3.310776767,9691.119587,-136.7134928,57.16372421,57.09751142,2
-10170.81886,3.424990334,10167.39387,-144.434959,58.97036055,58.90186338,2
-10632.75406,3.534336802,10629.21972,-151.9511752,60.69319678,60.62251256,2
-11079.57954,3.638660784,11075.94088,-159.2514605,62.32978466,62.25701384,2
-11510.66033,3.73781403,11506.92252,-166.3254407,63.8777985,63.80304449,2
-11925.38384,3.831655637,11921.55219,-173.1630634,65.33503849,65.25840753,2
-12323.16073,3.920052253,12319.24068,-179.7546119,66.69943382,66.6210348,2
-12703.42573,4.002878259,12699.42286,-186.0907192,67.96904561,67.88898993,2
-13065.63847,4.080015957,13061.55846,-192.1623815,69.14206966,69.06047109,2
-13409.28423,4.151355728,13405.13287,-197.9609704,70.21683905,70.13381354,2
-13733.87465,4.216796196,13729.65786,-203.4782461,71.19182646,71.10749201,2
-14038.94849,4.276244366,14034.67225,-208.706368,72.0656464,71.98012284,2
-14324.07222,4.329615759,14319.7426,-213.6379067,72.83705711,72.75046598,2
-14588.84065,4.376834531,14584.46382,-218.2658543,73.50496237,73.41742672,2
-14832.87754,4.417833581,14828.45971,-222.5836341,74.06841307,73.98005729,2
-15055.83611,4.452554648,15051.38355,-226.5851105,74.52660849,74.43755814,2
-15257.3995,4.480948391,15252.91855,-230.264597,74.87889752,74.78927915,2
-15437.2813,4.502974462,15432.77832,-233.6168649,75.12477955,75.0347205,2
-15595.22587,4.518601559,15590.70727,-236.6371504,75.26390515,75.17353341,2
-15731.00878,4.527807476,15726.48097,-239.3211616,75.29607663,75.20552062,2
-15844.43706,4.530579132,15839.90648,-241.6650844,75.22124825,75.13063666,2
-15935.34953,4.526912586,15930.82262,-243.6655878,75.03952637,74.94898796,2
-16003.61699,4.516813049,15999.10018,-245.3198291,74.75116922,74.66083265,2
-16049.14245,4.500294875,16044.64215,-246.6254575,74.35658657,74.2665802,2
-16071.86119,4.477381535,16067.3838,-247.5806176,73.85633913,73.76679089,2
-16071.74093,4.448105591,16067.29283,-248.1839522,73.2511378,73.16217492,2
-16048.78186,4.412508645,16044.36935,-248.4346037,72.54184259,72.45359151,2
-16003.01658,4.370641283,15998.64594,-248.3322161,71.72946146,71.64204757,2
-15934.51014,4.322563001,15930.18758,-247.8769348,70.81514883,70.72869637,2
-15843.3599,4.26834212,15839.09156,-247.0694069,69.80020401,69.71483581,2
-15729.69537,4.208055692,15725.48731,-245.9107797,68.68606927,68.60190667,2
-15593.67808,4.141789386,15589.53629,-244.4027,67.47432787,67.39149045,2
-15435.50133,4.06963737,15431.43169,-242.5473106,66.16670176,66.08530725,2
-15255.38988,3.991702178,15251.39818,-240.3472481,64.76504915,64.6852132,2
-15053.59969,3.908094558,15049.69159,-237.8056392,63.27136185,63.19319793,2
-14830.41751,3.818933322,14826.59857,-234.9260953,61.68776249,61.61138166,2
-14586.16049,3.724345172,14582.43614,-231.7127087,60.01650145,59.94201225,2
-14321.17574,3.624464525,14317.55128,-228.1700456,58.25995367,58.18746196,2
-14035.83982,3.519433315,14032.32039,-224.3031404,56.42061531,56.35022411,2
-13730.5582,3.409400797,13727.1488,-220.1174881,54.50110016,54.4329095,2
-13405.76471,3.294523335,13402.47019,-215.6190369,52.50413598,52.43824275,2
-13061.92089,3.174964175,13058.74593,-210.8141792,50.43256054,50.36905838,2
-12699.51537,3.050893216,12696.46447,-205.709743,48.28931767,48.22829683,2
-12319.06314,2.922486772,12316.14065,-200.312982,46.07745304,46.01900023,2
-11921.10485,2.789927314,11918.31492,-194.6315654,43.80010983,43.74430811,2
-11506.20601,2.653403217,11503.55261,-188.6735666,41.46052427,41.40745294,2
-11074.95623,2.513108488,11072.44312,-182.4474523,39.06202103,39.01175551,2
-10627.96833,2.369242495,10625.59909,-175.9620702,36.60800852,36.56062024,2
-10165.8775,2.222009679,10163.65549,-169.2266364,34.10197403,34.05753033,2
-9689.34041,2.071619265,9687.268791,-162.2507223,31.54747877,31.50604281,2
-9199.034234,1.918284967,9197.115949,-155.0442411,28.94815281,28.90978347,2
-8695.655726,1.762224681,8693.893501,-147.6174335,26.30768995,26.27244175,2
-8179.920215,1.603660177,8178.316555,-139.9808534,23.62984242,23.59776545,2
-7652.560591,1.442816784,7651.117774,-132.1453529,20.91841559,20.88955544,2
-7114.326259,1.27992307,7113.046336,-124.1220666,18.17726255,18.15166022,2
-6565.98208,1.115210515,6564.86687,-115.9223961,15.41027862,15.38797051,2
-6008.307281,0.948913185,6007.358368,-107.5579935,12.62139584,12.60241364,2
-5442.094349,0.781267398,5441.313082,-99.04074505,9.814577369,9.798948057,2
-4868.147903,0.612511386,4867.535392,-90.38275433,6.993811846,6.981557631,2
-4287.283553,0.442884963,4286.840668,-81.59632477,4.163107734,4.154246029,2
-3700.326738,0.272629176,3700.054109,-72.69394237,1.326487618,1.321031017,2
-3108.111556,0.101985967,3108.00957,-63.6882579,-1.51201751,-1.514061253,2
-2511.479578,-0.068802169,2511.54838,-54.59206892,-4.348373978,-4.347001958,2
-1911.27865,-0.239492533,1911.518142,-45.41830164,-7.178551168,-7.173765337,2
-1308.36169,-0.409842565,1308.771532,-36.17999245,-9.998527245,-9.990334402,2
-703.5854764,-0.579610189,704.1650866,-26.89026953,-12.80429487,-12.79270665,2
-97.80942961,-0.748554155,98.55798377,-17.56233405,-15.59186689,-15.57689977,2
508.1056098,-0.916434384,-507.1891754,-8.20944154,-18.35728201,-18.33895726,2
1113.298603,-1.08301231,-1112.215591,1.155117037,-21.09661043,-21.07495409,2
1716.909539,-1.248051216,-1715.661487,10.51803413,-23.80595941,-23.78100226,2
2318.080651,-1.411316573,-2316.669335,19.86600452,-26.48147882,-26.45325632,2
2915.957645,-1.572576372,-2914.385068,29.18574423,-29.1193666,-29.08791885,2
3509.690903,-1.731601454,-3507.959301,38.4640094,-31.71587417,-31.68124586,2
4098.436698,-1.888165836,-4096.548532,47.68761511,-34.26731175,-34.22955209,2
4681.35839,-2.04204703,-4679.316343,56.84345411,-36.7700536,-36.72921625,2
5257.627616,-2.193026364,-5255.43459,65.91851545,-39.22054319,-39.17668618,2
5826.425466,-2.340889288,-5824.084577,74.89990298,-41.61529824,-41.5684839,2
6386.943646,-2.48542568,-6384.45822,83.77485364,-43.95091568,-43.90121053,2
6938.38563,-2.626430146,-6935.759199,92.53075565,-46.22407646,-46.17155114,2
7479.967788,-2.76370231,-7477.204085,101.1551664,-48.4315503,-48.37627945,2
8010.920502,-2.897047103,-8008.023455,109.6358301,-50.57020026,-50.51226241,2
8530.48926,-3.026275034,-8527.462985,117.9606953,-52.6369872,-52.57646469,2
9037.935726,-3.151202461,-9034.784524,126.1179319,-54.62897409,-54.56595293,2
9532.538791,-3.271651858,-9529.267139,134.095948,-56.54333023,-56.47789997,2
10013.5956,-3.387452058,-10010.20814,141.8834065,-58.37733519,-58.30958883,2
10480.42254,-3.498438504,-10476.9241,149.4692408,-60.12838278,-60.05841656,2
10932.35622,-3.604453477,-10928.75177,156.8426712,-61.79398463,-61.721898,2
11368.75443,-3.705346325,-11365.04908,163.9932196,-63.37177386,-63.29766925,2
11788.99701,-3.800973673,-11785.19604,170.9107246,-64.85950833,-64.78349104,2
12192.48679,-3.891199629,-12188.59559,177.5853561,-66.25507388,-66.17725195,2
12578.65037,-3.975895977,-12574.67448,184.0076292,-67.55648735,-67.47697136,2
12946.93901,-4.05494236,-12942.88407,190.1684173,-68.76189936,-68.68080231,2
13296.82934,-4.128226448,-13292.70111,196.0589657,-69.86959694,-69.78703407,2
13627.82414,-4.1956441,-13623.6285,201.6709036,-70.87800601,-70.79409465,2
13939.45306,-4.257099512,-13935.19596,206.996256,-71.78569355,-71.70055293,2
14231.27325,-4.312505353,-14226.96075,212.0274555,-72.59136969,-72.50512082,2
14502.87003,-4.361782888,-14498.50825,216.7573524,-73.29388952,-73.20665495,2
14753.85744,-4.40486209,-14749.45257,221.1792252,-73.89225473,-73.80415843,2
14983.8788,-4.441681743,-14979.43712,225.2867902,-74.38561499,-74.29678215,2
15192.60726,-4.472189523,-15188.13507,229.0742104,-74.77326923,-74.68382608,2
15379.74618,-4.496342076,-15375.24984,232.5361036,-75.05466656,-74.96474021,2
15545.02965,-4.514105082,-15540.51555,235.6675502,-75.2294071,-75.13912535,2
15688.22278,-4.525453297,-15683.69733,238.4641004,-75.29724254,-75.20673367,2
15809.12209,-4.530370596,-15804.59172,240.92178,-75.25807648,-75.16746911,2
15907.55577,-4.52884999,-15903.02692,243.0370966,-75.11196457,-75.02138746,2
15983.38394,-4.52089364,-15978.86304,244.8070442,-74.85911445,-74.76869632,2
16036.49885,-4.506512853,-16031.99233,246.2291076,-74.49988544,-74.40975477,2
16066.82501,-4.485728065,-16062.33928,247.3012659,-74.03478801,-73.94507288,2
16074.31934,-4.458568812,-16069.86077,248.0219956,-73.46448309,-73.375311,2
16058.97118,-4.425073689,-16054.54611,248.3902725,-72.78978112,-72.70127879,2
16020.80235,-4.385290293,-16016.41706,248.4055732,-72.0116409,-71.92393408,2
15959.86707,-4.33927516,-15955.5278,248.067876,-71.13116819,-71.04438153,2
15876.25196,-4.28709368,-15871.96486,247.3776608,-70.14961419,-70.06387102,2
15770.07582,-4.228820005,-15765.847,246.3359084,-69.06837376,-68.98379592,2
15641.48954,-4.164536946,-15637.325,244.9440992,-67.88898339,-67.80569107,2
15490.67584,-4.094335851,-15486.58151,243.204211,-66.61311906,-66.53123062,2
15317.84905,-4.018316481,-15313.83074,241.1187163,-65.24259384,-65.16222565,2
15123.25476,-3.936586864,-15119.31817,238.6905788,-63.77935533,-63.7006216,2
14907.1695,-3.849263141,-14903.32023,235.9232488,-62.22548286,-62.14849547,2
14669.90033,-3.756469405,-14666.14386,232.820659,-60.58318457,-60.50805294,2
14411.78443,-3.65833752,-14408.12609,229.3872184,-58.85479427,-58.78162515,2
14133.1886,-3.555006938,-14129.63359,225.6278059,-57.04276808,-56.97166545,2
13834.50873,-3.446624496,-13831.0621,221.547764,-55.149681,-55.0807459,2
13516.16926,-3.333344212,-13512.83592,217.1528905,-53.1782232,-53.11155359,2
13178.62259,-3.215327063,-13175.40726,212.449431,-51.13119624,-51.06688687,2
12822.34836,-3.092740759,-12819.25562,207.4440691,-49.01150905,-48.9496513,2
12447.85288,-2.965759501,-12444.88712,202.1439179,-46.82217383,-46.76285559,2
12055.66832,-2.834563737,-12052.83376,196.5565092,-44.56630173,-44.50960732,2
11646.352,-2.699339902,-11643.65266,190.6897828,-42.24709848,-42.19310845,2
11220.48557,-2.560280157,-11217.92529,184.5520759,-39.86785979,-39.81665087,2
10778.67422,-2.417582115,-10776.25664,178.1521103,-37.43196669,-37.38361165,2
10321.54578,-2.271448556,-10319.27433,171.4989809,-34.94288072,-34.89744827,2
9849.74986,-2.122087144,-9847.627772,164.602142,-32.404139,-32.3616937,2
9363.956906,-1.96971013,-9361.987196,157.4713945,-29.81934923,-29.7799514,2
8864.857258,-1.81453405,-8863.042724,150.1168715,-27.19218453,-27.15589016,2
8353.160162,-1.656779419,-8351.503383,142.5490242,-24.52637825,-24.49323892,2
7829.592769,-1.496670413,-7828.096099,134.778607,-21.82571864,-21.79578144,2
7294.899096,-1.334434556,-7293.564662,126.816662,-19.0940435,-19.06735096,2
6749.838972,-1.170302395,-6748.66867,118.6745035,-16.33523467,-16.31182473,2
6195.186958,-1.00450717,-6194.182451,110.3637021,-13.55321258,-13.53311851,2
5631.731244,-0.837284485,-5630.89396,101.8960679,-10.75193063,-10.73518099,2
5060.272532,-0.668871974,-5059.60366,93.28363372,-7.935369602,-7.921988182,2
4481.622896,-0.499508959,-4481.123387,84.53863843,-5.107531979,-5.0975378,2
3896.604628,-0.329436114,-3896.275192,75.6735091,-2.272436274,-2.265843538,2
3306.049072,-0.158895122,-3305.890177,66.70084358,0.565888688,0.569070613,2
2710.795439,0.011871668,-2710.807311,57.6333925,3.403409491,3.403176082,2
2111.689617,0.182621588,-2111.872239,48.48404123,6.236093863,6.232445452,2
1509.58297,0.353111993,-1509.936082,39.26579147,9.059916404,9.052858177,2
905.3311216,0.523100606,-905.8542222,29.99174288,11.87086431,11.86040629,2
299.7927486,0.692345864,-300.4850945,20.67507438,14.66494306,14.65110012,2
-306.1716462,0.860607262,305.311039,11.32902547,17.43818213,17.42097394,2
-911.7009545,1.027645689,910.6733088,1.966877398,20.18664059,20.1660916,2
-1515.934686,1.193223775,1514.741462,-7.398065718,22.90641273,22.88255214,2
-2118.014191,1.357106225,2116.657085,-16.75249578,25.5936336,25.56649532,2
-2717.083882,1.519060153,2715.564822,-26.08311963,28.24448452,28.21410711,2
-3312.292448,1.678855414,3310.613593,-35.37667793,30.85519848,30.82162511,2
-3902.794066,1.836264929,3900.957801,-44.61996404,33.42206552,33.3853439,2
-4487.749599,1.991065011,4485.758534,-53.79984274,35.94143797,35.90162028,2
-5066.327795,2.143035681,5064.184759,-62.90326892,38.40973567,38.3668785,2
-5637.706461,2.291960979,5635.4145,-71.91730612,40.82345103,40.77761529,2
-6201.073639,2.437629276,6198.63601,-80.82914488,43.17915404,43.13040485,2
-6755.628751,2.579833568,6753.048918,-89.62612101,45.47349711,45.42190375,2
-7300.583745,2.718371776,7297.865374,-98.29573352,47.70321985,47.64885563,2
-7835.164211,2.853047028,7832.311164,-106.8256624,49.8651537,49.80809589,2
-8358.610479,2.983667945,8355.626811,-115.2037862,51.95622644,51.89655611,2
-8870.178704,3.110048906,8867.068655,-123.4181991,53.97346654,53.91126849,2
-9369.14192,3.232010318,9365.90991,-131.457228,55.91400739,55.84937001,2
-9854.791073,3.349378866,9851.441694,-139.3094489,57.77509138,57.70810651,2
-10326.43603,3.461987763,10322.97404,-146.9637035,59.5540738,59.48483664,2
-10783.40655,3.569676986,10779.83688,-154.4091147,61.24842663,61.17703556,2
-11225.05327,3.672293503,11221.38097,-161.635102,62.85574208,62.78229857,2
-11650.74857,3.76969149,11646.97887,-168.6313971,64.37373609,64.29834449,2
-12059.88751,3.861732539,12056.02578,-175.3880577,65.8002515,65.72301895,2
-12451.8887,3.948285855,12447.94042,-181.8954822,67.13326115,67.05429741,2
-12826.19507,4.02922844,12822.16585,-188.1444233,68.37087076,68.29028803,2
-13182.27472,4.104445272,13178.17028,-194.1260009,69.51132162,69.42923442,2
-13519.62164,4.173829462,13515.44781,-199.8317149,70.5529931,70.46951807,2
-13837.75643,4.237282412,13833.51914,-205.253457,71.4944049,71.40966068,2
-14136.22701,4.294713952,14131.9323,-210.3835227,72.33421925,72.24832625,2
-14414.60924,4.346042468,14410.2632,-215.214622,73.07124271,72.984323,2
-14672.50752,4.391195021,14668.11633,-219.7398895,73.70442794,73.61660503,2
-14909.55537,4.430107445,14905.12526,-223.9528946,74.23287514,74.14427384,2
-15125.41592,4.462724443,15120.9532,-227.8476503,74.65583337,74.56657958,2
-15319.78243,4.488999666,15315.29343,-231.4186221,74.97270157,74.88292212,2
-15492.37869,4.508895775,15487.86979,-234.6607354,75.18302946,75.09285194,2
-15642.95943,4.522384497,15638.43704,-237.5693829,75.28651815,75.19607071,2
-15771.31067,4.529446662,15766.78122,-240.1404313,75.28302058,75.19243174,2
-15877.25001,4.530072236,15872.71994,-242.370227,75.17254172,75.08194022,2
-15960.62692,4.52426033,15956.10266,-244.2556014,74.95523856,74.86475315,2
-16021.3229,4.512019202,16016.81088,-245.7938752,74.63141991,74.54117916,2
-16059.2517,4.493366247,16054.75833,-246.9828624,74.20154593,74.11167809,2
-16074.35943,4.468327974,16069.8911,-247.8208735,73.66622749,73.57686026,2
-16066.62461,4.436939962,16062.18767,-248.3067176,73.02622531,72.93748569,2
-16036.05824,4.399246815,16031.65899,-248.4397042,72.28244886,72.19446296,2
-15982.70375,4.355302098,15978.34845,-248.2196445,71.4359551,71.34884795,2
-15906.63697,4.305168259,15902.3318,-247.646851,70.48794695,70.40184233,2
-15807.96599,4.248916539,15803.71707,-246.7221378,69.43977156,69.35479183,2
-15686.83102,4.186626877,15682.64439,-245.4468189,68.29291845,68.20918438,2
-15543.40421,4.118387789,15539.28582,-243.8227067,67.04901737,66.96664794,2
-15377.88936,4.044296247,15373.84507,-241.8521091,65.70983597,65.62894823,2
-15190.5217,3.964457538,15186.55724,-239.5378264,64.2772773,64.1979862,2
-14981.56747,3.878985118,14977.68849,-236.8831473,62.7533771,62.67579532,2
-14751.32362,3.788000448,14747.53562,-233.8918443,61.14030091,61.0645387,2
-14500.11733,3.691632822,14496.42569,-230.5681682,59.44034102,59.36650603,2
-14228.30558,3.590019184,14224.71556,-226.9168421,57.65591314,57.58411031,2
-13936.27462,3.483303932,13932.79132,-222.9430548,55.78955306,55.71988441,2
-13624.43946,3.371638715,13621.06782,-218.6524532,53.84391297,53.77647751,2
-13293.24323,3.255182215,13289.98804,-214.0511345,51.82175774,51.75665129,2
-12943.15656,3.134099922,12940.02246,-209.1456374,49.72596095,49.66327604,2
-12574.67697,3.008563902,12571.66841,-203.942933,47.55950085,47.49932656,2
-12188.32807,2.878752549,12185.44932,-198.4504144,45.32545609,45.26787793,2
-11784.65889,2.74485033,11781.91404,-192.675887,43.02700139,42.97210118,2
-11364.24306,2.607047529,11361.63602,-186.6275566,40.66740296,40.61525871,2
-10927.67803,2.46553997,10925.21249,-180.3140182,38.25001392,38.20069974,2
-10475.58416,2.320528744,10473.26363,-173.7442437,35.77826952,35.73185549,2
-10008.60392,2.17221992,10006.4317,-166.9275691,33.25568225,33.21223432,2
-9527.400902,2.020824253,9525.380078,-159.8736814,30.68583682,30.64541674,2
6996.420661,-6999.062531,2.641870535,46.41981919,-93.49574274,46.47265333,2
7536.722663,-7539.501379,2.778715859,48.61706209,-102.1047832,48.67263323,2
8066.31457,-8069.226182,2.911612475,50.74521749,-110.5687272,50.80344666,2
8584.443803,-8587.484174,3.040371531,52.80126116,-118.875547,52.86206561,2
9090.374071,-9093.538881,3.164810052,54.78227135,-127.0134382,54.84556467,2
9583.38642,-9586.671171,3.284751206,56.68543293,-134.9708363,56.75112518,2
10062.78025,-10066.18028,3.400024548,58.50804141,-142.7364334,58.57603924,2
10527.87432,-10531.38479,3.510466269,60.24750676,-150.2991943,60.31771354,2
10978.00771,-10981.62363,3.615919425,61.90135711,-157.6483717,61.97367307,2
11412.54075,-11416.25698,3.716234162,63.46724224,-164.7735223,63.54156462,2
11830.85594,-11834.66721,3.811267927,64.94293695,-171.6645206,65.01916013,2
12232.35884,-12236.25972,3.900885672,66.32634419,-178.3115743,66.40435986,2
12616.47888,-12620.46384,3.984960045,67.61549807,-184.7052374,67.69519535,2
12982.67022,-12986.73359,4.063371571,68.80856662,-190.8364243,68.88983227,2
13330.41248,-13334.54849,4.136008824,69.90385444,-196.6964222,69.98657297,2
13659.21149,-13663.41425,4.202768582,70.89980505,-202.2769037,70.98385892,2
13968.60001,-13972.86356,4.263555976,71.79500316,-207.5699387,71.88027292,2
14258.13839,-14262.45667,4.318284624,72.58817664,-212.5680054,72.67454112,2
14527.41517,-14531.78205,4.366876753,73.27819835,-217.2640014,73.36553482,2
14776.0477,-14780.45696,4.409263311,73.86408774,-221.6512533,73.95227208,2
15003.68266,-15008.12804,4.445384065,74.34501221,-225.7235267,74.43391911,2
15209.99656,-15214.47175,4.475187685,74.72028835,-229.4750346,74.80979148,2
15394.69623,-15399.19486,4.498631818,74.98938287,-232.9004459,75.07935503,2
15557.51919,-15562.03487,4.515683149,75.15191338,-235.9948929,75.24222672,2
15698.23407,-15702.76038,4.526317448,75.20764891,-238.7539783,75.29817508,2
15816.64089,-15821.17141,4.530519601,75.15651025,-241.1737812,75.24712062,2
15912.5714,-15917.09969,4.528283639,74.99857007,-243.250863,75.08913588,2
15985.88928,-15990.4089,4.519612737,74.73405283,-244.9822719,74.82444536,2
16036.49034,-16040.99486,4.504519219,74.36333441,-246.3655477,74.45342522,2
16064.30266,-16068.78569,4.483024532,73.88694162,-247.3987245,73.97660269,2
16069.28674,-16073.74189,4.455159222,73.30555144,-248.0803343,73.39465536,2
16051.43547,-16055.85643,4.420962887,72.61999006,-248.4094082,72.7084102,2
16010.77424,-16015.15472,4.380484122,71.83123171,-248.3854789,71.91884242,2
15947.36082,-15951.6946,4.333780449,70.94039724,-248.0085801,71.02707402,2
15861.28533,-15865.56625,4.280918237,69.94875259,-247.2792476,70.03437227,2
15752.67009,-15756.89206,4.221972606,68.85770693,-246.1985178,68.94214784,2
15621.66943,-15625.82646,4.157027321,67.6688107,-244.7679264,67.75195285,2
15468.46954,-15472.55571,4.086174672,66.38375339,-242.9895064,66.46547862,2
15293.2881,-15297.29761,4.009515346,65.00436113,-240.865785,65.08455331,2
15096.37406,-15100.30122,3.927158279,63.53259412,-238.3997801,63.6111393,2
14878.00725,-14881.84647,3.839220506,61.97054382,-235.5949961,62.04733037,2
14638.49797,-14642.2438,3.745826989,60.32042998,-232.4554187,60.39534879,2
14378.18659,-14381.8337,3.647110448,58.58459751,-228.9855095,58.65754211,2
14097.44302,-14100.98623,3.543211164,56.76551313,-225.1901993,56.83637986,2
13796.66621,-13800.10048,3.434276782,54.86576184,-221.0748815,54.93445,2
13476.28358,-13479.60404,3.320462105,52.8880433,-216.6454042,52.95445528,2
13136.75042,-13139.95235,3.20192887,50.83516796,-211.908062,50.89920939,2
12778.54921,-12781.62806,3.078845518,48.71005307,-206.8695868,48.77163293,2
12402.18899,-12405.14038,2.951386959,46.51571852,-201.5371386,46.57474931,2
12008.20458,-12011.02431,2.819734317,44.25528259,-195.918295,44.31168043,2
11597.15585,-11599.83993,2.684074679,41.93195748,-190.0210409,41.98564222,2
11169.62693,-11172.17153,2.544600823,39.54904477,-183.8537565,39.59994012,2
10726.22536,-10728.62687,2.401510951,37.1099307,-177.4252058,37.15796433,2
10267.58124,-10269.83624,2.2550084,34.61808139,-170.7445242,34.66318505,2
9794.346317,-9796.451618,2.105301359,32.07703789,-163.8212053,32.11914748,2
9307.193096,-9309.145698,1.952602569,29.49041117,-156.6650875,29.52946685,2
8806.813844,-8808.610973,1.797129024,26.86187695,-149.28634,26.89782323,2
8293.919627,-8295.558729,1.639101661,24.19517054,-141.6954485,24.22795633,2
7769.239297,-7770.718042,1.478745044,21.49408147,-133.9031999,21.52366018,2
7233.518453,-7234.83474,1.31628705,18.76244813,-125.9206677,18.78877772,2
6687.518384,-6688.670342,1.15195854,16.00415233,-117.7591952,16.02719539,2
6132.014984,-6133.000977,0.985993033,13.22311375,-109.4303805,13.24283754,2
5567.797656,-5568.616283,0.818626377,10.4232844,-100.9460592,10.43966089,2
4995.668183,-4996.31828,0.650096408,7.608642999,-92.31828808,7.62164891,2
4416.439592,-4416.920235,0.480642616,4.783189296,-83.5593276,4.79280615,2
3830.934999,-3831.245505,0.310505805,1.95093842,-74.68162474,1.957152551,2
3239.986437,-3240.126365,0.139927748,-0.884084847,-65.69779521,-0.88128227,2
2644.433678,-2644.402828,-0.030849154,-3.717851781,-56.62060551,-3.71846474,2
2045.123033,-2044.921451,-0.201582218,-6.546335444,-47.46295483,-6.550363068,2
1442.906157,-1442.534128,-0.372028822,-9.365516406,-38.2378567,-9.372952972,2
838.6388319,-838.0968851,-0.541946753,-12.17138846,-28.95842049,-12.1822234,2
233.1797553,-232.4686607,-0.711094548,-14.9599643,-19.63783277,-14.97418222,2
-372.6106825,373.4899143,-0.879231839,-17.72728121,-10.28933862,-17.7448619,2
-977.8716201,978.9177398,-1.046119693,-20.46940669,-0.926222751,-20.49032517,2
-1581.742949,1582.95447,-1.211520954,-23.18244402,8.438209328,-23.20667056,2
-2183.366534,2184.741734,-1.375200577,-25.86253783,17.79065025,-25.89003801,2
-2781.887436,2783.424362,-1.536925965,-28.50587956,27.11780968,-28.53661429,2
-3376.455123,3378.151591,-1.696467297,-31.10871287,36.40643323,-31.14263848,2
-3966.224684,3968.078281,-1.853597856,-33.667339,45.64332124,-33.70440728,2
-4550.358021,4552.366116,-2.008094351,-36.178122,54.81534759,-36.21828028,2
-5128.025052,5130.184789,-2.159737235,-38.63749391,63.90947833,-38.68068511,2
-5698.404878,5700.713189,-2.308311013,-41.04195982,72.91279021,-41.08812258,2
-6260.686958,6263.140563,-2.453604555,-43.38810286,81.81248902,-43.43717157,2
-6814.07226,6816.667672,-2.595411391,-45.67258904,90.59592781,-45.72449397,2
-7357.774393,7360.507923,-2.733530006,-47.89217197,99.25062483,-47.94683936,2
-7891.020725,7893.888489,-2.867764124,-50.0436975,107.7642813,-50.10104966,2
-8413.053486,8416.051409,-2.997922993,-52.1241082,116.1247988,-52.18406364,2
-8923.130836,8926.254658,-3.123821649,-54.13044768,124.3202966,-54.1929212,2
-9420.52793,9423.773211,-3.245281184,-56.05986484,132.3391285,-56.12476766,2
-9904.537938,9907.900067,-3.362128997,-57.90961787,140.1698992,-57.97685775,2
-10374.47306,10377.94725,-3.47419904,-59.67707816,147.8014808,-59.74655956,2
-10829.66548,10833.24681,-3.581332056,-61.35973405,155.2230285,-61.43135823,2
-11269.46836,11273.15173,-3.683375804,-62.95519441,162.4239957,-63.02885958,2
-11693.2567,11697.03689,-3.780185273,-64.46119199,169.3941495,-64.53679348,2
-12100.42829,12104.29991,-3.871622892,-65.87558669,176.123585,-65.95301705,2
-12490.40451,12494.36207,-3.957558723,-67.19636857,182.6027393,-67.27551779,2
-12862.63118,12866.66905,-4.037870646,-68.42166074,188.822405,-68.50241633,2
-13216.57934,13220.69179,-4.112444534,-69.54972199,194.7737438,-69.63196919,2
-13551.74602,13555.9272,-4.181174414,-70.57894927,200.4482984,-70.66257121,2
-13867.65494,13871.8989,-4.243962616,-71.50788,205.838005,-71.59275785,2
-14163.85715,14168.15787,-4.300719915,-72.33519413,210.9352046,-72.42120726,2
-14439.93175,14444.28311,-4.351365655,-73.05971599,215.7326537,-73.14674218,2
-14695.48641,14699.88224,-4.395827867,-73.68041599,220.2235349,-73.76833157,2
-14930.15799,14934.59203,-4.434043367,-74.19641209,224.4014664,-74.28509213,2
-15143.61299,15148.07895,-4.465957849,-74.60697102,228.2605111,-74.6962895,2
-15335.54809,15340.03962,-4.49152596,-74.91150937,231.7951852,-75.00133936,2
-15505.69054,15510.20125,-4.510711367,-75.10959437,235.0004656,-75.19980822,2
-15653.79855,15658.32204,-4.523486806,-75.20094452,237.8717975,-75.29141403,2
-15779.66166,15784.1915,-4.529834123,-75.18543001,240.4051005,-75.27602662,2
-15883.10101,15887.63075,-4.529744298,-75.0630729,242.5967748,-75.15366786,2
-15963.9696,15968.49282,-4.523217458,-74.83404705,244.4437057,-74.92451163,2
-16022.15252,16026.66278,-4.510262879,-74.49867792,245.9432688,-74.58888356,2
-16057.56708,16062.05798,-4.49089897,-74.0574421,247.093333,-74.14726061,2
-16070.16296,16074.62811,-4.465153247,-73.5109666,247.8922641,-73.60027035,2
-16059.92225,16064.35532,-4.433062297,-72.86002799,248.3389267,-72.94869007,2
-16026.85952,16031.2542,-4.394671723,-72.1055513,248.4326861,-72.19344571,2
-15971.02175,15975.37179,-4.35003608,-71.24860867,248.1734091,-71.33561052,2
-15892.48828,15896.7875,-4.299218798,-70.29041788,247.5614641,-70.37640352,2
-15791.37071,15795.61301,-4.242292091,-69.23234055,246.5977207,-69.3171878,2
-15667.81275,15671.99208,-4.179336855,-68.07588028,245.2835484,-68.15946857,2
-15521.98996,15526.1004,-4.110442552,-66.82268045,243.6208148,-66.904891,2
-15354.10958,15358.14528,-4.035707085,-65.47452194,241.6118827,-65.55523791,2
-15164.41016,15168.3654,-3.955236658,-64.03332056,239.2596069,-64.11242725,2
-14953.16129,14957.03044,-3.869145623,-62.50112432,236.5673301,-62.57850932,2
-14720.66316,14724.44072,-3.77755632,-60.88011056,233.5388781,-60.95566391,2
-14467.24616,14470.92676,-3.680598903,-59.17258283,230.1785547,-59.24619716,2
-14193.27042,14196.84883,-3.578411154,-57.38096763,226.4911349,-57.45253832,2
-13899.12526,13902.59639,-3.471138287,-55.50781093,222.4818588,-55.57723628,2
-13585.22868,13588.58761,-3.358932742,-53.55577459,218.1564238,-53.62295595,2
-13252.02675,13255.2687,-3.24195397,-51.52763257,213.5209766,-51.59247446,2
-12899.99296,12903.11333,-3.120368204,-49.42626697,208.5821044,-49.48867725,2
-12529.62758,12532.62192,-2.994348224,-47.25466393,203.3468257,-47.31455391,2
-12141.45691,12144.32098,-2.864073112,-45.01590943,197.82258,-45.07319401,2
-11736.03256,11738.76229,-2.729727994,-42.71318486,192.0172175,-42.76778263,2
-11313.93067,11316.52218,-2.591503784,-40.34976252,185.9389881,-40.40159589,2
-10875.75107,10878.20067,-2.449596905,-37.92900095,179.5965292,-37.97799628,2
-10422.11643,10424.42064,-2.304209015,-35.4543402,172.9988538,-35.50042785,2
-9953.671394,9955.826941,-2.155546718,-32.9292969,166.1553376,-32.97241137,2
-9471.081644,9473.085466,-2.003821271,-30.35745926,159.0757055,-30.39753929,2
-8975.032969,8976.882218,-1.849248285,-27.74248201,151.7700182,-27.77947064,2
-8466.230282,8467.922329,-1.692047415,-25.08808117,144.2486574,-25.12192585,2
-7945.396617,7946.929059,-1.532442054,-22.3980288,136.5223113,-22.42868143,2
-7413.27211,7414.642769,-1.370659008,-19.6761476,128.6019596,-19.70356462,2
-6870.612937,6871.819865,-1.206928181,-16.92630552,120.4988574,-16.95044797,2
-6318.190247,6319.231729,-1.041482243,-14.15241024,112.2245198,-14.1732438,2
-5756.789063,5757.663619,-0.874556302,-11.3584036,103.7907049,-11.37589868,2
-5187.207167,5187.913554,-0.706387568,-8.548256057,95.20939785,-8.562387784,2
-4610.253965,4610.79118,-0.537215019,-5.72596097,86.492793,-5.736709267,2
-4026.749341,4027.11662,-0.367279058,-2.895528979,77.65327715,-2.902878572,2
-3437.522485,3437.719306,-0.196821174,-0.060982284,68.70341175,-0.064922728,2
-2843.410722,2843.436805,-0.026083595,2.773651071,59.65591504,2.773125375,2
-2245.258316,2245.113625,0.144691049,5.604342916,50.52364401,5.607232715,2
-1643.915276,1643.600016,0.31526008,8.427070684,41.31957612,8.43337187,2
-1040.236142,1039.750761,0.485381108,11.23782312,32.05679085,11.24752674,2
-435.0787752,434.4239629,0.654812384,14.032606,22.74845113,14.04569826,2
170.696862,-171.5201751,0.823313136,16.80744778,13.40778461,16.82391008,2
776.2299296,-777.2205735,0.990643914,19.55840525,4.048064901,19.5782142,2
1380.659932,-1381.816499,1.156566933,22.28156916,-5.317407334,22.3046966,2
1983.127941,-1984.448788,1.320846407,24.97306974,-14.67532324,24.99948282,2
2582.777817,-2584.261066,1.483248887,27.62908222,-24.01238471,27.65874339,2
3178.757424,-3180.400968,1.643543588,30.24583226,-33.31532327,30.27869938,2
3770.219843,-3772.021346,1.801502724,32.81960132,-42.57091893,32.85562768,2
4356.324573,-4358.281475,1.956901826,35.34673193,-51.76601899,35.38586634,2
4936.238728,-4938.348248,2.109520064,37.82363291,-60.8875567,37.86581975,2
5509.138217,-5511.397358,2.259140558,40.24678443,-69.92256986,40.29196375,2
6074.20892,-6076.614471,2.40555069,42.61274306,-78.85821922,42.66085067,2
6630.647839,-6633.196382,2.548542402,44.91814666,-87.68180674,44.96911418,2
7177.664245,-7180.352157,2.687912497,47.15971911,-96.38079361,47.21347412,2
7714.480797,-7717.30426,2.82346292,49.33427502,-104.9428181,49.39074113,2
8240.33465,-8243.289651,2.955001049,51.43872423,-113.3557131,51.4978212,2
8754.478536,-8757.560876,3.082339959,53.4700762,-121.6075234,53.53172004,2
9256.18183,-9259.387128,3.205298695,55.42544426,-129.6865228,55.48954739,2
9744.731582,-9748.055285,3.323702527,57.30204973,-137.5812306,57.36852104,2
10219.43354,-10222.87092,3.437383195,59.09722585,-145.2804279,59.16597089,2
10679.61312,-10683.1593,3.546179154,60.80842158,-152.7731737,60.87934266,2
11124.61639,-11128.26632,3.649935798,62.43320522,-160.0488205,62.50620155,2
11553.81096,-11557.55947,3.748505684,63.96926786,-167.0970292,64.04423571,2
11966.58695,-11970.42869,3.841748738,65.41442667,-173.9077838,65.49125951,2
12362.35775,-12366.28728,3.929532457,66.76662799,-180.471406,66.84521664,2
12740.56097,-12744.5727,4.011732095,68.02395029,-186.7785685,68.10418306,2
13100.65915,-13104.74739,4.088230842,69.18460683,-192.8203083,69.26636971,2
13442.14059,-13446.29951,4.15891999,70.24694826,-198.58804,70.33012506,2
13764.52,-13768.7437,4.223699085,71.20946493,-204.0735672,71.29393745,2
14067.33928,-14071.62175,4.282476072,72.07078905,-209.2690947,72.15643726,2
14350.1681,-14354.50326,4.335167426,72.82969664,-214.1672393,72.91639882,2
14612.60454,-14616.98624,4.381698271,73.48510925,-218.7610406,73.57274219,2
14854.27568,-14858.69768,4.422002482,74.03609549,-223.0439705,74.12453466,2
15074.83807,-15079.29409,4.456022786,74.48187239,-227.0099426,74.57099212,2
15273.9783,-15278.46201,4.483710837,74.82180648,-230.6533213,74.91148012,2
15451.41336,-15455.91839,4.50502729,75.05541468,-233.9689289,75.1455148,2
15606.89113,-15611.41107,4.519941853,75.18236503,-236.9520539,75.27276359,2
15740.19064,-15744.71908,4.528433331,75.20247713,-239.5984571,75.29304567,2
15851.12249,-15855.65298,4.530489658,75.11572239,-241.9043777,75.20633221,2
15939.52902,-15944.05513,4.526107911,74.92222411,-243.866539,75.01274644,2
16005.28461,-16009.7999,4.515294317,74.62225724,-245.4821526,74.71256345,2
16048.29581,-16052.79388,4.498064242,74.21624806,-246.7489226,74.30620982,2
16068.50151,-16072.97595,4.474442173,73.70477353,-247.6650489,73.794263,2
16065.87299,-16070.31745,4.444461676,73.08856048,-248.2292296,73.1774505,2
16040.41398,-16044.82215,4.408165355,72.36848459,-248.440663,72.45664883,2
15992.16067,-15996.52627,4.365604791,71.54556913,-248.2990486,71.6328823,2
15921.18162,-15925.49846,4.316840463,70.62098349,-247.8045877,70.70732152,2
15827.5777,-15831.83964,4.261941669,69.59604158,-246.9579829,69.68128178,2
15711.48193,-15715.68292,4.200986422,68.47219988,-245.7604373,68.55622111,2
15573.05928,-15577.19334,4.134061344,67.25105544,-244.2136527,67.33373831,2
15412.50646,-15416.56772,4.061261539,65.93434357,-242.3198271,66.01557058,2
15230.05163,-15234.03432,3.982690458,64.52393538,-240.0816518,64.60359111,2
15025.95406,-15029.85252,3.898459757,63.02183516,-237.5023073,63.0998064,2
14800.50379,-14804.31248,3.808689131,61.43017746,-234.585459,61.50635342,2
14554.02119,-14557.7347,3.713506149,59.75122411,-231.335252,59.82549654,2
14286.85653,-14290.46958,3.613046072,57.98736101,-227.7563049,58.05962436,2
13999.38947,-14002.89692,3.507451659,56.14109469,-223.8537036,56.21124627,2
13692.02851,-13695.42538,3.396872965,54.21504881,-219.632994,54.28298893,2
13365.21042,-13368.49189,3.281467128,52.21196037,-215.1001738,52.27759249,2
13019.39965,-13022.56104,3.161398148,50.13467589,-210.2616846,50.19790673,2
12655.08759,-12658.12442,3.036836647,47.98614728,-205.124402,48.046887,2
12272.79196,-12275.69992,2.907959635,45.76942774,-199.6956264,45.82759001,2
11873.05602,-11875.83097,2.774950254,43.48766733,-193.9830724,43.54316951,2
11456.44782,-11459.08581,2.637997517,41.14410857,-187.9948578,41.19687179,2
11023.55938,-11026.05667,2.49729604,38.74208177,-181.7394922,38.79203105,2
10575.00585,-10577.3589,2.35304577,36.28500036,-175.2258649,36.33206472,2
10111.42467,-10113.63012,2.205451692,33.77635598,-168.463232,33.82046853,2
9633.474599,-9635.529323,2.054723547,31.21971355,-161.4612037,31.26081161,2
9141.834833,-9143.735909,1.901075528,28.6187062,-154.2297302,28.65673136,2
8637.20402,-8638.948746,1.744725976,25.9770301,-146.7790877,26.01192833,2
8120.299267,-8121.885164,1.585897073,23.29843922,-139.1198642,23.33016093,2
7591.855125,-7593.279939,1.424814523,20.58673998,-131.2629437,20.61524009,2
7052.62254,-7053.884248,1.261707234,17.84578586,-123.2194914,17.87102387,2
6503.367794,-6504.464601,1.096806991,15.0794719,-115.0009375,15.10141194,2
5944.871406,-5945.801754,0.930348124,12.29172918,-106.6189609,12.31034008,2
5377.92703,-5378.689597,0.762567182,9.486519246,-98.08547295,9.501774557,2
4803.340326,-4803.934028,0.59370259,6.667828448,-89.41260018,6.67970649,2
4221.927812,-4222.351806,0.423994314,3.839662301,-80.61266721,3.848146194,2
3634.515708,-3634.769392,0.253683519,1.006039784,-71.69817923,1.011117473,2
3041.938758,-3042.02177,0.083012226,-1.82901237,-62.68180422,-1.827348102,2
2445.039047,-2444.95127,-0.087777032,-4.661465398,-53.57635493,-4.663216915,2
1844.664801,-1844.40636,-0.258441554,-7.487294229,-44.3947707,-7.492459042,2
1241.669186,-1241.240447,-0.428738817,-10.3024832,-35.15009908,-10.31105397,2
636.9090912,-636.3106644,-0.598426818,-13.10303179,-25.85547725,-13.11499634,2
31.24391354,-30.47664912,-0.767264422,-15.88496025,-16.52411337,-15.90030157,2
-574.4656634,575.4006751,-0.935011701,-18.64431531,-7.169267814,-18.6630116,2
-1179.358893,1180.460324,-1.101430277,-21.37717578,2.19576566,-21.39920048,2
-1782.57619,1783.842473,-1.266283661,-24.07965811,11.55767883,-24.10497992,2
-2383.260348,2384.689685,-1.429337586,-26.74792193,20.90316791,-26.77650486,2
-2980.557762,2982.148123,-1.590360345,-29.37817549,30.21895244,-29.40997893,2
-3573.619641,3575.368764,-1.749123114,-31.96668105,39.49179418,-32.0016598,2
-4161.603211,4163.508611,-1.905400284,-34.50976021,48.70851593,-34.54786457,2
-4743.672915,4745.731885,-2.058969775,-37.00379912,57.85602021,-37.04497493,2
-5319.001601,5321.211214,-2.209613358,-39.4452536,66.92130792,-39.48944235,2
-5886.771693,5889.12881,-2.357116959,-41.83065421,75.89149679,-41.87779312,2
-6446.176362,6448.677633,-2.501270969,-44.15661118,84.75383969,-44.20663325,2
-6996.420661,6999.062531,-2.641870535,-46.41981919,93.49574274,-46.47265333,2
-7536.722663,7539.501379,-2.778715859,-48.61706209,102.1047832,-48.67263323,2
-8066.31457,8069.226182,-2.911612475,-50.74521749,110.5687272,-50.80344666,2
-8584.443803,8587.484174,-3.040371531,-52.80126116,118.875547,-52.86206561,2
-9090.374071,9093.538881,-3.164810052,-54.78227135,127.0134382,-54.84556467,2
-9583.38642,9586.671171,-3.284751206,-56.68543293,134.9708363,-56.75112518,2
-10062.78025,10066.18028,-3.400024548,-58.50804141,142.7364334,-58.57603924,2
-10527.87432,10531.38479,-3.510466269,-60.24750676,150.2991943,-60.31771354,2
-10978.00771,10981.62363,-3.615919425,-61.90135711,157.6483717,-61.97367307,2
-11412.54075,11416.25698,-3.716234162,-63.46724224,164.7735223,-63.54156462,2
-11830.85594,11834.66721,-3.811267927,-64.94293695,171.6645206,-65.01916013,2
-12232.35884,12236.25972,-3.900885672,-66.32634419,178.3115743,-66.40435986,2
-12616.47888,12620.46384,-3.984960044,-67.61549807,184.7052374,-67.69519535,2
-12982.67022,12986.73359,-4.063371571,-68.80856662,190.8364243,-68.88983227,2
-13330.41248,13334.54849,-4.136008824,-69.90385444,196.6964222,-69.98657297,2
-13659.21149,13663.41425,-4.202768582,-70.89980505,202.2769037,-70.98385892,2
-13968.60001,13972.86356,-4.263555976,-71.79500316,207.5699387,-71.88027292,2
-14258.13839,14262.45667,-4.318284624,-72.58817664,212.5680054,-72.67454112,2
-14527.41517,14531.78205,-4.366876753,-73.27819835,217.2640014,-73.36553482,2
-14776.0477,14780.45696,-4.409263311,-73.86408774,221.6512533,-73.95227208,2
-15003.68266,15008.12804,-4.445384065,-74.34501221,225.7235267,-74.43391911,2
-15209.99656,15214.47175,-4.475187685,-74.72028835,229.4750346,-74.80979148,2
-15394.69623,15399.19486,-4.498631818,-74.98938287,232.9004459,-75.07935503,2
-15557.51919,15562.03487,-4.515683149,-75.15191338,235.9948929,-75.24222672,2
-15698.23407,15702.76038,-4.526317448,-75.20764891,238.7539783,-75.29817508,2
-15816.64089,15821.17141,-4.530519601,-75.15651025,241.1737812,-75.24712062,2
-15912.5714,15917.09969,-4.528283639,-74.99857007,243.250863,-75.08913588,2
-15985.88928,15990.4089,-4.519612737,-74.73405283,244.9822719,-74.82444536,2
-16036.49034,16040.99486,-4.504519219,-74.36333441,246.3655477,-74.45342522,2
-16064.30266,16068.78569,-4.483024532,-73.88694162,247.3987245,-73.97660269,2
-16069.28674,16073.74189,-4.455159222,-73.30555144,248.0803343,-73.39465536,2
-16051.43547,16055.85643,-4.420962887,-72.61999006,248.4094082,-72.7084102,2
-16010.77424,16015.15472,-4.380484122,-71.83123171,248.3854789,-71.91884242,2
-15947.36082,15951.6946,-4.333780449,-70.94039724,248.0085801,-71.02707402,2
-15861.28533,15865.56625,-4.280918237,-69.94875259,247.2792476,-70.03437227,2
-15752.67009,15756.89206,-4.221972606,-68.85770693,246.1985178,-68.94214784,2
-15621.66943,15625.82646,-4.157027321,-67.6688107,244.7679264,-67.75195285,2
-15468.46954,15472.55571,-4.086174672,-66.38375339,242.9895064,-66.46547862,2
-15293.2881,15297.29761,-4.009515346,-65.00436113,240.865785,-65.08455331,2
-15096.37406,15100.30122,-3.927158279,-63.53259412,238.3997801,-63.6111393,2
-14878.00725,14881.84647,-3.839220506,-61.97054382,235.5949961,-62.04733037,2
-14638.49797,14642.2438,-3.745826989,-60.32042998,232.4554187,-60.39534879,2
-14378.18659,14381.8337,-3.647110448,-58.58459751,228.9855095,-58.65754211,2
-14097.44302,14100.98623,-3.543211163,-56.76551313,225.1901993,-56.83637986,2
-13796.66621,13800.10048,-3.434276782,-54.86576184,221.0748815,-54.93445,2
-13476.28358,13479.60404,-3.320462105,-52.8880433,216.6454042,-52.95445528,2
-13136.75042,13139.95235,-3.20192887,-50.83516796,211.908062,-50.89920939,2
-12778.54921,12781.62806,-3.078845518,-48.71005307,206.8695868,-48.77163293,2
-12402.18899,12405.14038,-2.951386959,-46.51571852,201.5371386,-46.57474931,2
-12008.20458,12011.02431,-2.819734317,-44.25528259,195.918295,-44.31168043,2
-11597.15585,11599.83993,-2.684074679,-41.93195748,190.0210409,-41.98564222,2
-11169.62693,11172.17153,-2.544600823,-39.54904477,183.8537565,-39.59994012,2
-10726.22536,10728.62687,-2.401510951,-37.1099307,177.4252058,-37.15796433,2
-10267.58124,10269.83624,-2.2550084,-34.61808139,170.7445242,-34.66318505,2
-9794.346317,9796.451618,-2.105301359,-32.07703789,163.8212053,-32.11914748,2
-9307.193096,9309.145698,-1.952602569,-29.49041117,156.6650875,-29.52946685,2
-8806.813844,8808.610973,-1.797129024,-26.86187695,149.28634,-26.89782323,2
-8293.919627,8295.558729,-1.639101661,-24.19517054,141.6954485,-24.22795633,2
-7769.239297,7770.718042,-1.478745044,-21.49408147,133.9031999,-21.52366018,2
-7233.518453,7234.83474,-1.31628705,-18.76244813,125.9206677,-18.78877772,2
-6687.518384,6688.670342,-1.15195854,-16.00415233,117.7591952,-16.02719539,2
-6132.014984,6133.000977,-0.985993033,-13.22311375,109.4303805,-13.24283754,2
-5567.797656,5568.616283,-0.818626377,-10.4232844,100.9460592,-10.43966089,2
-4995.668183,4996.31828,-0.650096408,-7.608642999,92.31828808,-7.62164891,2
-4416.439592,4416.920235,-0.480642616,-4.783189296,83.5593276,-4.79280615,2
-3830.934999,3831.245505,-0.310505805,-1.95093842,74.68162474,-1.957152551,2
-3239.986437,3240.126365,-0.139927748,0.884084847,65.69779521,0.88128227,2
-2644.433678,2644.402828,0.030849154,3.717851781,56.62060551,3.71846474,2
-2045.123033,2044.921451,0.201582218,6.546335444,47.46295483,6.550363068,2
-1442.906157,1442.534128,0.372028822,9.365516406,38.2378567,9.372952972,2
-838.6388319,838.0968851,0.541946753,12.17138846,28.95842049,12.1822234,2
-233.1797553,232.4686607,0.711094548,14.9599643,19.63783277,14.97418222,2
372.6106825,-373.4899143,0.879231839,17.72728121,10.28933862,17.7448619,2
977.8716201,-978.9177398,1.046119693,20.46940669,0.926222751,20.49032517,2
1581.742949,-1582.95447,1.211520954,23.18244402,-8.438209328,23.20667056,2
2183.366534,-2184.741734,1.375200577,25.86253783,-17.79065025,25.89003801,2
2781.887436,-2783.424362,1.536925965,28.50587956,-27.11780968,28.53661429,2
3376.455123,-3378.151591,1.696467297,31.10871287,-36.40643323,31.14263848,2
3966.224684,-3968.078281,1.853597856,33.667339,-45.64332124,33.70440728,2
4550.358021,-4552.366116,2.008094351,36.178122,-54.81534759,36.21828028,2
5128.025052,-5130.184789,2.159737235,38.63749391,-63.90947833,38.68068511,2
5698.404878,-5700.713189,2.308311013,41.04195982,-72.91279021,41.08812258,2
6260.686958,-6263.140563,2.453604555,43.38810286,-81.81248902,43.43717157,2
6814.07226,-6816.667672,2.595411391,45.67258904,-90.59592781,45.72449397,2
7357.774393,-7360.507923,2.733530006,47.89217197,-99.25062483,47.94683936,2
7891.020725,-7893.888489,2.867764124,50.0436975,-107.7642813,50.10104966,2
8413.053486,-8416.051409,2.997922993,52.1241082,-116.1247988,52.18406364,2
8923.130836,-8926.254658,3.123821649,54.13044768,-124.3202966,54.1929212,2
9420.52793,-9423.773211,3.245281184,56.05986484,-132.3391285,56.12476766,2
9904.537938,-9907.900067,3.362128997,57.90961787,-140.1698992,57.97685775,2
10374.47306,-10377.94725,3.47419904,59.67707816,-147.8014808,59.74655956,2
10829.66548,-10833.24681,3.581332056,61.35973405,-155.2230285,61.43135823,2
11269.46836,-11273.15173,3.683375804,62.95519441,-162.4239957,63.02885958,2
11693.2567,-11697.03689,3.780185273,64.46119199,-169.3941495,64.53679348,2
12100.42829,-12104.29991,3.871622892,65.87558669,-176.123585,65.95301705,2
12490.40451,-12494.36207,3.957558723,67.19636857,-182.6027393,67.27551779,2
12862.63118,-12866.66905,4.037870646,68.42166074,-188.822405,68.50241633,2
13216.57934,-13220.69179,4.112444534,69.54972199,-194.7737438,69.63196919,2
13551.74602,-13555.9272,4.181174414,70.57894927,-200.4482984,70.66257121,2
13867.65494,-13871.8989,4.243962616,71.50788,-205.838005,71.59275785,2
14163.85715,-14168.15787,4.300719915,72.33519413,-210.9352046,72.42120726,2
14439.93175,-14444.28311,4.351365655,73.05971599,-215.7326537,73.14674218,2
14695.48641,-14699.88224,4.395827867,73.68041599,-220.2235349,73.76833157,2
14930.15799,-14934.59203,4.434043367,74.19641209,-224.4014664,74.28509213,2
15143.61299,-15148.07895,4.465957848,74.60697102,-228.2605111,74.6962895,2
15335.54809,-15340.03962,4.49152596,74.91150937,-231.7951852,75.00133936,2
15505.69054,-15510.20125,4.510711367,75.10959437,-235.0004656,75.19980822,2
15653.79855,-15658.32204,4.523486806,75.20094452,-237.8717975,75.29141403,2
15779.66166,-15784.1915,4.529834123,75.18543001,-240.4051005,75.27602662,2
15883.10101,-15887.63075,4.529744298,75.0630729,-242.5967748,75.15366786,2
15963.9696,-15968.49282,4.523217458,74.83404705,-244.4437057,74.92451163,2
16022.15252,-16026.66278,4.510262879,74.49867792,-245.9432688,74.58888356,2
16057.56708,-16062.05798,4.49089897,74.0574421,-247.093333,74.14726061,2
16070.16296,-16074.62811,4.465153247,73.5109666,-247.8922641,73.60027035,2
16059.92225,-16064.35532,4.433062297,72.86002799,-248.3389267,72.94869007,2
16026.85952,-16031.2542,4.394671723,72.1055513,-248.4326861,72.19344571,2
15971.02175,-15975.37179,4.35003608,71.24860867,-248.1734091,71.33561052,2
15892.48828,-15896.7875,4.299218798,70.29041788,-247.5614641,70.37640352,2
15791.37071,-15795.61301,4.242292091,69.23234055,-246.5977207,69.3171878,2
15667.81275,-15671.99208,4.179336855,68.07588028,-245.2835484,68.15946857,2
15521.98996,-15526.1004,4.110442552,66.82268045,-243.6208148,66.904891,2
15354.10958,-15358.14528,4.035707085,65.47452194,-241.6118827,65.55523791,2
15164.41016,-15168.3654,3.955236658,64.03332056,-239.2596069,64.11242725,2
14953.16129,-14957.03044,3.869145623,62.50112432,-236.5673301,62.57850932,2
14720.66316,-14724.44072,3.77755632,60.88011056,-233.5388781,60.95566391,2
14467.24616,-14470.92676,3.680598903,59.17258283,-230.1785547,59.24619716,2
14193.27042,-14196.84883,3.578411154,57.38096763,-226.4911349,57.45253832,2
13899.12526,-13902.59639,3.471138287,55.50781093,-222.4818588,55.57723628,2
13585.22868,-13588.58761,3.358932742,53.55577459,-218.1564238,53.62295595,2
13252.02675,-13255.2687,3.24195397,51.52763257,-213.5209766,51.59247446,2
12899.99296,-12903.11333,3.120368204,49.42626697,-208.5821044,49.48867725,2
12529.62758,-12532.62192,2.994348224,47.25466393,-203.3468257,47.31455391,2
12141.45691,-12144.32098,2.864073112,45.01590943,-197.82258,45.07319401,2
11736.03256,-11738.76229,2.729727994,42.71318486,-192.0172175,42.76778263,2
11313.93067,-11316.52218,2.591503784,40.34976252,-185.9389881,40.40159589,2
10875.75107,-10878.20067,2.449596905,37.92900095,-179.5965292,37.97799628,2
10422.11643,-10424.42064,2.304209015,35.4543402,-172.9988538,35.50042785,2
9953.671394,-9955.826941,2.155546718,32.9292969,-166.1553376,32.97241137,2
9471.081644,-9473.085466,2.003821271,30.35745926,-159.0757055,30.39753929,2
8975.032969,-8976.882218,1.849248285,27.74248201,-151.7700182,27.77947064,2
8466.230282,-8467.922329,1.692047415,25.08808117,-144.2486574,25.12192585,2
7945.396617,-7946.929059,1.532442054,22.3980288,-136.5223113,22.42868143,2
7413.27211,-7414.642769,1.370659008,19.6761476,-128.6019596,19.70356462,2
6870.612937,-6871.819865,1.206928181,16.92630552,-120.4988574,16.95044797,2
6318.190247,-6319.231729,1.041482243,14.15241024,-112.2245198,14.1732438,2
5756.789063,-5757.663619,0.874556302,11.3584036,-103.7907049,11.37589868,2
5187.207167,-5187.913554,0.706387568,8.548256057,-95.20939785,8.562387784,2
4610.253965,-4610.79118,0.537215019,5.72596097,-86.492793,5.736709267,2
4026.749341,-4027.11662,0.367279058,2.895528979,-77.65327715,2.902878572,2
3437.522485,-3437.719306,0.196821174,0.060982284,-68.70341175,0.064922728,2
2843.410722,-2843.436805,0.026083595,-2.773651071,-59.65591504,-2.773125375,2
2245.258316,-2245.113625,-0.144691049,-5.604342916,-50.52364401,-5.607232715,2
1643.915276,-1643.600016,-0.31526008,-8.427070684,-41.31957612,-8.43337187,2
1040.236142,-1039.750761,-0.485381109,-11.23782312,-32.05679085,-11.24752674,2
435.0787752,-434.4239629,-0.654812384,-14.032606,-22.74845113,-14.04569826,2
-170.696862,171.5201751,-0.823313136,-16.80744778,-13.40778461,-16.82391008,2
-776.2299296,777.2205735,-0.990643914,-19.55840525,-4.048064901,-19.5782142,2
-1380.659932,1381.816499,-1.156566933,-22.28156916,5.317407334,-22.3046966,2
-1983.127941,1984.448788,-1.320846407,-24.97306974,14.67532324,-24.99948282,2
-2582.777817,2584.261066,-1.483248887,-27.62908222,24.01238471,-27.65874339,2
-3178.757424,3180.400968,-1.643543588,-30.24583226,33.31532327,-30.27869938,2
-3770.219843,3772.021346,-1.801502724,-32.81960132,42.57091893,-32.85562768,2
-4356.324573,4358.281475,-1.956901826,-35.34673193,51.76601899,-35.38586634,2
-4936.238728,4938.348248,-2.109520064,-37.82363291,60.8875567,-37.86581975,2
-5509.138217,5511.397358,-2.259140558,-40.24678443,69.92256986,-40.29196375,2
-6074.20892,6076.614471,-2.40555069,-42.61274306,78.85821922,-42.66085067,2
-6630.647839,6633.196382,-2.548542402,-44.91814666,87.68180674,-44.96911418,2
-7177.664245,7180.352157,-2.687912497,-47.15971911,96.38079361,-47.21347412,2
-7714.480797,7717.30426,-2.82346292,-49.33427502,104.9428181,-49.39074113,2
-8240.33465,8243.289651,-2.955001049,-51.43872423,113.3557131,-51.4978212,2
-8754.478536,8757.560876,-3.082339959,-53.4700762,121.6075234,-53.53172004,2
-9256.18183,9259.387128,-3.205298695,-55.42544426,129.6865228,-55.48954739,2
-9744.731582,9748.055285,-3.323702527,-57.30204973,137.5812306,-57.36852104,2
-10219.43354,10222.87092,-3.437383195,-59.09722585,145.2804279,-59.16597089,2
-10679.61312,10683.1593,-3.546179154,-60.80842158,152.7731737,-60.87934266,2
-11124.61639,11128.26632,-3.649935798,-62.43320522,160.0488205,-62.50620155,2
-11553.81096,11557.55947,-3.748505684,-63.96926786,167.0970292,-64.04423571,2
-11966.58695,11970.42869,-3.841748738,-65.41442667,173.9077838,-65.49125951,2
-12362.35775,12366.28728,-3.929532457,-66.76662799,180.471406,-66.84521664,2
-12740.56097,12744.5727,-4.011732095,-68.02395029,186.7785685,-68.10418306,2
-13100.65915,13104.74739,-4.088230842,-69.18460683,192.8203083,-69.26636971,2
-13442.14059,13446.29951,-4.15891999,-70.24694826,198.58804,-70.33012506,2
-13764.52,13768.7437,-4.223699085,-71.20946493,204.0735672,-71.29393745,2
-14067.33928,14071.62175,-4.282476072,-72.07078905,209.2690947,-72.15643726,2
-14350.1681,14354.50326,-4.335167426,-72.82969664,214.1672393,-72.91639882,2
-14612.60454,14616.98624,-4.381698271,-73.48510925,218.7610406,-73.57274219,2
-14854.27568,14858.69768,-4.422002482,-74.03609549,223.0439705,-74.12453466,2
-15074.83807,15079.29409,-4.456022786,-74.48187239,227.0099426,-74.57099212,2
-15273.9783,15278.46201,-4.483710837,-74.82180648,230.6533213,-74.91148012,2
-15451.41336,15455.91839,-4.50502729,-75.05541468,233.9689289,-75.1455148,2
-15606.89113,15611.41107,-4.519941853,-75.18236503,236.9520539,-75.27276359,2
-15740.19064,15744.71908,-4.528433331,-75.20247713,239.5984571,-75.29304567,2
-15851.12249,15855.65298,-4.530489658,-75.11572239,241.9043777,-75.20633221,2
-15939.52902,15944.05513,-4.526107911,-74.92222411,243.866539,-75.01274644,2
-16005.28461,16009.7999,-4.515294317,-74.62225724,245.4821526,-74.71256345,2
-16048.29581,16052.79388,-4.498064242,-74.21624806,246.7489226,-74.30620982,2
-16068.50151,16072.97595,-4.474442173,-73.70477353,247.6650489,-73.794263,2
-16065.87299,16070.31745,-4.444461676,-73.08856048,248.2292296,-73.1774505,2
-16040.41398,16044.82215,-4.408165355,-72.36848459,248.440663,-72.45664883,2
-15992.16067,15996.52627,-4.365604791,-71.54556913,248.2990486,-71.6328823,2
-15921.18162,15925.49846,-4.316840463,-70.62098349,247.8045877,-70.70732152,2
-15827.5777,15831.83964,-4.261941669,-69.59604158,246.9579829,-69.68128178,2
-15711.48193,15715.68292,-4.200986422,-68.47219988,245.7604373,-68.55622111,2
-15573.05928,15577.19334,-4.134061344,-67.25105544,244.2136527,-67.33373831,2
-15412.50646,15416.56772,-4.061261539,-65.93434357,242.3198271,-66.01557058,2
-15230.05163,15234.03432,-3.982690459,-64.52393538,240.0816518,-64.60359111,2
-15025.95406,15029.85252,-3.898459757,-63.02183516,237.5023073,-63.0998064,2
-14800.50379,14804.31248,-3.808689131,-61.43017746,234.585459,-61.50635342,2
-14554.02119,14557.7347,-3.713506149,-59.75122411,231.335252,-59.82549654,2
-14286.85653,14290.46958,-3.613046072,-57.98736101,227.7563049,-58.05962436,2
-13999.38947,14002.89692,-3.507451659,-56.14109469,223.8537036,-56.21124627,2
-13692.02851,13695.42538,-3.396872965,-54.21504881,219.632994,-54.28298893,2
-13365.21042,13368.49189,-3.281467128,-52.21196037,215.1001738,-52.27759249,2
-13019.39965,13022.56104,-3.161398148,-50.13467589,210.2616846,-50.19790673,2
-12655.08759,12658.12442,-3.036836647,-47.98614728,205.124402,-48.046887,2
-12272.79196,12275.69992,-2.907959635,-45.76942774,199.6956264,-45.82759001,2
-11873.05602,11875.83097,-2.774950254,-43.48766733,193.9830724,-43.54316951,2
-11456.44782,11459.08581,-2.637997517,-41.14410857,187.9948578,-41.19687179,2
-11023.55938,11026.05667,-2.49729604,-38.74208177,181.7394922,-38.79203105,2
-10575.00585,10577.3589,-2.35304577,-36.28500036,175.2258649,-36.33206472,2
-10111.42467,10113.63012,-2.205451692,-33.77635598,168.463232,-33.82046853,2
-9633.474599,9635.529323,-2.054723547,-31.21971355,161.4612037,-31.26081161,2
-9141.834833,9143.735909,-1.901075528,-28.6187062,154.2297302,-28.65673136,2
-8637.20402,8638.948746,-1.744725976,-25.9770301,146.7790877,-26.01192833,2
-8120.299267,8121.885164,-1.585897073,-23.29843922,139.1198642,-23.33016093,2
-7591.855125,7593.279939,-1.424814523,-20.58673998,131.2629437,-20.61524009,2
-7052.62254,7053.884248,-1.261707234,-17.84578586,123.2194914,-17.87102387,2
-6503.367794,6504.464601,-1.096806991,-15.0794719,115.0009375,-15.10141194,2
-5944.871406,5945.801754,-0.930348124,-12.29172918,106.6189609,-12.31034008,2
-5377.92703,5378.689597,-0.762567182,-9.486519246,98.08547295,-9.501774557,2
-4803.340326,4803.934028,-0.59370259,-6.667828448,89.41260018,-6.67970649,2
-4221.927812,4222.351806,-0.423994314,-3.839662301,80.61266721,-3.848146194,2
-3634.515708,3634.769392,-0.253683519,-1.006039784,71.69817923,-1.011117473,2
-3041.938758,3042.02177,-0.083012226,1.82901237,62.68180422,1.827348102,2
-2445.039047,2444.95127,0.087777032,4.661465398,53.57635493,4.663216915,2
-1844.664801,1844.40636,0.258441554,7.487294229,44.3947707,7.492459042,2
-1241.669186,1241.240447,0.428738817,10.3024832,35.15009908,10.31105397,2
-636.9090912,636.3106644,0.598426818,13.10303179,25.85547725,13.11499634,2
-31.24391354,30.47664912,0.767264422,15.88496025,16.52411337,15.90030157,2
574.4656634,-575.4006751,0.935011701,18.64431531,7.169267814,18.6630116,2
1179.358893,-1180.460324,1.101430277,21.37717578,-2.19576566,21.39920048,2
1782.57619,-1783.842473,1.266283661,24.07965811,-11.55767883,24.10497992,2
2383.260348,-2384.689685,1.429337586,26.74792193,-20.90316791,26.77650486,2
2980.557762,-2982.148123,1.590360345,29.37817549,-30.21895244,29.40997893,2
3573.619641,-3575.368764,1.749123114,31.96668105,-39.49179418,32.0016598,2
4161.603211,-4163.508611,1.905400284,34.50976021,-48.70851593,34.54786457,2
4743.672915,-4745.731885,2.058969775,37.00379912,-57.85602021,37.04497493,2
5319.001601,-5321.211214,2.209613358,39.4452536,-66.92130792,39.48944235,2
5886.771693,-5889.12881,2.357116959,41.83065421,-75.89149679,41.87779312,2
6446.176362,-6448.677633,2.501270969,44.15661118,-84.75383969,44.20663325,2
6996.420661,-6999.062531,2.641870535,46.41981919,-93.49574274,46.47265333,2
7536.722663,-7539.501379,2.778715859,48.61706209,-102.1047832,48.67263323,2
8066.31457,-8069.226182,2.911612475,50.74521749,-110.5687272,50.80344666,2
8584.443803,-8587.484174,3.040371531,52.80126116,-118.875547,52.86206561,2
9090.374071,-9093.538881,3.164810052,54.78227135,-127.0134382,54.84556467,2
9583.38642,-9586.671171,3.284751206,56.68543293,-134.9708363,56.75112518,2
10062.78025,-10066.18028,3.400024548,58.50804141,-142.7364334,58.57603924,2
10527.87432,-10531.38479,3.510466269,60.24750676,-150.2991943,60.31771354,2
10978.00771,-10981.62363,3.615919425,61.90135711,-157.6483717,61.97367307,2
11412.54075,-11416.25698,3.716234162,63.46724224,-164.7735223,63.54156462,2
11830.85594,-11834.66721,3.811267927,64.94293695,-171.6645206,65.01916013,2
12232.35884,-12236.25972,3.900885672,66.32634419,-178.3115743,66.40435986,2
12616.47888,-12620.46384,3.984960044,67.61549807,-184.7052374,67.69519535,2
12982.67022,-12986.73359,4.063371571,68.80856662,-190.8364243,68.88983227,2
13330.41248,-13334.54849,4.136008824,69.90385444,-196.6964222,69.98657297,2
13659.21149,-13663.41425,4.202768582,70.89980505,-202.2769037,70.98385892,2
13968.60001,-13972.86356,4.263555976,71.79500316,-207.5699387,71.88027292,2
14258.13839,-14262.45667,4.318284624,72.58817664,-212.5680054,72.67454112,2
14527.41517,-14531.78205,4.366876753,73.27819835,-217.2640014,73.36553482,2
14776.0477,-14780.45696,4.409263311,73.86408774,-221.6512533,73.95227208,2
15003.68266,-15008.12804,4.445384065,74.34501221,-225.7235267,74.43391911,2
15209.99656,-15214.47175,4.475187685,74.72028835,-229.4750346,74.80979148,2
15394.69623,-15399.19486,4.498631818,74.98938287,-232.9004459,75.07935503,2
15557.51919,-15562.03487,4.515683149,75.15191338,-235.9948929,75.24222672,2
15698.23407,-15702.76038,4.526317448,75.20764891,-238.7539783,75.29817508,2
15816.64089,-15821.17141,4.530519601,75.15651025,-241.1737812,75.24712062,2
15912.5714,-15917.09969,4.528283639,74.99857007,-243.250863,75.08913588,2
15985.88928,-15990.4089,4.519612737,74.73405283,-244.9822719,74.82444536,2
16036.49034,-16040.99486,4.504519219,74.36333441,-246.3655477,74.45342522,2
16064.30266,-16068.78569,4.483024532,73.88694162,-247.3987245,73.97660269,2
16069.28674,-16073.74189,4.455159222,73.30555144,-248.0803343,73.39465536,2
16051.43547,-16055.85643,4.420962887,72.61999006,-248.4094082,72.7084102,2
16010.77424,-16015.15472,4.380484122,71.83123171,-248.3854789,71.91884242,2
15947.36082,-15951.6946,4.333780449,70.94039724,-248.0085801,71.02707402,2
15861.28533,-15865.56625,4.280918237,69.94875259,-247.2792476,70.03437227,2
15752.67009,-15756.89206,4.221972606,68.85770693,-246.1985178,68.94214784,2
15621.66943,-15625.82646,4.157027321,67.6688107,-244.7679264,67.75195285,2
15468.46954,-15472.55571,4.086174672,66.38375339,-242.9895064,66.46547862,2
15293.2881,-15297.29761,4.009515346,65.00436113,-240.865785,65.08455331,2
15096.37406,-15100.30122,3.927158279,63.53259412,-238.3997801,63.6111393,2
14878.00725,-14881.84647,3.839220506,61.97054382,-235.5949961,62.04733037,2
14638.49797,-14642.2438,3.745826989,60.32042998,-232.4554187,60.39534879,2
14378.18659,-14381.8337,3.647110448,58.58459751,-228.9855095,58.65754211,2
14097.44302,-14100.98623,3.543211163,56.76551313,-225.1901993,56.83637986,2
13796.66621,-13800.10048,3.434276782,54.86576184,-221.0748815,54.93445,2
13476.28358,-13479.60404,3.320462105,52.8880433,-216.6454042,52.95445528,2
13136.75042,-13139.95235,3.20192887,50.83516796,-211.908062,50.89920939,2
12778.54921,-12781.62806,3.078845518,48.71005307,-206.8695868,48.77163293,2
12402.18899,-12405.14038,2.951386959,46.51571852,-201.5371386,46.57474931,2
12008.20458,-12011.02431,2.819734317,44.25528259,-195.918295,44.31168043,2
11597.15585,-11599.83993,2.684074679,41.93195748,-190.0210409,41.98564222,2
11169.62693,-11172.17153,2.544600823,39.54904477,-183.8537565,39.59994012,2
10726.22536,-10728.62687,2.401510951,37.1099307,-177.4252058,37.15796433,2
10267.58124,-10269.83624,2.2550084,34.61808139,-170.7445242,34.66318505,2
9794.346317,-9796.451618,2.105301359,32.07703789,-163.8212053,32.11914748,2
9307.193096,-9309.145698,1.952602569,29.49041117,-156.6650875,29.52946685,2
8806.813844,-8808.610973,1.797129024,26.86187695,-149.28634,26.89782323,2
8293.919627,-8295.558729,1.639101661,24.19517054,-141.6954485,24.22795633,2
7769.239297,-7770.718042,1.478745044,21.49408147,-133.9031999,21.52366018,2
7233.518453,-7234.83474,1.31628705,18.76244813,-125.9206677,18.78877772,2
6687.518384,-6688.670342,1.15195854,16.00415233,-117.7591952,16.02719539,2
6132.014984,-6133.000977,0.985993033,13.22311375,-109.4303805,13.24283754,2
5567.797656,-5568.616283,0.818626377,10.4232844,-100.9460592,10.43966089,2
4995.668183,-4996.31828,0.650096408,7.608642999,-92.31828808,7.62164891,2
4416.439592,-4416.920235,0.480642616,4.783189296,-83.5593276,4.79280615,2
3830.934999,-3831.245505,0.310505805,1.95093842,-74.68162474,1.957152551,2
3239.986437,-3240.126365,0.139927748,-0.884084847,-65.69779521,-0.88128227,2
2644.433678,-2644.402828,-0.030849154,-3.717851781,-56.62060551,-3.71846474,2
2045.123033,-2044.921451,-0.201582218,-6.546335444,-47.46295483,-6.550363068,2
1442.906157,-1442.534128,-0.372028822,-9.365516406,-38.2378567,-9.372952972,2
838.6388319,-838.0968851,-0.541946753,-12.17138846,-28.95842049,-12.1822234,2
233.1797553,-232.4686607,-0.711094548,-14.9599643,-19.63783277,-14.97418222,2
-372.6106825,373.4899143,-0.879231839,-17.72728121,-10.28933862,-17.7448619,2
-977.8716201,978.9177398,-1.046119693,-20.46940669,-0.926222751,-20.49032517,2
-1581.742949,1582.95447,-1.211520954,-23.18244402,8.438209328,-23.20667056,2
-2183.366534,2184.741734,-1.375200577,-25.86253783,17.79065025,-25.89003801,2
-2781.887436,2783.424362,-1.536925965,-28.50587956,27.11780968,-28.53661429,2
-3376.455123,3378.151591,-1.696467297,-31.10871287,36.40643323,-31.14263848,2
-3966.224684,3968.078281,-1.853597856,-33.667339,45.64332124,-33.70440728,2
-4550.358021,4552.366116,-2.008094351,-36.178122,54.81534759,-36.21828028,2
-5128.025052,5130.184789,-2.159737235,-38.63749391,63.90947833,-38.68068511,2
-5698.404878,5700.713189,-2.308311013,-41.04195982,72.91279021,-41.08812258,2
-6260.686958,6263.140563,-2.453604555,-43.38810286,81.81248902,-43.43717157,2
-6814.07226,6816.667672,-2.595411391,-45.67258904,90.59592781,-45.72449397,2
-7357.774393,7360.507923,-2.733530006,-47.89217197,99.25062483,-47.94683936,2
-7891.020725,7893.888489,-2.867764124,-50.0436975,107.7642813,-50.10104966,2
-8413.053486,8416.051409,-2.997922993,-52.1241082,116.1247988,-52.18406364,2
-8923.130836,8926.254658,-3.123821649,-54.13044768,124.3202966,-54.1929212,2
-9420.52793,9423.773211,-3.245281184,-56.05986484,132.3391285,-56.12476766,2
-9904.537938,9907.900067,-3.362128997,-57.90961787,140.1698992,-57.97685775,2
-10374.47306,10377.94725,-3.47419904,-59.67707816,147.8014808,-59.74655956,2
-10829.66548,10833.24681,-3.581332056,-61.35973405,155.2230285,-61.43135823,2
-11269.46836,11273.15173,-3.683375804,-62.95519441,162.4239957,-63.02885958,2
-11693.2567,11697.03689,-3.780185273,-64.46119199,169.3941495,-64.53679348,2
-12100.42829,12104.29991,-3.871622892,-65.87558669,176.123585,-65.95301705,2
-12490.40451,12494.36207,-3.957558723,-67.19636857,182.6027393,-67.27551779,2
-12862.63118,12866.66905,-4.037870646,-68.42166074,188.822405,-68.50241633,2
-13216.57934,13220.69179,-4.112444534,-69.54972199,194.7737438,-69.63196919,2
-13551.74602,13555.9272,-4.181174414,-70.57894927,200.4482984,-70.66257121,2
-13867.65494,13871.8989,-4.243962616,-71.50788,205.838005,-71.59275785,2
-14163.85715,14168.15787,-4.300719915,-72.33519413,210.9352046,-72.42120726,2
-14439.93175,14444.28311,-4.351365655,-73.05971599,215.7326537,-73.14674218,2
-14695.48641,14699.88224,-4.395827867,-73.68041599,220.2235349,-73.76833157,2
-14930.15799,14934.59203,-4.434043367,-74.19641209,224.4014664,-74.28509213,2
-15143.61299,15148.07895,-4.465957848,-74.60697102,228.2605111,-74.6962895,2
-15335.54809,15340.03962,-4.49152596,-74.91150937,231.7951852,-75.00133936,2
-15505.69054,15510.20125,-4.510711367,-75.10959437,235.0004656,-75.19980822,2
-15653.79855,15658.32204,-4.523486806,-75.20094452,237.8717975,-75.29141403,2
-15779.66166,15784.1915,-4.529834123,-75.18543001,240.4051005,-75.27602662,2
-15883.10101,15887.63075,-4.529744298,-75.0630729,242.5967748,-75.15366786,2
-15963.9696,15968.49282,-4.523217458,-74.83404705,244.4437057,-74.92451163,2
-16022.15252,16026.66278,-4.510262879,-74.49867792,245.9432688,-74.58888356,2
-16057.56708,16062.05798,-4.49089897,-74.0574421,247.093333,-74.14726061,2
-16070.16296,16074.62811,-4.465153247,-73.5109666,247.8922641,-73.60027035,2
-16059.92225,16064.35532,-4.433062297,-72.86002799,248.3389267,-72.94869007,2
-16026.85952,16031.2542,-4.394671723,-72.1055513,248.4326861,-72.19344571,2
-15971.02175,15975.37179,-4.35003608,-71.24860867,248.1734091,-71.33561052,2
-15892.48828,15896.7875,-4.299218798,-70.29041788,247.5614641,-70.37640352,2
-15791.37071,15795.61301,-4.242292091,-69.23234055,246.5977207,-69.3171878,2
-15667.81275,15671.99208,-4.179336855,-68.07588028,245.2835484,-68.15946857,2
-15521.98996,15526.1004,-4.110442552,-66.82268045,243.6208148,-66.904891,2
-15354.10958,15358.14528,-4.035707085,-65.47452194,241.6118827,-65.55523791,2
-15164.41016,15168.3654,-3.955236658,-64.03332056,239.2596069,-64.11242725,2
-14953.16129,14957.03044,-3.869145623,-62.50112432,236.5673301,-62.57850932,2
-14720.66316,14724.44072,-3.77755632,-60.88011056,233.5388781,-60.95566391,2
-14467.24616,14470.92676,-3.680598903,-59.17258283,230.1785547,-59.24619716,2
-14193.27042,14196.84883,-3.578411154,-57.38096763,226.4911349,-57.45253832,2
-13899.12526,13902.59639,-3.471138287,-55.50781093,222.4818588,-55.57723628,2
-13585.22868,13588.58761,-3.358932742,-53.55577459,218.1564238,-53.62295595,2
-13252.02675,13255.2687,-3.24195397,-51.52763257,213.5209766,-51.59247446,2
-12899.99296,12903.11333,-3.120368204,-49.42626697,208.5821044,-49.48867725,2
-12529.62758,12532.62192,-2.994348224,-47.25466393,203.3468257,-47.31455391,2
-12141.45691,12144.32098,-2.864073111,-45.01590943,197.82258,-45.07319401,2
-11736.03256,11738.76229,-2.729727994,-42.71318486,192.0172175,-42.76778263,2
-11313.93067,11316.52218,-2.591503784,-40.34976252,185.9389881,-40.40159589,2
-10875.75107,10878.20067,-2.449596905,-37.92900095,179.5965292,-37.97799628,2
-10422.11643,10424.42064,-2.304209015,-35.4543402,172.9988538,-35.50042785,2
-9953.671394,9955.826941,-2.155546718,-32.9292969,166.1553376,-32.97241137,2
-9471.081644,9473.085466,-2.003821271,-30.35745926,159.0757055,-30.39753929,2
-8975.032969,8976.882218,-1.849248285,-27.742482,151.7700182,-27.77947064,2
-8466.230282,8467.922329,-1.692047415,-25.08808117,144.2486574,-25.12192585,2
-7945.396617,7946.929059,-1.532442054,-22.3980288,136.5223113,-22.42868143,2
-7413.27211,7414.642769,-1.370659008,-19.6761476,128.6019596,-19.70356462,2
-6870.612937,6871.819865,-1.206928181,-16.92630552,120.4988574,-16.95044797,2
-6318.190247,6319.231729,-1.041482243,-14.15241024,112.2245198,-14.1732438,2
-5756.789063,5757.663619,-0.874556302,-11.3584036,103.7907049,-11.37589868,2
-5187.207167,5187.913554,-0.706387568,-8.548256057,95.20939785,-8.562387784,2
-4610.253965,4610.79118,-0.537215019,-5.72596097,86.492793,-5.736709267,2
-4026.749341,4027.11662,-0.367279058,-2.895528979,77.65327715,-2.902878572,2
-3437.522485,3437.719306,-0.196821174,-0.060982284,68.70341175,-0.064922728,2
-2843.410722,2843.436805,-0.026083595,2.773651071,59.65591504,2.773125375,2
-2245.258316,2245.113625,0.144691049,5.604342916,50.52364401,5.607232715,2
-1643.915276,1643.600016,0.31526008,8.427070684,41.31957612,8.43337187,2
-1040.236142,1039.750761,0.485381109,11.23782312,32.05679085,11.24752674,2
-435.0787752,434.4239629,0.654812384,14.032606,22.74845113,14.04569826,2
170.696862,-171.5201751,0.823313136,16.80744778,13.40778461,16.82391008,2
776.2299296,-777.2205735,0.990643914,19.55840525,4.048064901,19.5782142,2
1380.659932,-1381.816499,1.156566933,22.28156916,-5.317407334,22.3046966,2
1983.127941,-1984.448788,1.320846407,24.97306974,-14.67532324,24.99948282,2
2582.777817,-2584.261066,1.483248887,27.62908222,-24.01238471,27.65874339,2
3178.757424,-3180.400968,1.643543588,30.24583226,-33.31532327,30.27869938,2
3770.219843,-3772.021346,1.801502724,32.81960132,-42.57091893,32.85562768,2
4356.324573,-4358.281475,1.956901826,35.34673193,-51.76601899,35.38586634,2
4936.238728,-4938.348248,2.109520064,37.82363291,-60.8875567,37.86581975,2
5509.138217,-5511.397358,2.259140558,40.24678443,-69.92256986,40.29196375,2
6074.20892,-6076.614471,2.40555069,42.61274306,-78.85821922,42.66085067,2
6630.647839,-6633.196382,2.548542402,44.91814666,-87.68180674,44.96911418,2
7177.664245,-7180.352157,2.687912497,47.15971911,-96.38079361,47.21347412,2
7714.480797,-7717.30426,2.82346292,49.33427502,-104.9428181,49.39074113,2
8240.33465,-8243.289651,2.955001049,51.43872423,-113.3557131,51.4978212,2
8754.478536,-8757.560876,3.082339959,53.4700762,-121.6075234,53.53172004,2
9256.18183,-9259.387128,3.205298695,55.42544426,-129.6865228,55.48954739,2
9744.731582,-9748.055285,3.323702527,57.30204973,-137.5812306,57.36852104,2
10219.43354,-10222.87092,3.437383195,59.09722585,-145.2804279,59.16597089,2
10679.61312,-10683.1593,3.546179154,60.80842158,-152.7731737,60.87934266,2
11124.61639,-11128.26632,3.649935798,62.43320522,-160.0488205,62.50620155,2
11553.81096,-11557.55947,3.748505684,63.96926786,-167.0970292,64.04423571,2
11966.58695,-11970.42869,3.841748738,65.41442667,-173.9077838,65.49125951,2
12362.35775,-12366.28728,3.929532457,66.76662799,-180.471406,66.84521664,2
12740.56097,-12744.5727,4.011732095,68.02395029,-186.7785685,68.10418306,2
13100.65915,-13104.74739,4.088230842,69.18460683,-192.8203083,69.26636971,2
13442.14059,-13446.29951,4.15891999,70.24694826,-198.58804,70.33012506,2
13764.52,-13768.7437,4.223699085,71.20946493,-204.0735672,71.29393745,2
14067.33928,-14071.62175,4.282476072,72.07078905,-209.2690947,72.15643726,2
14350.1681,-14354.50326,4.335167426,72.82969664,-214.1672393,72.91639882,2
14612.60454,-14616.98624,4.381698271,73.48510925,-218.7610406,73.57274219,2
14854.27568,-14858.69768,4.422002482,74.03609549,-223.0439705,74.12453466,2
15074.83807,-15079.29409,4.456022786,74.48187239,-227.0099426,74.57099212,2
15273.9783,-15278.46201,4.483710837,74.82180648,-230.6533213,74.91148012,2
15451.41336,-15455.91839,4.50502729,75.05541468,-233.9689289,75.1455148,2
15606.89113,-15611.41107,4.519941853,75.18236503,-236.9520539,75.27276359,2
15740.19064,-15744.71908,4.528433331,75.20247713,-239.5984571,75.29304567,2
15851.12249,-15855.65298,4.530489658,75.11572239,-241.9043777,75.20633221,2
15939.52902,-15944.05513,4.526107911,74.92222411,-243.866539,75.01274644,2
16005.28461,-16009.7999,4.515294317,74.62225724,-245.4821526,74.71256345,2
16048.29581,-16052.79388,4.498064242,74.21624806,-246.7489226,74.30620982,2
16068.50151,-16072.97595,4.474442172,73.70477353,-247.6650489,73.794263,2
16065.87299,-16070.31745,4.444461676,73.08856048,-248.2292296,73.1774505,2
16040.41398,-16044.82215,4.408165355,72.36848459,-248.440663,72.45664883,2
15992.16067,-15996.52627,4.365604791,71.54556913,-248.2990486,71.6328823,2
15921.18162,-15925.49846,4.316840463,70.62098349,-247.8045877,70.70732152,2
15827.5777,-15831.83964,4.261941669,69.59604158,-246.9579829,69.68128178,2
15711.48193,-15715.68292,4.200986422,68.47219988,-245.7604373,68.55622111,2
15573.05928,-15577.19334,4.134061344,67.25105544,-244.2136527,67.33373831,2
15412.50646,-15416.56772,4.061261539,65.93434357,-242.3198271,66.01557058,2
15230.05163,-15234.03432,3.982690458,64.52393538,-240.0816518,64.60359111,2
15025.95406,-15029.85252,3.898459757,63.02183516,-237.5023073,63.0998064,2
14800.50379,-14804.31248,3.808689131,61.43017746,-234.585459,61.50635342,2
14554.02119,-14557.7347,3.713506149,59.75122411,-231.335252,59.82549654,2
14286.85653,-14290.46958,3.613046072,57.98736101,-227.7563049,58.05962436,2
13999.38947,-14002.89692,3.507451659,56.14109469,-223.8537036,56.21124627,2
13692.02851,-13695.42538,3.396872965,54.21504881,-219.632994,54.28298893,2
13365.21042,-13368.49189,3.281467128,52.21196037,-215.1001738,52.27759249,2
13019.39965,-13022.56104,3.161398148,50.13467589,-210.2616846,50.19790673,2
12655.08759,-12658.12442,3.036836647,47.98614728,-205.124402,48.046887,2
12272.79196,-12275.69992,2.907959635,45.76942774,-199.6956264,45.82759001,2
11873.05602,-11875.83097,2.774950254,43.48766733,-193.9830724,43.54316951,2
11456.44782,-11459.08581,2.637997517,41.14410857,-187.9948578,41.19687179,2
11023.55938,-11026.05667,2.49729604,38.74208177,-181.7394922,38.79203105,2
10575.00585,-10577.3589,2.35304577,36.28500036,-175.2258649,36.33206472,2
10111.42467,-10113.63012,2.205451692,33.77635598,-168.463232,33.82046853,2
9633.474599,-9635.529323,2.054723547,31.21971355,-161.4612037,31.26081161,2
9141.834833,-9143.735909,1.901075528,28.6187062,-154.2297302,28.65673136,2
8637.20402,-8638.948746,1.744725976,25.9770301,-146.7790877,26.01192833,2
8120.299267,-8121.885164,1.585897073,23.29843922,-139.1198642,23.33016093,2
7591.855125,-7593.279939,1.424814523,20.58673998,-131.2629437,20.61524009,2
7052.62254,-7053.884248,1.261707234,17.84578586,-123.2194914,17.87102387,2
6503.367794,-6504.464601,1.096806991,15.0794719,-115.0009375,15.10141194,2
5944.871406,-5945.801754,0.930348124,12.29172918,-106.6189609,12.31034008,2
5377.92703,-5378.689597,0.762567182,9.486519246,-98.08547295,9.501774557,2
4803.340326,-4803.934028,0.59370259,6.667828448,-89.41260018,6.67970649,2
4221.927812,-4222.351806,0.423994314,3.839662301,-80.61266721,3.848146194,2
3634.515708,-3634.769392,0.253683519,1.006039784,-71.69817923,1.011117473,2
3041.938758,-3042.02177,0.083012226,-1.82901237,-62.68180422,-1.827348102,2
2445.039047,-2444.95127,-0.087777032,-4.661465398,-53.57635493,-4.663216915,2
1844.664801,-1844.40636,-0.258441554,-7.487294229,-44.3947707,-7.492459042,2
1241.669186,-1241.240447,-0.428738817,-10.3024832,-35.15009908,-10.31105397,2
636.9090912,-636.3106644,-0.598426818,-13.10303179,-25.85547725,-13.11499634,2
31.24391354,-30.47664912,-0.767264422,-15.88496025,-16.52411337,-15.90030157,2
-574.4656634,575.4006751,-0.935011701,-18.64431531,-7.169267814,-18.6630116,2
-1179.358893,1180.460324,-1.101430277,-21.37717578,2.19576566,-21.39920048,2
-1782.57619,1783.842473,-1.266283661,-24.07965811,11.55767883,-24.10497992,2
-2383.260348,2384.689685,-1.429337586,-26.74792193,20.90316791,-26.77650486,2
-2980.557762,2982.148123,-1.590360345,-29.37817549,30.21895244,-29.40997893,2
-3573.619641,3575.368764,-1.749123114,-31.96668105,39.49179418,-32.0016598,2
-4161.603211,4163.508611,-1.905400284,-34.50976021,48.70851593,-34.54786457,2
-4743.672915,4745.731885,-2.058969775,-37.00379912,57.85602021,-37.04497493,2
-5319.001601,5321.211214,-2.209613358,-39.4452536,66.92130792,-39.48944235,2
-5886.771693,5889.12881,-2.35711696,-41.83065421,75.89149679,-41.87779312,2
-6446.176362,6448.677633,-2.501270969,-44.15661118,84.75383969,-44.20663325,2
-6996.420661,6999.062531,-2.641870535,-46.41981919,93.49574274,-46.47265333,2
-7536.722663,7539.501379,-2.778715859,-48.61706209,102.1047832,-48.67263323,2
-8066.31457,8069.226182,-2.911612475,-50.74521749,110.5687272,-50.80344666,2
-8584.443803,8587.484174,-3.040371531,-52.80126116,118.875547,-52.86206561,2
-9090.374071,9093.538881,-3.164810052,-54.78227135,127.0134382,-54.84556467,2
-9583.38642,9586.671171,-3.284751206,-56.68543293,134.9708363,-56.75112518,2
-10062.78025,10066.18028,-3.400024548,-58.50804141,142.7364334,-58.57603924,2
-10527.87432,10531.38479,-3.510466269,-60.24750676,150.2991943,-60.31771354,2
-10978.00771,10981.62363,-3.615919425,-61.90135711,157.6483717,-61.97367307,2
-11412.54075,11416.25698,-3.716234162,-63.46724224,164.7735223,-63.54156462,2
-11830.85594,11834.66721,-3.811267927,-64.94293695,171.6645206,-65.01916013,2
-12232.35884,12236.25972,-3.900885672,-66.32634419,178.3115743,-66.40435986,2
-12616.47888,12620.46384,-3.984960045,-67.61549807,184.7052374,-67.69519535,2
-12982.67022,12986.73359,-4.063371571,-68.80856662,190.8364243,-68.88983227,2
-13330.41248,13334.54849,-4.136008824,-69.90385444,196.6964222,-69.98657297,2
-13659.21149,13663.41425,-4.202768582,-70.89980505,202.2769037,-70.98385892,2
-13968.60001,13972.86356,-4.263555976,-71.79500316,207.5699387,-71.88027292,2
-14258.13839,14262.45667,-4.318284624,-72.58817664,212.5680054,-72.67454112,2
-14527.41517,14531.78205,-4.366876753,-73.27819835,217.2640014,-73.36553482,2
-14776.0477,14780.45696,-4.409263311,-73.86408774,221.6512533,-73.95227208,2
-15003.68266,15008.12804,-4.445384065,-74.34501221,225.7235267,-74.43391911,2
-15209.99656,15214.47175,-4.475187685,-74.72028835,229.4750346,-74.80979148,2
-15394.69623,15399.19486,-4.498631818,-74.98938287,232.9004459,-75.07935503,2
-15557.51919,15562.03487,-4.515683149,-75.15191338,235.9948929,-75.24222672,2
-15698.23407,15702.76038,-4.526317448,-75.20764891,238.7539783,-75.29817508,2
-15816.64089,15821.17141,-4.530519601,-75.15651025,241.1737812,-75.24712062,2
-15912.5714,15917.09969,-4.528283639,-74.99857007,243.250863,-75.08913588,2
-15985.88928,15990.4089,-4.519612737,-74.73405283,244.9822719,-74.82444536,2
-16036.49034,16040.99486,-4.504519219,-74.36333441,246.3655477,-74.45342522,2
-16064.30266,16068.78569,-4.483024532,-73.88694162,247.3987245,-73.97660269,2
-16069.28674,16073.74189,-4.455159222,-73.30555144,248.0803343,-73.39465536,2
-16051.43547,16055.85643,-4.420962887,-72.61999006,248.4094082,-72.7084102,2
-16010.77424,16015.15472,-4.380484122,-71.83123171,248.3854789,-71.91884242,2
-15947.36082,15951.6946,-4.333780449,-70.94039724,248.0085801,-71.02707402,2
-15861.28533,15865.56625,-4.280918237,-69.94875259,247.2792476,-70.03437227,2
-15752.67009,15756.89206,-4.221972606,-68.85770693,246.1985178,-68.94214784,2
-15621.66943,15625.82646,-4.157027321,-67.6688107,244.7679264,-67.75195285,2
-15468.46954,15472.55571,-4.086174672,-66.38375339,242.9895064,-66.46547862,2
-15293.2881,15297.29761,-4.009515346,-65.00436113,240.865785,-65.08455331,2
-15096.37406,15100.30122,-3.927158279,-63.53259412,238.3997801,-63.6111393,2
-14878.00725,14881.84647,-3.839220506,-61.97054382,235.5949961,-62.04733037,2
-14638.49797,14642.2438,-3.74582699,-60.32042998,232.4554187,-60.39534879,2
-14378.18659,14381.8337,-3.647110448,-58.58459751,228.9855095,-58.65754211,2
-14097.44302,14100.98623,-3.543211164,-56.76551313,225.1901993,-56.83637986,2
-13796.66621,13800.10048,-3.434276782,-54.86576184,221.0748815,-54.93445,2
-13476.28358,13479.60404,-3.320462105,-52.8880433,216.6454042,-52.95445528,2
-13136.75042,13139.95235,-3.20192887,-50.83516796,211.908062,-50.89920939,2
-12778.54921,12781.62806,-3.078845518,-48.71005307,206.8695868,-48.77163293,2
-12402.18899,12405.14038,-2.951386959,-46.51571852,201.5371386,-46.57474931,2
-12008.20458,12011.02431,-2.819734317,-44.25528259,195.918295,-44.31168043,2
-11597.15585,11599.83993,-2.684074679,-41.93195748,190.0210409,-41.98564222,2
-11169.62693,11172.17153,-2.544600823,-39.54904477,183.8537565,-39.59994012,2
-10726.22536,10728.62687,-2.401510951,-37.1099307,177.4252058,-37.15796433,2
-10267.58124,10269.83624,-2.2550084,-34.61808139,170.7445242,-34.66318505,2
-9794.346317,9796.451618,-2.105301359,-32.07703789,163.8212053,-32.11914748,2
-9307.193096,9309.145698,-1.952602569,-29.49041117,156.6650875,-29.52946685,2
-8806.813844,8808.610973,-1.797129024,-26.86187695,149.28634,-26.89782323,2
-8293.919627,8295.558729,-1.639101661,-24.19517054,141.6954485,-24.22795633,2
-7769.239297,7770.718042,-1.478745044,-21.49408147,133.9031999,-21.52366018,2
-7233.518453,7234.83474,-1.31628705,-18.76244813,125.9206677,-18.78877772,2
-6687.518384,6688.670342,-1.15195854,-16.00415233,117.7591952,-16.02719539,2
-6132.014984,6133.000977,-0.985993033,-13.22311375,109.4303805,-13.24283754,2
-5567.797656,5568.616283,-0.818626377,-10.4232844,100.9460592,-10.43966089,2
-4995.668183,4996.31828,-0.650096408,-7.608642999,92.31828808,-7.62164891,2
-4416.439592,4416.920235,-0.480642616,-4.783189296,83.5593276,-4.79280615,2
-3830.934999,3831.245505,-0.310505805,-1.95093842,74.68162474,-1.957152551,2
-3239.986437,3240.126365,-0.139927748,0.884084847,65.69779521,0.88128227,2
-2644.433678,2644.402828,0.030849154,3.717851781,56.62060551,3.71846474,2
-2045.123033,2044.921451,0.201582218,6.546335444,47.46295483,6.550363068,2
-1442.906157,1442.534128,0.372028822,9.365516406,38.2378567,9.372952972,2
-838.6388319,838.0968851,0.541946753,12.17138846,28.95842049,12.1822234,2
-233.1797553,232.4686607,0.711094548,14.9599643,19.63783277,14.97418222,2
372.6106825,-373.4899143,0.879231839,17.72728121,10.28933862,17.7448619,2
977.8716201,-978.9177398,1.046119693,20.46940669,0.926222751,20.49032517,2
1581.742949,-1582.95447,1.211520954,23.18244402,-8.438209328,23.20667056,2
2183.366534,-2184.741734,1.375200577,25.86253783,-17.79065025,25.89003801,2
2781.887436,-2783.424362,1.536925965,28.50587956,-27.11780968,28.53661429,2
3376.455123,-3378.151591,1.696467297,31.10871287,-36.40643323,31.14263848,2
3966.224684,-3968.078281,1.853597856,33.667339,-45.64332124,33.70440728,2
4550.358021,-4552.366116,2.008094351,36.178122,-54.81534759,36.21828028,2
5128.025052,-5130.184789,2.159737235,38.63749391,-63.90947833,38.68068511,2
5698.404878,-5700.713189,2.308311013,41.04195982,-72.91279021,41.08812258,2
6260.686958,-6263.140563,2.453604555,43.38810286,-81.81248902,43.43717157,2
6814.07226,-6816.667672,2.595411391,45.67258904,-90.59592781,45.72449397,2
7357.774393,-7360.507923,2.733530006,47.89217197,-99.25062483,47.94683936,2
7891.020725,-7893.888489,2.867764124,50.0436975,-107.7642813,50.10104966,2
8413.053486,-8416.051409,2.997922993,52.1241082,-116.1247988,52.18406364,2
8923.130836,-8926.254658,3.123821649,54.13044768,-124.3202966,54.1929212,2
9420.52793,-9423.773211,3.245281184,56.05986484,-132.3391285,56.12476766,2
9904.537938,-9907.900067,3.362128997,57.90961787,-140.1698992,57.97685775,2
10374.47306,-10377.94725,3.47419904,59.67707816,-147.8014808,59.74655956,2
10829.66548,-10833.24681,3.581332056,61.35973405,-155.2230285,61.43135823,2
11269.46836,-11273.15173,3.683375804,62.95519441,-162.4239957,63.02885958,2
11693.2567,-11697.03689,3.780185273,64.46119199,-169.3941495,64.53679348,2
12100.42829,-12104.29991,3.871622892,65.87558669,-176.123585,65.95301705,2
12490.40451,-12494.36207,3.957558723,67.19636857,-182.6027393,67.27551779,2
12862.63118,-12866.66905,4.037870646,68.42166074,-188.822405,68.50241633,2
13216.57934,-13220.69179,4.112444534,69.54972199,-194.7737438,69.63196919,2
13551.74602,-13555.9272,4.181174414,70.57894927,-200.4482984,70.66257121,2
13867.65494,-13871.8989,4.243962616,71.50788,-205.838005,71.59275785,2
14163.85715,-14168.15787,4.300719915,72.33519413,-210.9352046,72.42120726,2
14439.93175,-14444.28311,4.351365655,73.05971599,-215.7326537,73.14674218,2
14695.48641,-14699.88224,4.395827867,73.68041599,-220.2235349,73.76833157,2
14930.15799,-14934.59203,4.434043367,74.19641209,-224.4014664,74.28509213,2
15143.61299,-15148.07895,4.465957849,74.60697102,-228.2605111,74.6962895,2
15335.54809,-15340.03962,4.49152596,74.91150937,-231.7951852,75.00133936,2
15505.69054,-15510.20125,4.510711367,75.10959437,-235.0004656,75.19980822,2
15653.79855,-15658.32204,4.523486806,75.20094452,-237.8717975,75.29141403,2
15779.66166,-15784.1915,4.529834123,75.18543001,-240.4051005,75.27602662,2
15883.10101,-15887.63075,4.529744298,75.0630729,-242.5967748,75.15366786,2
15963.9696,-15968.49282,4.523217458,74.83404705,-244.4437057,74.92451163,2
16022.15252,-16026.66278,4.510262879,74.49867792,-245.9432688,74.58888356,2
16057.56708,-16062.05798,4.49089897,74.0574421,-247.093333,74.14726061,2
16070.16296,-16074.62811,4.465153247,73.5109666,-247.8922641,73.60027035,2
16059.92225,-16064.35532,4.433062297,72.86002799,-248.3389267,72.94869007,2
16026.85952,-16031.2542,4.394671723,72.1055513,-248.4326861,72.19344571,2
15971.02175,-15975.37179,4.35003608,71.24860867,-248.1734091,71.33561052,2
15892.48828,-15896.7875,4.299218798,70.29041788,-247.5614641,70.37640352,2
15791.37071,-15795.61301,4.242292091,69.23234055,-246.5977207,69.3171878,2
15667.81275,-15671.99208,4.179336855,68.07588028,-245.2835484,68.15946857,2
15521.98996,-15526.1004,4.110442552,66.82268045,-243.6208148,66.904891,2
15354.10958,-15358.14528,4.035707085,65.47452194,-241.6118827,65.55523791,2
15164.41016,-15168.3654,3.955236658,64.03332056,-239.2596069,64.11242725,2
14953.16129,-14957.03044,3.869145623,62.50112432,-236.5673301,62.57850932,2
14720.66316,-14724.44072,3.77755632,60.88011056,-233.5388781,60.95566391,2
14467.24616,-14470.92676,3.680598903,59.17258283,-230.1785547,59.24619716,2
14193.27042,-14196.84883,3.578411154,57.38096763,-226.4911349,57.45253832,2
13899.12526,-13902.59639,3.471138287,55.50781093,-222.4818588,55.57723628,2
13585.22868,-13588.58761,3.358932742,53.55577459,-218.1564238,53.62295595,2
13252.02675,-13255.2687,3.24195397,51.52763257,-213.5209766,51.59247446,2
12899.99296,-12903.11333,3.120368204,49.42626697,-208.5821044,49.48867725,2
12529.62758,-12532.62192,2.994348224,47.25466393,-203.3468257,47.31455391,2
12141.45691,-12144.32098,2.864073111,45.01590943,-197.82258,45.07319401,2
11736.03256,-11738.76229,2.729727994,42.71318486,-192.0172175,42.76778263,2
11313.93067,-11316.52218,2.591503784,40.34976252,-185.9389881,40.40159589,2
10875.75107,-10878.20067,2.449596905,37.92900095,-179.5965292,37.97799628,2
10422.11643,-10424.42064,2.304209015,35.4543402,-172.9988538,35.50042785,2
9953.671394,-9955.826941,2.155546718,32.9292969,-166.1553376,32.97241137,2
9471.081644,-9473.085466,2.003821271,30.35745926,-159.0757055,30.39753929,2
8975.032969,-8976.882218,1.849248285,27.742482,-151.7700182,27.77947064,2
8466.230282,-8467.922329,1.692047415,25.08808117,-144.2486574,25.12192585,2
7945.396617,-7946.929059,1.532442054,22.3980288,-136.5223113,22.42868143,2
7413.27211,-7414.642769,1.370659008,19.6761476,-128.6019596,19.70356462,2
6870.612937,-6871.819865,1.206928181,16.92630552,-120.4988574,16.95044797,2
6318.190247,-6319.231729,1.041482243,14.15241024,-112.2245198,14.1732438,2
5756.789063,-5757.663619,0.874556302,11.3584036,-103.7907049,11.37589868,2
5187.207167,-5187.913554,0.706387568,8.548256057,-95.20939785,8.562387784,2
4610.253965,-4610.79118,0.537215019,5.72596097,-86.492793,5.736709267,2
4026.749341,-4027.11662,0.367279058,2.895528979,-77.65327715,2.902878572,2
3437.522485,-3437.719306,0.196821174,0.060982284,-68.70341175,0.064922728,2
2843.410722,-2843.436805,0.026083595,-2.773651071,-59.65591504,-2.773125375,2
2245.258316,-2245.113625,-0.144691049,-5.604342916,-50.52364401,-5.607232715,2
1643.915276,-1643.600016,-0.31526008,-8.427070684,-41.31957612,-8.43337187,2
1040.236142,-1039.750761,-0.485381109,-11.23782312,-32.05679085,-11.24752674,2
435.0787752,-434.4239629,-0.654812384,-14.032606,-22.74845113,-14.04569826,2
-170.696862,171.5201751,-0.823313136,-16.80744778,-13.40778461,-16.82391008,2
-776.2299296,777.2205735,-0.990643914,-19.55840525,-4.048064901,-19.5782142,2
-1380.659932,1381.816499,-1.156566933,-22.28156916,5.317407334,-22.3046966,2
-1983.127941,1984.448788,-1.320846407,-24.97306974,14.67532324,-24.99948282,2
-2582.777817,2584.261066,-1.483248887,-27.62908222,24.01238471,-27.65874339,2
-3178.757424,3180.400968,-1.643543588,-30.24583226,33.31532327,-30.27869938,2
-3770.219843,3772.021346,-1.801502724,-32.81960132,42.57091893,-32.85562768,2
-4356.324573,4358.281475,-1.956901826,-35.34673193,51.76601899,-35.38586634,2
-4936.238728,4938.348248,-2.109520064,-37.82363291,60.8875567,-37.86581975,2
-5509.138217,5511.397358,-2.259140558,-40.24678443,69.92256986,-40.29196375,2
-6074.20892,6076.614471,-2.40555069,-42.61274306,78.85821922,-42.66085067,2
-6630.647839,6633.196382,-2.548542402,-44.91814666,87.68180674,-44.96911418,2
-7177.664245,7180.352157,-2.687912497,-47.15971911,96.38079361,-47.21347412,2
-7714.480797,7717.30426,-2.82346292,-49.33427502,104.9428181,-49.39074113,2
-8240.33465,8243.289651,-2.955001049,-51.43872423,113.3557131,-51.4978212,2
-8754.478536,8757.560876,-3.082339959,-53.4700762,121.6075234,-53.53172004,2
-9256.18183,9259.387128,-3.205298695,-55.42544426,129.6865228,-55.48954739,2
-9744.731582,9748.055285,-3.323702527,-57.30204973,137.5812306,-57.36852104,2
-10219.43354,10222.87092,-3.437383195,-59.09722585,145.2804279,-59.16597089,2
-10679.61312,10683.1593,-3.546179154,-60.80842158,152.7731737,-60.87934266,2
-11124.61639,11128.26632,-3.649935798,-62.43320522,160.0488205,-62.50620155,2
-11553.81096,11557.55947,-3.748505684,-63.96926786,167.0970292,-64.04423571,2
-11966.58695,11970.42869,-3.841748738,-65.41442667,173.9077838,-65.49125951,2
-12362.35775,12366.28728,-3.929532457,-66.76662799,180.471406,-66.84521664,2
-12740.56097,12744.5727,-4.011732095,-68.02395029,186.7785685,-68.10418306,2
-13100.65915,13104.74739,-4.088230842,-69.18460683,192.8203083,-69.26636971,2
-13442.14059,13446.29951,-4.15891999,-70.24694826,198.58804,-70.33012506,2
-13764.52,13768.7437,-4.223699085,-71.20946493,204.0735672,-71.29393745,2
-14067.33928,14071.62175,-4.282476072,-72.07078905,209.2690947,-72.15643726,2
-14350.1681,14354.50326,-4.335167426,-72.82969664,214.1672393,-72.91639882,2
-14612.60454,14616.98624,-4.381698271,-73.48510925,218.7610406,-73.57274219,2
-14854.27568,14858.69768,-4.422002482,-74.03609549,223.0439705,-74.12453466,2
-15074.83807,15079.29409,-4.456022786,-74.48187239,227.0099426,-74.57099212,2
-15273.9783,15278.46201,-4.483710837,-74.82180648,230.6533213,-74.91148012,2
-15451.41336,15455.91839,-4.50502729,-75.05541468,233.9689289,-75.1455148,2
-15606.89113,15611.41107,-4.519941853,-75.18236503,236.9520539,-75.27276359,2
-15740.19064,15744.71908,-4.528433331,-75.20247713,239.5984571,-75.29304567,2
-15851.12249,15855.65298,-4.530489658,-75.11572239,241.9043777,-75.20633221,2
-15939.52902,15944.05513,-4.526107911,-74.92222411,243.866539,-75.01274644,2
-16005.28461,16009.7999,-4.515294317,-74.62225724,245.4821526,-74.71256345,2
-16048.29581,16052.79388,-4.498064242,-74.21624806,246.7489226,-74.30620982,2
-16068.50151,16072.97595,-4.474442173,-73.70477353,247.6650489,-73.794263,2
-16065.87299,16070.31745,-4.444461676,-73.08856048,248.2292296,-73.1774505,2
-16040.41398,16044.82215,-4.408165355,-72.36848459,248.440663,-72.45664883,2
-15992.16067,15996.52627,-4.365604791,-71.54556913,248.2990486,-71.6328823,2
-15921.18162,15925.49846,-4.316840463,-70.62098349,247.8045877,-70.70732152,2
-15827.5777,15831.83964,-4.261941669,-69.59604158,246.9579829,-69.68128178,2
-15711.48193,15715.68292,-4.200986422,-68.47219988,245.7604373,-68.55622111,2
-15573.05928,15577.19334,-4.134061344,-67.25105544,244.2136527,-67.33373831,2
-15412.50646,15416.56772,-4.061261539,-65.93434357,242.3198271,-66.01557058,2
-15230.05163,15234.03432,-3.982690458,-64.52393538,240.0816518,-64.60359111,2
-15025.95406,15029.85252,-3.898459757,-63.02183516,237.5023073,-63.0998064,2
-14800.50379,14804.31248,-3.808689131,-61.43017746,234.585459,-61.50635342,2
-14554.02119,14557.7347,-3.713506149,-59.75122411,231.335252,-59.82549654,2
-14286.85653,14290.46958,-3.613046072,-57.98736101,227.7563049,-58.05962436,2
-13999.38947,14002.89692,-3.507451659,-56.14109469,223.8537036,-56.21124627,2
-13692.02851,13695.42538,-3.396872965,-54.21504881,219.632994,-54.28298893,2
-13365.21042,13368.49189,-3.281467128,-52.21196037,215.1001738,-52.27759249,2
-13019.39965,13022.56104,-3.161398148,-50.13467589,210.2616846,-50.19790673,2
-12655.08759,12658.12442,-3.036836647,-47.98614728,205.124402,-48.046887,2
-12272.79196,12275.69992,-2.907959635,-45.76942774,199.6956264,-45.82759001,2
-11873.05602,11875.83097,-2.774950254,-43.48766733,193.9830724,-43.54316951,2
-11456.44782,11459.08581,-2.637997517,-41.14410857,187.9948578,-41.19687179,2
-11023.55938,11026.05667,-2.49729604,-38.74208177,181.7394922,-38.79203105,2
-10575.00585,10577.3589,-2.35304577,-36.28500036,175.2258649,-36.33206472,2
-10111.42467,10113.63012,-2.205451692,-33.77635598,168.463232,-33.82046853,2
-9633.474599,9635.529323,-2.054723547,-31.21971355,161.4612037,-31.26081161,2
-9141.834833,9143.735909,-1.901075528,-28.6187062,154.2297302,-28.65673136,2
-8637.20402,8638.948746,-1.744725976,-25.9770301,146.7790877,-26.01192833,2
-8120.299267,8121.885164,-1.585897073,-23.29843922,139.1198642,-23.33016093,2
-7591.855125,7593.279939,-1.424814523,-20.58673998,131.2629437,-20.61524009,2
-7052.62254,7053.884248,-1.261707234,-17.84578586,123.2194914,-17.87102387,2
-6503.367794,6504.464601,-1.096806991,-15.0794719,115.0009375,-15.10141194,2
-5944.871406,5945.801754,-0.930348124,-12.29172918,106.6189609,-12.31034008,2
-5377.92703,5378.689597,-0.762567182,-9.486519246,98.08547295,-9.501774557,2
-4803.340326,4803.934028,-0.59370259,-6.667828448,89.41260018,-6.67970649,2
-4221.927812,4222.351806,-0.423994314,-3.839662301,80.61266721,-3.848146194,2
-3634.515708,3634.769392,-0.253683519,-1.006039784,71.69817923,-1.011117473,2
-3041.938758,3042.02177,-0.083012226,1.82901237,62.68180422,1.827348102,2
-2445.039047,2444.95127,0.087777032,4.661465398,53.57635493,4.663216915,2
-1844.664801,1844.40636,0.258441554,7.487294229,44.3947707,7.492459042,2
-1241.669186,1241.240447,0.428738817,10.3024832,35.15009908,10.31105397,2
-636.9090912,636.3106644,0.598426818,13.10303179,25.85547725,13.11499634,2
-31.24391354,30.47664912,0.767264422,15.88496025,16.52411337,15.90030157,2
574.4656634,-575.4006751,0.935011701,18.64431531,7.169267814,18.6630116,2
1179.358893,-1180.460324,1.101430277,21.37717578,-2.19576566,21.39920048,2
1782.57619,-1783.842473,1.266283661,24.07965811,-11.55767883,24.10497992,2
2383.260348,-2384.689685,1.429337586,26.74792193,-20.90316791,26.77650486,2
2980.557762,-2982.148123,1.590360345,29.37817549,-30.21895244,29.40997893,2
3573.619641,-3575.368764,1.749123114,31.96668105,-39.49179418,32.0016598,2
4161.603211,-4163.508611,1.905400284,34.50976021,-48.70851593,34.54786457,2
4743.672915,-4745.731885,2.058969775,37.00379912,-57.85602021,37.04497493,2
5319.001601,-5321.211214,2.209613358,39.4452536,-66.92130792,39.48944235,2
5886.771693,-5889.12881,2.357116959,41.83065421,-75.89149679,41.87779312,2
6446.176362,-6448.677633,2.501270969,44.15661118,-84.75383969,44.20663325,2
-4.508427599,-23876.48579,23880.99422,-159.2360819,-159.1459129,318.3821038,2
-4.488353073,-23931.57184,23936.0602,-159.6033232,-159.5135556,319.1169828,2
-4.461900352,-23952.64982,23957.11172,-159.7437595,-159.6545208,319.398379,2
-4.429107026,-23939.68978,23944.11888,-159.6571912,-159.5686082,319.2258927,2
-4.390019697,-23892.71012,23897.10014,-159.3437413,-159.2559399,318.5997689,2
-4.34469391,-23811.77762,23816.12231,-158.8038552,-158.7169602,317.5208974,2
-4.293194075,-23697.00728,23701.30047,-158.0383002,-157.952435,315.9908114,2
-4.235593376,-23548.56219,23552.79778,-157.048164,-156.9634507,314.0116851,2
-4.171973667,-23366.65331,23370.82528,-155.8348539,-155.7514128,311.586331,2
-4.102425355,-23151.53914,23155.64156,-154.4000938,-154.3180436,308.7181957,2
-4.027047273,-22903.52536,22907.5524,-152.7459228,-152.66538,305.4113549,2
-3.945946536,-22622.96442,22626.91036,-150.8746915,-150.7957706,301.6705079,2
-3.859238393,-22310.255,22314.11424,-148.789059,-148.7118721,297.5009706,2
-3.767046061,-21965.8415,21969.60855,-146.4919891,-146.4166459,292.9086682,2
-3.669500551,-21590.21333,21593.88283,-143.9867461,-143.9133537,287.9001265,2
-3.566740479,-21183.90429,21187.47103,-141.27689,-141.2055527,282.4824629,2
-3.458911875,-20747.49176,20750.95067,-138.3662717,-138.2970909,276.6633764,2
-3.346167966,-20281.59591,20284.94208,-135.2590274,-135.1921013,270.451136,2
-3.22866897,-19786.8788,19790.10747,-131.9595726,-131.8949964,263.8545698,2
-3.106581859,-19264.04346,19267.15004,-128.472596,-128.4104615,256.8830517,2
-2.980080126,-18713.83285,18716.81293,-124.8030529,-124.7434482,249.5464889,2
-2.849343535,-18137.02887,18139.87821,-120.9561577,-120.8991677,241.8553068,2
-2.714557871,-17534.45117,17537.16573,-116.9373773,-116.8830829,233.820435,2
-2.575914672,-16906.95606,16909.53198,-112.7524224,-112.7009008,225.4532917,2
-2.433610957,-16255.43524,16257.86885,-108.4072402,-108.3585646,216.7657668,2
-2.287848948,-15580.81456,15583.10241,-103.9080054,-103.8622449,207.770206,2
-2.13883578,-14884.05268,14886.19152,-99.26111158,-99.21833132,198.4793923,2
-1.98678321,-14166.13976,14168.12654,-94.47316231,-94.43342303,188.9065286,2
-1.831907312,-13428.09597,13429.92788,-89.55096151,-89.51431968,179.0652183,2
-1.674428173,-12670.97013,12672.64455,-84.50150389,-84.46801158,168.9694466,2
-1.514569581,-11895.83814,11897.35271,-79.33196501,-79.30166982,158.63356,2
-1.352558702,-11103.80151,11105.15407,-74.04969106,-74.02263605,148.0722465,2
-1.188625763,-10295.98578,10297.17441,-68.66218846,-68.63841206,137.3005142,2
-1.023003722,-9473.538888,9474.561891,-63.17711312,-63.15664913,126.3336703,2
-0.855927937,-8637.629578,8638.485506,-57.60225965,-57.58513714,115.1872994,2
-0.687635831,-7789.445723,7790.133359,-51.94555022,-51.93179353,103.8772411,2
-0.518366557,-6930.19264,6930.711007,-46.21502332,-46.20465199,92.41956748,2
-0.348360656,-6061.091374,6061.439735,-40.41882234,-40.41185112,80.83056062,2
-0.177859715,-5183.376966,5183.554825,-34.56518401,-34.56162279,69.1266891,2
-0.007106026,-4298.296695,4298.303801,-28.66242665,-28.66228051,57.32458478,2
0.163657761,-3407.108309,3406.944652,-22.71893842,-22.72220756,45.44101909,2
0.334188982,-2511.078236,2510.744047,-16.74316534,-16.74984511,33.49287923,2
0.504245301,-1611.479784,1610.975539,-10.7435993,-10.75368021,21.49714414,2
0.673585061,-709.5913305,708.9177455,-4.728766019,-4.74223374,9.470860446,2
0.841967619,193.305491,-194.1474586,1.292787098,1.2759517,-2.568881863,2
1.009153695,1095.927615,-1096.936769,7.312503094,7.292323943,-14.60497365,2
1.174905709,1996.992366,-1998.167271,13.32182762,13.29833339,-26.62031097,2
1.338988117,2895.219281,-2896.558269,19.3122211,19.28544519,-38.59781937,2
1.50116775,3789.331931,-3790.833099,25.27517086,25.24515131,-50.52047816,2
1.661214141,4678.059734,-4679.720948,31.20220322,31.16898268,-62.37134459,2
1.818899856,5560.139757,-5561.958657,37.08489554,37.04852123,-74.13357792,2
1.974000815,6434.318518,-6436.292518,42.9148882,42.8754118,-85.79046338,2
2.126296611,7299.35376,-7301.480056,48.68389645,48.64137407,-97.3254359,2
2.275570823,8154.01622,-8156.291791,54.38372222,54.33821428,-108.7221036,2
2.421611325,8997.091378,-8999.512989,60.00626574,59.95783692,-119.9642713,2
2.564210584,9827.381176,-9829.945387,65.54353708,65.49225619,-131.0359632,2
2.703165959,10643.70573,-10646.40889,70.98766747,70.93360738,-141.9214459,2
2.838279988,11444.90499,-11447.74327,76.33092049,76.27415803,-152.6052503,2
2.969360666,12229.84042,-12232.80978,81.5657031,81.50631893,-163.0721944,2
3.096221719,12997.39657,-13000.4928,86.68457638,86.62265489,-173.307404,2
3.218682872,13746.48272,-13749.7014,91.68026614,91.61589532,-183.2963342,2
3.336570101,14476.03436,-14479.37093,96.54567322,96.47894454,-193.0247904,2
3.449715881,15185.01476,-15188.46448,101.2738836,101.2048919,-202.4789477,2
3.557959426,15872.41642,-15875.97438,105.8581783,105.7870216,-211.6453714,2
3.661146916,16537.26252,-16540.92366,110.2920427,110.2188221,-220.5110354,2
3.759131716,17178.60826,-17182.36739,114.5691761,114.4939957,-229.0633412,2
3.851774584,17795.54225,-17799.39403,118.6835004,118.606467,-237.2901354,2
3.93894387,18387.18781,-18391.12675,122.6291689,122.550392,-245.1797274,2
4.0205157,18952.70417,-18956.72468,126.4005747,126.3201663,-252.7209056,2
4.096374158,19491.28769,-19495.38407,129.9923584,129.9104326,-259.9029535,2
4.166411444,20002.17303,-20006.33944,133.3994158,133.3160892,-266.7156651,2
4.230528032,20484.63419,-20488.86472,136.6169054,136.5322962,-273.1493592,2
4.288632807,20937.98556,-20942.2742,139.6402548,139.5544834,-279.194893,2
4.340643201,21361.58291,-21365.92356,142.4651678,142.3783561,-284.8436757,2
4.386485303,21754.82428,-21759.21077,145.08763,144.9999013,-290.0876799,2
4.42609397,22117.15086,-22121.57695,147.5039147,147.4153937,-294.9194536,2
4.459412915,22448.04775,-22452.50716,149.7105884,149.6214008,-299.3321307,2
4.48639479,22747.04474,-22751.53114,151.704515,151.6147877,-303.3194404,2
4.507001253,23013.71693,-23018.22394,153.4828613,153.3927217,-306.8757166,2
4.52120302,23247.68538,-23252.20658,155.0431,154.9526762,-309.9959056,2
4.52897991,23448.61759,-23453.14657,156.383014,156.2924345,-312.6755734,2
4.530320872,23616.22803,-23620.75835,157.5006991,157.4100927,-314.9109122,2
4.525224,23750.27852,-23754.80374,158.3945672,158.3040625,-316.6987453,2
4.513696538,23850.57856,-23855.09226,159.0633479,158.9730736,-318.0365322,2
4.495754866,23916.98563,-23921.48138,159.5060909,159.4161753,-318.9223718,2
4.471424479,23949.40535,-23953.87677,159.7221669,159.6327378,-319.3550052,2
4.440739954,23947.79165,-23952.23239,159.7112691,159.6224535,-319.3338177,2
4.403744895,23912.14684,-23916.55058,159.4734128,159.385337,-318.8588393,2
4.360491873,23842.52155,-23846.88204,159.0089361,158.9217251,-317.9307451,2
4.311042354,23739.01474,-23743.32578,158.3184989,158.2322768,-316.5508539,2
4.255466607,23601.77349,-23606.02895,157.4030825,157.3179718,-314.7211267,2
4.19384361,23430.99282,-23435.18666,156.2639878,156.1801094,-312.4441635,2
4.126260931,23226.91543,-23231.0417,154.9028333,154.8203064,-309.7232,2
4.05281461,22989.83133,-22993.88414,153.3215534,153.2404953,-306.5621029,2
3.973609017,22720.07742,-22724.05103,151.5223953,151.4429211,-302.9653643,2
3.888756709,22418.03703,-22421.92579,149.5079155,149.4301383,-298.9380954,2
3.798378264,22084.13939,-22087.93776,147.2809767,147.205007,-294.486019,2
3.702602116,21718.85897,-21722.56157,144.8447437,144.7706893,-289.6154619,2
3.601564368,21322.71487,-21326.31644,142.2026783,142.1306446,-284.3333454,2
3.4954086,20896.27003,-20899.76543,139.3585352,139.2886245,-278.6471756,2
3.384285665,20440.13044,-20443.51472,136.3163559,136.2486676,-272.565033,2
3.268353475,19954.9443,-19958.21266,133.0804637,133.0150938,-266.0955605,2
3.147776776,19441.4011,-19444.54888,129.6554568,129.5924984,-259.2479517,2
3.022726914,18900.23061,-18903.25334,126.0462025,125.9857449,-252.0319373,2
2.893381591,18332.20185,-18335.09523,122.2578295,122.1999588,-244.4577718,2
2.759924615,17738.12203,-17740.88196,118.2957216,118.2405199,-236.5362184,2
2.622545635,17118.83537,-17121.45792,114.1655089,114.1130547,-228.2785341,2
2.481439874,16475.22191,-16477.70335,109.8730608,109.8234286,-219.6964535,2
2.336807851,15808.19625,-15810.53306,105.424477,105.3777374,-210.8021722,2
2.188855096,15118.70629,-15120.89514,100.8260793,100.7822987,-201.6083295,2
2.037791859,14407.73181,-14409.7696,96.08440225,96.04364282,-192.1279904,2
1.883832808,13676.28316,-13678.16699,91.20618399,91.16850367,-182.3746268,2
1.727196727,12925.39976,-12927.12696,86.19835675,86.16380909,-172.3620989,2
1.568106205,12156.14867,-12157.71677,81.06803692,81.03667102,-162.1046351,2
1.406787319,11369.62302,-11371.0298,75.82251498,75.79437541,-151.6168117,2
1.243469311,10566.94051,-10568.18398,70.4692451,70.44437185,-140.9135325,2
1.078384264,9749.241802,-9750.320186,65.01583457,64.99426297,-130.0100075,2
0.911766775,8917.688888,-8918.600655,59.47003297,59.45179369,-118.9217311,2
0.743853615,8073.463451,-8074.207305,53.83972121,53.82484016,-107.6644605,2
0.574883399,7217.76518,-7218.340064,48.13290025,48.12139859,-96.25419271,2
0.405096242,6351.81007,-6352.215167,42.35767981,42.34957388,-84.70714249,2
0.234733421,5476.828691,-5477.063424,36.52226679,36.5175681,-73.03971879,2
0.064037031,4594.064438,-4594.128475,30.63495363,30.63366886,-61.26850165,2
-0.10675036,3704.771768,-3704.665018,24.70410652,24.7062375,-49.41021862,2
-0.277386052,2810.214415,-2809.937029,18.73815353,18.74369723,-37.48172096,2
-0.447627563,1911.663594,-1911.215966,12.74557259,12.75452114,-25.49995973,2
-0.617232971,1010.396193,-1009.77896,6.734879502,6.747220174,-13.48196166,2
-0.785961258,107.692965,-106.9070037,0.714615778,0.73033104,-1.444804982,2
-0.95357265,-795.1633011,796.1168737,-5.306663453,-5.287595934,10.59440484,2
-1.119828963,-1696.889597,1698.009426,-11.32040163,-11.29800895,22.61855944,2
-1.284493938,-2596.204519,2597.489013,-17.31805289,-17.29236687,34.61057182,2
-1.447333578,-3491.830093,3493.277427,-23.29109425,-23.26215139,46.55340069,2
-1.608116476,-4382.493585,4384.101702,-29.23103769,-29.19887912,58.43007462,2
-1.766614153,-5266.929314,5268.695928,-35.12944223,-35.09411365,70.22371623,2
-1.922601375,-6143.880448,6145.80305,-40.97792591,-40.93947752,81.91756609,2
-2.075856476,-7012.100792,7014.176649,-46.76817771,-46.72666416,93.49500661,2
-2.22616167,-7870.356557,7872.582719,-52.49196937,-52.44744965,104.9395856,2
-2.373303367,-8717.428115,8719.801419,-58.14116708,-58.09370444,116.2350397,2
-2.51707247,-9552.111731,9554.628803,-63.707743,-63.6574049,127.3653175,2
-2.657264675,-10373.22127,10375.87854,-69.18378673,-69.1306447,138.3146021,2
-2.793680762,-11179.5899,11182.38358,-74.56151652,-74.50564607,149.0673342,2
-2.926126876,-11970.07172,11972.99784,-79.83329031,-79.77477085,159.6082334,2
-3.054414803,-12743.54341,12746.59782,-84.99161663,-84.93053131,169.9223206,2
-3.178362239,-13498.90583,13502.08419,-90.02916521,-89.96560084,179.9949388,2
-3.29779305,-14235.08556,14238.38335,-94.93877742,-94.87282432,189.8117744,2
-3.412537515,-14951.03646,14954.449,-99.71347644,-99.64522833,199.3588771,2
-3.522432578,-15645.74112,15649.26355,-104.3464771,-104.276031,208.6226799,2
-3.627322072,-16318.21232,16321.83964,-108.8311958,-108.7586518,217.5900185,2
-3.727056942,-16967.49445,16971.22151,-113.1612594,-113.0867205,226.2481497,2
-3.821495461,-17592.66485,17596.48634,-117.3305146,-117.2540868,234.58477,2
-3.910503425,-18192.8351,18196.7456,-121.3330367,-121.2548287,242.5880324,2
-3.99395435,-18767.15234,18771.1463,-125.163138,-125.0832608,250.246564,2
-4.071729648,-19314.80043,19318.87216,-128.8153756,-128.7339428,257.5494815,2
-4.143718795,-19835.00113,19839.14485,-132.2845595,-132.2016867,264.4864072,2
-4.209819491,-20327.01521,20331.22503,-135.5657598,-135.4815649,271.0474831,2
-4.269937802,-20790.14349,20794.41343,-138.6543137,-138.5689163,277.2233858,2
-4.323988298,-21223.72784,21228.05182,-141.5458323,-141.4593537,283.0053388,2
-4.371894171,-21627.1521,21631.524,-144.2362065,-144.1487697,288.3851258,2
-4.413587343,-21999.84301,22004.25659,-146.7216131,-146.6333423,293.3551017,2
-4.449008565,-22341.27093,22345.71993,-148.9985204,-148.9095409,297.908204,2
-4.478107503,-22650.95068,22655.42879,-151.0636925,-150.974131,302.0379625,2
-4.500842805,-22928.44219,22932.94303,-152.9141949,-152.8241785,305.7385084,2
-4.517182164,-23173.35113,23177.86831,-154.5473979,-154.4570545,309.0045832,2
-4.527102359,-23385.32947,23389.85658,-155.9609805,-155.8704386,311.8315456,2
-4.530589294,-23564.07598,23568.60657,-157.1529341,-157.0623223,314.2153783,2
-4.527638014,-23709.33665,23713.86429,-158.1215647,-158.0310118,316.1526938,2
-4.518252713,-23820.90505,23825.4233,-158.8654959,-158.7751306,317.6407389,2
-4.502446726,-23898.62264,23903.12509,-159.3836706,-159.2936212,318.6773992,2
-4.480242518,-23942.37898,23946.85923,-159.6753524,-159.5857469,319.2612015,2
-4.451671638,-23952.1119,23956.56357,-159.7401267,-159.6510926,319.3913161,2
-4.41677469,-23927.80755,23932.22432,-159.5779016,-159.4895652,319.0675582,2
-4.375601264,-23869.50047,23873.87607,-159.1889076,-159.1013945,318.2903879,2
-4.328209869,-23777.27353,23781.60174,-158.5736974,-158.487132,317.0609095,2
-4.274667851,-23651.25779,23655.53245,-157.7331453,-157.6476506,315.3808702,2
-4.215051295,-23491.63231,23495.84736,-156.6684458,-156.5841433,313.2526574,2
-4.149444922,-23298.62393,23302.77338,-155.3811118,-155.2981213,310.6792954,2
-4.07794196,-23072.50694,23076.58488,-153.8729728,-153.7914122,307.6644412,2
-4.000644019,-22813.60265,22817.6033,-152.1461719,-152.0661571,304.212379,2
-3.917660944,-22522.27899,22526.19665,-150.2031629,-150.1248077,300.3280143,2
-3.829110659,-22198.94993,22202.77904,-148.046707,-147.9701227,296.0168671,2
-3.735118998,-21844.07495,21847.81007,-145.6798687,-145.605164,291.2850637,2
-3.635819528,-21458.15835,21461.79417,-143.1060112,-143.0332925,286.1393283,2
-3.53135336,-21041.74853,21045.27988,-140.3287924,-140.2581628,280.5869732,2
-3.421868946,-20595.43723,20598.8591,-137.3521586,-137.2837186,274.6358888,2
-3.307521869,-20119.85869,20123.16621,-134.1803399,-134.1141867,268.2945316,2
-3.188474622,-19615.68873,19618.8772,-130.8178435,-130.7540712,261.5719133,2
-3.064896378,-19083.6438,19086.70869,-127.2694479,-127.208147,254.477587,2
-2.936962749,-18524.47997,18527.41693,-123.5401954,-123.4814531,247.0216341,2
-2.804855534,-17938.99184,17941.79669,-119.6353856,-119.5792853,239.21465,2
-2.668762467,-17328.01142,17330.68018,-115.5605673,-115.5071888,231.0677287,2
-2.528876942,-16692.40695,16694.93582,-111.3215311,-111.2709502,222.5924475,2
-2.385397745,-16033.08165,16035.46705,-106.9243009,-106.8765895,213.8008503,2
-2.238528767,-15350.97247,15353.211,-102.3751255,-102.3303514,204.7054304,2
-2.088478717,-14647.04872,14649.1372,-97.68046936,-97.63869621,195.3191129,2
-1.935460824,-13922.31071,13924.24617,-92.84700396,-92.8082911,185.6552363,2
-1.779692536,-13177.78833,13179.56802,-87.88159789,-87.84600034,175.7275333,2
-1.621395208,-12414.5396,12416.16099,-82.79130726,-82.7588756,165.550112,2
-1.460793788,-11633.64912,11635.10992,-77.58336565,-77.55414597,155.1374349,2
-1.2981165,-10836.22659,10837.52471,-72.26517384,-72.23920765,144.5042989,2
-1.133594518,-10023.4052,10024.53879,-66.84428925,-66.82161347,133.6658145,2
-0.967461635,-9196.339992,9197.307454,-61.32841528,-61.30906212,122.6373837,2
-0.799953937,-8356.206285,8357.006239,-55.72539027,-55.70938723,111.4346784,2
-0.63130946,-7504.197952,7504.829261,-50.04317643,-50.03054626,100.0736183,2
-0.461767859,-6641.525742,6641.98751,-44.28984851,-44.28060914,88.57034813,2
-0.291570059,-5769.415561,5769.707131,-38.47358228,-38.46774686,76.94121466,2
-0.120957923,-4889.106725,4889.227683,-32.60264299,-32.6002198,65.20274351,2
0.049826101,-4001.850201,4001.800375,-26.68537355,-26.68636605,53.3716157,2
0.220539319,-3108.906828,3108.686289,-20.73018274,-20.73458951,41.4646439,2
0.390939139,-2211.545529,2211.15459,-14.74553321,-14.75334798,29.49874857,2
0.560783413,-1311.041503,1310.48072,-8.739929469,-8.751141144,17.49093391,2
0.729830783,-408.674415,407.9445842,-2.721905809,-2.736498453,5.458263676,2
0.897841024,494.2734218,-495.1712628,3.299985829,3.282032953,-6.582163052,2
1.064575384,1396.518869,-1397.583444,9.317188005,9.29590041,-18.61323617,2
1.229796923,2296.779786,-2298.009583,15.32114995,15.29655788,-30.61785885,2
1.393270854,3193.776854,-3195.170125,21.3033397,21.27547811,-42.57897189,2
1.554764871,4086.23539,-4087.790155,27.25525624,27.22416472,-54.47957787,2
1.714049482,4972.887162,-4974.601212,33.16844157,33.1341643,-66.3027654,2
1.870898334,5852.472189,-5854.343088,39.03449272,38.99707842,-78.03173306,2
2.025088538,6723.740533,-6725.765622,44.84507373,44.80457556,-89.64981337,2
2.17640098,7585.454074,-7587.630475,50.59192744,50.54840295,-101.1404964,2
2.324620637,8436.388269,-8438.71289,56.26688724,56.22039829,-112.4874532,2
2.469536881,9275.333896,-9277.803432,61.86188873,61.81250136,-123.6745592,2
2.610943779,10101.09876,-10103.70971,67.36898108,67.31676549,-134.6859169,2
2.748640382,10912.50942,-10915.25806,72.78033842,72.72536881,-145.5058785,2
2.882431017,11708.4128,-11711.29523,78.08827092,78.03062541,-156.1190684,2
3.012125559,12487.67789,-12490.69001,83.28523572,83.22499621,-166.5104044,2
3.137539707,13249.1973,-13252.33484,88.36384764,88.30109975,-176.6651201,2
3.258495238,13991.88888,-13995.14738,93.31688969,93.25172258,-186.568785,2
3.37482027,14714.69722,-14718.07204,98.13732334,98.06982962,-196.2073254,2
3.486349497,15416.59517,-15420.08152,102.8182985,102.7485741,-205.5670445,2
3.592924431,16096.58529,-16100.17822,107.3531632,107.2813072,-214.6346416,2
3.694393623,16753.70129,-16757.39568,111.7354732,111.6615876,-223.3972311,2
3.790612879,17387.00936,-17390.79997,115.959001,115.8831909,-231.8423609,2
3.881445467,17995.60953,-17999.49098,120.0177447,119.9401178,-239.95803,2
3.966762309,18578.63697,-18582.60373,123.9059366,123.8266033,-247.7327056,2
4.046442164,19135.26314,-19139.30958,127.6180513,127.5371243,-255.1553395,2
4.120371804,19664.69705,-19668.81743,131.1488139,131.0664081,-262.2153837,2
4.18844617,20166.18636,-20170.37481,134.4932068,134.4094394,-268.9028055,2
4.250568524,20639.01841,-20643.26898,137.6464775,137.5614675,-275.2081017,2
4.306650588,21082.52129,-21086.82794,140.6041451,140.5180133,-281.1223122,2
4.356612666,21496.06475,-21500.42136,143.3620064,143.2748753,-286.6370324,2
4.400383759,21879.06112,-21883.46151,145.9161425,145.8281358,-291.7444257,2
4.437901666,22230.96616,-22235.40406,148.2629238,148.1741665,-296.4372343,2
4.469113071,22551.27977,-22555.74888,150.3990153,150.3096337,-300.7087893,2
4.493973623,22839.54678,-22844.04075,152.3213816,152.2315027,-304.5530206,2
4.512447992,23095.35755,-23099.86999,154.0272909,153.9370423,-307.9644655,2
4.524509926,23318.34854,-23322.87305,155.514319,155.423829,-310.938276,2
4.530142283,23508.20289,-23512.73304,156.7803527,156.6897499,-313.4702262,2
4.529337061,23664.6508,-23669.18014,157.823593,157.7330062,-315.556718,2
4.522095402,23787.46994,-23791.99204,158.6425573,158.5521152,-317.1947865,2
4.508427599,23876.48579,-23880.99422,159.2360819,159.1459129,-318.3821038,2
4.488353073,23931.57184,-23936.0602,159.6033232,159.5135556,-319.1169828,2
4.461900352,23952.64982,-23957.11172,159.7437595,159.6545208,-319.398379,2
4.429107026,23939.68978,-23944.11888,159.6571912,159.5686082,-319.2258927,2
4.390019697,23892.71012,-23897.10014,159.3437413,159.2559399,-318.5997689,2
4.344693909,23811.77762,-23816.12231,158.8038552,158.7169602,-317.5208974,2
4.293194075,23697.00728,-23701.30047,158.0383002,157.952435,-315.9908114,2
4.235593376,23548.56219,-23552.79778,157.048164,156.9634507,-314.0116851,2
4.171973667,23366.65331,-23370.82528,155.8348539,155.7514128,-311.586331,2
4.102425356,23151.53914,-23155.64156,154.4000938,154.3180436,-308.7181957,2
4.027047273,22903.52536,-22907.5524,152.7459228,152.66538,-305.4113549,2
3.945946536,22622.96442,-22626.91036,150.8746915,150.7957706,-301.6705079,2
3.859238393,22310.255,-22314.11424,148.789059,148.7118721,-297.5009706,2
3.767046061,21965.8415,-21969.60855,146.4919891,146.4166459,-292.9086682,2
3.669500551,21590.21333,-21593.88283,143.9867461,143.9133537,-287.9001265,2
3.566740479,21183.90429,-21187.47103,141.27689,141.2055527,-282.4824629,2
3.458911874,20747.49176,-20750.95067,138.3662717,138.2970909,-276.6633764,2
3.346167966,20281.59591,-20284.94208,135.2590274,135.1921013,-270.451136,2
3.22866897,19786.8788,-19790.10747,131.9595726,131.8949964,-263.8545698,2
3.106581859,19264.04346,-19267.15004,128.472596,128.4104615,-256.8830517,2
2.980080126,18713.83285,-18716.81293,124.8030529,124.7434482,-249.5464889,2
2.849343535,18137.02887,-18139.87821,120.9561577,120.8991677,-241.8553068,2
2.714557871,17534.45117,-17537.16573,116.9373773,116.8830829,-233.820435,2
2.575914672,16906.95606,-16909.53198,112.7524224,112.7009008,-225.4532917,2
2.433610957,16255.43524,-16257.86885,108.4072402,108.3585646,-216.7657668,2
2.287848948,15580.81456,-15583.10241,103.9080054,103.8622449,-207.770206,2
2.13883578,14884.05268,-14886.19152,99.26111158,99.21833132,-198.4793923,2
1.98678321,14166.13976,-14168.12654,94.47316231,94.43342303,-188.9065286,2
1.831907312,13428.09597,-13429.92788,89.55096151,89.51431968,-179.0652183,2
1.674428173,12670.97013,-12672.64455,84.50150389,84.46801158,-168.9694466,2
1.514569581,11895.83814,-11897.35271,79.33196501,79.30166982,-158.63356,2
1.352558702,11103.80151,-11105.15407,74.04969106,74.02263605,-148.0722465,2
1.188625763,10295.98578,-10297.17441,68.66218846,68.63841206,-137.3005142,2
1.023003722,9473.538888,-9474.561891,63.17711312,63.15664913,-126.3336703,2
0.855927937,8637.629578,-8638.485506,57.60225965,57.58513714,-115.1872994,2
0.687635831,7789.445723,-7790.133359,51.94555022,51.93179353,-103.8772411,2
0.518366557,6930.19264,-6930.711007,46.21502332,46.20465199,-92.41956748,2
0.348360656,6061.091374,-6061.439735,40.41882234,40.41185112,-80.83056062,2
0.177859715,5183.376966,-5183.554825,34.56518401,34.56162279,-69.1266891,2
0.007106026,4298.296695,-4298.303801,28.66242665,28.66228051,-57.32458478,2
-0.163657761,3407.108309,-3406.944652,22.71893842,22.72220756,-45.44101909,2
-0.334188982,2511.078236,-2510.744047,16.74316534,16.74984511,-33.49287923,2
-0.504245301,1611.479784,-1610.975539,10.7435993,10.75368021,-21.49714414,2
-0.673585061,709.5913305,-708.9177455,4.728766019,4.74223374,-9.470860446,2
-0.841967619,-193.305491,194.1474586,-1.292787098,-1.2759517,2.568881863,2
-1.009153695,-1095.927615,1096.936769,-7.312503094,-7.292323943,14.60497365,2
-1.174905709,-1996.992366,1998.167271,-13.32182762,-13.29833339,26.62031097,2
-1.338988117,-2895.219281,2896.558269,-19.3122211,-19.28544519,38.59781937,2
-1.50116775,-3789.331931,3790.833099,-25.27517086,-25.24515131,50.52047816,2
-1.661214141,-4678.059734,4679.720948,-31.20220322,-31.16898268,62.37134459,2
-1.818899857,-5560.139757,5561.958657,-37.08489554,-37.04852123,74.13357792,2
-1.974000815,-6434.318518,6436.292518,-42.9148882,-42.8754118,85.79046338,2
-2.126296611,-7299.35376,7301.480056,-48.68389645,-48.64137407,97.3254359,2
-2.275570823,-8154.01622,8156.291791,-54.38372222,-54.33821428,108.7221036,2
-2.421611325,-8997.091378,8999.512989,-60.00626574,-59.95783692,119.9642713,2
-2.564210584,-9827.381176,9829.945387,-65.54353708,-65.49225619,131.0359632,2
-2.703165959,-10643.70573,10646.40889,-70.98766747,-70.93360738,141.9214459,2
-2.838279988,-11444.90499,11447.74327,-76.33092049,-76.27415803,152.6052503,2
-2.969360666,-12229.84042,12232.80978,-81.5657031,-81.50631893,163.0721944,2
-3.096221719,-12997.39657,13000.4928,-86.68457638,-86.62265489,173.307404,2
-3.218682873,-13746.48272,13749.7014,-91.68026614,-91.61589532,183.2963342,2
-3.336570101,-14476.03436,14479.37093,-96.54567322,-96.47894454,193.0247904,2
-3.449715881,-15185.01476,15188.46448,-101.2738836,-101.2048919,202.4789477,2
-3.557959426,-15872.41642,15875.97438,-105.8581783,-105.7870216,211.6453714,2
-3.661146916,-16537.26252,16540.92366,-110.2920427,-110.2188221,220.5110354,2
-3.759131716,-17178.60826,17182.36739,-114.5691761,-114.4939957,229.0633412,2
-3.851774584,-17795.54225,17799.39403,-118.6835004,-118.606467,237.2901354,2
-3.93894387,-18387.18781,18391.12675,-122.6291689,-122.550392,245.1797274,2
-4.0205157,-18952.70417,18956.72468,-126.4005747,-126.3201663,252.7209056,2
-4.096374158,-19491.28769,19495.38407,-129.9923584,-129.9104326,259.9029535,2
-4.166411444,-20002.17303,20006.33944,-133.3994158,-133.3160892,266.7156651,2
-4.230528032,-20484.63419,20488.86472,-136.6169054,-136.5322962,273.1493592,2
-4.288632807,-20937.98556,20942.2742,-139.6402548,-139.5544834,279.194893,2
-4.340643201,-21361.58291,21365.92356,-142.4651678,-142.3783561,284.8436757,2
-4.386485303,-21754.82428,21759.21077,-145.08763,-144.9999013,290.0876799,2
-4.42609397,-22117.15086,22121.57695,-147.5039147,-147.4153937,294.9194536,2
-4.459412915,-22448.04775,22452.50716,-149.7105884,-149.6214008,299.3321307,2
-4.48639479,-22747.04474,22751.53114,-151.704515,-151.6147877,303.3194404,2
-4.507001253,-23013.71693,23018.22394,-153.4828613,-153.3927217,306.8757166,2
-4.52120302,-23247.68538,23252.20658,-155.0431,-154.9526762,309.9959056,2
-4.52897991,-23448.61759,23453.14657,-156.383014,-156.2924345,312.6755734,2
-4.530320872,-23616.22803,23620.75835,-157.5006991,-157.4100927,314.9109122,2
-4.525224001,-23750.27852,23754.80374,-158.3945672,-158.3040625,316.6987453,2
-4.513696538,-23850.57856,23855.09226,-159.0633479,-158.9730736,318.0365322,2
-4.495754865,-23916.98563,23921.48138,-159.5060909,-159.4161753,318.9223718,2
-4.471424479,-23949.40535,23953.87677,-159.7221669,-159.6327378,319.3550052,2
-4.440739954,-23947.79165,23952.23239,-159.7112691,-159.6224535,319.3338177,2
-4.403744895,-23912.14684,23916.55058,-159.4734128,-159.385337,318.8588393,2
-4.360491873,-23842.52155,23846.88204,-159.0089361,-158.9217251,317.9307451,2
-4.311042354,-23739.01474,23743.32578,-158.3184989,-158.2322768,316.5508539,2
-4.255466607,-23601.77349,23606.02895,-157.4030825,-157.3179718,314.7211267,2
-4.19384361,-23430.99282,23435.18666,-156.2639878,-156.1801094,312.4441635,2
-4.126260931,-23226.91543,23231.0417,-154.9028333,-154.8203064,309.7232,2
-4.05281461,-22989.83133,22993.88414,-153.3215534,-153.2404953,306.5621029,2
-3.973609017,-22720.07742,22724.05103,-151.5223953,-151.4429211,302.9653643,2
-3.888756709,-22418.03703,22421.92579,-149.5079155,-149.4301383,298.9380954,2
-3.798378264,-22084.13939,22087.93776,-147.2809767,-147.205007,294.486019,2
-3.702602116,-21718.85897,21722.56157,-144.8447437,-144.7706893,289.6154619,2
-3.601564368,-21322.71487,21326.31644,-142.2026783,-142.1306446,284.3333454,2
-3.4954086,-20896.27003,20899.76543,-139.3585352,-139.2886245,278.6471756,2
-3.384285665,-20440.13044,20443.51472,-136.3163559,-136.2486676,272.565033,2
-3.268353475,-19954.9443,19958.21266,-133.0804637,-133.0150938,266.0955605,2
-3.147776776,-19441.4011,19444.54888,-129.6554568,-129.5924984,259.2479517,2
-3.022726914,-18900.23061,18903.25334,-126.0462025,-125.9857449,252.0319373,2
-2.893381591,-18332.20185,18335.09523,-122.2578295,-122.1999588,244.4577718,2
-2.759924615,-17738.12203,17740.88196,-118.2957216,-118.2405199,236.5362184,2
-2.622545635,-17118.83537,17121.45792,-114.1655089,-114.1130547,228.2785341,2
-2.481439874,-16475.22191,16477.70335,-109.8730608,-109.8234286,219.6964535,2
-2.336807851,-15808.19625,15810.53306,-105.424477,-105.3777374,210.8021722,2
-2.188855096,-15118.70629,15120.89514,-100.8260793,-100.7822987,201.6083295,2
-2.037791859,-14407.73181,14409.7696,-96.08440225,-96.04364282,192.1279904,2
-1.883832808,-13676.28316,13678.16699,-91.20618399,-91.16850367,182.3746268,2
-1.727196727,-12925.39976,12927.12696,-86.19835675,-86.16380909,172.3620989,2
-1.568106205,-12156.14867,12157.71677,-81.06803692,-81.03667102,162.1046351,2
-1.406787319,-11369.62302,11371.0298,-75.82251498,-75.79437541,151.6168117,2
-1.24346931,-10566.94051,10568.18398,-70.4692451,-70.44437185,140.9135325,2
-1.078384264,-9749.241802,9750.320186,-65.01583457,-64.99426297,130.0100075,2
-0.911766775,-8917.688888,8918.600655,-59.47003297,-59.45179369,118.9217311,2
-0.743853615,-8073.463451,8074.207305,-53.83972121,-53.82484016,107.6644605,2
-0.574883399,-7217.76518,7218.340064,-48.13290025,-48.12139859,96.25419271,2
-0.405096242,-6351.81007,6352.215167,-42.35767981,-42.34957388,84.70714249,2
-0.234733421,-5476.828691,5477.063424,-36.52226679,-36.5175681,73.03971879,2
-0.064037031,-4594.064438,4594.128475,-30.63495363,-30.63366886,61.26850165,2
0.106750359,-3704.771768,3704.665018,-24.70410652,-24.7062375,49.41021862,2
0.277386052,-2810.214415,2809.937029,-18.73815353,-18.74369723,37.48172096,2
0.447627563,-1911.663594,1911.215966,-12.74557259,-12.75452114,25.49995973,2
0.617232971,-1010.396193,1009.77896,-6.734879502,-6.747220174,13.48196166,2
0.785961257,-107.692965,106.9070037,-0.714615778,-0.73033104,1.444804982,2
0.95357265,795.1633011,-796.1168737,5.306663453,5.287595934,-10.59440484,2
1.119828963,1696.889597,-1698.009426,11.32040163,11.29800895,-22.61855944,2
1.284493938,2596.204519,-2597.489013,17.31805289,17.29236687,-34.61057182,2
1.447333577,3491.830093,-3493.277427,23.29109425,23.26215139,-46.55340069,2
1.608116476,4382.493585,-4384.101702,29.23103769,29.19887912,-58.43007462,2
1.766614153,5266.929314,-5268.695928,35.12944223,35.09411365,-70.22371623,2
1.922601375,6143.880448,-6145.80305,40.97792591,40.93947752,-81.91756609,2
2.075856475,7012.100792,-7014.176649,46.76817771,46.72666416,-93.49500661,2
2.22616167,7870.356557,-7872.582719,52.49196937,52.44744965,-104.9395856,2
2.373303367,8717.428115,-8719.801419,58.14116708,58.09370444,-116.2350397,2
2.51707247,9552.111731,-9554.628803,63.707743,63.6574049,-127.3653175,2
2.657264675,10373.22127,-10375.87854,69.18378673,69.1306447,-138.3146021,2
2.793680762,11179.5899,-11182.38358,74.56151652,74.50564607,-149.0673342,2
2.926126876,11970.07172,-11972.99784,79.83329031,79.77477085,-159.6082334,2
3.054414803,12743.54341,-12746.59782,84.99161663,84.93053131,-169.9223206,2
3.178362239,13498.90583,-13502.08419,90.02916521,89.96560084,-179.9949388,2
3.29779305,14235.08556,-14238.38335,94.93877742,94.87282432,-189.8117744,2
3.412537515,14951.03646,-14954.449,99.71347644,99.64522833,-199.3588771,2
3.522432578,15645.74112,-15649.26355,104.3464771,104.276031,-208.6226799,2
3.627322072,16318.21232,-16321.83964,108.8311958,108.7586518,-217.5900185,2
3.727056942,16967.49445,-16971.22151,113.1612594,113.0867205,-226.2481497,2
3.821495461,17592.66485,-17596.48634,117.3305146,117.2540868,-234.58477,2
3.910503425,18192.8351,-18196.7456,121.3330367,121.2548287,-242.5880324,2
3.99395435,18767.15234,-18771.1463,125.163138,125.0832608,-250.246564,2
4.071729648,19314.80043,-19318.87216,128.8153756,128.7339428,-257.5494815,2
4.143718795,19835.00113,-19839.14485,132.2845595,132.2016867,-264.4864072,2
4.20981949,20327.01521,-20331.22503,135.5657598,135.4815649,-271.0474831,2
4.269937802,20790.14349,-20794.41343,138.6543137,138.5689163,-277.2233858,2
4.323988298,21223.72784,-21228.05182,141.5458323,141.4593537,-283.0053388,2
4.371894171,21627.1521,-21631.524,144.2362065,144.1487697,-288.3851258,2
4.413587343,21999.84301,-22004.25659,146.7216131,146.6333423,-293.3551017,2
4.449008565,22341.27093,-22345.71993,148.9985204,148.9095409,-297.908204,2
4.478107503,22650.95068,-22655.42879,151.0636925,150.974131,-302.0379625,2
4.500842806,22928.44219,-22932.94303,152.9141949,152.8241785,-305.7385084,2
4.517182164,23173.35113,-23177.86831,154.5473979,154.4570545,-309.0045832,2
4.527102359,23385.32947,-23389.85658,155.9609805,155.8704386,-311.8315456,2
4.530589294,23564.07598,-23568.60657,157.1529341,157.0623223,-314.2153783,2
4.527638014,23709.33665,-23713.86429,158.1215647,158.0310118,-316.1526938,2
4.518252712,23820.90505,-23825.4233,158.8654959,158.7751306,-317.6407389,2
4.502446726,23898.62264,-23903.12509,159.3836706,159.2936212,-318.6773992,2
4.480242517,23942.37898,-23946.85923,159.6753524,159.5857469,-319.2612015,2
4.451671638,23952.1119,-23956.56357,159.7401267,159.6510926,-319.3913161,2
4.416774691,23927.80755,-23932.22432,159.5779016,159.4895652,-319.0675582,2
4.375601264,23869.50047,-23873.87607,159.1889076,159.1013945,-318.2903879,2
4.328209869,23777.27353,-23781.60174,158.5736974,158.487132,-317.0609095,2
4.274667851,23651.25779,-23655.53245,157.7331453,157.6476506,-315.3808702,2
4.215051295,23491.63231,-23495.84736,156.6684458,156.5841433,-313.2526574,2
4.149444922,23298.62393,-23302.77338,155.3811118,155.2981213,-310.6792954,2
4.07794196,23072.50694,-23076.58488,153.8729728,153.7914122,-307.6644412,2
4.000644019,22813.60265,-22817.6033,152.1461719,152.0661571,-304.212379,2
3.917660944,22522.27899,-22526.19665,150.2031629,150.1248077,-300.3280143,2
3.829110659,22198.94993,-22202.77904,148.046707,147.9701227,-296.0168671,2
3.735118998,21844.07495,-21847.81007,145.6798687,145.605164,-291.2850637,2
3.635819529,21458.15835,-21461.79417,143.1060112,143.0332925,-286.1393283,2
3.531353361,21041.74853,-21045.27988,140.3287924,140.2581628,-280.5869732,2
3.421868946,20595.43723,-20598.8591,137.3521586,137.2837186,-274.6358888,2
3.307521869,20119.85869,-20123.16621,134.1803399,134.1141867,-268.2945316,2
3.188474622,19615.68873,-19618.8772,130.8178435,130.7540712,-261.5719133,2
3.064896378,19083.6438,-19086.70869,127.2694479,127.208147,-254.477587,2
2.936962748,18524.47997,-18527.41693,123.5401954,123.4814531,-247.0216341,2
2.804855534,17938.99184,-17941.79669,119.6353856,119.5792853,-239.21465,2
2.668762467,17328.01142,-17330.68018,115.5605673,115.5071888,-231.0677287,2
2.528876942,16692.40695,-16694.93582,111.3215311,111.2709502,-222.5924475,2
2.385397745,16033.08165,-16035.46705,106.9243009,106.8765895,-213.8008503,2
2.238528767,15350.97247,-15353.211,102.3751255,102.3303514,-204.7054304,2
2.088478717,14647.04872,-14649.1372,97.68046936,97.63869621,-195.3191129,2
1.935460825,13922.31071,-13924.24617,92.84700396,92.8082911,-185.6552363,2
1.779692536,13177.78833,-13179.56802,87.88159789,87.84600034,-175.7275333,2
1.621395208,12414.5396,-12416.16099,82.79130726,82.7588756,-165.550112,2
1.460793788,11633.64912,-11635.10992,77.58336565,77.55414597,-155.1374349,2
1.2981165,10836.22659,-10837.52471,72.26517384,72.23920765,-144.5042989,2
1.133594517,10023.4052,-10024.53879,66.84428925,66.82161347,-133.6658145,2
0.967461635,9196.339992,-9197.307454,61.32841528,61.30906212,-122.6373837,2
0.799953937,8356.206285,-8357.006239,55.72539027,55.70938723,-111.4346784,2
0.631309461,7504.197952,-7504.829261,50.04317643,50.03054626,-100.0736183,2
0.461767859,6641.525742,-6641.98751,44.28984851,44.28060914,-88.57034813,2
0.29157006,5769.415561,-5769.707131,38.47358228,38.46774686,-76.94121466,2
0.120957923,4889.106725,-4889.227683,32.60264299,32.6002198,-65.20274351,2
-0.049826101,4001.850201,-4001.800375,26.68537355,26.68636605,-53.3716157,2
-0.220539319,3108.906828,-3108.686289,20.73018274,20.73458951,-41.4646439,2
-0.390939139,2211.545529,-2211.15459,14.74553321,14.75334798,-29.49874857,2
-0.560783413,1311.041503,-1310.48072,8.739929469,8.751141144,-17.49093391,2
-0.729830783,408.674415,-407.9445842,2.721905809,2.736498453,-5.458263676,2
-0.897841024,-494.2734218,495.1712628,-3.299985829,-3.282032953,6.582163052,2
-1.064575384,-1396.518869,1397.583444,-9.317188005,-9.29590041,18.61323617,2
-1.229796923,-2296.779786,2298.009583,-15.32114995,-15.29655788,30.61785885,2
-1.393270854,-3193.776854,3195.170125,-21.3033397,-21.27547811,42.57897189,2
-1.554764871,-4086.23539,4087.790155,-27.25525624,-27.22416472,54.47957787,2
-1.714049482,-4972.887162,4974.601212,-33.16844157,-33.1341643,66.3027654,2
-1.870898334,-5852.472189,5854.343088,-39.03449272,-38.99707842,78.03173306,2
-2.025088538,-6723.740533,6725.765622,-44.84507373,-44.80457556,89.64981337,2
-2.17640098,-7585.454074,7587.630475,-50.59192744,-50.54840295,101.1404964,2
-2.324620637,-8436.388269,8438.71289,-56.26688724,-56.22039829,112.4874532,2
-2.469536882,-9275.333896,9277.803432,-61.86188873,-61.81250136,123.6745592,2
-2.610943779,-10101.09876,10103.70971,-67.36898108,-67.31676549,134.6859169,2
-2.748640382,-10912.50942,10915.25806,-72.78033842,-72.72536881,145.5058785,2
-2.882431016,-11708.4128,11711.29523,-78.08827092,-78.03062541,156.1190684,2
-3.012125559,-12487.67789,12490.69001,-83.28523572,-83.22499621,166.5104044,2
-3.137539706,-13249.1973,13252.33484,-88.36384764,-88.30109975,176.6651201,2
-3.258495238,-13991.88888,13995.14738,-93.31688969,-93.25172258,186.568785,2
-3.37482027,-14714.69722,14718.07204,-98.13732334,-98.06982962,196.2073254,2
-3.486349497,-15416.59517,15420.08152,-102.8182985,-102.7485741,205.5670445,2
-3.592924431,-16096.58529,16100.17822,-107.3531632,-107.2813072,214.6346416,2
-3.694393623,-16753.70129,16757.39568,-111.7354732,-111.6615876,223.3972311,2
-3.790612879,-17387.00936,17390.79997,-115.959001,-115.8831909,231.8423609,2
-3.881445467,-17995.60953,17999.49098,-120.0177447,-119.9401178,239.95803,2
-3.966762309,-18578.63697,18582.60373,-123.9059366,-123.8266033,247.7327056,2
-4.046442164,-19135.26314,19139.30958,-127.6180513,-127.5371243,255.1553395,2
-4.120371804,-19664.69705,19668.81743,-131.1488139,-131.0664081,262.2153837,2
-4.188446169,-20166.18636,20170.37481,-134.4932068,-134.4094394,268.9028055,2
-4.250568524,-20639.01841,20643.26898,-137.6464775,-137.5614675,275.2081017,2
-4.306650588,-21082.52129,21086.82794,-140.6041451,-140.5180133,281.1223122,2
-4.356612666,-21496.06475,21500.42136,-143.3620064,-143.2748753,286.6370324,2
-4.400383759,-21879.06112,21883.46151,-145.9161425,-145.8281358,291.7444257,2
-4.437901666,-22230.96616,22235.40406,-148.2629238,-148.1741665,296.4372343,2
-4.469113072,-22551.27977,22555.74888,-150.3990153,-150.3096337,300.7087893,2
-4.493973623,-22839.54678,22844.04075,-152.3213816,-152.2315027,304.5530206,2
-4.512447992,-23095.35755,23099.86999,-154.0272909,-153.9370423,307.9644655,2
-4.524509926,-23318.34854,23322.87305,-155.514319,-155.423829,310.938276,2
-4.530142283,-23508.20289,23512.73304,-156.7803527,-156.6897499,313.4702262,2
-4.529337061,-23664.6508,23669.18014,-157.823593,-157.7330062,315.556718,2
-4.522095402,-23787.46994,23791.99204,-158.6425573,-158.5521152,317.1947865,2
-4.508427598,-23876.48579,23880.99422,-159.2360819,-159.1459129,318.3821038,2
-4.488353073,-23931.57184,23936.0602,-159.6033232,-159.5135556,319.1169828,2
-4.461900352,-23952.64982,23957.11172,-159.7437595,-159.6545208,319.398379,2
-4.429107026,-23939.68978,23944.11888,-159.6571912,-159.5686082,319.2258927,2
-4.390019697,-23892.71012,23897.10014,-159.3437413,-159.2559399,318.5997689,2
-4.34469391,-23811.77762,23816.12231,-158.8038552,-158.7169602,317.5208974,2
-4.293194075,-23697.00728,23701.30047,-158.0383002,-157.952435,315.9908114,2
-4.235593376,-23548.56219,23552.79778,-157.048164,-156.9634507,314.0116851,2
-4.171973667,-23366.65331,23370.82528,-155.8348539,-155.7514128,311.586331,2
-4.102425356,-23151.53914,23155.64156,-154.4000938,-154.3180436,308.7181957,2
-4.027047273,-22903.52536,22907.5524,-152.7459228,-152.66538,305.4113549,2
-3.945946536,-22622.96442,22626.91036,-150.8746915,-150.7957706,301.6705079,2
-3.859238393,-22310.255,22314.11424,-148.789059,-148.7118721,297.5009706,2
-3.767046061,-21965.8415,21969.60855,-146.4919891,-146.4166459,292.9086682,2
-3.669500551,-21590.21333,21593.88283,-143.9867461,-143.9133537,287.9001265,2
-3.566740479,-21183.90429,21187.47103,-141.27689,-141.2055527,282.4824629,2
-3.458911874,-20747.49176,20750.95067,-138.3662717,-138.2970909,276.6633764,2
-3.346167966,-20281.59591,20284.94208,-135.2590274,-135.1921013,270.451136,2
-3.228668971,-19786.8788,19790.10747,-131.9595726,-131.8949964,263.8545698,2
-3.106581859,-19264.04346,19267.15004,-128.472596,-128.4104615,256.8830517,2
-2.980080126,-18713.83285,18716.81293,-124.8030529,-124.7434482,249.5464889,2
-2.849343535,-18137.02887,18139.87821,-120.9561577,-120.8991677,241.8553068,2
-2.714557871,-17534.45117,17537.16573,-116.9373773,-116.8830829,233.820435,2
-2.575914672,-16906.95606,16909.53198,-112.7524224,-112.7009008,225.4532917,2
-2.433610957,-16255.43524,16257.86885,-108.4072402,-108.3585646,216.7657668,2
-2.287848948,-15580.81456,15583.10241,-103.9080054,-103.8622449,207.770206,2
-2.13883578,-14884.05268,14886.19152,-99.26111158,-99.21833132,198.4793923,2
-1.98678321,-14166.13976,14168.12654,-94.47316231,-94.43342303,188.9065286,2
-1.831907312,-13428.09597,13429.92788,-89.55096151,-89.51431968,179.0652183,2
-1.674428173,-12670.97013,12672.64455,-84.50150389,-84.46801158,168.9694466,2
-1.514569581,-11895.83814,11897.35271,-79.33196501,-79.30166982,158.63356,2
-1.352558702,-11103.80151,11105.15407,-74.04969106,-74.02263605,148.0722465,2
-1.188625763,-10295.98578,10297.17441,-68.66218846,-68.63841206,137.3005142,2
-1.023003722,-9473.538888,9474.561891,-63.17711312,-63.15664913,126.3336703,2
-0.855927937,-8637.629578,8638.485506,-57.60225965,-57.58513714,115.1872994,2
-0.687635831,-7789.445723,7790.133359,-51.94555022,-51.93179353,103.8772411,2
-0.518366557,-6930.19264,6930.711007,-46.21502332,-46.20465199,92.41956748,2
-0.348360656,-6061.091374,6061.439735,-40.41882234,-40.41185112,80.83056062,2
-0.177859715,-5183.376966,5183.554825,-34.56518401,-34.56162279,69.1266891,2
-0.007106026,-4298.296695,4298.303801,-28.66242665,-28.66228051,57.32458478,2
0.163657761,-3407.108309,3406.944652,-22.71893842,-22.72220756,45.44101909,2
0.334188982,-2511.078236,2510.744047,-16.74316534,-16.74984511,33.49287923,2
0.504245301,-1611.479784,1610.975539,-10.7435993,-10.75368021,21.49714414,2
0.673585061,-709.5913305,708.9177455,-4.728766019,-4.74223374,9.470860446,2
0.841967619,193.305491,-194.1474586,1.292787098,1.2759517,-2.568881863,2
1.009153695,1095.927615,-1096.936769,7.312503094,7.292323943,-14.60497365,2
1.174905709,1996.992366,-1998.167271,13.32182762,13.29833339,-26.62031097,2
1.338988117,2895.219281,-2896.558269,19.3122211,19.28544519,-38.59781937,2
1.50116775,3789.331931,-3790.833099,25.27517086,25.24515131,-50.52047816,2
1.661214141,4678.059734,-4679.720948,31.20220322,31.16898268,-62.37134459,2
1.818899857,5560.139757,-5561.958657,37.08489554,37.04852123,-74.13357792,2
1.974000815,6434.318518,-6436.292518,42.9148882,42.8754118,-85.79046338,2
2.126296611,7299.35376,-7301.480056,48.68389645,48.64137407,-97.3254359,2
2.275570823,8154.01622,-8156.291791,54.38372222,54.33821428,-108.7221036,2
2.421611324,8997.091378,-8999.512989,60.00626574,59.95783692,-119.9642713,2
2.564210584,9827.381176,-9829.945387,65.54353708,65.49225619,-131.0359632,2
2.703165959,10643.70573,-10646.40889,70.98766747,70.93360738,-141.9214459,2
2.838279988,11444.90499,-11447.74327,76.33092049,76.27415803,-152.6052503,2
2.969360666,12229.84042,-12232.80978,81.5657031,81.50631893,-163.0721944,2
3.096221719,12997.39657,-13000.4928,86.68457638,86.62265489,-173.307404,2
3.218682873,13746.48272,-13749.7014,91.68026614,91.61589532,-183.2963342,2
3.336570101,14476.03436,-14479.37093,96.54567322,96.47894454,-193.0247904,2
3.449715881,15185.01476,-15188.46448,101.2738836,101.2048919,-202.4789477,2
3.557959426,15872.41642,-15875.97438,105.8581783,105.7870216,-211.6453714,2
3.661146916,16537.26252,-16540.92366,110.2920427,110.2188221,-220.5110354,2
3.759131716,17178.60826,-17182.36739,114.5691761,114.4939957,-229.0633412,2
3.851774584,17795.54225,-17799.39403,118.6835004,118.606467,-237.2901354,2
3.938943869,18387.18781,-18391.12675,122.6291689,122.550392,-245.1797274,2
4.0205157,18952.70417,-18956.72468,126.4005747,126.3201663,-252.7209056,2
4.096374158,19491.28769,-19495.38407,129.9923584,129.9104326,-259.9029535,2
4.166411444,20002.17303,-20006.33944,133.3994158,133.3160892,-266.7156651,2
4.230528032,20484.63419,-20488.86472,136.6169054,136.5322962,-273.1493592,2
4.288632807,20937.98556,-20942.2742,139.6402548,139.5544834,-279.194893,2
4.340643201,21361.58291,-21365.92356,142.4651678,142.3783561,-284.8436757,2
4.386485304,21754.82428,-21759.21077,145.08763,144.9999013,-290.0876799,2
4.42609397,22117.15086,-22121.57695,147.5039147,147.4153937,-294.9194536,2
4.459412915,22448.04775,-22452.50716,149.7105884,149.6214008,-299.3321307,2
4.48639479,22747.04474,-22751.53114,151.704515,151.6147877,-303.3194404,2
4.507001253,23013.71693,-23018.22394,153.4828613,153.3927217,-306.8757166,2
4.52120302,23247.68538,-23252.20658,155.0431,154.9526762,-309.9959056,2
4.52897991,23448.61759,-23453.14657,156.383014,156.2924345,-312.6755734,2
4.530320872,23616.22803,-23620.75835,157.5006991,157.4100927,-314.9109122,2
4.525224001,23750.27852,-23754.80374,158.3945672,158.3040625,-316.6987453,2
4.513696538,23850.57856,-23855.09226,159.0633479,158.9730736,-318.0365322,2
4.495754866,23916.98563,-23921.48138,159.5060909,159.4161753,-318.9223718,2
4.471424479,23949.40535,-23953.87677,159.7221669,159.6327378,-319.3550052,2
4.440739954,23947.79165,-23952.23239,159.7112691,159.6224535,-319.3338177,2
4.403744895,23912.14684,-23916.55058,159.4734128,159.385337,-318.8588393,2
4.360491873,23842.52155,-23846.88204,159.0089361,158.9217251,-317.9307451,2
4.311042354,23739.01474,-23743.32578,158.3184989,158.2322768,-316.5508539,2
4.255466607,23601.77349,-23606.02895,157.4030825,157.3179718,-314.7211267,2
4.19384361,23430.99282,-23435.18666,156.2639878,156.1801094,-312.4441635,2
4.126260931,23226.91543,-23231.0417,154.9028333,154.8203064,-309.7232,2
4.05281461,22989.83133,-22993.88414,153.3215534,153.2404953,-306.5621029,2
3.973609017,22720.07742,-22724.05103,151.5223953,151.4429211,-302.9653643,2
3.888756709,22418.03703,-22421.92579,149.5079155,149.4301383,-298.9380954,2
3.798378264,22084.13939,-22087.93776,147.2809767,147.205007,-294.486019,2
3.702602116,21718.85897,-21722.56157,144.8447437,144.7706893,-289.6154619,2
3.601564368,21322.71487,-21326.31644,142.2026783,142.1306446,-284.3333454,2
3.4954086,20896.27003,-20899.76543,139.3585352,139.2886245,-278.6471756,2
3.384285665,20440.13044,-20443.51472,136.3163559,136.2486676,-272.565033,2
3.268353475,19954.9443,-19958.21266,133.0804637,133.0150938,-266.0955605,2
3.147776776,19441.4011,-19444.54888,129.6554568,129.5924984,-259.2479517,2
3.022726913,18900.23061,-18903.25334,126.0462025,125.9857449,-252.0319373,2
2.893381591,18332.20185,-18335.09523,122.2578295,122.1999588,-244.4577718,2
2.759924615,17738.12203,-17740.88196,118.2957216,118.2405199,-236.5362184,2
2.622545635,17118.83537,-17121.45792,114.1655089,114.1130547,-228.2785341,2
2.481439874,16475.22191,-16477.70335,109.8730608,109.8234286,-219.6964535,2
2.336807851,15808.19625,-15810.53306,105.424477,105.3777374,-210.8021722,2
2.188855096,15118.70629,-15120.89514,100.8260793,100.7822987,-201.6083295,2
2.037791859,14407.73181,-14409.7696,96.08440225,96.04364282,-192.1279904,2
1.883832808,13676.28316,-13678.16699,91.20618399,91.16850367,-182.3746268,2
1.727196727,12925.39976,-12927.12696,86.19835675,86.16380909,-172.3620989,2
1.568106205,12156.14867,-12157.71677,81.06803692,81.03667102,-162.1046351,2
1.406787319,11369.62302,-11371.0298,75.82251498,75.79437541,-151.6168117,2
1.243469311,10566.94051,-10568.18398,70.4692451,70.44437185,-140.9135325,2
1.078384264,9749.241802,-9750.320186,65.01583457,64.99426297,-130.0100075,2
0.911766775,8917.688888,-8918.600655,59.47003297,59.45179369,-118.9217311,2
0.743853615,8073.463451,-8074.207305,53.83972121,53.82484016,-107.6644605,2
0.574883399,7217.76518,-7218.340064,48.13290025,48.12139859,-96.25419271,2
0.405096242,6351.81007,-6352.215167,42.35767981,42.34957388,-84.70714249,2
0.234733421,5476.828691,-5477.063424,36.52226679,36.5175681,-73.03971879,2
0.064037031,4594.064438,-4594.128475,30.63495363,30.63366886,-61.26850165,2
-0.106750359,3704.771768,-3704.665018,24.70410652,24.7062375,-49.41021862,2
-0.277386052,2810.214415,-2809.937029,18.73815353,18.74369723,-37.48172096,2
-0.447627563,1911.663594,-1911.215966,12.74557259,12.75452114,-25.49995973,2
-0.617232971,1010.396193,-1009.77896,6.734879502,6.747220174,-13.48196166,2
-0.785961257,107.692965,-106.9070037,0.714615778,0.73033104,-1.444804982,2
-0.95357265,-795.1633011,796.1168737,-5.306663453,-5.287595934,10.59440484,2
-1.119828963,-1696.889597,1698.009426,-11.32040163,-11.29800895,22.61855944,2
-1.284493938,-2596.204519,2597.489013,-17.31805289,-17.29236687,34.61057182,2
-1.447333577,-3491.830093,3493.277427,-23.29109425,-23.26215139,46.55340069,2
-1.608116476,-4382.493585,4384.101702,-29.23103769,-29.19887912,58.43007462,2
-1.766614154,-5266.929314,5268.695928,-35.12944223,-35.09411365,70.22371623,2
-1.922601375,-6143.880448,6145.80305,-40.97792591,-40.93947752,81.91756609,2
-2.075856476,-7012.100792,7014.176649,-46.76817771,-46.72666416,93.49500661,2
-2.22616167,-7870.356557,7872.582719,-52.49196937,-52.44744965,104.9395856,2
-2.373303367,-8717.428115,8719.801419,-58.14116708,-58.09370444,116.2350397,2
-2.51707247,-9552.111731,9554.628803,-63.707743,-63.6574049,127.3653175,2
-2.657264675,-10373.22127,10375.87854,-69.18378673,-69.1306447,138.3146021,2
-2.793680762,-11179.5899,11182.38358,-74.56151652,-74.50564607,149.0673342,2
-2.926126876,-11970.07172,11972.99784,-79.83329031,-79.77477085,159.6082334,2
-3.054414803,-12743.54341,12746.59782,-84.99161663,-84.93053131,169.9223206,2
-3.17836224,-13498.90583,13502.08419,-90.02916521,-89.96560084,179.9949388,2
-3.29779305,-14235.08556,14238.38335,-94.93877742,-94.87282432,189.8117744,2
-3.412537515,-14951.03646,14954.449,-99.71347644,-99.64522833,199.3588771,2
-3.522432578,-15645.74112,15649.26355,-104.3464771,-104.276031,208.6226799,2
-3.627322072,-16318.21232,16321.83964,-108.8311958,-108.7586518,217.5900185,2
-3.727056942,-16967.49445,16971.22151,-113.1612594,-113.0867205,226.2481497,2
-3.821495461,-17592.66485,17596.48634,-117.3305146,-117.2540868,234.58477,2
-3.910503425,-18192.8351,18196.7456,-121.3330367,-121.2548287,242.5880324,2
-3.99395435,-18767.15234,18771.1463,-125.163138,-125.0832608,250.246564,2
-4.071729648,-19314.80043,19318.87216,-128.8153756,-128.7339428,257.5494815,2
-4.143718795,-19835.00113,19839.14485,-132.2845595,-132.2016867,264.4864072,2
-4.20981949,-20327.01521,20331.22503,-135.5657598,-135.4815649,271.0474831,2
-4.269937802,-20790.14349,20794.41343,-138.6543137,-138.5689163,277.2233858,2
-4.323988298,-21223.72784,21228.05182,-141.5458323,-141.4593537,283.0053388,2
-4.371894171,-21627.1521,21631.524,-144.2362065,-144.1487697,288.3851258,2
-4.413587343,-21999.84301,22004.25659,-146.7216131,-146.6333423,293.3551017,2
-4.449008565,-22341.27093,22345.71993,-148.9985204,-148.9095409,297.908204,2
-4.478107503,-22650.95068,22655.42879,-151.0636925,-150.974131,302.0379625,2
-4.500842806,-22928.44219,22932.94303,-152.9141949,-152.8241785,305.7385084,2
-4.517182164,-23173.35113,23177.86831,-154.5473979,-154.4570545,309.0045832,2
-4.527102359,-23385.32947,23389.85658,-155.9609805,-155.8704386,311.8315456,2
-4.530589294,-23564.07598,23568.60657,-157.1529341,-157.0623223,314.2153783,2
-4.527638014,-23709.33665,23713.86429,-158.1215647,-158.0310118,316.1526938,2
-4.518252712,-23820.90505,23825.4233,-158.8654959,-158.7751306,317.6407389,2
-4.502446726,-23898.62264,23903.12509,-159.3836706,-159.2936212,318.6773992,2
-4.480242517,-23942.37898,23946.85923,-159.6753524,-159.5857469,319.2612015,2
-4.451671638,-23952.1119,23956.56357,-159.7401267,-159.6510926,319.3913161,2
-4.41677469,-23927.80755,23932.22432,-159.5779016,-159.4895652,319.0675582,2
-4.375601264,-23869.50047,23873.87607,-159.1889076,-159.1013945,318.2903879,2
-4.328209869,-23777.27353,23781.60174,-158.5736974,-158.487132,317.0609095,2
-4.274667851,-23651.25779,23655.53245,-157.7331453,-157.6476506,315.3808702,2
-4.215051295,-23491.63231,23495.84736,-156.6684458,-156.5841433,313.2526574,2
-4.149444922,-23298.62393,23302.77338,-155.3811118,-155.2981213,310.6792954,2
-4.07794196,-23072.50694,23076.58488,-153.8729728,-153.7914122,307.6644412,2
-4.000644019,-22813.60265,22817.6033,-152.1461719,-152.0661571,304.212379,2
-3.917660944,-22522.27899,22526.19665,-150.2031629,-150.1248077,300.3280143,2
-3.829110659,-22198.94993,22202.77904,-148.046707,-147.9701227,296.0168671,2
-3.735118998,-21844.07495,21847.81007,-145.6798687,-145.605164,291.2850637,2
-3.635819529,-21458.15835,21461.79417,-143.1060112,-143.0332925,286.1393283,2
-3.53135336,-21041.74853,21045.27988,-140.3287924,-140.2581628,280.5869732,2
-3.421868946,-20595.43723,20598.8591,-137.3521586,-137.2837186,274.6358888,2
-3.307521869,-20119.85869,20123.16621,-134.1803399,-134.1141867,268.2945316,2
-3.188474622,-19615.68873,19618.8772,-130.8178435,-130.7540712,261.5719133,2
-3.064896378,-19083.6438,19086.70869,-127.2694479,-127.208147,254.477587,2
-2.936962748,-18524.47997,18527.41693,-123.5401954,-123.4814531,247.0216341,2
-2.804855534,-17938.99184,17941.79669,-119.6353856,-119.5792853,239.21465,2
-2.668762467,-17328.01142,17330.68018,-115.5605673,-115.5071888,231.0677287,2
-2.528876942,-16692.40695,16694.93582,-111.3215311,-111.2709502,222.5924475,2
-2.385397745,-16033.08165,16035.46705,-106.9243009,-106.8765895,213.8008503,2
-2.238528767,-15350.97247,15353.211,-102.3751255,-102.3303514,204.7054304,2
-2.088478717,-14647.04872,14649.1372,-97.68046936,-97.63869621,195.3191129,2
-1.935460825,-13922.31071,13924.24617,-92.84700396,-92.8082911,185.6552363,2
-1.779692536,-13177.78833,13179.56802,-87.88159789,-87.84600034,175.7275333,2
-1.621395208,-12414.5396,12416.16099,-82.79130726,-82.7588756,165.550112,2
-1.460793788,-11633.64912,11635.10992,-77.58336565,-77.55414597,155.1374349,2
-1.2981165,-10836.22659,10837.52471,-72.26517384,-72.23920765,144.5042989,2
-1.133594518,-10023.4052,10024.53879,-66.84428925,-66.82161347,133.6658145,2
-0.967461635,-9196.339992,9197.307454,-61.32841528,-61.30906212,122.6373837,2
-0.799953937,-8356.206285,8357.006239,-55.72539027,-55.70938723,111.4346784,2
-0.631309461,-7504.197952,7504.829261,-50.04317643,-50.03054626,100.0736183,2
-0.461767859,-6641.525742,6641.98751,-44.28984851,-44.28060914,88.57034813,2
-0.29157006,-5769.415561,5769.707131,-38.47358228,-38.46774686,76.94121466,2
-0.120957923,-4889.106725,4889.227683,-32.60264299,-32.6002198,65.20274351,2
0.049826101,-4001.850201,4001.800375,-26.68537355,-26.68636605,53.3716157,2
0.220539319,-3108.906828,3108.686289,-20.73018274,-20.73458951,41.4646439,2
0.390939139,-2211.545529,2211.15459,-14.74553321,-14.75334798,29.49874857,2
0.560783413,-1311.041503,1310.48072,-8.739929469,-8.751141144,17.49093391,2
0.729830783,-408.674415,407.9445842,-2.721905809,-2.736498453,5.458263676,2
0.897841024,494.2734218,-495.1712628,3.299985829,3.282032953,-6.582163052,2
1.064575383,1396.518869,-1397.583444,9.317188005,9.29590041,-18.61323617,2
1.229796923,2296.779786,-2298.009583,15.32114995,15.29655788,-30.61785885,2
1.393270854,3193.776854,-3195.170125,21.3033397,21.27547811,-42.57897189,2
1.554764871,4086.23539,-4087.790155,27.25525624,27.22416472,-54.47957787,2
1.714049482,4972.887162,-4974.601212,33.16844157,33.1341643,-66.3027654,2
1.870898334,5852.472189,-5854.343088,39.03449272,38.99707842,-78.03173306,2
2.025088538,6723.740533,-6725.765622,44.84507373,44.80457556,-89.64981337,2
2.17640098,7585.454074,-7587.630475,50.59192744,50.54840295,-101.1404964,2
2.324620637,8436.388269,-8438.71289,56.26688724,56.22039829,-112.4874532,2
2.469536882,9275.333896,-9277.803432,61.86188873,61.81250136,-123.6745592,2
2.610943779,10101.09876,-10103.70971,67.36898108,67.31676549,-134.6859169,2
2.748640382,10912.50942,-10915.25806,72.78033842,72.72536881,-145.5058785,2
2.882431017,11708.4128,-11711.29523,78.08827092,78.03062541,-156.1190684,2
3.012125559,12487.67789,-12490.69001,83.28523572,83.22499621,-166.5104044,2
3.137539706,13249.1973,-13252.33484,88.36384764,88.30109975,-176.6651201,2
3.258495238,13991.88888,-13995.14738,93.31688969,93.25172258,-186.568785,2
3.37482027,14714.69722,-14718.07204,98.13732334,98.06982962,-196.2073254,2
3.486349497,15416.59517,-15420.08152,102.8182985,102.7485741,-205.5670445,2
3.592924431,16096.58529,-16100.17822,107.3531632,107.2813072,-214.6346416,2
3.694393623,16753.70129,-16757.39568,111.7354732,111.6615876,-223.3972311,2
3.790612879,17387.00936,-17390.79997,115.959001,115.8831909,-231.8423609,2
3.881445467,17995.60953,-17999.49098,120.0177447,119.9401178,-239.95803,2
3.966762309,18578.63697,-18582.60373,123.9059366,123.8266033,-247.7327056,2
4.046442164,19135.26314,-19139.30958,127.6180513,127.5371243,-255.1553395,2
4.120371804,19664.69705,-19668.81743,131.1488139,131.0664081,-262.2153837,2
4.18844617,20166.18636,-20170.37481,134.4932068,134.4094394,-268.9028055,2
4.250568524,20639.01841,-20643.26898,137.6464775,137.5614675,-275.2081017,2
4.306650588,21082.52129,-21086.82794,140.6041451,140.5180133,-281.1223122,2
4.356612666,21496.06475,-21500.42136,143.3620064,143.2748753,-286.6370324,2
4.400383759,21879.06112,-21883.46151,145.9161425,145.8281358,-291.7444257,2
4.437901666,22230.96616,-22235.40406,148.2629238,148.1741665,-296.4372343,2
4.469113071,22551.27977,-22555.74888,150.3990153,150.3096337,-300.7087893,2
4.493973623,22839.54678,-22844.04075,152.3213816,152.2315027,-304.5530206,2
4.512447992,23095.35755,-23099.86999,154.0272909,153.9370423,-307.9644655,2
4.524509926,23318.34854,-23322.87305,155.514319,155.423829,-310.938276,2
4.530142283,23508.20289,-23512.73304,156.7803527,156.6897499,-313.4702262,2
4.52933706,23664.6508,-23669.18014,157.823593,157.7330062,-315.556718,2
4.522095402,23787.46994,-23791.99204,158.6425573,158.5521152,-317.1947865,2
4.508427599,23876.48579,-23880.99422,159.2360819,159.1459129,-318.3821038,2
4.488353073,23931.57184,-23936.0602,159.6033232,159.5135556,-319.1169828,2
4.461900352,23952.64982,-23957.11172,159.7437595,159.6545208,-319.398379,2
4.429107026,23939.68978,-23944.11888,159.6571912,159.5686082,-319.2258927,2
4.390019697,23892.71012,-23897.10014,159.3437413,159.2559399,-318.5997689,2
4.34469391,23811.77762,-23816.12231,158.8038552,158.7169602,-317.5208974,2
4.293194075,23697.00728,-23701.30047,158.0383002,157.952435,-315.9908114,2
4.235593376,23548.56219,-23552.79778,157.048164,156.9634507,-314.0116851,2
4.171973667,23366.65331,-23370.82528,155.8348539,155.7514128,-311.586331,2
4.102425356,23151.53914,-23155.64156,154.4000938,154.3180436,-308.7181957,2
4.027047273,22903.52536,-22907.5524,152.7459228,152.66538,-305.4113549,2
3.945946536,22622.96442,-22626.91036,150.8746915,150.7957706,-301.6705079,2
3.859238393,22310.255,-22314.11424,148.789059,148.7118721,-297.5009706,2
3.767046061,21965.8415,-21969.60855,146.4919891,146.4166459,-292.9086682,2
3.669500551,21590.21333,-21593.88283,143.9867461,143.9133537,-287.9001265,2
3.566740479,21183.90429,-21187.47103,141.27689,141.2055527,-282.4824629,2
3.458911874,20747.49176,-20750.95067,138.3662717,138.2970909,-276.6633764,2
3.346167966,20281.59591,-20284.94208,135.2590274,135.1921013,-270.451136,2
3.228668971,19786.8788,-19790.10747,131.9595726,131.8949964,-263.8545698,2
3.106581859,19264.04346,-19267.15004,128.472596,128.4104615,-256.8830517,2
2.980080126,18713.83285,-18716.81293,124.8030529,124.7434482,-249.5464889,2
2.849343535,18137.02887,-18139.87821,120.9561577,120.8991677,-241.8553068,2
2.714557871,17534.45117,-17537.16573,116.9373773,116.8830829,-233.820435,2
2.575914672,16906.95606,-16909.53198,112.7524224,112.7009008,-225.4532917,2
2.433610957,16255.43524,-16257.86885,108.4072402,108.3585646,-216.7657668,2
2.287848948,15580.81456,-15583.10241,103.9080054,103.8622449,-207.770206,2
2.13883578,14884.05268,-14886.19152,99.26111158,99.21833132,-198.4793923,2
1.98678321,14166.13976,-14168.12654,94.47316231,94.43342303,-188.9065286,2
1.831907312,13428.09597,-13429.92788,89.55096151,89.51431968,-179.0652183,2
1.674428173,12670.97013,-12672.64455,84.50150389,84.46801158,-168.9694466,2
1.514569581,11895.83814,-11897.35271,79.33196501,79.30166982,-158.63356,2
1.352558702,11103.80151,-11105.15407,74.04969106,74.02263605,-148.0722465,2
1.188625763,10295.98578,-10297.17441,68.66218846,68.63841206,-137.3005142,2
1.023003722,9473.538888,-9474.561891,63.17711312,63.15664913,-126.3336703,2
0.855927937,8637.629578,-8638.485506,57.60225965,57.58513714,-115.1872994,2
0.687635831,7789.445723,-7790.133359,51.94555022,51.93179353,-103.8772411,2
0.518366557,6930.19264,-6930.711007,46.21502332,46.20465199,-92.41956748,2
0.348360656,6061.091374,-6061.439735,40.41882234,40.41185112,-80.83056062,2
0.177859715,5183.376966,-5183.554825,34.56518401,34.56162279,-69.1266891,2
0.007106026,4298.296695,-4298.303801,28.66242665,28.66228051,-57.32458478,2
-0.163657761,3407.108309,-3406.944652,22.71893842,22.72220756,-45.44101909,2
-0.334188982,2511.078236,-2510.744047,16.74316534,16.74984511,-33.49287923,2
-0.504245301,1611.479784,-1610.975539,10.7435993,10.75368021,-21.49714414,2
-0.673585061,709.5913305,-708.9177455,4.728766019,4.74223374,-9.470860446,2
-0.841967619,-193.305491,194.1474586,-1.292787098,-1.2759517,2.568881863,2
-1.009153695,-1095.927615,1096.936769,-7.312503094,-7.292323943,14.60497365,2
-1.174905709,-1996.992366,1998.167271,-13.32182762,-13.29833339,26.62031097,2
-1.338988117,-2895.219281,2896.558269,-19.3122211,-19.28544519,38.59781937,2
-1.50116775,-3789.331931,3790.833099,-25.27517086,-25.24515131,50.52047816,2
-1.661214141,-4678.059734,4679.720948,-31.20220322,-31.16898268,62.37134459,2
-1.818899856,-5560.139757,5561.958657,-37.08489554,-37.04852123,74.13357792,2
-1.974000816,-6434.318518,6436.292518,-42.9148882,-42.8754118,85.79046338,2
-2.126296611,-7299.35376,7301.480056,-48.68389645,-48.64137407,97.3254359,2
-2.275570823,-8154.01622,8156.291791,-54.38372222,-54.33821428,108.7221036,2
-2.421611325,-8997.091378,8999.512989,-60.00626574,-59.95783692,119.9642713,2
-2.564210584,-9827.381176,9829.945387,-65.54353708,-65.49225619,131.0359632,2
-2.703165959,-10643.70573,10646.40889,-70.98766747,-70.93360738,141.9214459,2
-2.838279988,-11444.90499,11447.74327,-76.33092049,-76.27415803,152.6052503,2
-2.969360666,-12229.84042,12232.80978,-81.5657031,-81.50631893,163.0721944,2
-3.096221719,-12997.39657,13000.4928,-86.68457638,-86.62265489,173.307404,2
-3.218682873,-13746.48272,13749.7014,-91.68026614,-91.61589532,183.2963342,2
-3.336570101,-14476.03436,14479.37093,-96.54567322,-96.47894454,193.0247904,2
-3.449715881,-15185.01476,15188.46448,-101.2738836,-101.2048919,202.4789477,2
-3.557959426,-15872.41642,15875.97438,-105.8581783,-105.7870216,211.6453714,2
-3.661146916,-16537.26252,16540.92366,-110.2920427,-110.2188221,220.5110354,2
-3.759131716,-17178.60826,17182.36739,-114.5691761,-114.4939957,229.0633412,2
-3.851774584,-17795.54225,17799.39403,-118.6835004,-118.606467,237.2901354,2
-3.938943869,-18387.18781,18391.12675,-122.6291689,-122.550392,245.1797274,2
-4.0205157,-18952.70417,18956.72468,-126.4005747,-126.3201663,252.7209056,2
-4.096374158,-19491.28769,19495.38407,-129.9923584,-129.9104326,259.9029535,2
-4.166411444,-20002.17303,20006.33944,-133.3994158,-133.3160892,266.7156651,2
-4.230528032,-20484.63419,20488.86472,-136.6169054,-136.5322962,273.1493592,2
-4.288632807,-20937.98556,20942.2742,-139.6402548,-139.5544834,279.194893,2
-4.340643201,-21361.58291,21365.92356,-142.4651678,-142.3783561,284.8436757,2
-4.386485304,-21754.82428,21759.21077,-145.08763,-144.9999013,290.0876799,2
-4.42609397,-22117.15086,22121.57695,-147.5039147,-147.4153937,294.9194536,2
-4.459412915,-22448.04775,22452.50716,-149.7105884,-149.6214008,299.3321307,2
-4.48639479,-22747.04474,22751.53114,-151.704515,-151.6147877,303.3194404,2
-4.507001253,-23013.71693,23018.22394,-153.4828613,-153.3927217,306.8757166,2
-4.52120302,-23247.68538,23252.20658,-155.0431,-154.9526762,309.9959056,2
-4.52897991,-23448.61759,23453.14657,-156.383014,-156.2924345,312.6755734,2
-4.530320872,-23616.22803,23620.75835,-157.5006991,-157.4100927,314.9109122,2
-4.525224001,-23750.27852,23754.80374,-158.3945672,-158.3040625,316.6987453,2
-4.513696538,-23850.57856,23855.09226,-159.0633479,-158.9730736,318.0365322,2
-4.495754865,-23916.98563,23921.48138,-159.5060909,-159.4161753,318.9223718,2
-4.471424479,-23949.40535,23953.87677,-159.7221669,-159.6327378,319.3550052,2
-4.440739954,-23947.79165,23952.23239,-159.7112691,-159.6224535,319.3338177,2
-4.403744895,-23912.14684,23916.55058,-159.4734128,-159.385337,318.8588393,2
-4.360491873,-23842.52155,23846.88204,-159.0089361,-158.9217251,317.9307451,2
-4.311042354,-23739.01474,23743.32578,-158.3184989,-158.2322768,316.5508539,2
-4.255466607,-23601.77349,23606.02895,-157.4030825,-157.3179718,314.7211267,2
-4.19384361,-23430.99282,23435.18666,-156.2639878,-156.1801094,312.4441635,2
-4.126260931,-23226.91543,23231.0417,-154.9028333,-154.8203064,309.7232,2
-4.05281461,-22989.83133,22993.88414,-153.3215534,-153.2404953,306.5621029,2
-3.973609017,-22720.07742,22724.05103,-151.5223953,-151.4429211,302.9653643,2
-3.888756709,-22418.03703,22421.92579,-149.5079155,-149.4301383,298.9380954,2
-3.798378264,-22084.13939,22087.93776,-147.2809767,-147.205007,294.486019,2
-3.702602116,-21718.85897,21722.56157,-144.8447437,-144.7706893,289.6154619,2
-3.601564368,-21322.71487,21326.31644,-142.2026783,-142.1306446,284.3333454,2
-3.4954086,-20896.27003,20899.76543,-139.3585352,-139.2886245,278.6471756,2
-3.384285665,-20440.13044,20443.51472,-136.3163559,-136.2486676,272.565033,2
-3.268353475,-19954.9443,19958.21266,-133.0804637,-133.0150938,266.0955605,2
-3.147776776,-19441.4011,19444.54888,-129.6554568,-129.5924984,259.2479517,2
-3.022726914,-18900.23061,18903.25334,-126.0462025,-125.9857449,252.0319373,2
-2.893381591,-18332.20185,18335.09523,-122.2578295,-122.1999588,244.4577718,2
-2.759924615,-17738.12203,17740.88196,-118.2957216,-118.2405199,236.5362184,2
-2.622545634,-17118.83537,17121.45792,-114.1655089,-114.1130547,228.2785341,2
-2.481439874,-16475.22191,16477.70335,-109.8730608,-109.8234286,219.6964535,2
-2.336807851,-15808.19625,15810.53306,-105.424477,-105.3777374,210.8021722,2
-2.188855096,-15118.70629,15120.89514,-100.8260793,-100.7822987,201.6083295,2
-2.037791859,-14407.73181,14409.7696,-96.08440225,-96.04364282,192.1279904,2
-1.883832808,-13676.28316,13678.16699,-91.20618399,-91.16850367,182.3746268,2
-1.727196727,-12925.39976,12927.12696,-86.19835675,-86.16380909,172.3620989,2
-1.568106205,-12156.14867,12157.71677,-81.06803692,-81.03667102,162.1046351,2
-1.406787319,-11369.62302,11371.0298,-75.82251498,-75.79437541,151.6168117,2
-1.24346931,-10566.94051,10568.18398,-70.4692451,-70.44437185,140.9135325,2
-1.078384264,-9749.241802,9750.320186,-65.01583457,-64.99426297,130.0100075,2
-0.911766775,-8917.688888,8918.600655,-59.47003297,-59.45179369,118.9217311,2
-0.743853615,-8073.463451,8074.207305,-53.83972121,-53.82484016,107.6644605,2
-0.574883399,-7217.76518,7218.340064,-48.13290025,-48.12139859,96.25419271,2
-0.405096242,-6351.81007,6352.215167,-42.35767981,-42.34957388,84.70714249,2
-0.234733421,-5476.828691,5477.063424,-36.52226679,-36.5175681,73.03971879,2
-0.064037031,-4594.064438,4594.128475,-30.63495363,-30.63366886,61.26850165,2
0.106750359,-3704.771768,3704.665018,-24.70410652,-24.7062375,49.41021862,2
0.277386052,-2810.214415,2809.937029,-18.73815353,-18.74369723,37.48172096,2
0.447627563,-1911.663594,1911.215966,-12.74557259,-12.75452114,25.49995973,2
0.617232971,-1010.396193,1009.77896,-6.734879502,-6.747220174,13.48196166,2
0.785961258,-107.692965,106.9070037,-0.714615778,-0.73033104,1.444804982,2
0.95357265,795.1633011,-796.1168737,5.306663453,5.287595934,-10.59440484,2
1.119828963,1696.889597,-1698.009426,11.32040163,11.29800895,-22.61855944,2
1.284493938,2596.204519,-2597.489013,17.31805289,17.29236687,-34.61057182,2
1.447333577,3491.830093,-3493.277427,23.29109425,23.26215139,-46.55340069,2
1.608116476,4382.493585,-4384.101702,29.23103769,29.19887912,-58.43007462,2
1.766614154,5266.929314,-5268.695928,35.12944223,35.09411365,-70.22371623,2
1.922601375,6143.880448,-6145.80305,40.97792591,40.93947752,-81.91756609,2
2.075856475,7012.100792,-7014.176649,46.76817771,46.72666416,-93.49500661,2
2.22616167,7870.356557,-7872.582719,52.49196937,52.44744965,-104.9395856,2
2.373303367,8717.428115,-8719.801419,58.14116708,58.09370444,-116.2350397,2
2.51707247,9552.111731,-9554.628803,63.707743,63.6574049,-127.3653175,2
2.657264676,10373.22127,-10375.87854,69.18378673,69.1306447,-138.3146021,2
2.793680762,11179.5899,-11182.38358,74.56151652,74.50564607,-149.0673342,2
2.926126876,11970.07172,-11972.99784,79.83329031,79.77477085,-159.6082334,2
3.054414803,12743.54341,-12746.59782,84.99161663,84.93053131,-169.9223206,2
3.178362239,13498.90583,-13502.08419,90.02916521,89.96560084,-179.9949388,2
3.297793049,14235.08556,-14238.38335,94.93877742,94.87282432,-189.8117744,2
3.412537515,14951.03646,-14954.449,99.71347644,99.64522833,-199.3588771,2
3.522432578,15645.74112,-15649.26355,104.3464771,104.276031,-208.6226799,2
3.627322072,16318.21232,-16321.83964,108.8311958,108.7586518,-217.5900185,2
3.727056942,16967.49445,-16971.22151,113.1612594,113.0867205,-226.2481497,2
3.821495461,17592.66485,-17596.48634,117.3305146,117.2540868,-234.58477,2
3.910503425,18192.8351,-18196.7456,121.3330367,121.2548287,-242.5880324,2
3.993954351,18767.15234,-18771.1463,125.163138,125.0832608,-250.246564,2
4.071729648,19314.80043,-19318.87216,128.8153756,128.7339428,-257.5494815,2
4.143718794,19835.00113,-19839.14485,132.2845595,132.2016867,-264.4864072,2
4.20981949,20327.01521,-20331.22503,135.5657598,135.4815649,-271.0474831,2
4.269937802,20790.14349,-20794.41343,138.6543137,138.5689163,-277.2233858,2
4.323988298,21223.72784,-21228.05182,141.5458323,141.4593537,-283.0053388,2
4.371894171,21627.1521,-21631.524,144.2362065,144.1487697,-288.3851258,2
4.413587343,21999.84301,-22004.25659,146.7216131,146.6333423,-293.3551017,2
4.449008566,22341.27093,-22345.71993,148.9985204,148.9095409,-297.908204,2
4.478107504,22650.95068,-22655.42879,151.0636925,150.974131,-302.0379625,2
4.500842806,22928.44219,-22932.94303,152.9141949,152.8241785,-305.7385084,2
4.517182164,23173.35113,-23177.86831,154.5473979,154.4570545,-309.0045832,2
4.527102359,23385.32947,-23389.85658,155.9609805,155.8704386,-311.8315456,2
4.530589294,23564.07598,-23568.60657,157.1529341,157.0623223,-314.2153783,2
4.527638014,23709.33665,-23713.86429,158.1215647,158.0310118,-316.1526938,2
4.518252712,23820.90505,-23825.4233,158.8654959,158.7751306,-317.6407389,2
4.502446726,23898.62264,-23903.12509,159.3836706,159.2936212,-318.6773992,2
4.480242517,23942.37898,-23946.85923,159.6753524,159.5857469,-319.2612015,2
4.451671638,23952.1119,-23956.56357,159.7401267,159.6510926,-319.3913161,2
4.41677469,23927.80755,-23932.22432,159.5779016,159.4895652,-319.0675582,2
4.375601264,23869.50047,-23873.87607,159.1889076,159.1013945,-318.2903879,2
4.328209869,23777.27353,-23781.60174,158.5736974,158.487132,-317.0609095,2
4.274667851,23651.25779,-23655.53245,157.7331453,157.6476506,-315.3808702,2
4.215051296,23491.63231,-23495.84736,156.6684458,156.5841433,-313.2526574,2
4.149444922,23298.62393,-23302.77338,155.3811118,155.2981213,-310.6792954,2
4.07794196,23072.50694,-23076.58488,153.8729728,153.7914122,-307.6644412,2
4.000644019,22813.60265,-22817.6033,152.1461719,152.0661571,-304.212379,2
3.917660944,22522.27899,-22526.19665,150.2031629,150.1248077,-300.3280143,2
3.829110659,22198.94993,-22202.77904,148.046707,147.9701227,-296.0168671,2
3.735118998,21844.07495,-21847.81007,145.6798687,145.605164,-291.2850637,2
3.635819529,21458.15835,-21461.79417,143.1060112,143.0332925,-286.1393283,2
3.531353361,21041.74853,-21045.27988,140.3287924,140.2581628,-280.5869732,2
3.421868946,20595.43723,-20598.8591,137.3521586,137.2837186,-274.6358888,2
3.307521869,20119.85869,-20123.16621,134.1803399,134.1141867,-268.2945316,2
3.188474622,19615.68873,-19618.8772,130.8178435,130.7540712,-261.5719133,2
3.064896378,19083.6438,-19086.70869,127.2694479,127.208147,-254.477587,2
2.936962748,18524.47997,-18527.41693,123.5401954,123.4814531,-247.0216341,2
2.804855534,17938.99184,-17941.79669,119.6353856,119.5792853,-239.21465,2
2.668762467,17328.01142,-17330.68018,115.5605673,115.5071888,-231.0677287,2
2.528876942,16692.40695,-16694.93582,111.3215311,111.2709502,-222.5924475,2
2.385397745,16033.08165,-16035.46705,106.9243009,106.8765895,-213.8008503,2
2.238528767,15350.97247,-15353.211,102.3751255,102.3303514,-204.7054304,2
2.088478717,14647.04872,-14649.1372,97.68046936,97.63869621,-195.3191129,2
1.935460825,13922.31071,-13924.24617,92.84700396,92.8082911,-185.6552363,2
1.779692537,13177.78833,-13179.56802,87.88159789,87.84600034,-175.7275333,2
1.621395208,12414.5396,-12416.16099,82.79130726,82.7588756,-165.550112,2
1.460793788,11633.64912,-11635.10992,77.58336565,77.55414597,-155.1374349,2
1.2981165,10836.22659,-10837.52471,72.26517384,72.23920765,-144.5042989,2
1.133594518,10023.4052,-10024.53879,66.84428925,66.82161347,-133.6658145,2
0.967461635,9196.339992,-9197.307454,61.32841528,61.30906212,-122.6373837,2
0.799953937,8356.206285,-8357.006239,55.72539027,55.70938723,-111.4346784,2
0.631309461,7504.197952,-7504.829261,50.04317643,50.03054626,-100.0736183,2
0.461767859,6641.525742,-6641.98751,44.28984851,44.28060914,-88.57034813,2
0.29157006,5769.415561,-5769.707131,38.47358228,38.46774686,-76.94121466,2
0.120957923,4889.106725,-4889.227683,32.60264299,32.6002198,-65.20274351,2
-0.049826101,4001.850201,-4001.800375,26.68537355,26.68636605,-53.3716157,2
-0.220539319,3108.906828,-3108.686289,20.73018274,20.73458951,-41.4646439,2
-0.390939139,2211.545529,-2211.15459,14.74553321,14.75334798,-29.49874857,2
-0.560783413,1311.041503,-1310.48072,8.739929469,8.751141144,-17.49093391,2
-0.729830784,408.674415,-407.9445842,2.721905809,2.736498453,-5.458263676,2
-0.897841024,-494.2734218,495.1712628,-3.299985829,-3.282032953,6.582163052,2
-1.064575383,-1396.518869,1397.583444,-9.317188005,-9.29590041,18.61323617,2
-1.229796923,-2296.779786,2298.009583,-15.32114995,-15.29655788,30.61785885,2
-1.393270854,-3193.776854,3195.170125,-21.3033397,-21.27547811,42.57897189,2
-1.554764871,-4086.23539,4087.790155,-27.25525624,-27.22416472,54.47957787,2
-1.714049482,-4972.887162,4974.601212,-33.16844157,-33.1341643,66.3027654,2
-1.870898334,-5852.472189,5854.343088,-39.03449272,-38.99707842,78.03173306,2
-2.025088538,-6723.740533,6725.765622,-44.84507373,-44.80457556,89.64981337,2
-2.17640098,-7585.454074,7587.630475,-50.59192744,-50.54840295,101.1404964,2
-2.324620638,-8436.388269,8438.71289,-56.26688724,-56.22039829,112.4874532,2
-2.469536881,-9275.333896,9277.803432,-61.86188873,-61.81250136,123.6745592,2
-2.610943779,-10101.09876,10103.70971,-67.36898108,-67.31676549,134.6859169,2
-2.748640382,-10912.50942,10915.25806,-72.78033842,-72.72536881,145.5058785,2
-2.882431017,-11708.4128,11711.29523,-78.08827092,-78.03062541,156.1190684,2
-3.012125559,-12487.67789,12490.69001,-83.28523572,-83.22499621,166.5104044,2
-3.137539706,-13249.1973,13252.33484,-88.36384764,-88.30109975,176.6651201,2
-3.258495238,-13991.88888,13995.14738,-93.31688969,-93.25172258,186.568785,2
-3.37482027,-14714.69722,14718.07204,-98.13732334,-98.06982962,196.2073254,2
-3.486349497,-15416.59517,15420.08152,-102.8182985,-102.7485741,205.5670445,2
-3.592924431,-16096.58529,16100.17822,-107.3531632,-107.2813072,214.6346416,2
-3.694393623,-16753.70129,16757.39568,-111.7354732,-111.6615876,223.3972311,2
-3.790612879,-17387.00936,17390.79997,-115.959001,-115.8831909,231.8423609,2
-3.881445467,-17995.60953,17999.49098,-120.0177447,-119.9401178,239.95803,2
-3.966762309,-18578.63697,18582.60373,-123.9059366,-123.8266033,247.7327056,2
-4.046442164,-19135.26314,19139.30958,-127.6180513,-127.5371243,255.1553395,2
-4.120371804,-19664.69705,19668.81743,-131.1488139,-131.0664081,262.2153837,2
-4.188446169,-20166.18636,20170.37481,-134.4932068,-134.4094394,268.9028055,2
-4.250568524,-20639.01841,20643.26898,-137.6464775,-137.5614675,275.2081017,2
-4.306650588,-21082.52129,21086.82794,-140.6041451,-140.5180133,281.1223122,2
-4.356612666,-21496.06475,21500.42136,-143.3620064,-143.2748753,286.6370324,2
-4.400383759,-21879.06112,21883.46151,-145.9161425,-145.8281358,291.7444257,2
-4.437901666,-22230.96616,22235.40406,-148.2629238,-148.1741665,296.4372343,2
-4.469113071,-22551.27977,22555.74888,-150.3990153,-150.3096337,300.7087893,2
-4.493973623,-22839.54678,22844.04075,-152.3213816,-152.2315027,304.5530206,2
-4.512447992,-23095.35755,23099.86999,-154.0272909,-153.9370423,307.9644655,2
-4.524509926,-23318.34854,23322.87305,-155.514319,-155.423829,310.938276,2
-4.530142283,-23508.20289,23512.73304,-156.7803527,-156.6897499,313.4702262,2
-4.52933706,-23664.6508,23669.18014,-157.823593,-157.7330062,315.556718,2
-4.522095402,-23787.46994,23791.99204,-158.6425573,-158.5521152,317.1947865,2
-13595.65869,1.866556869,13593.79213,-181.2746648,90.65603058,90.61869578,2
-12842.52433,1.709637021,12840.81469,-171.2342127,85.63423835,85.60004188,2
-12071.14004,1.550287686,12069.58975,-160.9504273,80.49075519,80.45974565,2
-11282.60201,1.388735307,11281.21327,-150.4379226,75.23289025,75.20511171,2
-10478.03077,1.22520946,10476.80556,-139.7116374,69.86811526,69.8436072,2
-9658.569685,1.059942522,9657.509743,-128.7868143,64.40405386,64.3828511,2
-8825.383242,0.893169349,8824.490073,-117.6789781,58.84847077,58.83060344,2
-7979.655446,0.725126933,7978.930319,-106.4039136,53.20926079,53.19475428,2
-7122.588123,0.556054071,7122.032069,-94.97764329,47.49443754,47.48331246,2
-6255.399213,0.386191027,6255.013022,-83.41640459,41.71212209,41.70439426,2
-5379.321038,0.215779184,5379.105259,-71.73662662,35.87053143,35.86621182,2
-4495.598553,0.045060707,4495.553492,-59.95490697,29.97796678,29.97706154,2
-3605.487577,-0.125721804,3605.613299,-48.08798812,24.04280181,24.04531222,2
-2710.253006,-0.296325657,2710.549332,-36.15273361,18.07347069,18.07939319,2
-1811.167017,-0.466508416,1811.633525,-24.16610408,12.07845619,12.08778235,2
-909.5072604,-0.63602824,910.1432886,-12.1451332,6.066277535,6.078994115,2
-6.555044362,-0.804644233,7.359688595,-0.106903418,0.045478371,0.061567295,2
896.4064868,-0.972116783,-895.43437,11.93147828,-5.97538542,-5.955947015,2
1798.094175,-1.138207902,-1796.955967,23.95290469,-11.98775786,-11.9649976,2
2697.226673,-1.302681565,-2695.923992,35.94029272,-17.98309504,-17.95704527,2
3592.526265,-1.465304046,-3591.060961,47.87660762,-23.95287726,-23.92357499,2
4482.72068,-1.62584425,-4481.094836,59.74488724,-29.88862113,-29.85610801,2
5366.544904,-1.784074041,-5364.76083,71.52826611,-35.78189164,-35.74621386,2
6242.742974,-1.939768564,-6240.803205,83.2099994,-41.62431412,-41.58552238,2
7110.069764,-2.09270657,-7107.977058,94.77348673,-47.40758617,-47.36573561,2
7967.292756,-2.242670726,-7965.050086,106.2022957,-53.12348944,-53.07863953,2
8813.19379,-2.389447924,-8810.804342,117.4801855,-58.76390133,-58.7161158,2
9646.570792,-2.532829586,-9644.037963,128.5911295,-64.32080651,-64.27015325,2
10466.23949,-2.672611958,-10463.56688,139.5193384,-69.78630829,-69.7328593,2
11271.03509,-2.808596402,-11268.22649,150.2492827,-75.15263992,-75.09647115,2
12059.81393,-2.940589677,-12056.87334,160.7657146,-80.41217553,-80.35336679,2
12831.45512,-3.068404214,-12828.38671,171.0536896,-85.55744103,-85.49607591,2
13584.8621,-3.19185838,-13581.67024,181.0985879,-90.58112474,-90.51729043,2
14318.96425,-3.310776741,-14315.65348,190.8861353,-95.47608771,-95.40987492,2
15032.71838,-3.424990306,-15029.29339,200.402423,-100.2353739,-100.1668768,2
15725.11018,-3.534336774,-15721.57585,209.6339279,-104.8522202,-104.781536,2
16395.15575,-3.638660755,-16391.51709,218.5675315,-109.3200657,-109.2472949,2
17041.9029,-3.737814,-17038.16508,227.1905386,-113.6325615,-113.5578075,2
17664.43257,-3.831655607,-17660.60092,235.4906956,-117.7835791,-117.7069481,2
18261.86012,-3.920052222,-18257.94007,243.4562075,-121.7672198,-121.6888208,2
18833.33657,-4.002878227,-18829.33369,251.0757547,-125.5778227,-125.497767,2
19378.04981,-4.080015924,-19373.9698,258.3385096,-129.2099726,-129.128374,2
19895.22579,-4.151355695,-19891.07443,265.2341513,-132.6585081,-132.5754826,2
20384.12956,-4.216796163,-20379.91276,271.7528807,-135.9185285,-135.8341941,2
20844.06637,-4.276244332,-20839.79012,277.8854345,-138.9854013,-138.8998777,2
21274.38262,-4.329615724,-21270.053,283.6230978,-141.8547682,-141.7681771,2
21674.4668,-4.376834495,-21670.08997,288.9577172,-144.5225518,-144.4350161,2
22043.75039,-4.417833546,-22039.33255,293.8817118,-146.9849609,-146.8966051,2
22381.70859,-4.452554613,-22377.25604,298.3880845,-149.2384963,-149.1494459,2
22687.86117,-4.480948356,-22683.38022,302.4704314,-151.2799556,-151.1903372,2
22961.77305,-4.502974426,-22957.27008,306.1229512,-153.1064379,-153.0163788,2
23203.055,-4.518601523,-23198.5364,309.3404536,-154.7153475,-154.6249758,2
23411.36414,-4.52780744,-23406.83633,312.1183663,-156.1043981,-156.0138421,2
23586.40444,-4.530579095,-23581.87386,314.4527417,-157.2716159,-157.1810043,2
23727.92718,-4.526912549,-23723.40027,316.3402625,-158.2153421,-158.1248037,2
23835.73123,-4.516813013,-23831.21442,317.7782465,-158.9342356,-158.843899,2
23909.66341,-4.500294839,-23905.16311,318.7646502,-159.4272749,-159.3372685,2
23949.61864,-4.477381499,-23945.14126,319.298072,-159.6937593,-159.6042111,2
23955.54016,-4.448105555,-23951.09205,319.3777537,-159.7333101,-159.6443473,2
23927.41954,-4.412508609,-23923.00703,319.0035821,-159.5458712,-159.4576201,2
23865.29675,-4.370641248,-23860.92611,318.176089,-159.1317088,-159.044295,2
23769.26007,-4.322562966,-23764.9375,316.8964502,-158.4914116,-158.4049592,2
23639.44597,-4.268342086,-23635.17762,315.1664843,-157.6258894,-157.5405212,2
23476.03892,-4.208055658,-23471.83086,312.9886495,-156.5363722,-156.4522096,2
23279.27113,-4.141789352,-23275.12934,310.3660407,-155.2244083,-155.1415708,2
23049.42223,-4.069637338,-23045.35259,307.3023849,-153.6918619,-153.6104674,2
22786.81884,-3.991702145,-22782.82714,303.8020355,-151.9409111,-151.8610751,2
22491.83413,-3.908094526,-22487.92604,299.8699668,-149.9740438,-149.8958799,2
22164.8873,-3.818933291,-22161.06836,295.5117664,-147.7940553,-147.7176744,2
21806.44294,-3.724345142,-21802.7186,290.7336277,-145.4040433,-145.3295541,2
21417.01044,-3.624464495,-21413.38598,285.5423406,-142.8074042,-142.7349125,2
20997.1432,-3.519433286,-20993.62376,279.9452821,-140.007828,-139.9374368,2
20547.43786,-3.40940077,-20544.02846,273.9504062,-137.009293,-136.9411023,2
20068.53349,-3.294523308,-20065.23897,267.5662317,-133.8160603,-133.750167,2
19561.11064,-3.174964149,-19557.93567,260.8018309,-130.4326676,-130.3691654,2
19025.89038,-3.050893192,-19022.83948,253.6668165,-126.863923,-126.8029021,2
18463.63328,-2.922486749,-18460.7108,246.1713276,-123.1148978,-123.056445,2
17875.13836,-2.789927291,-17872.34843,238.3260159,-119.1909196,-119.1351179,2
17261.24188,-2.653403195,-17258.58848,230.1420298,-115.0975646,-115.0444932,2
16622.81624,-2.513108468,-16620.30313,221.6309993,-110.8406496,-110.7903841,2
15960.76866,-2.369242476,-15958.39942,212.805019,-106.426224,-106.3788358,2
15276.03996,-2.22200966,-15273.81795,203.6766311,-101.860561,-101.8161173,2
14569.60317,-2.071619248,-14567.53155,194.2588076,-97.15014847,-97.1087125,2
13842.46218,-1.918284951,-13840.54389,184.5649317,-92.30168029,-92.26331094,2
13095.65029,-1.762224666,-13093.88806,174.608779,-87.32204637,-87.28679817,2
12330.22876,-1.603660164,-12328.6251,164.4044976,-82.21832305,-82.18624608,2
11547.2853,-1.442816772,-11545.84249,153.9665884,-76.99776299,-76.96890284,2
10747.93252,-1.27992306,-10746.6526,143.3098843,-71.6677849,-71.64218258,2
9933.306344,-1.115210506,-9932.191134,132.449529,-66.23596296,-66.21365485,2
9104.564392,-0.948913178,-9103.615479,121.4009557,-60.7100161,-60.6910339,2
8262.884356,-0.781267391,-8262.103089,110.1798649,-55.09779698,-55.08216767,2
7409.462309,-0.612511381,-7408.849798,98.80220256,-49.40728088,-49.39502666,2
6545.511011,-0.442884959,-6545.068126,87.28413687,-43.64655433,-43.63769262,2
5672.258184,-0.272629173,-5671.985554,75.64203564,-37.82380363,-37.81834703,2
4790.944767,-0.101985966,-4790.842781,63.89244294,-31.94730324,-31.9452595,2
3902.823155,0.068802169,-3902.891957,52.05205558,-26.02540399,-26.02677601,2
3009.155419,0.239492532,-3009.394911,40.13769941,-20.06652121,-20.07130704,2
2111.211507,0.409842562,-2111.62135,28.16630537,-14.0791228,-14.08731565,2
1210.267449,0.579610184,-1210.847059,16.15488546,-8.071717197,-8.083305409,2
307.6035343,0.748554149,-308.3520885,4.120508585,-2.052841238,-2.067808352,2
-595.4975017,0.916434377,594.5810673,-7.919723763,3.968951921,3.950627174,2
-1497.752303,1.083012301,1496.669291,-19.94870175,9.985104982,9.963448643,2
-2397.878717,1.248051206,2396.630666,-31.94933154,15.98706866,15.96211151,2
-3294.597613,1.411316562,3293.186297,-43.90455958,21.96631384,21.93809134,2
-4186.634707,1.57257636,4185.06213,-55.79739684,27.91434369,27.88289594,2
-5072.722363,1.731601441,5070.990761,-67.61094295,33.82270573,33.78807742,2
-5951.601403,1.888165821,5949.713237,-79.32841021,39.68300385,39.64524419,2
-6822.022892,2.042047014,6819.980845,-90.93314745,45.48691025,45.4460729,2
-7682.749913,2.193026347,7680.556887,-102.4086637,51.22617726,51.18232026,2
-8532.559326,2.34088927,8530.218437,-113.7386517,56.89264908,56.84583474,2
-9370.243505,2.48542566,9367.75808,-124.9070108,62.47827332,62.42856817,2
-10194.61206,2.626430125,10191.98563,-135.8978702,67.97511252,67.9225872,2
-11004.4935,2.763702289,11001.7298,-146.6956113,73.37535537,73.32008451,2
-11798.73697,2.89704708,11795.83992,-157.2848899,78.67132782,78.61338997,2
-12576.21378,3.026275009,12573.1875,-167.6506581,83.85550401,83.7949815,2
-13335.8191,3.151202436,13332.6679,-177.7781855,88.92051693,88.85749578,2
-14076.47349,3.271651832,14073.20184,-187.6530804,93.85916894,93.79373869,2
-14797.12445,3.387452032,14793.737,-197.2613099,98.66444194,98.59669557,2
-15496.74788,3.498438477,15493.24944,-206.5892204,103.3295074,103.2595411,2
-16174.34959,3.604453449,16170.74513,-215.6235563,107.8477359,107.7756493,2
-16828.96665,3.705346295,16825.26131,-224.3514793,112.2127069,112.1386023,2
-17459.66884,3.800973642,17455.86787,-232.7605866,116.4182175,116.3422002,2
-18065.55988,3.891199598,18061.66868,-240.8389284,120.4582915,120.3804695,2
-18645.77878,3.975895945,18641.80288,-248.5750248,124.3271876,124.2476716,2
-19199.501,4.054942328,19195.44605,-255.9578826,128.019408,127.9383109,2
-19725.93968,4.128226415,19721.81145,-262.9770102,131.5297058,131.4471429,2
-20224.34672,4.195644066,20220.15107,-269.622433,134.8530927,134.7691813,2
-20694.01385,4.257099478,20689.75675,-275.8847077,137.984846,137.8997054,2
-21134.27366,4.312505318,21129.96116,-281.754935,140.9205152,140.8342663,2
-21544.50051,4.361782853,21540.13873,-287.2247732,143.6559287,143.5686941,2
-21924.11145,4.404862055,21919.70659,-292.2864493,146.1871993,146.099103,2
-22272.56702,4.441681707,22268.12534,-296.9327703,148.5107298,148.421897,2
-22589.37206,4.472189487,22584.89987,-301.1571337,150.6232185,150.5337754,2
-22874.07637,4.49634204,22869.58003,-304.9535362,152.5216633,152.431737,2
-23126.27536,4.514105046,23121.76125,-308.3165831,154.2033666,154.1130848,2
-23345.61065,4.525453261,23341.08519,-311.2414953,155.6659383,155.5754295,2
-23531.77054,4.53037056,23527.24017,-313.7241162,156.9073003,156.8166929,2
-23684.49051,4.528849954,23679.96166,-315.7609181,157.9256884,157.8351113,2
-23803.55351,4.520893604,23799.03262,-317.3490064,158.7196555,158.6292374,2
-23888.79037,4.506512817,23884.28386,-318.4861243,159.2880733,159.1979426,2
-23940.07994,4.485728029,23935.59422,-319.1706561,159.6301339,159.5404188,2
-23957.34936,4.458568776,23952.89079,-319.4016289,159.7453515,159.6561794,2
-23940.57407,4.425073653,23936.14899,-319.1787145,159.6335621,159.5450598,2
-23889.77791,4.385290258,23885.39262,-318.5022297,159.2949247,159.2072179,2
-23805.03307,4.339275125,23800.6938,-317.3731358,158.7299206,158.6431339,2
-23686.45998,4.287093646,23682.17288,-315.7930373,157.9393525,157.8536093,2
-23534.22713,4.228819971,23529.99831,-313.7641796,156.9243439,156.8397661,2
-23348.55085,4.164536912,23344.38632,-311.2894459,155.6863373,155.603045,2
-23129.69501,4.094335818,23125.60068,-308.3723528,154.2270918,154.1452034,2
-22877.97061,4.018316449,22873.95229,-305.0170457,152.5486813,152.4683131,2
-22593.73536,3.936586832,22589.79877,-301.2282928,150.6534907,150.574757,2
-22277.39317,3.84926311,22273.54391,-297.0114779,148.5442132,148.4672259,2
-21929.39359,3.756469375,21925.63712,-292.3725935,146.2238463,146.1487147,2
-21550.23114,3.658337491,21546.5728,-287.3182316,143.6956873,143.6225182,2
-21140.44463,3.555006909,21136.88963,-281.8555748,140.9633289,140.8922263,2
-20700.6164,3.446624468,20697.16977,-275.9923858,138.0306539,137.9617188,2
-20231.37145,3.333344185,20228.03811,-269.7369965,134.9018297,134.8351601,2
-19733.37662,3.215327037,19730.1613,-263.0982961,131.5813027,131.5169934,2
-19207.33958,3.092740734,19204.24684,-256.0857187,128.0737915,128.0119337,2
-18654.00787,2.965759477,18651.04211,-248.7092295,124.3842804,124.3249621,2
-18074.16778,2.834563713,18071.33322,-240.9793109,120.5180124,120.461318,2
-17468.64331,2.69933988,17465.94397,-232.9069475,116.4804817,116.4264917,2
-16838.29495,2.560280136,16835.73467,-224.5036105,112.2774259,112.2262169,2
-16184.01845,2.417582095,16181.60087,-215.7812416,107.9148177,107.8664626,2
-15506.74357,2.271448537,15504.47212,-206.7522358,103.3988566,103.3534242,2
-14807.43276,2.122087126,14805.31067,-197.4294238,98.73596017,98.69351487,2
-14087.07978,1.969710114,14085.11007,-187.8260537,93.93275449,93.89335667,2
-13346.70829,1.814534036,13344.89375,-177.9557725,88.99606523,88.95977086,2
-12587.37039,1.656779405,12585.71361,-167.8326065,83.93290769,83.89976836,2
-11810.14515,1.4966704,11808.64848,-157.4709411,78.7504769,78.72053969,2
-11016.13705,1.334434545,11014.80262,-146.8855009,73.45613736,73.42944483,2
-10206.47442,1.170302385,10205.30412,-136.0913284,68.05741264,68.03400271,2
-9382.307826,1.004507162,9381.303319,-125.1037626,62.56197461,62.54188054,2
-8544.808461,0.837284478,8543.971177,-113.9384176,56.97763259,56.96088295,2
-7695.166456,0.668871968,7694.497584,-102.6111598,51.31232224,51.29894082,2
-6834.589198,0.499508954,6834.089689,-91.13808596,45.57409427,45.56410009,2
-5964.299614,0.329436111,5963.970178,-79.53549991,39.77110302,39.76451028,2
-5085.534435,0.158895121,5085.37554,-67.81988955,33.91159485,33.90841293,2
-4199.542432,-0.011871668,4199.554304,-56.00790343,28.00389645,28.00412986,2
-3307.582651,-0.182621587,3307.765272,-44.116327,22.05640299,22.0600514,2
-2410.922613,-0.35311199,2411.275725,-32.16205887,16.07756616,16.08462439,2
-1510.836522,-0.523100602,1511.359623,-20.16208669,10.07588224,10.08634026,2
-608.6034501,-0.692345859,609.295796,-8.133463076,4.059879938,4.073722878,2
294.4944807,-0.860607255,-293.6338735,3.906718631,-1.961891678,-1.944683484,2
1197.173919,-1.027645681,-1196.146273,15.94134868,-7.980875337,-7.960326343,2
2098.152107,-1.193223766,-2096.958884,27.95332519,-13.98851774,-13.96465714,2
2996.148707,-1.357106215,-2994.791601,39.92557851,-19.97628169,-19.9491434,2
3889.887615,-1.519060142,-3888.368555,51.84109539,-25.93565825,-25.90528084,2
4778.09878,-1.678855401,-4776.419925,63.68294323,-31.85817882,-31.82460545,2
5659.520005,-1.836264915,-5657.68374,75.43429413,-37.73542717,-37.69870556,2
6532.898743,-1.991064995,-6530.907678,87.07844877,-43.55905142,-43.51923374,2
7396.993874,-2.143035664,-7394.850838,98.59886017,-49.32077588,-49.27791871,2
8250.577472,-2.291960961,-8248.285511,109.9791572,-55.01241281,-54.96657706,2
9092.436548,-2.437629257,-9089.998919,121.2031678,-60.62587409,-60.5771249,2
9921.374774,-2.579833548,-9918.794941,132.2549421,-66.15318269,-66.10158933,2
10736.21418,-2.718371754,-10733.49581,143.1187749,-71.586484,-71.53211978,2
11535.79685,-2.853047006,-11532.9438,153.7792281,-76.91805699,-76.86099918,2
12318.98651,-2.983667921,-12316.00284,164.2211525,-82.14032522,-82.08065489,2
13084.67022,-3.110048882,-13081.56017,174.4297098,-87.24586755,-87.1836695,2
13831.7599,-3.232010292,-13828.52789,184.3903928,-92.22742873,-92.16279135,2
14559.19388,-3.349378839,-14555.84451,194.0890471,-97.07792969,-97.01094482,2
15265.93846,-3.461987735,-15262.47648,203.5118901,-101.7904776,-101.7212404,2
15950.98931,-3.569676958,-15947.41963,212.6455317,-106.3583757,-106.2869846,2
16613.37292,-3.672293474,-16609.70063,221.4769923,-110.7751327,-110.7016891,2
17252.14803,-3.76969146,-17248.37834,229.993722,-115.0344721,-114.9590805,2
17866.40688,-3.861732508,-17862.54515,238.183618,-119.1303413,-119.0531088,2
18455.2766,-3.948285823,-18451.32831,246.035042,-123.0569198,-122.977956,2
19017.92036,-4.029228408,-19013.89113,253.5368368,-126.8086276,-126.7280449,2
19553.53861,-4.104445239,-19549.43416,260.6783419,-130.3801335,-130.2980463,2
20061.37021,-4.173829429,-20057.19638,267.4494088,-133.766362,-133.682887,2
20540.69351,-4.237282378,-20536.45623,273.8404155,-136.9625012,-136.877757,2
20990.82736,-4.294713918,-20986.53265,279.8422799,-139.9640092,-139.8781162,2
21411.1321,-4.346042434,-21406.78605,285.4464732,-142.7666207,-142.679701,2
21801.01044,-4.391194986,-21796.61925,290.6450314,-145.366353,-145.2785301,2
22159.90836,-4.430107409,-22155.47825,295.4305671,-147.7595118,-147.6709105,2
22487.31583,-4.462724408,-22482.85311,299.7962797,-149.9426962,-149.8534424,2
22782.7676,-4.48899963,-22778.2786,303.7359655,-151.9128039,-151.8230244,2
23045.84381,-4.508895739,-23041.33491,307.2440259,-153.6670351,-153.5768576,2
23276.17061,-4.522384461,-23271.64823,310.3154756,-155.2028971,-155.1124496,2
23473.4207,-4.529446626,-23468.89126,312.9459502,-156.5182073,-156.4276184,2
23637.31378,-4.5300722,-23632.78371,315.1317113,-157.6110965,-157.520495,2
23767.61694,-4.524260293,-23763.09268,316.8696531,-158.4800117,-158.3895263,2
23864.14501,-4.512019165,-23859.63299,318.1573058,-159.1237182,-159.0334774,2
23926.76083,-4.493366211,-23922.26747,318.9928395,-159.5413011,-159.4514333,2
23955.37542,-4.468327938,-23950.90709,319.375067,-159.7321672,-159.6427999,2
23949.9481,-4.436939926,-23945.51116,319.303445,-159.6960451,-159.6073054,2
23910.4866,-4.39924678,-23906.08735,318.7780753,-159.4329861,-159.3450002,2
23837.04698,-4.355302063,-23832.69168,317.7997045,-158.9433642,-158.856257,2
23729.73362,-4.305168224,-23725.42845,316.369723,-158.227875,-158.1417704,2
23588.69901,-4.248916505,-23584.4501,314.4901628,-157.2875354,-157.2025557,2
23414.14357,-4.186626843,-23409.95694,312.1636948,-156.1236816,-156.0399475,2
23206.31535,-4.118387756,-23202.19696,309.3936252,-154.7379675,-154.6555981,2
22965.50968,-4.044296214,-22961.46538,306.1838903,-153.1323623,-153.0514746,2
22692.06877,-3.964457506,-22688.10431,302.5390513,-151.3091476,-151.2298565,2
22386.38119,-3.878985087,-22382.5022,298.4642878,-149.2709143,-149.1933326,2
22048.88133,-3.788000417,-22045.09333,293.9653902,-147.0205589,-146.9447967,2
21680.04881,-3.691632792,-21676.35717,289.0487517,-144.5612793,-144.4874443,2
21280.40775,-3.590019155,-21276.81773,283.7213591,-141.8965701,-141.8247673,2
20850.52607,-3.483303904,-20847.04276,277.9907829,-139.0302182,-138.9605495,2
20391.01464,-3.371638688,-20387.64301,271.8651666,-135.9662967,-135.8988612,2
19902.52648,-3.255182188,-19899.27129,265.3532151,-132.7091596,-132.6440532,2
19385.75573,-3.134099897,-19382.62163,258.4641821,-129.2634356,-129.2007507,2
18841.43676,-3.008563878,-18838.4282,251.2078573,-125.6340212,-125.5738469,2
18270.34308,-2.878752525,-18267.46433,243.5945525,-121.826074,-121.7684958,2
17673.28625,-2.744850307,-17670.54139,235.6350864,-117.8450052,-117.790105,2
17051.1147,-2.607047507,-17048.50765,227.34077,-113.6964722,-113.644328,2
16404.71259,-2.46553995,-16402.24705,218.7233899,-109.3863703,-109.3370562,2
15734.99849,-2.320528725,-15732.67796,209.795192,-104.9208244,-104.8744104,2
15042.92409,-2.172219903,-15040.75187,200.5688635,-100.3061803,-100.2627324,2
14329.47287,-2.020824236,-14327.45204,191.0575158,-95.54899563,-95.50857554,2
13595.65869,-1.866556869,-13593.79213,181.2746648,-90.65603058,-90.61869578,2
12842.52433,-1.709637021,-12840.81469,171.2342127,-85.63423835,-85.60004188,2
12071.14004,-1.550287686,-12069.58975,160.9504273,-80.49075519,-80.45974565,2
11282.60201,-1.388735307,-11281.21327,150.4379226,-75.23289025,-75.20511171,2
10478.03077,-1.22520946,-10476.80556,139.7116374,-69.86811526,-69.8436072,2
9658.569685,-1.059942522,-9657.509743,128.7868143,-64.40405386,-64.3828511,2
8825.383242,-0.893169349,-8824.490073,117.6789781,-58.84847077,-58.83060344,2
7979.655446,-0.725126932,-7978.930319,106.4039136,-53.20926079,-53.19475428,2
7122.588123,-0.556054071,-7122.032069,94.97764329,-47.49443754,-47.48331246,2
6255.399213,-0.386191027,-6255.013022,83.41640459,-41.71212209,-41.70439426,2
5379.321038,-0.215779184,-5379.105259,71.73662662,-35.87053143,-35.86621182,2
4495.598553,-0.045060707,-4495.553492,59.95490697,-29.97796678,-29.97706154,2
3605.487577,0.125721804,-3605.613299,48.08798812,-24.04280181,-24.04531222,2
2710.253006,0.296325657,-2710.549332,36.15273361,-18.07347069,-18.07939319,2
1811.167017,0.466508416,-1811.633525,24.16610408,-12.07845619,-12.08778235,2
909.5072604,0.63602824,-910.1432886,12.1451332,-6.066277535,-6.078994115,2
6.555044362,0.804644233,-7.359688595,0.106903418,-0.045478371,-0.061567295,2
-896.4064868,0.972116783,895.43437,-11.93147828,5.97538542,5.955947015,2
-1798.094175,1.138207902,1796.955967,-23.95290469,11.98775786,11.9649976,2
-2697.226673,1.302681565,2695.923992,-35.94029272,17.98309504,17.95704527,2
-3592.526265,1.465304046,3591.060961,-47.87660762,23.95287726,23.92357499,2
-4482.72068,1.62584425,4481.094836,-59.74488724,29.88862113,29.85610801,2
-5366.544904,1.784074041,5364.76083,-71.52826611,35.78189164,35.74621386,2
-6242.742974,1.939768564,6240.803205,-83.2099994,41.62431412,41.58552238,2
-7110.069764,2.09270657,7107.977058,-94.77348673,47.40758617,47.36573561,2
-7967.292756,2.242670726,7965.050086,-106.2022957,53.12348944,53.07863953,2
-8813.19379,2.389447924,8810.804342,-117.4801855,58.76390133,58.7161158,2
-9646.570792,2.532829586,9644.037963,-128.5911295,64.32080651,64.27015325,2
-10466.23949,2.672611958,10463.56688,-139.5193384,69.78630829,69.7328593,2
-11271.03509,2.808596402,11268.22649,-150.2492827,75.15263992,75.09647115,2
-12059.81393,2.940589677,12056.87334,-160.7657146,80.41217553,80.35336679,2
-12831.45512,3.068404214,12828.38671,-171.0536896,85.55744103,85.49607591,2
-13584.8621,3.19185838,13581.67024,-181.0985879,90.58112474,90.51729043,2
-14318.96425,3.310776741,14315.65348,-190.8861353,95.47608771,95.40987492,2
-15032.71838,3.424990306,15029.29339,-200.402423,100.2353739,100.1668768,2
-15725.11018,3.534336773,15721.57585,-209.6339279,104.8522202,104.781536,2
-16395.15575,3.638660755,16391.51709,-218.5675315,109.3200657,109.2472949,2
-17041.9029,3.737814,17038.16508,-227.1905386,113.6325615,113.5578075,2
-17664.43257,3.831655607,17660.60092,-235.4906956,117.7835791,117.7069481,2
-18261.86012,3.920052222,18257.94007,-243.4562075,121.7672198,121.6888208,2
-18833.33657,4.002878227,18829.33369,-251.0757547,125.5778227,125.497767,2
-19378.04981,4.080015924,19373.9698,-258.3385096,129.2099726,129.128374,2
-19895.22579,4.151355695,19891.07443,-265.2341513,132.6585081,132.5754826,2
-20384.12956,4.216796163,20379.91276,-271.7528807,135.9185285,135.8341941,2
-20844.06637,4.276244332,20839.79012,-277.8854345,138.9854013,138.8998777,2
-21274.38262,4.329615724,21270.053,-283.6230978,141.8547682,141.7681771,2
-21674.4668,4.376834495,21670.08997,-288.9577172,144.5225518,144.4350161,2
-22043.75039,4.417833546,22039.33255,-293.8817118,146.9849609,146.8966051,2
-22381.70859,4.452554612,22377.25604,-298.3880845,149.2384963,149.1494459,2
-22687.86117,4.480948356,22683.38022,-302.4704314,151.2799556,151.1903372,2
-22961.77305,4.502974426,22957.27008,-306.1229512,153.1064379,153.0163788,2
-23203.055,4.518601523,23198.5364,-309.3404536,154.7153475,154.6249758,2
-23411.36414,4.52780744,23406.83633,-312.1183663,156.1043981,156.0138421,2
-23586.40444,4.530579095,23581.87386,-314.4527417,157.2716159,157.1810043,2
-23727.92718,4.526912549,23723.40027,-316.3402625,158.2153421,158.1248037,2
-23835.73123,4.516813013,23831.21442,-317.7782465,158.9342356,158.843899,2
-23909.66341,4.500294839,23905.16311,-318.7646502,159.4272749,159.3372685,2
-23949.61864,4.477381499,23945.14126,-319.298072,159.6937593,159.6042111,2
-23955.54016,4.448105555,23951.09205,-319.3777537,159.7333101,159.6443473,2
-23927.41954,4.41250861,23923.00703,-319.0035821,159.5458712,159.4576201,2
-23865.29675,4.370641248,23860.92611,-318.176089,159.1317088,159.044295,2
-23769.26007,4.322562966,23764.9375,-316.8964502,158.4914116,158.4049592,2
-23639.44597,4.268342085,23635.17762,-315.1664843,157.6258894,157.5405212,2
-23476.03892,4.208055658,23471.83086,-312.9886495,156.5363722,156.4522096,2
-23279.27113,4.141789352,23275.12934,-310.3660407,155.2244083,155.1415708,2
-23049.42223,4.069637337,23045.35259,-307.3023849,153.6918619,153.6104674,2
-22786.81884,3.991702145,22782.82714,-303.8020355,151.9409111,151.8610751,2
-22491.83413,3.908094526,22487.92604,-299.8699668,149.9740438,149.8958799,2
-22164.8873,3.818933291,22161.06836,-295.5117664,147.7940553,147.7176744,2
-21806.44294,3.724345142,21802.7186,-290.7336277,145.4040433,145.3295541,2
-21417.01044,3.624464495,21413.38598,-285.5423406,142.8074042,142.7349125,2
-20997.1432,3.519433286,20993.62376,-279.9452821,140.007828,139.9374368,2
-20547.43786,3.40940077,20544.02846,-273.9504062,137.009293,136.9411023,2
-20068.53349,3.294523308,20065.23897,-267.5662317,133.8160603,133.750167,2
-19561.11064,3.174964149,19557.93567,-260.8018309,130.4326676,130.3691654,2
-19025.89038,3.050893192,19022.83948,-253.6668165,126.863923,126.8029021,2
-18463.63328,2.922486748,18460.7108,-246.1713276,123.1148978,123.056445,2
-17875.13836,2.789927292,17872.34843,-238.3260159,119.1909196,119.1351179,2
-17261.24188,2.653403195,17258.58848,-230.1420298,115.0975646,115.0444932,2
-16622.81624,2.513108468,16620.30313,-221.6309993,110.8406496,110.7903841,2
-15960.76866,2.369242476,15958.39942,-212.805019,106.426224,106.3788358,2
-15276.03996,2.22200966,15273.81795,-203.6766311,101.860561,101.8161173,2
-14569.60317,2.071619248,14567.53155,-194.2588076,97.15014847,97.1087125,2
-13842.46218,1.918284951,13840.54389,-184.5649317,92.30168029,92.26331094,2
-13095.65029,1.762224666,13093.88806,-174.608779,87.32204637,87.28679817,2
-12330.22876,1.603660164,12328.6251,-164.4044976,82.21832305,82.18624608,2
-11547.2853,1.442816773,11545.84249,-153.9665884,76.99776299,76.96890284,2
-10747.93252,1.279923059,10746.6526,-143.3098843,71.6677849,71.64218258,2
-9933.306344,1.115210506,9932.191134,-132.449529,66.23596296,66.21365485,2
-9104.564392,0.948913177,9103.615479,-121.4009557,60.7100161,60.6910339,2
-8262.884356,0.781267391,8262.103089,-110.1798649,55.09779698,55.08216767,2
-7409.462309,0.612511381,7408.849798,-98.80220256,49.40728088,49.39502666,2
-6545.511011,0.442884959,6545.068126,-87.28413687,43.64655433,43.63769262,2
-5672.258184,0.272629173,5671.985554,-75.64203564,37.82380363,37.81834703,2
-4790.944767,0.101985966,4790.842781,-63.89244294,31.94730324,31.9452595,2
-3902.823155,-0.068802169,3902.891957,-52.05205558,26.02540399,26.02677601,2
-3009.155419,-0.239492531,3009.394911,-40.13769941,20.06652121,20.07130704,2
-2111.211507,-0.409842562,2111.62135,-28.16630537,14.0791228,14.08731565,2
-1210.267449,-0.579610185,1210.847059,-16.15488546,8.071717197,8.083305409,2
-307.6035343,-0.748554149,308.3520885,-4.120508585,2.052841238,2.067808352,2
595.4975017,-0.916434377,-594.5810673,7.919723763,-3.968951921,-3.950627174,2
1497.752303,-1.083012302,-1496.669291,19.94870175,-9.985104982,-9.963448643,2
2397.878717,-1.248051206,-2396.630666,31.94933154,-15.98706866,-15.96211151,2
3294.597613,-1.411316562,-3293.186297,43.90455958,-21.96631384,-21.93809134,2
4186.634707,-1.57257636,-4185.06213,55.79739684,-27.91434369,-27.88289594,2
5072.722363,-1.731601441,-5070.990761,67.61094295,-33.82270573,-33.78807742,2
5951.601403,-1.888165821,-5949.713237,79.32841021,-39.68300385,-39.64524419,2
6822.022892,-2.042047014,-6819.980845,90.93314745,-45.48691025,-45.4460729,2
7682.749913,-2.193026347,-7680.556887,102.4086637,-51.22617726,-51.18232026,2
8532.559326,-2.34088927,-8530.218437,113.7386517,-56.89264908,-56.84583474,2
9370.243505,-2.48542566,-9367.75808,124.9070108,-62.47827332,-62.42856817,2
10194.61206,-2.626430125,-10191.98563,135.8978702,-67.97511252,-67.9225872,2
11004.4935,-2.763702289,-11001.7298,146.6956113,-73.37535537,-73.32008451,2
11798.73697,-2.89704708,-11795.83992,157.2848899,-78.67132782,-78.61338997,2
12576.21378,-3.026275009,-12573.1875,167.6506581,-83.85550401,-83.7949815,2
13335.8191,-3.151202437,-13332.6679,177.7781855,-88.92051693,-88.85749578,2
14076.47349,-3.271651832,-14073.20184,187.6530804,-93.85916894,-93.79373869,2
14797.12445,-3.387452032,-14793.737,197.2613099,-98.66444194,-98.59669557,2
15496.74788,-3.498438476,-15493.24944,206.5892204,-103.3295074,-103.2595411,2
16174.34959,-3.604453449,-16170.74513,215.6235563,-107.8477359,-107.7756493,2
16828.96665,-3.705346296,-16825.26131,224.3514793,-112.2127069,-112.1386023,2
17459.66884,-3.800973642,-17455.86787,232.7605866,-116.4182175,-116.3422002,2
18065.55988,-3.891199597,-18061.66868,240.8389284,-120.4582915,-120.3804695,2
18645.77878,-3.975895946,-18641.80288,248.5750248,-124.3271876,-124.2476716,2
19199.501,-4.054942327,-19195.44605,255.9578826,-128.019408,-127.9383109,2
19725.93968,-4.128226414,-19721.81145,262.9770102,-131.5297058,-131.4471429,2
20224.34672,-4.195644066,-20220.15107,269.622433,-134.8530927,-134.7691813,2
20694.01385,-4.257099478,-20689.75675,275.8847077,-137.984846,-137.8997054,2
21134.27366,-4.312505318,-21129.96116,281.754935,-140.9205152,-140.8342663,2
21544.50051,-4.361782853,-21540.13873,287.2247732,-143.6559287,-143.5686941,2
21924.11145,-4.404862055,-21919.70659,292.2864493,-146.1871993,-146.099103,2
22272.56702,-4.441681707,-22268.12534,296.9327703,-148.5107298,-148.421897,2
22589.37206,-4.472189487,-22584.89987,301.1571337,-150.6232185,-150.5337754,2
22874.07637,-4.49634204,-22869.58003,304.9535362,-152.5216633,-152.431737,2
23126.27536,-4.514105046,-23121.76125,308.3165831,-154.2033666,-154.1130848,2
23345.61065,-4.525453261,-23341.08519,311.2414953,-155.6659383,-155.5754295,2
23531.77054,-4.530370559,-23527.24017,313.7241162,-156.9073003,-156.8166929,2
23684.49051,-4.528849954,-23679.96166,315.7609181,-157.9256884,-157.8351113,2
23803.55351,-4.520893604,-23799.03262,317.3490064,-158.7196555,-158.6292374,2
23888.79037,-4.506512817,-23884.28386,318.4861243,-159.2880733,-159.1979426,2
23940.07994,-4.485728029,-23935.59422,319.1706561,-159.6301339,-159.5404188,2
23957.34936,-4.458568776,-23952.89079,319.4016289,-159.7453515,-159.6561794,2
23940.57407,-4.425073653,-23936.14899,319.1787145,-159.6335621,-159.5450598,2
23889.77791,-4.385290258,-23885.39262,318.5022297,-159.2949247,-159.2072179,2
23805.03307,-4.339275126,-23800.6938,317.3731358,-158.7299206,-158.6431339,2
23686.45998,-4.287093646,-23682.17288,315.7930373,-157.9393525,-157.8536093,2
23534.22713,-4.228819971,-23529.99831,313.7641796,-156.9243439,-156.8397661,2
23348.55085,-4.164536912,-23344.38632,311.2894459,-155.6863373,-155.603045,2
23129.69501,-4.094335818,-23125.60068,308.3723528,-154.2270918,-154.1452034,2
22877.97061,-4.018316449,-22873.95229,305.0170457,-152.5486813,-152.4683131,2
22593.73536,-3.936586832,-22589.79877,301.2282928,-150.6534907,-150.574757,2
22277.39317,-3.84926311,-22273.54391,297.0114779,-148.5442132,-148.4672259,2
21929.39359,-3.756469375,-21925.63712,292.3725935,-146.2238463,-146.1487147,2
21550.23114,-3.658337491,-21546.5728,287.3182316,-143.6956873,-143.6225182,2
21140.44463,-3.555006909,-21136.88963,281.8555748,-140.9633289,-140.8922263,2
20700.6164,-3.446624468,-20697.16977,275.9923858,-138.0306539,-137.9617188,2
20231.37145,-3.333344185,-20228.03811,269.7369965,-134.9018297,-134.8351601,2
19733.37662,-3.215327037,-19730.1613,263.0982961,-131.5813027,-131.5169934,2
19207.33958,-3.092740734,-19204.24684,256.0857187,-128.0737915,-128.0119337,2
18654.00787,-2.965759477,-18651.04211,248.7092295,-124.3842804,-124.3249621,2
18074.16778,-2.834563713,-18071.33322,240.9793109,-120.5180124,-120.461318,2
17468.64331,-2.69933988,-17465.94397,232.9069475,-116.4804817,-116.4264917,2
16838.29495,-2.560280137,-16835.73467,224.5036105,-112.2774259,-112.2262169,2
16184.01845,-2.417582095,-16181.60087,215.7812416,-107.9148177,-107.8664626,2
15506.74357,-2.271448537,-15504.47212,206.7522358,-103.3988566,-103.3534242,2
14807.43276,-2.122087126,-14805.31067,197.4294238,-98.73596017,-98.69351487,2
14087.07978,-1.969710114,-14085.11007,187.8260537,-93.93275449,-93.89335667,2
13346.70829,-1.814534035,-13344.89375,177.9557725,-88.99606523,-88.95977086,2
12587.37039,-1.656779405,-12585.71361,167.8326065,-83.93290769,-83.89976836,2
11810.14515,-1.4966704,-11808.64848,157.4709411,-78.7504769,-78.72053969,2
11016.13705,-1.334434545,-11014.80262,146.8855009,-73.45613736,-73.42944483,2
10206.47442,-1.170302385,-10205.30412,136.0913284,-68.05741264,-68.03400271,2
9382.307826,-1.004507162,-9381.303319,125.1037626,-62.56197461,-62.54188054,2
8544.808461,-0.837284478,-8543.971177,113.9384176,-56.97763259,-56.96088295,2
7695.166456,-0.668871968,-7694.497584,102.6111598,-51.31232224,-51.29894082,2
6834.589198,-0.499508954,-6834.089689,91.13808596,-45.57409427,-45.56410009,2
5964.299614,-0.329436111,-5963.970178,79.53549991,-39.77110302,-39.76451028,2
5085.534435,-0.158895121,-5085.37554,67.81988955,-33.91159485,-33.90841293,2
4199.542432,0.011871668,-4199.554304,56.00790343,-28.00389645,-28.00412986,2
3307.582651,0.182621587,-3307.765272,44.116327,-22.05640299,-22.0600514,2
2410.922613,0.35311199,-2411.275725,32.16205887,-16.07756616,-16.08462439,2
1510.836522,0.523100602,-1511.359623,20.16208669,-10.07588224,-10.08634026,2
608.6034501,0.692345859,-609.295796,8.133463076,-4.059879938,-4.073722878,2
-294.4944807,0.860607255,293.6338735,-3.906718631,1.961891678,1.944683484,2
-1197.173919,1.027645681,1196.146273,-15.94134868,7.980875337,7.960326343,2
-2098.152107,1.193223766,2096.958884,-27.95332519,13.98851774,13.96465714,2
-2996.148707,1.357106215,2994.791601,-39.92557851,19.97628169,19.9491434,2
-3889.887615,1.519060142,3888.368555,-51.84109539,25.93565825,25.90528084,2
-4778.09878,1.678855401,4776.419925,-63.68294323,31.85817882,31.82460545,2
-5659.520005,1.836264915,5657.68374,-75.43429413,37.73542717,37.69870556,2
-6532.898743,1.991064995,6530.907678,-87.07844877,43.55905142,43.51923374,2
-7396.993874,2.143035664,7394.850838,-98.59886017,49.32077588,49.27791871,2
-8250.577472,2.291960961,8248.285511,-109.9791572,55.01241281,54.96657706,2
-9092.436548,2.437629257,9089.998919,-121.2031678,60.62587409,60.5771249,2
-9921.374774,2.579833548,9918.794941,-132.2549421,66.15318269,66.10158933,2
-10736.21418,2.718371754,10733.49581,-143.1187749,71.586484,71.53211978,2
-11535.79685,2.853047006,11532.9438,-153.7792281,76.91805699,76.86099918,2
-12318.98651,2.983667921,12316.00284,-164.2211525,82.14032522,82.08065489,2
-13084.67022,3.110048882,13081.56017,-174.4297098,87.24586755,87.1836695,2
-13831.7599,3.232010292,13828.52789,-184.3903928,92.22742873,92.16279135,2
-14559.19388,3.349378839,14555.84451,-194.0890471,97.07792969,97.01094482,2
-15265.93846,3.461987736,15262.47648,-203.5118901,101.7904776,101.7212404,2
-15950.98931,3.569676958,15947.41963,-212.6455317,106.3583757,106.2869846,2
-16613.37292,3.672293474,16609.70063,-221.4769923,110.7751327,110.7016891,2
-17252.14803,3.76969146,17248.37834,-229.993722,115.0344721,114.9590805,2
-17866.40688,3.861732508,17862.54515,-238.183618,119.1303413,119.0531088,2
-18455.2766,3.948285823,18451.32831,-246.035042,123.0569198,122.977956,2
-19017.92036,4.029228408,19013.89113,-253.5368368,126.8086276,126.7280449,2
-19553.53861,4.104445239,19549.43416,-260.6783419,130.3801335,130.2980463,2
-20061.37021,4.173829429,20057.19638,-267.4494088,133.766362,133.682887,2
-20540.69351,4.237282378,20536.45623,-273.8404155,136.9625012,136.877757,2
-20990.82736,4.294713918,20986.53265,-279.8422799,139.9640092,139.8781162,2
-21411.1321,4.346042434,21406.78605,-285.4464732,142.7666207,142.679701,2
-21801.01044,4.391194986,21796.61925,-290.6450314,145.366353,145.2785301,2
-22159.90836,4.430107409,22155.47825,-295.4305671,147.7595118,147.6709105,2
-22487.31583,4.462724408,22482.85311,-299.7962797,149.9426962,149.8534424,2
-22782.7676,4.48899963,22778.2786,-303.7359655,151.9128039,151.8230244,2
-23045.84381,4.508895739,23041.33491,-307.2440259,153.6670351,153.5768576,2
-23276.17061,4.52238446,23271.64823,-310.3154756,155.2028971,155.1124496,2
-23473.4207,4.529446626,23468.89126,-312.9459502,156.5182073,156.4276184,2
-23637.31378,4.5300722,23632.78371,-315.1317113,157.6110965,157.520495,2
-23767.61694,4.524260293,23763.09268,-316.8696531,158.4800117,158.3895263,2
-23864.14501,4.512019165,23859.63299,-318.1573058,159.1237182,159.0334774,2
-23926.76083,4.493366211,23922.26747,-318.9928395,159.5413011,159.4514333,2
-23955.37542,4.468327938,23950.90709,-319.375067,159.7321672,159.6427999,2
-23949.9481,4.436939926,23945.51116,-319.303445,159.6960451,159.6073054,2
-23910.4866,4.39924678,23906.08735,-318.7780753,159.4329861,159.3450002,2
-23837.04698,4.355302063,23832.69168,-317.7997045,158.9433642,158.856257,2
-23729.73362,4.305168224,23725.42845,-316.369723,158.227875,158.1417704,2
-23588.69901,4.248916505,23584.4501,-314.4901628,157.2875354,157.2025557,2
-23414.14357,4.186626843,23409.95694,-312.1636948,156.1236816,156.0399475,2
-23206.31535,4.118387756,23202.19696,-309.3936252,154.7379675,154.6555981,2
-22965.50968,4.044296214,22961.46538,-306.1838903,153.1323623,153.0514746,2
-22692.06877,3.964457506,22688.10431,-302.5390513,151.3091476,151.2298565,2
-22386.38119,3.878985087,22382.5022,-298.4642878,149.2709143,149.1933326,2
-22048.88133,3.788000418,22045.09333,-293.9653902,147.0205589,146.9447967,2
-21680.04881,3.691632792,21676.35717,-289.0487517,144.5612793,144.4874443,2
-21280.40775,3.590019155,21276.81773,-283.7213591,141.8965701,141.8247673,2
-20850.52607,3.483303904,20847.04276,-277.9907829,139.0302182,138.9605495,2
-20391.01464,3.371638688,20387.64301,-271.8651666,135.9662967,135.8988612,2
-19902.52648,3.255182188,19899.27129,-265.3532151,132.7091596,132.6440532,2
-19385.75573,3.134099897,19382.62163,-258.4641821,129.2634356,129.2007507,2
-18841.43676,3.008563878,18838.4282,-251.2078573,125.6340212,125.5738469,2
-18270.34308,2.878752525,18267.46433,-243.5945525,121.826074,121.7684958,2
-17673.28625,2.744850308,17670.54139,-235.6350864,117.8450052,117.790105,2
-17051.1147,2.607047507,17048.50765,-227.34077,113.6964722,113.644328,2
-16404.71259,2.46553995,16402.24705,-218.7233899,109.3863703,109.3370562,2
-15734.99849,2.320528726,15732.67796,-209.795192,104.9208244,104.8744104,2
-15042.92409,2.172219903,15040.75187,-200.5688635,100.3061803,100.2627324,2
-14329.47287,2.020824237,14327.45204,-191.0575158,95.54899563,95.50857554,2
-13595.65869,1.866556869,13593.79213,-181.2746648,90.65603058,90.61869578,2
-12842.52433,1.709637021,12840.81469,-171.2342127,85.63423835,85.60004188,2
-12071.14004,1.550287686,12069.58975,-160.9504273,80.49075519,80.45974565,2
-11282.60201,1.388735307,11281.21327,-150.4379226,75.23289025,75.20511171,2
-10478.03077,1.22520946,10476.80556,-139.7116374,69.86811526,69.8436072,2
-9658.569685,1.059942523,9657.509743,-128.7868143,64.40405386,64.3828511,2
-8825.383242,0.893169349,8824.490073,-117.6789781,58.84847077,58.83060344,2
-7979.655446,0.725126933,7978.930319,-106.4039136,53.20926079,53.19475428,2
-7122.588123,0.556054071,7122.032069,-94.97764329,47.49443754,47.48331246,2
-6255.399213,0.386191027,6255.013022,-83.41640459,41.71212209,41.70439426,2
-5379.321038,0.215779184,5379.105259,-71.73662662,35.87053143,35.86621182,2
-4495.598553,0.045060707,4495.553492,-59.95490697,29.97796678,29.97706154,2
-3605.487577,-0.125721804,3605.613299,-48.08798812,24.04280181,24.04531222,2
-2710.253006,-0.296325657,2710.549332,-36.15273361,18.07347069,18.07939319,2
-1811.167017,-0.466508416,1811.633525,-24.16610408,12.07845619,12.08778235,2
-909.5072604,-0.63602824,910.1432886,-12.1451332,6.066277535,6.078994115,2
-6.555044362,-0.804644233,7.359688595,-0.106903418,0.045478371,0.061567295,2
896.4064868,-0.972116783,-895.43437,11.93147828,-5.97538542,-5.955947015,2
1798.094175,-1.138207902,-1796.955967,23.95290469,-11.98775786,-11.9649976,2
2697.226673,-1.302681565,-2695.923992,35.94029272,-17.98309504,-17.95704527,2
3592.526265,-1.465304046,-3591.060961,47.87660762,-23.95287726,-23.92357499,2
4482.72068,-1.62584425,-4481.094836,59.74488724,-29.88862113,-29.85610801,2
5366.544904,-1.784074041,-5364.76083,71.52826611,-35.78189164,-35.74621386,2
6242.742974,-1.939768564,-6240.803205,83.2099994,-41.62431412,-41.58552238,2
7110.069764,-2.09270657,-7107.977058,94.77348673,-47.40758617,-47.36573561,2
7967.292756,-2.242670726,-7965.050086,106.2022957,-53.12348944,-53.07863953,2
8813.19379,-2.389447924,-8810.804342,117.4801855,-58.76390133,-58.7161158,2
9646.570792,-2.532829586,-9644.037963,128.5911295,-64.32080651,-64.27015325,2
10466.23949,-2.672611958,-10463.56688,139.5193384,-69.78630829,-69.7328593,2
11271.03509,-2.808596402,-11268.22649,150.2492827,-75.15263992,-75.09647115,2
12059.81393,-2.940589678,-12056.87334,160.7657146,-80.41217553,-80.35336679,2
12831.45512,-3.068404214,-12828.38671,171.0536896,-85.55744103,-85.49607591,2
13584.8621,-3.19185838,-13581.67024,181.0985879,-90.58112474,-90.51729043,2
14318.96425,-3.310776741,-14315.65348,190.8861353,-95.47608771,-95.40987492,2
15032.71838,-3.424990306,-15029.29339,200.402423,-100.2353739,-100.1668768,2
15725.11018,-3.534336774,-15721.57585,209.6339279,-104.8522202,-104.781536,2
16395.15575,-3.638660755,-16391.51709,218.5675315,-109.3200657,-109.2472949,2
17041.9029,-3.737814,-17038.16508,227.1905386,-113.6325615,-113.5578075,2
17664.43257,-3.831655607,-17660.60092,235.4906956,-117.7835791,-117.7069481,2
18261.86012,-3.920052221,-18257.94007,243.4562075,-121.7672198,-121.6888208,2
18833.33657,-4.002878227,-18829.33369,251.0757547,-125.5778227,-125.497767,2
19378.04981,-4.080015924,-19373.9698,258.3385096,-129.2099726,-129.128374,2
19895.22579,-4.151355695,-19891.07443,265.2341513,-132.6585081,-132.5754826,2
20384.12956,-4.216796163,-20379.91276,271.7528807,-135.9185285,-135.8341941,2
20844.06637,-4.276244332,-20839.79012,277.8854345,-138.9854013,-138.8998777,2
21274.38262,-4.329615724,-21270.053,283.6230978,-141.8547682,-141.7681771,2
21674.4668,-4.376834496,-21670.08997,288.9577172,-144.5225518,-144.4350161,2
22043.75039,-4.417833546,-22039.33255,293.8817118,-146.9849609,-146.8966051,2
22381.70859,-4.452554612,-22377.25604,298.3880845,-149.2384963,-149.1494459,2
22687.86117,-4.480948355,-22683.38022,302.4704314,-151.2799556,-151.1903372,2
22961.77305,-4.502974426,-22957.27008,306.1229512,-153.1064379,-153.0163788,2
23203.055,-4.518601523,-23198.5364,309.3404536,-154.7153475,-154.6249758,2
23411.36414,-4.52780744,-23406.83633,312.1183663,-156.1043981,-156.0138421,2
23586.40444,-4.530579095,-23581.87386,314.4527417,-157.2716159,-157.1810043,2
23727.92718,-4.526912549,-23723.40027,316.3402625,-158.2153421,-158.1248037,2
23835.73123,-4.516813013,-23831.21442,317.7782465,-158.9342356,-158.843899,2
23909.66341,-4.500294839,-23905.16311,318.7646502,-159.4272749,-159.3372685,2
23949.61864,-4.477381499,-23945.14126,319.298072,-159.6937593,-159.6042111,2
23955.54016,-4.448105555,-23951.09205,319.3777537,-159.7333101,-159.6443473,2
23927.41954,-4.412508609,-23923.00703,319.0035821,-159.5458712,-159.4576201,2
23865.29675,-4.370641248,-23860.92611,318.176089,-159.1317088,-159.044295,2
23769.26007,-4.322562966,-23764.9375,316.8964502,-158.4914116,-158.4049592,2
23639.44597,-4.268342086,-23635.17762,315.1664843,-157.6258894,-157.5405212,2
23476.03892,-4.208055657,-23471.83086,312.9886495,-156.5363722,-156.4522096,2
23279.27113,-4.141789352,-23275.12934,310.3660407,-155.2244083,-155.1415708,2
23049.42223,-4.069637338,-23045.35259,307.3023849,-153.6918619,-153.6104674,2
22786.81884,-3.991702145,-22782.82714,303.8020355,-151.9409111,-151.8610751,2
22491.83413,-3.908094526,-22487.92604,299.8699668,-149.9740438,-149.8958799,2
22164.8873,-3.818933291,-22161.06836,295.5117664,-147.7940553,-147.7176744,2
21806.44294,-3.724345142,-21802.7186,290.7336277,-145.4040433,-145.3295541,2
21417.01044,-3.624464496,-21413.38598,285.5423406,-142.8074042,-142.7349125,2
20997.1432,-3.519433286,-20993.62376,279.9452821,-140.007828,-139.9374368,2
20547.43786,-3.40940077,-20544.02846,273.9504062,-137.009293,-136.9411023,2
20068.53349,-3.294523308,-20065.23897,267.5662317,-133.8160603,-133.750167,2
19561.11064,-3.174964149,-19557.93567,260.8018309,-130.4326676,-130.3691654,2
19025.89038,-3.050893192,-19022.83948,253.6668165,-126.863923,-126.8029021,2
18463.63328,-2.922486748,-18460.7108,246.1713276,-123.1148978,-123.056445,2
17875.13836,-2.789927291,-17872.34843,238.3260159,-119.1909196,-119.1351179,2
17261.24188,-2.653403195,-17258.58848,230.1420298,-115.0975646,-115.0444932,2
16622.81624,-2.513108468,-16620.30313,221.6309993,-110.8406496,-110.7903841,2
15960.76866,-2.369242476,-15958.39942,212.805019,-106.426224,-106.3788358,2
15276.03996,-2.22200966,-15273.81795,203.6766311,-101.860561,-101.8161173,2
14569.60317,-2.071619248,-14567.53155,194.2588076,-97.15014847,-97.1087125,2
13842.46218,-1.918284951,-13840.54389,184.5649317,-92.30168029,-92.26331094,2
13095.65029,-1.762224666,-13093.88806,174.608779,-87.32204637,-87.28679817,2
12330.22876,-1.603660164,-12328.6251,164.4044976,-82.21832305,-82.18624608,2
11547.2853,-1.442816773,-11545.84249,153.9665884,-76.99776299,-76.96890284,2
10747.93252,-1.27992306,-10746.6526,143.3098843,-71.6677849,-71.64218258,2
9933.306344,-1.115210506,-9932.191134,132.449529,-66.23596296,-66.21365485,2
9104.564392,-0.948913177,-9103.615479,121.4009557,-60.7100161,-60.6910339,2
8262.884356,-0.781267391,-8262.103089,110.1798649,-55.09779698,-55.08216767,2
7409.462309,-0.612511381,-7408.849798,98.80220256,-49.40728088,-49.39502666,2
6545.511011,-0.442884959,-6545.068126,87.28413687,-43.64655433,-43.63769262,2
5672.258184,-0.272629173,-5671.985554,75.64203564,-37.82380363,-37.81834703,2
4790.944767,-0.101985966,-4790.842781,63.89244294,-31.94730324,-31.9452595,2
3902.823155,0.068802168,-3902.891957,52.05205558,-26.02540399,-26.02677601,2
3009.155419,0.239492531,-3009.394911,40.13769941,-20.06652121,-20.07130704,2
2111.211507,0.409842562,-2111.62135,28.16630537,-14.0791228,-14.08731565,2
1210.267449,0.579610184,-1210.847059,16.15488546,-8.071717197,-8.083305409,2
307.6035343,0.748554149,-308.3520885,4.120508585,-2.052841238,-2.067808352,2
-595.4975017,0.916434377,594.5810673,-7.919723763,3.968951921,3.950627174,2
-1497.752303,1.083012302,1496.669291,-19.94870175,9.985104982,9.963448643,2
-2397.878717,1.248051207,2396.630666,-31.94933154,15.98706866,15.96211151,2
-3294.597613,1.411316562,3293.186297,-43.90455958,21.96631384,21.93809134,2
-4186.634707,1.57257636,4185.06213,-55.79739684,27.91434369,27.88289594,2
-5072.722363,1.731601441,5070.990761,-67.61094295,33.82270573,33.78807742,2
-5951.601403,1.888165821,5949.713237,-79.32841021,39.68300385,39.64524419,2
-6822.022892,2.042047014,6819.980845,-90.93314745,45.48691025,45.4460729,2
-7682.749913,2.193026347,7680.556887,-102.4086637,51.22617726,51.18232026,2
-8532.559326,2.340889269,8530.218437,-113.7386517,56.89264908,56.84583474,2
-9370.243505,2.48542566,9367.75808,-124.9070108,62.47827332,62.42856817,2
-10194.61206,2.626430125,10191.98563,-135.8978702,67.97511252,67.9225872,2
-11004.4935,2.763702289,11001.7298,-146.6956113,73.37535537,73.32008451,2
-11798.73697,2.89704708,11795.83992,-157.2848899,78.67132782,78.61338997,2
-12576.21378,3.02627501,12573.1875,-167.6506581,83.85550401,83.7949815,2
-13335.8191,3.151202437,13332.6679,-177.7781855,88.92051693,88.85749578,2
-14076.47349,3.271651832,14073.20184,-187.6530804,93.85916894,93.79373869,2
-14797.12445,3.387452031,14793.737,-197.2613099,98.66444194,98.59669557,2
-15496.74788,3.498438476,15493.24944,-206.5892204,103.3295074,103.2595411,2
-16174.34959,3.604453449,16170.74513,-215.6235563,107.8477359,107.7756493,2
-16828.96665,3.705346296,16825.26131,-224.3514793,112.2127069,112.1386023,2
-17459.66884,3.800973642,17455.86787,-232.7605866,116.4182175,116.3422002,2
-18065.55988,3.891199597,18061.66868,-240.8389284,120.4582915,120.3804695,2
-18645.77878,3.975895945,18641.80288,-248.5750248,124.3271876,124.2476716,2
-19199.501,4.054942328,19195.44605,-255.9578826,128.019408,127.9383109,2
-19725.93968,4.128226415,19721.81145,-262.9770102,131.5297058,131.4471429,2
-20224.34672,4.195644066,20220.15107,-269.622433,134.8530927,134.7691813,2
-20694.01385,4.257099478,20689.75675,-275.8847077,137.984846,137.8997054,2
-21134.27366,4.312505318,21129.96116,-281.754935,140.9205152,140.8342663,2
-21544.50051,4.361782853,21540.13873,-287.2247732,143.6559287,143.5686941,2
-21924.11145,4.404862055,21919.70659,-292.2864493,146.1871993,146.099103,2
-22272.56702,4.441681707,22268.12534,-296.9327703,148.5107298,148.421897,2
-22589.37206,4.472189487,22584.89987,-301.1571337,150.6232185,150.5337754,2
-22874.07637,4.49634204,22869.58003,-304.9535362,152.5216633,152.431737,2
-23126.27536,4.514105046,23121.76125,-308.3165831,154.2033666,154.1130848,2
-23345.61065,4.525453261,23341.08519,-311.2414953,155.6659383,155.5754295,2
-23531.77054,4.530370559,23527.24017,-313.7241162,156.9073003,156.8166929,2
-23684.49051,4.528849954,23679.96166,-315.7609181,157.9256884,157.8351113,2
-23803.55351,4.520893604,23799.03262,-317.3490064,158.7196555,158.6292374,2
-23888.79037,4.506512817,23884.28386,-318.4861243,159.2880733,159.1979426,2
-23940.07994,4.485728029,23935.59422,-319.1706561,159.6301339,159.5404188,2
-23957.34936,4.458568776,23952.89079,-319.4016289,159.7453515,159.6561794,2
-23940.57407,4.425073653,23936.14899,-319.1787145,159.6335621,159.5450598,2
-23889.77791,4.385290258,23885.39262,-318.5022297,159.2949247,159.2072179,2
-23805.03307,4.339275125,23800.6938,-317.3731358,158.7299206,158.6431339,2
-23686.45998,4.287093646,23682.17288,-315.7930373,157.9393525,157.8536093,2
-23534.22713,4.228819971,23529.99831,-313.7641796,156.9243439,156.8397661,2
-23348.55085,4.164536912,23344.38632,-311.2894459,155.6863373,155.603045,2
-23129.69501,4.094335818,23125.60068,-308.3723528,154.2270918,154.1452034,2
-22877.97061,4.018316449,22873.95229,-305.0170457,152.5486813,152.4683131,2
-22593.73536,3.936586832,22589.79877,-301.2282928,150.6534907,150.574757,2
-22277.39317,3.849263111,22273.54391,-297.0114779,148.5442132,148.4672259,2
-21929.39359,3.756469375,21925.63712,-292.3725935,146.2238463,146.1487147,2
-21550.23114,3.658337491,21546.5728,-287.3182316,143.6956873,143.6225182,2
-21140.44463,3.555006909,21136.88963,-281.8555748,140.9633289,140.8922263,2
-20700.6164,3.446624468,20697.16977,-275.9923858,138.0306539,137.9617188,2
-20231.37145,3.333344185,20228.03811,-269.7369965,134.9018297,134.8351601,2
-19733.37662,3.215327037,19730.1613,-263.0982961,131.5813027,131.5169934,2
-19207.33958,3.092740734,19204.24684,-256.0857187,128.0737915,128.0119337,2
-18654.00787,2.965759477,18651.04211,-248.7092295,124.3842804,124.3249621,2
-18074.16778,2.834563714,18071.33322,-240.9793109,120.5180124,120.461318,2
-17468.64331,2.69933988,17465.94397,-232.9069475,116.4804817,116.4264917,2
-16838.29495,2.560280136,16835.73467,-224.5036105,112.2774259,112.2262169,2
-16184.01845,2.417582095,16181.60087,-215.7812416,107.9148177,107.8664626,2
-15506.74357,2.271448537,15504.47212,-206.7522358,103.3988566,103.3534242,2
-14807.43276,2.122087126,14805.31067,-197.4294238,98.73596017,98.69351487,2
-14087.07978,1.969710114,14085.11007,-187.8260537,93.93275449,93.89335667,2
-13346.70829,1.814534035,13344.89375,-177.9557725,88.99606523,88.95977086,2
-12587.37039,1.656779405,12585.71361,-167.8326065,83.93290769,83.89976836,2
-11810.14515,1.4966704,11808.64848,-157.4709411,78.7504769,78.72053969,2
-11016.13705,1.334434545,11014.80262,-146.8855009,73.45613736,73.42944483,2
-10206.47442,1.170302385,10205.30412,-136.0913284,68.05741264,68.03400271,2
-9382.307826,1.004507162,9381.303319,-125.1037626,62.56197461,62.54188054,2
-8544.808461,0.837284478,8543.971177,-113.9384176,56.97763259,56.96088295,2
-7695.166456,0.668871968,7694.497584,-102.6111598,51.31232224,51.29894082,2
-6834.589198,0.499508954,6834.089689,-91.13808596,45.57409427,45.56410009,2
-5964.299614,0.329436111,5963.970178,-79.53549991,39.77110302,39.76451028,2
-5085.534435,0.158895121,5085.37554,-67.81988955,33.91159485,33.90841293,2
-4199.542432,-0.011871668,4199.554304,-56.00790343,28.00389645,28.00412986,2
-3307.582651,-0.182621587,3307.765272,-44.116327,22.05640299,22.0600514,2
-2410.922613,-0.35311199,2411.275725,-32.16205887,16.07756616,16.08462439,2
-1510.836522,-0.523100602,1511.359623,-20.16208669,10.07588224,10.08634026,2
-608.6034501,-0.692345859,609.295796,-8.133463076,4.059879938,4.073722878,2
294.4944807,-0.860607255,-293.6338735,3.906718631,-1.961891678,-1.944683484,2
1197.173919,-1.027645681,-1196.146273,15.94134868,-7.980875337,-7.960326343,2
2098.152107,-1.193223766,-2096.958884,27.95332519,-13.98851774,-13.96465714,2
2996.148707,-1.357106215,-2994.791601,39.92557851,-19.97628169,-19.9491434,2
3889.887615,-1.519060142,-3888.368555,51.84109539,-25.93565825,-25.90528084,2
4778.09878,-1.678855401,-4776.419925,63.68294323,-31.85817882,-31.82460545,2
5659.520005,-1.836264915,-5657.68374,75.43429413,-37.73542717,-37.69870556,2
6532.898743,-1.991064995,-6530.907678,87.07844877,-43.55905142,-43.51923374,2
7396.993874,-2.143035664,-7394.850838,98.59886017,-49.32077588,-49.27791871,2
8250.577472,-2.291960961,-8248.285511,109.9791572,-55.01241281,-54.96657706,2
9092.436548,-2.437629257,-9089.998919,121.2031678,-60.62587409,-60.5771249,2
9921.374774,-2.579833548,-9918.794941,132.2549421,-66.15318269,-66.10158933,2
10736.21418,-2.718371754,-10733.49581,143.1187749,-71.586484,-71.53211978,2
11535.79685,-2.853047006,-11532.9438,153.7792281,-76.91805699,-76.86099918,2
12318.98651,-2.983667921,-12316.00284,164.2211525,-82.14032522,-82.08065489,2
13084.67022,-3.110048882,-13081.56017,174.4297098,-87.24586755,-87.1836695,2
13831.7599,-3.232010292,-13828.52789,184.3903928,-92.22742873,-92.16279135,2
14559.19388,-3.349378839,-14555.84451,194.0890471,-97.07792969,-97.01094482,2
15265.93846,-3.461987735,-15262.47648,203.5118901,-101.7904776,-101.7212404,2
15950.98931,-3.569676958,-15947.41963,212.6455317,-106.3583757,-106.2869846,2
16613.37292,-3.672293474,-16609.70063,221.4769923,-110.7751327,-110.7016891,2
17252.14803,-3.76969146,-17248.37834,229.993722,-115.0344721,-114.9590805,2
17866.40688,-3.861732508,-17862.54515,238.183618,-119.1303413,-119.0531088,2
18455.2766,-3.948285823,-18451.32831,246.035042,-123.0569198,-122.977956,2
19017.92036,-4.029228408,-19013.89113,253.5368368,-126.8086276,-126.7280449,2
19553.53861,-4.104445239,-19549.43416,260.6783419,-130.3801335,-130.2980463,2
20061.37021,-4.173829429,-20057.19638,267.4494088,-133.766362,-133.682887,2
20540.69351,-4.237282378,-20536.45623,273.8404155,-136.9625012,-136.877757,2
20990.82736,-4.294713918,-20986.53265,279.8422799,-139.9640092,-139.8781162,2
21411.1321,-4.346042434,-21406.78605,285.4464732,-142.7666207,-142.679701,2
21801.01044,-4.391194985,-21796.61925,290.6450314,-145.366353,-145.2785301,2
22159.90836,-4.430107409,-22155.47825,295.4305671,-147.7595118,-147.6709105,2
22487.31583,-4.462724407,-22482.85311,299.7962797,-149.9426962,-149.8534424,2
22782.7676,-4.48899963,-22778.2786,303.7359655,-151.9128039,-151.8230244,2
23045.84381,-4.508895739,-23041.33491,307.2440259,-153.6670351,-153.5768576,2
23276.17061,-4.522384461,-23271.64823,310.3154756,-155.2028971,-155.1124496,2
23473.4207,-4.529446626,-23468.89126,312.9459502,-156.5182073,-156.4276184,2
23637.31378,-4.5300722,-23632.78371,315.1317113,-157.6110965,-157.520495,2
23767.61694,-4.524260293,-23763.09268,316.8696531,-158.4800117,-158.3895263,2
23864.14501,-4.512019165,-23859.63299,318.1573058,-159.1237182,-159.0334774,2
23926.76083,-4.493366211,-23922.26747,318.9928395,-159.5413011,-159.4514333,2
23955.37542,-4.468327938,-23950.90709,319.375067,-159.7321672,-159.6427999,2
23949.9481,-4.436939926,-23945.51116,319.303445,-159.6960451,-159.6073054,2
23910.4866,-4.39924678,-23906.08735,318.7780753,-159.4329861,-159.3450002,2
23837.04698,-4.355302063,-23832.69168,317.7997045,-158.9433642,-158.856257,2
23729.73362,-4.305168224,-23725.42845,316.369723,-158.227875,-158.1417704,2
23588.69901,-4.248916505,-23584.4501,314.4901628,-157.2875354,-157.2025557,2
23414.14357,-4.186626843,-23409.95694,312.1636948,-156.1236816,-156.0399475,2
23206.31535,-4.118387756,-23202.19696,309.3936252,-154.7379675,-154.6555981,2
22965.50968,-4.044296214,-22961.46538,306.1838903,-153.1323623,-153.0514746,2
22692.06877,-3.964457506,-22688.10431,302.5390513,-151.3091476,-151.2298565,2
22386.38119,-3.878985087,-22382.5022,298.4642878,-149.2709143,-149.1933326,2
22048.88133,-3.788000417,-22045.09333,293.9653902,-147.0205589,-146.9447967,2
21680.04881,-3.691632792,-21676.35717,289.0487517,-144.5612793,-144.4874443,2
21280.40775,-3.590019155,-21276.81773,283.7213591,-141.8965701,-141.8247673,2
20850.52607,-3.483303904,-20847.04276,277.9907829,-139.0302182,-138.9605495,2
20391.01464,-3.371638688,-20387.64301,271.8651666,-135.9662967,-135.8988612,2
19902.52648,-3.255182188,-19899.27129,265.3532151,-132.7091596,-132.6440532,2
19385.75573,-3.134099897,-19382.62163,258.4641821,-129.2634356,-129.2007507,2
18841.43676,-3.008563878,-18838.4282,251.2078573,-125.6340212,-125.5738469,2
18270.34308,-2.878752525,-18267.46433,243.5945525,-121.826074,-121.7684958,2
17673.28625,-2.744850307,-17670.54139,235.6350864,-117.8450052,-117.790105,2
17051.1147,-2.607047507,-17048.50765,227.34077,-113.6964722,-113.644328,2
16404.71259,-2.46553995,-16402.24705,218.7233899,-109.3863703,-109.3370562,2
15734.99849,-2.320528725,-15732.67796,209.795192,-104.9208244,-104.8744104,2
15042.92409,-2.172219903,-15040.75187,200.5688635,-100.3061803,-100.2627324,2
14329.47287,-2.020824237,-14327.45204,191.0575158,-95.54899563,-95.50857554,2
13595.65869,-1.866556869,-13593.79213,181.2746648,-90.65603058,-90.61869578,2
12842.52433,-1.709637021,-12840.81469,171.2342127,-85.63423835,-85.60004188,2
12071.14004,-1.550287686,-12069.58975,160.9504273,-80.49075519,-80.45974565,2
11282.60201,-1.388735307,-11281.21327,150.4379226,-75.23289025,-75.20511171,2
10478.03077,-1.22520946,-10476.80556,139.7116374,-69.86811526,-69.8436072,2
9658.569685,-1.059942522,-9657.509743,128.7868143,-64.40405386,-64.3828511,2
8825.383242,-0.893169349,-8824.490073,117.6789781,-58.84847077,-58.83060344,2
7979.655446,-0.725126933,-7978.930319,106.4039136,-53.20926079,-53.19475428,2
7122.588123,-0.556054071,-7122.032069,94.97764329,-47.49443754,-47.48331246,2
6255.399213,-0.386191027,-6255.013022,83.41640459,-41.71212209,-41.70439426,2
5379.321038,-0.215779184,-5379.105259,71.73662662,-35.87053143,-35.86621182,2
4495.598553,-0.045060707,-4495.553492,59.95490697,-29.97796678,-29.97706154,2
3605.487577,0.125721804,-3605.613299,48.08798812,-24.04280181,-24.04531222,2
2710.253006,0.296325657,-2710.549332,36.15273361,-18.07347069,-18.07939319,2
1811.167017,0.466508416,-1811.633525,24.16610408,-12.07845619,-12.08778235,2
909.5072604,0.63602824,-910.1432886,12.1451332,-6.066277535,-6.078994115,2
6.555044362,0.804644233,-7.359688595,0.106903418,-0.045478371,-0.061567295,2
-896.4064868,0.972116783,895.43437,-11.93147828,5.97538542,5.955947015,2
-1798.094175,1.138207902,1796.955967,-23.95290469,11.98775786,11.9649976,2
-2697.226673,1.302681565,2695.923992,-35.94029272,17.98309504,17.95704527,2
-3592.526265,1.465304046,3591.060961,-47.87660762,23.95287726,23.92357499,2
-4482.72068,1.62584425,4481.094836,-59.74488724,29.88862113,29.85610801,2
-5366.544904,1.78407404,5364.76083,-71.52826611,35.78189164,35.74621386,2
-6242.742974,1.939768564,6240.803205,-83.2099994,41.62431412,41.58552238,2
-7110.069764,2.09270657,7107.977058,-94.77348673,47.40758617,47.36573561,2
-7967.292756,2.242670726,7965.050086,-106.2022957,53.12348944,53.07863953,2
-8813.19379,2.389447924,8810.804342,-117.4801855,58.76390133,58.7161158,2
-9646.570792,2.532829586,9644.037963,-128.5911295,64.32080651,64.27015325,2
-10466.23949,2.672611958,10463.56688,-139.5193384,69.78630829,69.7328593,2
-11271.03509,2.808596402,11268.22649,-150.2492827,75.15263992,75.09647115,2
-12059.81393,2.940589677,12056.87334,-160.7657146,80.41217553,80.35336679,2
-12831.45512,3.068404214,12828.38671,-171.0536896,85.55744103,85.49607591,2
-13584.8621,3.19185838,13581.67024,-181.0985879,90.58112474,90.51729043,2
-14318.96425,3.310776741,14315.65348,-190.8861353,95.47608771,95.40987492,2
-15032.71838,3.424990306,15029.29339,-200.402423,100.2353739,100.1668768,2
-15725.11018,3.534336773,15721.57585,-209.6339279,104.8522202,104.781536,2
-16395.15575,3.638660755,16391.51709,-218.5675315,109.3200657,109.2472949,2
-17041.9029,3.737814,17038.16508,-227.1905386,113.6325615,113.5578075,2
-17664.43257,3.831655607,17660.60092,-235.4906956,117.7835791,117.7069481,2
-18261.86012,3.920052221,18257.94007,-243.4562075,121.7672198,121.6888208,2
-18833.33657,4.002878227,18829.33369,-251.0757547,125.5778227,125.497767,2
-19378.04981,4.080015924,19373.9698,-258.3385096,129.2099726,129.128374,2
-19895.22579,4.151355695,19891.07443,-265.2341513,132.6585081,132.5754826,2
-20384.12956,4.216796163,20379.91276,-271.7528807,135.9185285,135.8341941,2
-20844.06637,4.276244332,20839.79012,-277.8854345,138.9854013,138.8998777,2
-21274.38262,4.329615724,21270.053,-283.6230978,141.8547682,141.7681771,2
-21674.4668,4.376834496,21670.08997,-288.9577172,144.5225518,144.4350161,2
-22043.75039,4.417833546,22039.33255,-293.8817118,146.9849609,146.8966051,2
-22381.70859,4.452554612,22377.25604,-298.3880845,149.2384963,149.1494459,2
-22687.86117,4.480948356,22683.38022,-302.4704314,151.2799556,151.1903372,2
-22961.77305,4.502974426,22957.27008,-306.1229512,153.1064379,153.0163788,2
-23203.055,4.518601523,23198.5364,-309.3404536,154.7153475,154.6249758,2
-23411.36414,4.52780744,23406.83633,-312.1183663,156.1043981,156.0138421,2
-23586.40444,4.530579095,23581.87386,-314.4527417,157.2716159,157.1810043,2
-23727.92718,4.526912549,23723.40027,-316.3402625,158.2153421,158.1248037,2
-23835.73123,4.516813013,23831.21442,-317.7782465,158.9342356,158.843899,2
-23909.66341,4.500294839,23905.16311,-318.7646502,159.4272749,159.3372685,2
-23949.61864,4.477381499,23945.14126,-319.298072,159.6937593,159.6042111,2
-23955.54016,4.448105555,23951.09205,-319.3777537,159.7333101,159.6443473,2
-23927.41954,4.41250861,23923.00703,-319.0035821,159.5458712,159.4576201,2
-23865.29675,4.370641248,23860.92611,-318.176089,159.1317088,159.044295,2
-23769.26007,4.322562966,23764.9375,-316.8964502,158.4914116,158.4049592,2
-23639.44597,4.268342085,23635.17762,-315.1664843,157.6258894,157.5405212,2
-23476.03892,4.208055658,23471.83086,-312.9886495,156.5363722,156.4522096,2
-23279.27113,4.141789352,23275.12934,-310.3660407,155.2244083,155.1415708,2
-23049.42223,4.069637338,23045.35259,-307.3023849,153.6918619,153.6104674,2
-22786.81884,3.991702145,22782.82714,-303.8020355,151.9409111,151.8610751,2
-22491.83413,3.908094526,22487.92604,-299.8699668,149.9740438,149.8958799,2
-22164.8873,3.818933291,22161.06836,-295.5117664,147.7940553,147.7176744,2
-21806.44294,3.724345142,21802.7186,-290.7336277,145.4040433,145.3295541,2
-21417.01044,3.624464495,21413.38598,-285.5423406,142.8074042,142.7349125,2
-20997.1432,3.519433286,20993.62376,-279.9452821,140.007828,139.9374368,2
-20547.43786,3.40940077,20544.02846,-273.9504062,137.009293,136.9411023,2
-20068.53349,3.294523308,20065.23897,-267.5662317,133.8160603,133.750167,2
-19561.11064,3.174964149,19557.93567,-260.8018309,130.4326676,130.3691654,2
-19025.89038,3.050893192,19022.83948,-253.6668165,126.863923,126.8029021,2
-18463.63328,2.922486748,18460.7108,-246.1713276,123.1148978,123.056445,2
-17875.13836,2.789927291,17872.34843,-238.3260159,119.1909196,119.1351179,2
-17261.24188,2.653403195,17258.58848,-230.1420298,115.0975646,115.0444932,2
-16622.81624,2.513108468,16620.30313,-221.6309993,110.8406496,110.7903841,2
-15960.76866,2.369242476,15958.39942,-212.805019,106.426224,106.3788358,2
-15276.03996,2.22200966,15273.81795,-203.6766311,101.860561,101.8161173,2
-14569.60317,2.071619248,14567.53155,-194.2588076,97.15014847,97.1087125,2
-13842.46218,1.918284951,13840.54389,-184.5649317,92.30168029,92.26331094,2
-13095.65029,1.762224666,13093.88806,-174.608779,87.32204637,87.28679817,2
-12330.22876,1.603660164,12328.6251,-164.4044976,82.21832305,82.18624608,2
-11547.2853,1.442816773,11545.84249,-153.9665884,76.99776299,76.96890284,2
-10747.93252,1.279923059,10746.6526,-143.3098843,71.6677849,71.64218258,2
-9933.306344,1.115210506,9932.191134,-132.449529,66.23596296,66.21365485,2
-9104.564392,0.948913177,9103.615479,-121.4009557,60.7100161,60.6910339,2
-8262.884356,0.781267391,8262.103089,-110.1798649,55.09779698,55.08216767,2
-7409.462309,0.612511381,7408.849798,-98.80220256,49.40728088,49.39502666,2
-6545.511011,0.442884959,6545.068126,-87.28413687,43.64655433,43.63769262,2
-5672.258184,0.272629173,5671.985554,-75.64203564,37.82380363,37.81834703,2
-4790.944767,0.101985966,4790.842781,-63.89244294,31.94730324,31.9452595,2
-3902.823155,-0.068802168,3902.891957,-52.05205558,26.02540399,26.02677601,2
-3009.155419,-0.239492531,3009.394911,-40.13769941,20.06652121,20.07130704,2
-2111.211507,-0.409842562,2111.62135,-28.16630537,14.0791228,14.08731565,2
-1210.267449,-0.579610185,1210.847059,-16.15488546,8.071717197,8.083305409,2
-307.6035343,-0.748554149,308.3520885,-4.120508585,2.052841238,2.067808352,2
595.4975017,-0.916434377,-594.5810673,7.919723763,-3.968951921,-3.950627174,2
1497.752303,-1.083012302,-1496.669291,19.94870175,-9.985104982,-9.963448643,2
2397.878717,-1.248051206,-2396.630666,31.94933154,-15.98706866,-15.96211151,2
3294.597613,-1.411316562,-3293.186297,43.90455958,-21.96631384,-21.93809134,2
4186.634707,-1.57257636,-4185.06213,55.79739684,-27.91434369,-27.88289594,2
5072.722363,-1.731601441,-5070.990761,67.61094295,-33.82270573,-33.78807742,2
5951.601403,-1.888165821,-5949.713237,79.32841021,-39.68300385,-39.64524419,2
6822.022892,-2.042047014,-6819.980845,90.93314745,-45.48691025,-45.4460729,2
7682.749913,-2.193026347,-7680.556887,102.4086637,-51.22617726,-51.18232026,2
8532.559326,-2.340889269,-8530.218437,113.7386517,-56.89264908,-56.84583474,2
9370.243505,-2.48542566,-9367.75808,124.9070108,-62.47827332,-62.42856817,2
10194.61206,-2.626430125,-10191.98563,135.8978702,-67.97511252,-67.9225872,2
11004.4935,-2.763702289,-11001.7298,146.6956113,-73.37535537,-73.32008451,2
11798.73697,-2.89704708,-11795.83992,157.2848899,-78.67132782,-78.61338997,2
12576.21378,-3.026275009,-12573.1875,167.6506581,-83.85550401,-83.7949815,2
13335.8191,-3.151202437,-13332.6679,177.7781855,-88.92051693,-88.85749578,2
14076.47349,-3.271651832,-14073.20184,187.6530804,-93.85916894,-93.79373869,2
14797.12445,-3.387452031,-14793.737,197.2613099,-98.66444194,-98.59669557,2
15496.74788,-3.498438476,-15493.24944,206.5892204,-103.3295074,-103.2595411,2
16174.34959,-3.604453449,-16170.74513,215.6235563,-107.8477359,-107.7756493,2
16828.96665,-3.705346296,-16825.26131,224.3514793,-112.2127069,-112.1386023,2
17459.66884,-3.800973642,-17455.86787,232.7605866,-116.4182175,-116.3422002,2
18065.55988,-3.891199597,-18061.66868,240.8389284,-120.4582915,-120.3804695,2
18645.77878,-3.975895945,-18641.80288,248.5750248,-124.3271876,-124.2476716,2
19199.501,-4.054942328,-19195.44605,255.9578826,-128.019408,-127.9383109,2
19725.93968,-4.128226415,-19721.81145,262.9770102,-131.5297058,-131.4471429,2
20224.34672,-4.195644066,-20220.15107,269.622433,-134.8530927,-134.7691813,2
20694.01385,-4.257099478,-20689.75675,275.8847077,-137.984846,-137.8997054,2
21134.27366,-4.312505318,-21129.96116,281.754935,-140.9205152,-140.8342663,2
21544.50051,-4.361782853,-21540.13873,287.2247732,-143.6559287,-143.5686941,2
21924.11145,-4.404862055,-21919.70659,292.2864493,-146.1871993,-146.099103,2
22272.56702,-4.441681707,-22268.12534,296.9327703,-148.5107298,-148.421897,2
22589.37206,-4.472189487,-22584.89987,301.1571337,-150.6232185,-150.5337754,2
22874.07637,-4.49634204,-22869.58003,304.9535362,-152.5216633,-152.431737,2
23126.27536,-4.514105046,-23121.76125,308.3165831,-154.2033666,-154.1130848,2
23345.61065,-4.525453261,-23341.08519,311.2414953,-155.6659383,-155.5754295,2
23531.77054,-4.530370559,-23527.24017,313.7241162,-156.9073003,-156.8166929,2
23684.49051,-4.528849954,-23679.96166,315.7609181,-157.9256884,-157.8351113,2
23803.55351,-4.520893604,-23799.03262,317.3490064,-158.7196555,-158.6292374,2
23888.79037,-4.506512817,-23884.28386,318.4861243,-159.2880733,-159.1979426,2
23940.07994,-4.485728029,-23935.59422,319.1706561,-159.6301339,-159.5404188,2
23957.34936,-4.458568776,-23952.89079,319.4016289,-159.7453515,-159.6561794,2
23940.57407,-4.425073653,-23936.14899,319.1787145,-159.6335621,-159.5450598,2
23889.77791,-4.385290258,-23885.39262,318.5022297,-159.2949247,-159.2072179,2
23805.03307,-4.339275126,-23800.6938,317.3731358,-158.7299206,-158.6431339,2
23686.45998,-4.287093646,-23682.17288,315.7930373,-157.9393525,-157.8536093,2
23534.22713,-4.228819971,-23529.99831,313.7641796,-156.9243439,-156.8397661,2
23348.55085,-4.164536912,-23344.38632,311.2894459,-155.6863373,-155.603045,2
23129.69501,-4.094335818,-23125.60068,308.3723528,-154.2270918,-154.1452034,2
22877.97061,-4.018316449,-22873.95229,305.0170457,-152.5486813,-152.4683131,2
22593.73536,-3.936586832,-22589.79877,301.2282928,-150.6534907,-150.574757,2
22277.39317,-3.84926311,-22273.54391,297.0114779,-148.5442132,-148.4672259,2
21929.39359,-3.756469375,-21925.63712,292.3725935,-146.2238463,-146.1487147,2
21550.23114,-3.658337491,-21546.5728,287.3182316,-143.6956873,-143.6225182,2
21140.44463,-3.555006909,-21136.88963,281.8555748,-140.9633289,-140.8922263,2
20700.6164,-3.446624468,-20697.16977,275.9923858,-138.0306539,-137.9617188,2
20231.37145,-3.333344185,-20228.03811,269.7369965,-134.9018297,-134.8351601,2
19733.37662,-3.215327037,-19730.1613,263.0982961,-131.5813027,-131.5169934,2
19207.33958,-3.092740734,-19204.24684,256.0857187,-128.0737915,-128.0119337,2
18654.00787,-2.965759477,-18651.04211,248.7092295,-124.3842804,-124.3249621,2
18074.16778,-2.834563714,-18071.33322,240.9793109,-120.5180124,-120.461318,2
17468.64331,-2.69933988,-17465.94397,232.9069475,-116.4804817,-116.4264917,2
16838.29495,-2.560280136,-16835.73467,224.5036105,-112.2774259,-112.2262169,2
16184.01845,-2.417582095,-16181.60087,215.7812416,-107.9148177,-107.8664626,2
15506.74357,-2.271448537,-15504.47212,206.7522358,-103.3988566,-103.3534242,2
14807.43276,-2.122087126,-14805.31067,197.4294238,-98.73596017,-98.69351487,2
14087.07978,-1.969710114,-14085.11007,187.8260537,-93.93275449,-93.89335667,2
13346.70829,-1.814534035,-13344.89375,177.9557725,-88.99606523,-88.95977086,2
12587.37039,-1.656779405,-12585.71361,167.8326065,-83.93290769,-83.89976836,2
11810.14515,-1.4966704,-11808.64848,157.4709411,-78.7504769,-78.72053969,2
11016.13705,-1.334434545,-11014.80262,146.8855009,-73.45613736,-73.42944483,2
10206.47442,-1.170302385,-10205.30412,136.0913284,-68.05741264,-68.03400271,2
9382.307826,-1.004507162,-9381.303319,125.1037626,-62.56197461,-62.54188054,2
8544.808461,-0.837284479,-8543.971177,113.9384176,-56.97763259,-56.96088295,2
7695.166456,-0.668871968,-7694.497584,102.6111598,-51.31232224,-51.29894082,2
6834.589198,-0.499508954,-6834.089689,91.13808596,-45.57409427,-45.56410009,2
5964.299614,-0.329436111,-5963.970178,79.53549991,-39.77110302,-39.76451028,2
5085.534435,-0.158895121,-5085.37554,67.81988955,-33.91159485,-33.90841293,2
4199.542432,0.011871668,-4199.554304,56.00790343,-28.00389645,-28.00412986,2
3307.582651,0.182621587,-3307.765272,44.116327,-22.05640299,-22.0600514,2
2410.922613,0.35311199,-2411.275725,32.16205887,-16.07756616,-16.08462439,2
1510.836522,0.523100602,-1511.359623,20.16208669,-10.07588224,-10.08634026,2
608.6034501,0.692345859,-609.295796,8.133463076,-4.059879938,-4.073722878,2
-294.4944807,0.860607255,293.6338735,-3.906718631,1.961891678,1.944683484,2
-1197.173919,1.027645681,1196.146273,-15.94134868,7.980875337,7.960326343,2
-2098.152107,1.193223766,2096.958884,-27.95332519,13.98851774,13.96465714,2
-2996.148707,1.357106215,2994.791601,-39.92557851,19.97628169,19.9491434,2
-3889.887615,1.519060142,3888.368555,-51.84109539,25.93565825,25.90528084,2
-4778.09878,1.678855401,4776.419925,-63.68294323,31.85817882,31.82460545,2
-5659.520005,1.836264915,5657.68374,-75.43429413,37.73542717,37.69870556,2
-6532.898743,1.991064995,6530.907678,-87.07844877,43.55905142,43.51923374,2
-7396.993874,2.143035664,7394.850838,-98.59886017,49.32077588,49.27791871,2
-8250.577472,2.291960961,8248.285511,-109.9791572,55.01241281,54.96657706,2
-9092.436548,2.437629257,9089.998919,-121.2031678,60.62587409,60.5771249,2
-9921.374774,2.579833548,9918.794941,-132.2549421,66.15318269,66.10158933,2
-10736.21418,2.718371754,10733.49581,-143.1187749,71.586484,71.53211978,2
-11535.79685,2.853047006,11532.9438,-153.7792281,76.91805699,76.86099918,2
-12318.98651,2.983667921,12316.00284,-164.2211525,82.14032522,82.08065489,2
-13084.67022,3.110048882,13081.56017,-174.4297098,87.24586755,87.1836695,2
-13831.7599,3.232010292,13828.52789,-184.3903928,92.22742873,92.16279135,2
-14559.19388,3.349378839,14555.84451,-194.0890471,97.07792969,97.01094482,2
-15265.93846,3.461987736,15262.47648,-203.5118901,101.7904776,101.7212404,2
-15950.98931,3.569676958,15947.41963,-212.6455317,106.3583757,106.2869846,2
-16613.37292,3.672293474,16609.70063,-221.4769923,110.7751327,110.7016891,2
-17252.14803,3.76969146,17248.37834,-229.993722,115.0344721,114.9590805,2
-17866.40688,3.861732508,17862.54515,-238.183618,119.1303413,119.0531088,2
-18455.2766,3.948285823,18451.32831,-246.035042,123.0569198,122.977956,2
-19017.92036,4.029228408,19013.89113,-253.5368368,126.8086276,126.7280449,2
-19553.53861,4.104445239,19549.43416,-260.6783419,130.3801335,130.2980463,2
-20061.37021,4.173829429,20057.19638,-267.4494088,133.766362,133.682887,2
-20540.69351,4.237282379,20536.45623,-273.8404155,136.9625012,136.877757,2
-20990.82736,4.294713918,20986.53265,-279.8422799,139.9640092,139.8781162,2
-21411.1321,4.346042434,21406.78605,-285.4464732,142.7666207,142.679701,2
-21801.01044,4.391194986,21796.61925,-290.6450314,145.366353,145.2785301,2
-22159.90836,4.430107409,22155.47825,-295.4305671,147.7595118,147.6709105,2
-22487.31583,4.462724408,22482.85311,-299.7962797,149.9426962,149.8534424,2
-22782.7676,4.48899963,22778.2786,-303.7359655,151.9128039,151.8230244,2
-23045.84381,4.508895739,23041.33491,-307.2440259,153.6670351,153.5768576,2
-23276.17061,4.52238446,23271.64823,-310.3154756,155.2028971,155.1124496,2
-23473.4207,4.529446626,23468.89126,-312.9459502,156.5182073,156.4276184,2
-23637.31378,4.5300722,23632.78371,-315.1317113,157.6110965,157.520495,2
-23767.61694,4.524260293,23763.09268,-316.8696531,158.4800117,158.3895263,2
-23864.14501,4.512019165,23859.63299,-318.1573058,159.1237182,159.0334774,2
-23926.76083,4.493366211,23922.26747,-318.9928395,159.5413011,159.4514333,2
-23955.37542,4.468327938,23950.90709,-319.375067,159.7321672,159.6427999,2
-23949.9481,4.436939926,23945.51116,-319.303445,159.6960451,159.6073054,2
-23910.4866,4.39924678,23906.08735,-318.7780753,159.4329861,159.3450002,2
-23837.04698,4.355302063,23832.69168,-317.7997045,158.9433642,158.856257,2
-23729.73362,4.305168224,23725.42845,-316.369723,158.227875,158.1417704,2
-23588.69901,4.248916505,23584.4501,-314.4901628,157.2875354,157.2025557,2
-23414.14357,4.186626843,23409.95694,-312.1636948,156.1236816,156.0399475,2
-23206.31535,4.118387756,23202.19696,-309.3936252,154.7379675,154.6555981,2
-22965.50968,4.044296214,22961.46538,-306.1838903,153.1323623,153.0514746,2
-22692.06877,3.964457506,22688.10431,-302.5390513,151.3091476,151.2298565,2
-22386.38119,3.878985087,22382.5022,-298.4642878,149.2709143,149.1933326,2
-22048.88133,3.788000418,22045.09333,-293.9653902,147.0205589,146.9447967,2
-21680.04881,3.691632792,21676.35717,-289.0487517,144.5612793,144.4874443,2
-21280.40775,3.590019155,21276.81773,-283.7213591,141.8965701,141.8247673,2
-20850.52607,3.483303904,20847.04276,-277.9907829,139.0302182,138.9605495,2
-20391.01464,3.371638688,20387.64301,-271.8651666,135.9662967,135.8988612,2
-19902.52648,3.255182188,19899.27129,-265.3532151,132.7091596,132.6440532,2
-19385.75573,3.134099897,19382.62163,-258.4641821,129.2634356,129.2007507,2
-18841.43676,3.008563878,18838.4282,-251.2078573,125.6340212,125.5738469,2
-18270.34308,2.878752525,18267.46433,-243.5945525,121.826074,121.7684958,2
-17673.28625,2.744850308,17670.54139,-235.6350864,117.8450052,117.790105,2
-17051.1147,2.607047508,17048.50765,-227.34077,113.6964722,113.644328,2
-16404.71259,2.46553995,16402.24705,-218.7233899,109.3863703,109.3370562,2
-15734.99849,2.320528725,15732.67796,-209.795192,104.9208244,104.8744104,2
-15042.92409,2.172219903,15040.75187,-200.5688635,100.3061803,100.2627324,2
-14329.47287,2.020824237,14327.45204,-191.0575158,95.54899563,95.50857554,2
10282.69366,-10285.33553,2.64187064,68.52721714,-137.107439,68.58005128,2
11090.75715,-11093.53587,2.778715969,73.91351373,-147.8827701,73.96908487,2
11883.06007,-11885.97168,2.911612591,79.19477518,-158.4479517,79.25300435,2
12658.47651,-12661.51688,3.040371652,84.36349652,-168.7879701,84.42430097,2
13415.90456,-13419.06937,3.164810178,89.41233272,-178.8881315,89.47562604,2
14154.26788,-14157.55263,3.284751336,94.3341091,-188.7340831,94.39980135,2
14872.51721,-14875.91723,3.400024683,99.12183154,-198.3118333,99.18982938,2
15569.63187,-15573.14234,3.510466408,103.7686964,-207.6077715,103.8389032,2
16244.62124,-16248.23716,3.615919569,108.2681004,-216.6086877,108.3404163,2
16896.52611,-16900.24235,3.71623431,112.6136494,-225.3017911,112.6879717,2
17524.4201,-17528.23137,3.811268079,116.7991682,-233.6747283,116.8753914,2
18127.41092,-18131.31181,3.900885827,120.8187091,-241.715601,120.8967247,2
18704.64171,-18708.62667,3.984960204,124.6665599,-249.4129825,124.7462572,2
19255.29217,-19259.35554,4.063371733,128.3372527,-256.7559346,128.4185184,2
19778.57981,-19782.71582,4.136008989,131.8255713,-263.7340224,131.9082899,2
20273.761,-20277.96377,4.20276875,135.1265586,-270.3373297,135.2106124,2
20740.13207,-20744.39563,4.263556147,138.2355236,-276.5564729,138.3207933,2
21177.03028,-21181.34857,4.318284797,141.1480483,-282.3826143,141.2344128,2
21583.83477,-21588.20165,4.366876928,143.859994,-287.8074744,143.9473304,2
21959.96745,-21964.37671,4.409263487,146.3675067,-292.8233445,146.4556911,2
22304.89381,-22309.3392,4.445384243,148.6670232,-297.4230965,148.7559301,2
22618.1237,-22622.59889,4.475187864,150.7552757,-301.600194,150.8447789,2
22899.212,-22903.71063,4.498631998,152.6292968,-305.3487011,152.7192689,2
23147.75927,-23152.27495,4.51568333,154.2864232,-308.6632911,154.3767366,2
23363.4123,-23367.93862,4.526317629,155.7243002,-311.5392536,155.8148264,2
23545.86464,-23550.39516,4.530519782,156.9408845,-313.9725017,157.0314948,2
23694.85703,-23699.38531,4.52828382,157.9344471,-315.9595778,158.0250129,2
23810.17772,-23814.69733,4.519612918,158.7035763,-317.497658,158.7939688,2
23891.66285,-23896.16737,4.504519399,159.247179,-318.5845567,159.3372698,2
23939.19662,-23943.67964,4.483024711,159.5644827,-319.2187293,159.6541438,2
23952.71148,-23957.16664,4.4551594,159.6550366,-319.3992746,159.7441405,2
23932.18823,-23936.60919,4.420963064,159.518712,-319.1259361,159.6071321,2
23877.65602,-23882.03651,4.380484297,159.1557025,-318.3991021,159.2433132,2
23789.19237,-23793.52615,4.333780622,158.566524,-317.2198056,158.6532008,2
23666.92296,-23671.20388,4.280918409,157.7520139,-315.5897224,157.8376336,2
23511.02157,-23515.24354,4.221972775,156.7133295,-313.5111689,156.7977704,2
23321.70973,-23325.86675,4.157027487,155.4519469,-310.9870989,155.5350891,2
23099.25646,-23103.34263,4.086174836,153.9696586,-308.0210993,154.0513838,2
22843.97788,-22847.9874,4.009515507,152.2685709,-304.6173847,152.3487631,2
22556.23676,-22560.16392,3.927158437,150.3511013,-300.7807923,150.4296465,2
22236.442,-22240.28122,3.83922066,148.2199746,-296.5167738,148.2967611,2
21885.04803,-21888.79386,3.74582714,145.8782191,-291.8313888,145.9531379,2
21502.55422,-21506.20133,3.647110595,143.3291628,-286.7312954,143.4021074,2
21089.50409,-21093.0473,3.543211306,140.5764278,-281.2237412,140.6472945,2
20646.48463,-20649.91891,3.43427692,137.623926,-275.3165526,137.6926142,2
20174.12538,-20177.44585,3.320462238,134.4758532,-269.0181241,134.5422651,2
19673.0976,-19676.29953,3.201928998,131.1366827,-262.3374062,131.2007242,2
19144.11327,-19147.19212,3.078845642,127.6111599,-255.2838925,127.6727398,2
18587.92411,-18590.87549,2.951387078,123.9042946,-247.8676064,123.9633254,2
18005.32049,-18008.14022,2.819734431,120.0213546,-240.0990868,120.0777524,2
17397.13032,-17399.8144,2.684074787,115.9678576,-231.9893733,116.0215423,2
16764.21788,-16766.76248,2.544600926,111.749564,-223.5499902,111.8004593,2
16107.48257,-16109.88408,2.401511048,107.3724681,-214.7929304,107.4205017,2
15427.85764,-15430.11265,2.255008491,102.84279,-205.730638,102.8878937,2
14726.30889,-14728.41419,2.105301443,98.16696676,-196.3759912,98.20907635,2
14003.83324,-14005.78585,1.952602648,93.35164286,-186.7422833,93.39069854,2
13261.45738,-13263.25451,1.797129097,88.40366116,-176.8432044,88.43960744,2
12500.23627,-12501.87537,1.639101727,83.33005303,-166.6928216,83.36283882,2
11721.25163,-11722.73038,1.478745104,78.13802833,-156.3055592,78.16760704,2
10925.61046,-10926.92674,1.316287103,72.83496522,-145.6961781,72.86129481,2
10114.44339,-10115.59535,1.151958587,67.42839963,-134.8797547,67.4514427,2
9288.903147,-9289.88914,0.985993074,61.9260146,-123.8716599,61.94573839,2
8450.162864,-8450.98149,0.818626411,56.33562932,-112.6875366,56.35200581,2
7599.414437,-7600.064534,0.650096435,50.66518802,-101.3432781,50.67819394,2
6737.866827,-6738.347469,0.480642636,44.92274872,-89.85500534,44.93236558,2
5866.744338,-5867.054844,0.310505818,39.11647174,-78.23904367,39.12268587,2
4987.284886,-4987.424813,0.139927754,33.25460811,-66.51190004,33.25741068,2
4100.738228,-4100.707379,-0.030849155,27.34548786,-54.69023936,27.3448749,2
3208.364197,-3208.162615,-0.201582225,21.39750817,-42.79086086,21.39348055,2
2311.430905,-2311.058876,-0.372028836,15.41912146,-30.8306742,15.41168489,2
1411.212943,-1410.670997,-0.541946774,9.418823331,-18.82667546,9.407988391,2
508.9895708,-508.2784763,-0.711094576,3.405140538,-6.795922996,3.390922621,2
-393.9571038,394.8363357,-0.879231873,-2.613381145,5.244486851,-2.630961835,2
-1296.343944,1297.390064,-1.046119734,-8.628189071,17.277444,-8.64910755,2
-2196.888608,2198.100129,-1.211521001,-14.63073587,29.28584895,-14.65496241,2
-3094.311374,3095.686574,-1.375200631,-20.61249159,41.2526371,-20.63999177,2
-3987.336953,3988.873879,-1.536926026,-26.56495583,53.16080301,-26.59569057,2
-4874.696309,4876.392776,-1.696467364,-32.47966982,64.9934245,-32.51359543,2
-5755.128454,5756.982052,-1.853597929,-38.34822842,76.73368678,-38.3852967,2
-6627.382247,6629.390342,-2.008094431,-44.16229208,88.36490629,-44.20245037,2
-7490.218168,7492.377905,-2.15973732,-49.91359872,99.87055444,-49.95678993,2
-8342.410078,8344.718389,-2.308311105,-55.5939754,111.2342811,-55.64013816,2
-9182.746967,9185.200572,-2.453604653,-61.19535,122.4399377,-61.24441871,2
-10010.03467,10012.63008,-2.595411494,-66.70976265,133.4716005,-66.76166758,2
-10823.09757,10825.8311,-2.733530114,-72.12937709,144.3135928,-72.18404448,2
-11620.78025,11623.64801,-2.867764238,-77.44649173,154.9505076,-77.5038439,2
-12401.94917,12404.94709,-2.997923112,-82.65355067,165.3672293,-82.71350611,2
-13165.49424,13168.61806,-3.123821774,-87.74315439,175.548955,-87.80562791,2
-13910.33042,13913.5757,-3.245281313,-92.70807029,185.4812161,-92.77297311,2
-14635.39926,14638.76139,-3.362129131,-97.54124295,195.1498983,-97.60848283,2
-15339.6704,15343.1446,-3.474199179,-102.2358042,204.5412618,-102.3052856,2
-16022.14302,16025.72436,-3.581332199,-106.7850827,213.6419609,-106.8567069,2
-16681.84731,16685.53068,-3.683375951,-111.1826138,222.4390631,-111.256279,2
-17317.84577,17321.62596,-3.780185424,-115.4221483,230.9200673,-115.4977498,2
-17929.23464,17933.10626,-3.871623046,-119.4976616,239.0729214,-119.575092,2
-18515.14507,18519.10263,-3.957558881,-123.4033623,246.8860398,-123.4825115,2
-19074.74448,19078.78235,-4.037870807,-127.1336999,254.3483196,-127.2144555,2
-19607.23762,19611.35007,-4.112444698,-130.6833737,261.4491565,-130.7656209,2
-20111.86781,20116.04899,-4.181174581,-134.0473392,268.1784599,-134.1309611,2
-20587.91794,20592.1619,-4.243962785,-137.2208161,274.526667,-137.305694,2
-21034.7115,21039.01222,-4.300720086,-140.1992947,280.4847567,-140.2853079,2
-21451.61359,21455.96496,-4.351365829,-142.9785425,286.0442622,-143.0655687,2
-21838.03177,21842.4276,-4.395828043,-145.5546099,291.1972832,-145.6425255,2
-22193.41691,22197.85095,-4.434043544,-147.9238363,295.9364969,-148.0125163,2
-22517.26398,22521.72994,-4.465958027,-150.0828547,300.2551686,-150.1721732,2
-22809.11279,22813.60432,-4.491526139,-152.0285973,304.1471613,-152.1184273,2
-23068.54861,23073.05932,-4.510711547,-153.7582989,307.6069443,-153.8485127,2
-23295.20275,23299.72624,-4.523486987,-155.2695015,310.629601,-155.359971,2
-23488.75314,23493.28297,-4.529834304,-156.5600577,313.2108359,-156.6506543,2
-23648.92472,23653.45447,-4.529744479,-157.6281334,315.3469812,-157.7187284,2
-23775.48989,23780.01311,-4.523217639,-158.472211,317.0350011,-158.5626756,2
-23868.26879,23872.77905,-4.51026306,-159.0910909,318.272497,-159.1812965,2
-23927.12957,23931.62047,-4.490899149,-159.4838936,319.0577102,-159.5737121,2
-23951.98859,23956.45374,-4.465153426,-159.650061,319.389525,-159.7393647,2
-23942.81052,23947.24358,-4.433062475,-159.5893569,319.2674697,-159.678019,2
-23899.60841,23904.00308,-4.394671899,-159.3018676,318.691718,-159.389762,2
-23822.44364,23826.79368,-4.350036255,-158.7880017,317.6630878,-158.8750035,2
-23711.42589,23715.7251,-4.29921897,-158.0484893,316.183041,-158.1344749,2
-23566.71289,23570.95519,-4.242292261,-157.0843813,314.2536809,-157.1692286,2
-23388.51031,23392.68965,-4.179337022,-155.8970479,311.877749,-155.9806362,2
-23177.07138,23181.18182,-4.110442716,-154.4881762,309.0586218,-154.5703867,2
-22932.69656,22936.73227,-4.035707247,-152.8597683,305.8003054,-152.9404843,2
-22655.73312,22659.68836,-3.955236816,-151.0141384,302.10743,-151.0932451,2
-22346.57465,22350.44379,-3.869145778,-148.9539091,297.9852434,-149.0312941,2
-22005.66047,22009.43803,-3.777556472,-146.6820082,293.4396035,-146.7575615,2
-21633.47504,21637.15564,-3.680599051,-144.2016641,288.4769699,-144.2752784,2
-21230.54726,21234.12568,-3.578411298,-141.5164015,283.1043947,-141.5879722,2
-20797.44972,20800.92086,-3.471138426,-138.6300364,277.3295126,-138.6994617,2
-20334.79786,20338.15679,-3.358932877,-135.5466704,271.1605302,-135.6138518,2
-19843.24913,19846.49109,-3.2419541,-132.2706852,264.6062138,-132.3355271,2
-19323.50207,19326.62244,-3.120368329,-128.8067361,257.6758775,-128.8691464,2
-18776.29525,18779.2896,-2.994348344,-125.1597456,250.3793697,-125.2196356,2
-18202.40629,18205.27036,-2.864073226,-121.3348962,242.727059,-121.3921808,2
-17602.65071,17605.38044,-2.729728104,-117.3376233,234.72982,-117.3922211,2
-16977.8808,16980.47231,-2.591503889,-113.1736073,226.399017,-113.2254407,2
-16328.9844,16331.434,-2.449597004,-108.8487653,217.7464887,-108.8977606,2
-15656.88361,15659.18782,-2.304209108,-104.3692433,208.7845306,-104.4153309,2
-14962.53354,14964.68909,-2.155546805,-99.74140688,199.5258784,-99.78452136,2
-14246.92089,14248.92471,-2.003821352,-94.97183247,189.9836889,-95.01191251,2
-13511.06258,13512.91183,-1.84924836,-90.06729788,180.1715222,-90.10428653,2
-12756.00432,12757.69636,-1.692047483,-85.03477274,170.1033219,-85.06861742,2
-11982.81907,11984.35151,-1.532442116,-79.88140853,159.7933955,-79.91206116,2
-11192.60558,11193.97624,-1.370659064,-74.61452847,149.256394,-74.64194549,2
-10386.48679,10387.69372,-1.20692823,-69.24161708,138.5072909,-69.26575953,2
-9565.608234,9566.649716,-1.041482285,-63.77030957,127.5613614,-63.79114313,2
-8731.136423,8732.010979,-0.874556337,-58.20838095,116.4341602,-58.22587603,2
-7884.257189,7884.963577,-0.706387597,-52.56373504,105.1414997,-52.57786677,2
-7026.173995,7026.71121,-0.537215042,-46.84439319,93.69942741,-46.85514149,2
-6158.106223,6158.473502,-0.367279074,-41.05848289,82.12420308,-41.06583248,2
-5281.287445,5281.484266,-0.196821182,-35.21422624,70.43227576,-35.21816669,2
-4396.963668,4396.989752,-0.026083597,-29.31992825,58.64026033,-29.32045395,2
-3506.391566,3506.246875,0.144691054,-23.38396503,46.76491387,-23.38107524,2
-2610.836689,2610.521429,0.315260091,-17.41477193,34.82311192,-17.40847074,2
-1711.57167,1711.086289,0.485381127,-11.42083147,22.83182442,-11.41112785,2
-809.8744146,809.2196022,0.65481241,-5.410661395,10.80809164,-5.397569129,2
92.97371686,-93.79703002,0.823313168,0.607197529,-1.231000022,0.623659835,2
995.6897276,-996.6803715,0.990643953,6.624193593,-13.26834237,6.644002545,2
1896.990809,-1898.147376,1.156566978,12.63177632,-25.28682967,12.65490376,2
2795.596162,-2796.917009,1.320846459,18.62140859,-37.26938301,18.64782167,2
3690.22882,-3691.712069,1.483248945,24.58457883,-49.19897451,24.61424,2
4579.617462,-4581.261005,1.643543653,30.51281303,-61.05865158,30.54568016,2
5462.498216,-5464.299719,1.801502795,36.39768686,-72.83156097,36.43371322,2
6337.616461,-6339.573363,1.956901904,42.23083758,-84.50097272,42.26997199,2
7203.728607,-7205.838127,2.109520147,48.00397597,-96.05030396,48.04616282,2
8059.60386,-8061.863,2.259140648,53.70889809,-107.4631425,53.75407741,2
8904.025975,-8906.431525,2.405550785,59.33749692,-118.72327,59.38560453,2
9735.794981,-9738.343524,2.548542503,64.88177392,-129.8146852,64.93274145,2
10553.72889,-10556.4168,2.687912603,70.33385038,-140.7216267,70.38760539,2
11356.66537,-11359.48884,2.823463032,75.68597858,-151.428595,75.74244469,2
12143.46341,-12146.41842,2.955001166,80.93055286,-161.920375,80.98964983,2
12913.00493,-12916.08727,3.082340081,86.0601204,-172.1820573,86.12176425,2
13664.19636,-13667.40165,3.205298823,91.0673918,-182.1990595,91.13149493,2
14395.97021,-14399.29392,3.323702659,95.94525145,-191.9571469,96.01172277,2
15107.28661,-15110.72399,3.437383332,100.6867677,-201.4424526,100.7555127,2
15797.13472,-15800.6809,3.546179295,105.2852025,-210.6414976,105.3561235,2
16464.53424,-16468.18418,3.649935944,109.7340212,-219.5412095,109.8070175,2
17108.53676,-17112.28527,3.748505833,114.0269019,-228.1289413,114.1018698,2
17728.22711,-17732.06886,3.841748891,118.1577442,-236.3924894,118.234577,2
18322.72468,-18326.65422,3.929532613,122.1206778,-244.3201109,122.1992664,2
18891.18466,-18895.19639,4.011732255,125.9100713,-251.9005401,125.990304,2
19432.79923,-19436.88746,4.088231005,129.5205396,-259.1230048,129.6023025,2
19946.79873,-19950.95765,4.158920156,132.9469522,-265.9772416,133.030129,2
20432.45273,-20436.67643,4.223699253,136.1844399,-272.4535102,136.2689124,2
20889.0711,-20893.35358,4.282476243,139.228402,-278.5426074,139.3140502,2
21316.00496,-21320.34013,4.335167599,142.074513,-284.2358803,142.1612152,2
21712.64761,-21717.02931,4.381698446,144.7187283,-289.5252385,144.8063613,2
22078.4354,-22082.8574,4.422002658,147.1572904,-294.4031655,147.2457296,2
22412.84852,-22417.30455,4.456022964,149.3867339,-298.8627295,149.4758537,2
22715.41176,-22719.89547,4.483711016,151.4038907,-302.8975932,151.4935644,2
22985.69516,-22990.20019,4.50502747,153.2058943,-306.5020228,153.2959944,2
23223.31463,-23227.83457,4.519942034,154.7901839,-309.6708963,154.8805825,2
23427.93249,-23432.46092,4.528433512,156.1545082,-312.3997105,156.2450768,2
23599.25798,-23603.78847,4.530489839,157.2969284,-314.6845876,157.3875383,2
23737.04764,-23741.57374,4.526108092,158.2158211,-316.5222807,158.3063434,2
23841.10565,-23845.62094,4.515294497,158.9098804,-317.9101784,159.0001867,2
23911.28414,-23915.78221,4.498064422,159.3781201,-318.8463082,159.4680819,2
23947.48339,-23951.95784,4.474442352,159.6198748,-319.32934,159.7093643,2
23949.65196,-23954.09642,4.444461853,159.6348009,-319.3585874,159.7236909,2
23917.78676,-23922.19493,4.408165532,159.4228771,-318.9340087,159.5110414,2
23851.93308,-23856.29869,4.365604966,158.9844048,-318.0562073,159.071718,2
23752.1845,-23756.50134,4.316840636,158.3200069,-316.7264307,158.406345,2
23618.68276,-23622.9447,4.26194184,157.4306277,-314.9465685,157.5158679,2
23451.61758,-23455.81857,4.200986591,156.3175309,-312.71915,156.4015521,2
23251.22637,-23255.36043,4.13406151,154.9822983,-310.0473404,155.0649812,2
23017.7939,-23021.85516,4.061261702,153.4268274,-306.9349366,153.5080544,2
22751.65188,-22755.63457,3.982690618,151.6533286,-303.3863615,151.7329843,2
22453.17851,-22457.07697,3.898459913,149.6643221,-299.4066577,149.7422933,2
22122.79796,-22126.60665,3.808689284,147.4626344,-295.0014807,147.5388104,2
21760.97969,-21764.6932,3.713506298,145.0513942,-290.1770905,145.1256667,2
21368.23789,-21371.85093,3.613046217,142.4340281,-284.9403427,142.5062915,2
20945.13064,-20948.6381,3.507451799,139.6142554,-279.2986792,139.684407,2
20492.25923,-20495.6561,3.396873101,136.5960833,-273.2601169,136.6640234,2
20010.26719,-20013.54865,3.28146726,133.3838006,-266.833237,133.4494327,2
19499.83946,-19503.00086,3.161398275,129.9819722,-260.0271725,130.0452031,2
18961.7014,-18964.73823,3.036836769,126.3954324,-252.8515952,126.4561721,2
18396.61772,-18399.52568,2.907959752,122.6292777,-245.3167019,122.68744,2
17805.39144,-17808.16639,2.774950366,118.6888601,-237.4332001,118.7443623,2
17188.86272,-17191.50072,2.637997623,114.5797792,-229.2122928,114.6325424,2
16547.90769,-16550.40499,2.497296141,110.3078741,-220.6656623,110.3578234,2
15883.43718,-15885.79023,2.353045864,105.8792155,-211.8054538,105.9262798,2
15196.39544,-15198.60089,2.205451781,101.3000967,-202.6442581,101.3442092,2
14487.75878,-14489.81351,2.05472363,96.57702493,-193.1950939,96.61812299,2
13758.53423,-13760.4353,1.901075605,91.71671194,-183.4713889,91.7547371,2
13009.75805,-13011.50277,1.744726046,86.72606448,-173.486961,86.76096271,2
12242.49429,-12244.08018,1.585897137,81.61217453,-163.2559986,81.64389625,2
11457.83327,-11459.25809,1.424814581,76.38230923,-152.7930405,76.41080934,2
10656.89005,-10658.15175,1.261707286,71.04390048,-142.1129552,71.06913849,2
9840.802801,-9841.899608,1.096807035,65.60453446,-131.2309195,65.6264745,2
9010.731235,-9011.661583,0.930348162,60.07194081,-120.1623976,60.09055171,2
8167.854926,-8168.617493,0.762567213,54.45398164,-108.9231183,54.46923695,2
7313.371649,-7313.965352,0.593702614,48.75864038,-97.52905325,48.77051843,2
6448.495671,-6448.919665,0.423994332,42.99401043,-85.99639412,43.00249433,2
5574.456027,-5574.709711,0.25368353,37.16828364,-74.34152941,37.17336133,2
4692.494777,-4692.577789,0.08301223,31.28973868,-62.58102132,31.29140295,2
3803.865234,-3803.777457,-0.087777035,25.3667293,-50.73158217,25.36497778,2
2909.830191,-2909.571749,-0.258441564,19.4076724,-38.81005067,19.40250759,2
2011.66012,-2011.231381,-0.428738833,13.42103614,-26.83336796,13.41246537,2
1110.63137,-1110.032943,-0.598426841,7.415327846,-14.81855356,7.403363299,2
208.0243517,-207.2570873,-0.767264452,1.39908197,-2.782681196,1.383740648,2
-694.8782804,695.8132921,-0.935011737,-4.619152078,9.257145515,-4.637848375,2
-1596.793452,1597.894883,-1.10143032,-10.63082206,21.28381732,-10.65284676,2
-2496.439494,2497.705777,-1.266283711,-16.62738506,33.28024365,-16.65270687,2
-3392.537958,3393.967295,-1.429337643,-22.60031963,45.22937693,-22.62890257,2
-4283.815439,4285.4058,-1.590360407,-28.54113792,57.11423679,-28.57294136,2
-5169.005385,5170.754508,-1.749123183,-34.44139769,68.9179342,-34.47637644,2
-6046.849892,6048.755292,-1.905400359,-40.29271434,80.62369546,-40.3308187,2
-6916.101493,6918.160463,-2.058969857,-46.08677285,92.21488603,-46.12794866,2
-7775.524936,7777.73455,-2.209613446,-51.81533953,103.6750342,-51.85952828,2
-8623.898933,8626.25605,-2.357117053,-57.47027377,114.9878545,-57.51741268,2
-9460.017897,9462.519169,-2.501271068,-63.04353961,126.1372707,-63.09356168,2
-10282.69366,10285.33553,-2.64187064,-68.52721714,137.107439,-68.58005128,2
-11090.75715,11093.53587,-2.778715969,-73.91351373,147.8827701,-73.96908487,2
-11883.06007,11885.97168,-2.911612591,-79.19477518,158.4479517,-79.25300435,2
-12658.47651,12661.51688,-3.040371652,-84.36349652,168.7879701,-84.42430097,2
-13415.90456,13419.06937,-3.164810178,-89.41233272,178.8881315,-89.47562604,2
-14154.26788,14157.55263,-3.284751336,-94.3341091,188.7340831,-94.39980135,2
-14872.51721,14875.91723,-3.400024683,-99.12183154,198.3118333,-99.18982938,2
-15569.63187,15573.14234,-3.510466409,-103.7686964,207.6077715,-103.8389032,2
-16244.62124,16248.23716,-3.615919569,-108.2681004,216.6086877,-108.3404163,2
-16896.52611,16900.24235,-3.71623431,-112.6136494,225.3017911,-112.6879717,2
-17524.4201,17528.23137,-3.811268079,-116.7991682,233.6747283,-116.8753914,2
-18127.41092,18131.31181,-3.900885827,-120.8187091,241.715601,-120.8967247,2
-18704.64171,18708.62667,-3.984960203,-124.6665599,249.4129825,-124.7462572,2
-19255.29217,19259.35554,-4.063371733,-128.3372527,256.7559346,-128.4185184,2
-19778.57981,19782.71582,-4.136008989,-131.8255713,263.7340224,-131.9082899,2
-20273.761,20277.96377,-4.20276875,-135.1265586,270.3373297,-135.2106124,2
-20740.13207,20744.39563,-4.263556147,-138.2355236,276.5564729,-138.3207933,2
-21177.03028,21181.34857,-4.318284797,-141.1480483,282.3826143,-141.2344128,2
-21583.83477,21588.20165,-4.366876928,-143.859994,287.8074744,-143.9473304,2
-21959.96745,21964.37671,-4.409263487,-146.3675067,292.8233445,-146.4556911,2
-22304.89381,22309.3392,-4.445384243,-148.6670232,297.4230965,-148.7559301,2
-22618.1237,22622.59889,-4.475187864,-150.7552757,301.600194,-150.8447789,2
-22899.212,22903.71063,-4.498631998,-152.6292968,305.3487011,-152.7192689,2
-23147.75927,23152.27495,-4.51568333,-154.2864232,308.6632911,-154.3767366,2
-23363.4123,23367.93862,-4.526317629,-155.7243002,311.5392536,-155.8148264,2
-23545.86464,23550.39516,-4.530519782,-156.9408845,313.9725017,-157.0314948,2
-23694.85703,23699.38531,-4.52828382,-157.9344471,315.9595778,-158.0250129,2
-23810.17772,23814.69733,-4.519612918,-158.7035763,317.497658,-158.7939688,2
-23891.66285,23896.16737,-4.504519399,-159.247179,318.5845567,-159.3372698,2
-23939.19662,23943.67964,-4.483024711,-159.5644827,319.2187293,-159.6541438,2
-23952.71148,23957.16664,-4.4551594,-159.6550366,319.3992746,-159.7441405,2
-23932.18823,23936.60919,-4.420963064,-159.518712,319.1259361,-159.6071321,2
-23877.65602,23882.03651,-4.380484297,-159.1557025,318.3991021,-159.2433132,2
-23789.19237,23793.52615,-4.333780622,-158.566524,317.2198056,-158.6532008,2
-23666.92296,23671.20388,-4.280918408,-157.7520139,315.5897224,-157.8376336,2
-23511.02157,23515.24354,-4.221972775,-156.7133295,313.5111689,-156.7977704,2
-23321.70973,23325.86675,-4.157027488,-155.4519469,310.9870989,-155.5350891,2
-23099.25646,23103.34263,-4.086174836,-153.9696586,308.0210993,-154.0513838,2
-22843.97788,22847.9874,-4.009515507,-152.2685709,304.6173847,-152.3487631,2
-22556.23676,22560.16392,-3.927158437,-150.3511013,300.7807923,-150.4296465,2
-22236.442,22240.28122,-3.83922066,-148.2199746,296.5167738,-148.2967611,2
-21885.04803,21888.79386,-3.74582714,-145.8782191,291.8313888,-145.9531379,2
-21502.55422,21506.20133,-3.647110594,-143.3291628,286.7312954,-143.4021074,2
-21089.50409,21093.0473,-3.543211306,-140.5764278,281.2237412,-140.6472945,2
-20646.48463,20649.91891,-3.43427692,-137.623926,275.3165526,-137.6926142,2
-20174.12538,20177.44585,-3.320462238,-134.4758532,269.0181241,-134.5422651,2
-19673.0976,19676.29953,-3.201928998,-131.1366827,262.3374062,-131.2007242,2
-19144.11327,19147.19212,-3.078845642,-127.6111599,255.2838925,-127.6727398,2
-18587.92411,18590.87549,-2.951387078,-123.9042946,247.8676064,-123.9633254,2
-18005.32049,18008.14022,-2.819734431,-120.0213546,240.0990868,-120.0777524,2
-17397.13032,17399.8144,-2.684074787,-115.9678576,231.9893733,-116.0215423,2
-16764.21788,16766.76248,-2.544600926,-111.749564,223.5499902,-111.8004593,2
-16107.48257,16109.88408,-2.401511048,-107.3724681,214.7929304,-107.4205017,2
-15427.85764,15430.11265,-2.255008491,-102.84279,205.730638,-102.8878937,2
-14726.30889,14728.41419,-2.105301443,-98.16696676,196.3759912,-98.20907635,2
-14003.83324,14005.78585,-1.952602647,-93.35164286,186.7422833,-93.39069854,2
-13261.45738,13263.25451,-1.797129097,-88.40366116,176.8432044,-88.43960744,2
-12500.23627,12501.87537,-1.639101727,-83.33005303,166.6928216,-83.36283882,2
-11721.25163,11722.73038,-1.478745104,-78.13802833,156.3055592,-78.16760704,2
-10925.61046,10926.92674,-1.316287103,-72.83496522,145.6961781,-72.86129481,2
-10114.44339,10115.59535,-1.151958587,-67.42839963,134.8797547,-67.4514427,2
-9288.903147,9289.88914,-0.985993074,-61.9260146,123.8716599,-61.94573839,2
-8450.162864,8450.98149,-0.818626411,-56.33562932,112.6875366,-56.35200581,2
-7599.414437,7600.064534,-0.650096435,-50.66518802,101.3432781,-50.67819394,2
-6737.866827,6738.347469,-0.480642636,-44.92274872,89.85500534,-44.93236558,2
-5866.744338,5867.054844,-0.310505818,-39.11647174,78.23904367,-39.12268587,2
-4987.284886,4987.424813,-0.139927754,-33.25460811,66.51190004,-33.25741068,2
-4100.738228,4100.707379,0.030849155,-27.34548786,54.69023936,-27.3448749,2
-3208.364197,3208.162615,0.201582225,-21.39750817,42.79086086,-21.39348055,2
-2311.430905,2311.058876,0.372028836,-15.41912146,30.8306742,-15.41168489,2
-1411.212943,1410.670997,0.541946774,-9.418823331,18.82667546,-9.407988391,2
-508.9895708,508.2784763,0.711094575,-3.405140538,6.795922996,-3.390922621,2
393.9571038,-394.8363357,0.879231873,2.613381145,-5.244486851,2.630961835,2
1296.343944,-1297.390064,1.046119734,8.628189071,-17.277444,8.64910755,2
2196.888608,-2198.100129,1.211521001,14.63073587,-29.28584895,14.65496241,2
3094.311374,-3095.686574,1.375200631,20.61249159,-41.2526371,20.63999177,2
3987.336953,-3988.873879,1.536926026,26.56495583,-53.16080301,26.59569057,2
4874.696309,-4876.392776,1.696467364,32.47966982,-64.9934245,32.51359543,2
5755.128454,-5756.982052,1.85359793,38.34822842,-76.73368678,38.3852967,2
6627.382247,-6629.390342,2.008094431,44.16229208,-88.36490629,44.20245037,2
7490.218168,-7492.377905,2.15973732,49.91359872,-99.87055444,49.95678993,2
8342.410078,-8344.718389,2.308311105,55.5939754,-111.2342811,55.64013816,2
9182.746967,-9185.200572,2.453604653,61.19535,-122.4399377,61.24441871,2
10010.03467,-10012.63008,2.595411494,66.70976265,-133.4716005,66.76166758,2
10823.09757,-10825.8311,2.733530114,72.12937709,-144.3135928,72.18404448,2
11620.78025,-11623.64801,2.867764238,77.44649173,-154.9505076,77.5038439,2
12401.94917,-12404.94709,2.997923112,82.65355067,-165.3672293,82.71350611,2
13165.49424,-13168.61806,3.123821774,87.74315439,-175.548955,87.80562791,2
13910.33042,-13913.5757,3.245281313,92.70807029,-185.4812161,92.77297311,2
14635.39926,-14638.76139,3.362129131,97.54124295,-195.1498983,97.60848283,2
15339.6704,-15343.1446,3.474199178,102.2358042,-204.5412618,102.3052856,2
16022.14302,-16025.72436,3.581332199,106.7850827,-213.6419609,106.8567069,2
16681.84731,-16685.53068,3.683375951,111.1826138,-222.4390631,111.256279,2
17317.84577,-17321.62596,3.780185424,115.4221483,-230.9200673,115.4977498,2
17929.23464,-17933.10626,3.871623046,119.4976616,-239.0729214,119.575092,2
18515.14507,-18519.10263,3.957558881,123.4033623,-246.8860398,123.4825115,2
19074.74448,-19078.78235,4.037870807,127.1336999,-254.3483196,127.2144555,2
19607.23762,-19611.35007,4.112444699,130.6833737,-261.4491565,130.7656209,2
20111.86781,-20116.04899,4.181174581,134.0473392,-268.1784599,134.1309611,2
20587.91794,-20592.1619,4.243962785,137.2208161,-274.526667,137.305694,2
21034.7115,-21039.01222,4.300720086,140.1992947,-280.4847567,140.2853079,2
21451.61359,-21455.96496,4.351365829,142.9785425,-286.0442622,143.0655687,2
21838.03177,-21842.4276,4.395828043,145.5546099,-291.1972832,145.6425255,2
22193.41691,-22197.85095,4.434043544,147.9238363,-295.9364969,148.0125163,2
22517.26398,-22521.72994,4.465958027,150.0828547,-300.2551686,150.1721732,2
22809.11279,-22813.60432,4.491526139,152.0285973,-304.1471613,152.1184273,2
23068.54861,-23073.05932,4.510711547,153.7582989,-307.6069443,153.8485127,2
23295.20275,-23299.72624,4.523486987,155.2695015,-310.629601,155.359971,2
23488.75314,-23493.28297,4.529834304,156.5600577,-313.2108359,156.6506543,2
23648.92472,-23653.45447,4.529744479,157.6281334,-315.3469812,157.7187284,2
23775.48989,-23780.01311,4.523217639,158.472211,-317.0350011,158.5626756,2
23868.26879,-23872.77905,4.51026306,159.0910909,-318.272497,159.1812965,2
23927.12957,-23931.62047,4.490899149,159.4838936,-319.0577102,159.5737121,2
23951.98859,-23956.45374,4.465153426,159.650061,-319.389525,159.7393647,2
23942.81052,-23947.24358,4.433062475,159.5893569,-319.2674697,159.678019,2
23899.60841,-23904.00308,4.394671899,159.3018676,-318.691718,159.389762,2
23822.44364,-23826.79368,4.350036255,158.7880017,-317.6630878,158.8750035,2
23711.42589,-23715.7251,4.29921897,158.0484893,-316.183041,158.1344749,2
23566.71289,-23570.95519,4.242292261,157.0843813,-314.2536809,157.1692286,2
23388.51031,-23392.68965,4.179337022,155.8970479,-311.877749,155.9806362,2
23177.07138,-23181.18182,4.110442717,154.4881762,-309.0586218,154.5703867,2
22932.69656,-22936.73227,4.035707247,152.8597683,-305.8003054,152.9404843,2
22655.73312,-22659.68836,3.955236816,151.0141384,-302.10743,151.0932451,2
22346.57465,-22350.44379,3.869145778,148.9539091,-297.9852434,149.0312941,2
22005.66047,-22009.43803,3.777556472,146.6820082,-293.4396035,146.7575615,2
21633.47504,-21637.15564,3.680599051,144.2016641,-288.4769699,144.2752784,2
21230.54726,-21234.12568,3.578411298,141.5164015,-283.1043947,141.5879722,2
20797.44972,-20800.92086,3.471138426,138.6300364,-277.3295126,138.6994617,2
20334.79786,-20338.15679,3.358932877,135.5466704,-271.1605302,135.6138518,2
19843.24913,-19846.49109,3.2419541,132.2706852,-264.6062138,132.3355271,2
19323.50207,-19326.62244,3.12036833,128.8067361,-257.6758775,128.8691464,2
18776.29525,-18779.2896,2.994348345,125.1597456,-250.3793697,125.2196356,2
18202.40629,-18205.27036,2.864073227,121.3348962,-242.727059,121.3921808,2
17602.65071,-17605.38044,2.729728104,117.3376233,-234.72982,117.3922211,2
16977.8808,-16980.47231,2.591503889,113.1736073,-226.399017,113.2254407,2
16328.9844,-16331.434,2.449597004,108.8487653,-217.7464887,108.8977606,2
15656.88361,-15659.18782,2.304209108,104.3692433,-208.7845306,104.4153309,2
14962.53354,-14964.68909,2.155546805,99.74140688,-199.5258784,99.78452136,2
14246.92089,-14248.92471,2.003821352,94.97183247,-189.9836889,95.01191251,2
13511.06258,-13512.91183,1.84924836,90.06729788,-180.1715222,90.10428653,2
12756.00432,-12757.69636,1.692047484,85.03477274,-170.1033219,85.06861742,2
11982.81907,-11984.35151,1.532442116,79.88140853,-159.7933955,79.91206116,2
11192.60558,-11193.97624,1.370659064,74.61452847,-149.256394,74.64194549,2
10386.48679,-10387.69372,1.20692823,69.24161708,-138.5072909,69.26575953,2
9565.608234,-9566.649716,1.041482285,63.77030957,-127.5613614,63.79114313,2
8731.136423,-8732.010979,0.874556337,58.20838095,-116.4341602,58.22587603,2
7884.257189,-7884.963577,0.706387597,52.56373504,-105.1414997,52.57786677,2
7026.173995,-7026.71121,0.537215041,46.84439319,-93.69942741,46.85514149,2
6158.106223,-6158.473502,0.367279074,41.05848289,-82.12420308,41.06583248,2
5281.287445,-5281.484266,0.196821182,35.21422624,-70.43227576,35.21816669,2
4396.963668,-4396.989752,0.026083597,29.31992825,-58.64026033,29.32045395,2
3506.391566,-3506.246875,-0.144691054,23.38396503,-46.76491387,23.38107524,2
2610.836689,-2610.521429,-0.315260091,17.41477193,-34.82311192,17.40847074,2
1711.57167,-1711.086289,-0.485381127,11.42083147,-22.83182442,11.41112785,2
809.8744146,-809.2196022,-0.654812409,5.410661395,-10.80809164,5.397569129,2
-92.97371686,93.79703002,-0.823313168,-0.607197529,1.231000022,-0.623659835,2
-995.6897276,996.6803715,-0.990643953,-6.624193593,13.26834237,-6.644002545,2
-1896.990809,1898.147376,-1.156566979,-12.63177632,25.28682967,-12.65490376,2
-2795.596162,2796.917009,-1.32084646,-18.62140859,37.26938301,-18.64782167,2
-3690.22882,3691.712069,-1.483248945,-24.58457883,49.19897451,-24.61424,2
-4579.617462,4581.261005,-1.643543653,-30.51281303,61.05865158,-30.54568016,2
-5462.498216,5464.299719,-1.801502795,-36.39768686,72.83156097,-36.43371322,2
-6337.616461,6339.573363,-1.956901904,-42.23083758,84.50097272,-42.26997199,2
-7203.728607,7205.838127,-2.109520147,-48.00397597,96.05030396,-48.04616282,2
-8059.60386,8061.863,-2.259140647,-53.70889809,107.4631425,-53.75407741,2
-8904.025975,8906.431525,-2.405550785,-59.33749692,118.72327,-59.38560453,2
-9735.794981,9738.343524,-2.548542504,-64.88177392,129.8146852,-64.93274145,2
-10553.72889,10556.4168,-2.687912603,-70.33385038,140.7216267,-70.38760539,2
-11356.66537,11359.48884,-2.823463033,-75.68597858,151.428595,-75.74244469,2
-12143.46341,12146.41842,-2.955001166,-80.93055286,161.920375,-80.98964983,2
-12913.00493,12916.08727,-3.082340081,-86.0601204,172.1820573,-86.12176425,2
-13664.19636,13667.40165,-3.205298823,-91.0673918,182.1990595,-91.13149493,2
-14395.97021,14399.29392,-3.323702659,-95.94525145,191.9571469,-96.01172277,2
-15107.28661,15110.72399,-3.437383332,-100.6867677,201.4424526,-100.7555127,2
-15797.13472,15800.6809,-3.546179295,-105.2852025,210.6414976,-105.3561235,2
-16464.53424,16468.18418,-3.649935943,-109.7340212,219.5412095,-109.8070175,2
-17108.53676,17112.28527,-3.748505833,-114.0269019,228.1289413,-114.1018698,2
-17728.22711,17732.06886,-3.841748891,-118.1577442,236.3924894,-118.234577,2
-18322.72468,18326.65422,-3.929532613,-122.1206778,244.3201109,-122.1992664,2
-18891.18466,18895.19639,-4.011732255,-125.9100713,251.9005401,-125.990304,2
-19432.79923,19436.88746,-4.088231006,-129.5205396,259.1230048,-129.6023025,2
-19946.79873,19950.95765,-4.158920156,-132.9469522,265.9772416,-133.030129,2
-20432.45273,20436.67643,-4.223699253,-136.1844399,272.4535102,-136.2689124,2
-20889.0711,20893.35358,-4.282476243,-139.228402,278.5426074,-139.3140502,2
-21316.00496,21320.34013,-4.335167599,-142.074513,284.2358803,-142.1612152,2
-21712.64761,21717.02931,-4.381698446,-144.7187283,289.5252385,-144.8063613,2
-22078.4354,22082.8574,-4.422002659,-147.1572904,294.4031655,-147.2457296,2
-22412.84852,22417.30455,-4.456022964,-149.3867339,298.8627295,-149.4758537,2
-22715.41176,22719.89547,-4.483711016,-151.4038907,302.8975932,-151.4935644,2
-22985.69516,22990.20019,-4.50502747,-153.2058943,306.5020228,-153.2959944,2
-23223.31463,23227.83457,-4.519942034,-154.7901839,309.6708963,-154.8805825,2
-23427.93249,23432.46092,-4.528433513,-156.1545082,312.3997105,-156.2450768,2
-23599.25798,23603.78847,-4.530489839,-157.2969284,314.6845876,-157.3875383,2
-23737.04764,23741.57374,-4.526108092,-158.2158211,316.5222807,-158.3063434,2
-23841.10565,23845.62094,-4.515294497,-158.9098804,317.9101784,-159.0001867,2
-23911.28414,23915.78221,-4.498064422,-159.3781201,318.8463082,-159.4680819,2
-23947.48339,23951.95784,-4.474442352,-159.6198748,319.32934,-159.7093643,2
-23949.65196,23954.09642,-4.444461853,-159.6348009,319.3585874,-159.7236909,2
-23917.78676,23922.19493,-4.408165532,-159.4228771,318.9340087,-159.5110414,2
-23851.93308,23856.29869,-4.365604966,-158.9844048,318.0562073,-159.071718,2
-23752.1845,23756.50134,-4.316840636,-158.3200069,316.7264307,-158.406345,2
-23618.68276,23622.9447,-4.26194184,-157.4306277,314.9465685,-157.5158679,2
-23451.61758,23455.81857,-4.200986591,-156.3175309,312.71915,-156.4015521,2
-23251.22637,23255.36043,-4.13406151,-154.9822983,310.0473404,-155.0649812,2
-23017.7939,23021.85516,-4.061261702,-153.4268274,306.9349366,-153.5080544,2
-22751.65188,22755.63457,-3.982690618,-151.6533286,303.3863615,-151.7329843,2
-22453.17851,22457.07697,-3.898459913,-149.6643221,299.4066577,-149.7422933,2
-22122.79796,22126.60665,-3.808689284,-147.4626344,295.0014807,-147.5388104,2
-21760.97969,21764.6932,-3.713506298,-145.0513942,290.1770905,-145.1256667,2
-21368.23789,21371.85093,-3.613046217,-142.4340281,284.9403427,-142.5062915,2
-20945.13064,20948.6381,-3.5074518,-139.6142554,279.2986792,-139.684407,2
-20492.25923,20495.6561,-3.396873101,-136.5960833,273.2601169,-136.6640234,2
-20010.26719,20013.54865,-3.28146726,-133.3838006,266.833237,-133.4494327,2
-19499.83946,19503.00086,-3.161398275,-129.9819722,260.0271725,-130.0452031,2
-18961.7014,18964.73823,-3.036836769,-126.3954324,252.8515952,-126.4561721,2
-18396.61772,18399.52568,-2.907959752,-122.6292777,245.3167019,-122.68744,2
-17805.39144,17808.16639,-2.774950366,-118.6888601,237.4332001,-118.7443623,2
-17188.86272,17191.50072,-2.637997623,-114.5797792,229.2122928,-114.6325424,2
-16547.90769,16550.40499,-2.497296141,-110.3078741,220.6656623,-110.3578234,2
-15883.43718,15885.79023,-2.353045864,-105.8792155,211.8054538,-105.9262798,2
-15196.39544,15198.60089,-2.205451781,-101.3000967,202.6442581,-101.3442092,2
-14487.75878,14489.81351,-2.05472363,-96.57702493,193.1950939,-96.61812299,2
-13758.53423,13760.4353,-1.901075605,-91.71671194,183.4713889,-91.7547371,2
-13009.75805,13011.50277,-1.744726046,-86.72606448,173.486961,-86.76096271,2
-12242.49429,12244.08018,-1.585897137,-81.61217453,163.2559986,-81.64389625,2
-11457.83327,11459.25809,-1.424814581,-76.38230923,152.7930405,-76.41080934,2
-10656.89005,10658.15175,-1.261707286,-71.04390048,142.1129552,-71.06913849,2
-9840.802801,9841.899608,-1.096807035,-65.60453446,131.2309195,-65.6264745,2
-9010.731235,9011.661583,-0.930348162,-60.07194081,120.1623976,-60.09055171,2
-8167.854926,8168.617493,-0.762567213,-54.45398164,108.9231183,-54.46923695,2
-7313.371649,7313.965352,-0.593702614,-48.75864038,97.52905325,-48.77051843,2
-6448.495671,6448.919665,-0.423994332,-42.99401043,85.99639412,-43.00249433,2
-5574.456027,5574.709711,-0.25368353,-37.16828364,74.34152941,-37.17336133,2
-4692.494777,4692.577789,-0.08301223,-31.28973868,62.58102132,-31.29140295,2
-3803.865234,3803.777457,0.087777035,-25.3667293,50.73158217,-25.36497778,2
-2909.830191,2909.571749,0.258441564,-19.4076724,38.81005067,-19.40250759,2
-2011.66012,2011.231381,0.428738833,-13.42103614,26.83336796,-13.41246537,2
-1110.63137,1110.032943,0.598426841,-7.415327846,14.81855356,-7.403363299,2
-208.0243517,207.2570873,0.767264452,-1.39908197,2.782681196,-1.383740648,2
694.8782804,-695.8132921,0.935011737,4.619152078,-9.257145515,4.637848375,2
1596.793452,-1597.894883,1.10143032,10.63082206,-21.28381732,10.65284676,2
2496.439494,-2497.705777,1.266283711,16.62738506,-33.28024365,16.65270687,2
3392.537958,-3393.967295,1.429337642,22.60031963,-45.22937693,22.62890257,2
4283.815439,-4285.4058,1.590360407,28.54113792,-57.11423679,28.57294136,2
5169.005385,-5170.754508,1.749123183,34.44139769,-68.9179342,34.47637644,2
6046.849892,-6048.755292,1.905400359,40.29271434,-80.62369546,40.3308187,2
6916.101493,-6918.160463,2.058969857,46.08677285,-92.21488603,46.12794866,2
7775.524936,-7777.73455,2.209613446,51.81533953,-103.6750342,51.85952828,2
8623.898933,-8626.25605,2.357117053,57.47027377,-114.9878545,57.51741268,2
9460.017897,-9462.519169,2.501271068,63.04353961,-126.1372707,63.09356168,2
10282.69366,-10285.33553,2.64187064,68.52721714,-137.107439,68.58005128,2
11090.75715,-11093.53587,2.778715969,73.91351373,-147.8827701,73.96908487,2
11883.06007,-11885.97168,2.911612591,79.19477518,-158.4479517,79.25300435,2
12658.47651,-12661.51688,3.040371652,84.36349652,-168.7879701,84.42430097,2
13415.90456,-13419.06937,3.164810178,89.41233272,-178.8881315,89.47562604,2
14154.26788,-14157.55263,3.284751336,94.3341091,-188.7340831,94.39980135,2
14872.51721,-14875.91723,3.400024683,99.12183154,-198.3118333,99.18982938,2
15569.63187,-15573.14234,3.510466409,103.7686964,-207.6077715,103.8389032,2
16244.62124,-16248.23716,3.615919569,108.2681004,-216.6086877,108.3404163,2
16896.52611,-16900.24235,3.71623431,112.6136494,-225.3017911,112.6879717,2
17524.4201,-17528.23137,3.811268079,116.7991682,-233.6747283,116.8753914,2
18127.41092,-18131.31181,3.900885827,120.8187091,-241.715601,120.8967247,2
18704.64171,-18708.62667,3.984960203,124.6665599,-249.4129825,124.7462572,2
19255.29217,-19259.35554,4.063371733,128.3372527,-256.7559346,128.4185184,2
19778.57981,-19782.71582,4.136008989,131.8255713,-263.7340224,131.9082899,2
20273.761,-20277.96377,4.20276875,135.1265586,-270.3373297,135.2106124,2
20740.13207,-20744.39563,4.263556147,138.2355236,-276.5564729,138.3207933,2
21177.03028,-21181.34857,4.318284796,141.1480483,-282.3826143,141.2344128,2
21583.83477,-21588.20165,4.366876928,143.859994,-287.8074744,143.9473304,2
21959.96745,-21964.37671,4.409263488,146.3675067,-292.8233445,146.4556911,2
22304.89381,-22309.3392,4.445384243,148.6670232,-297.4230965,148.7559301,2
22618.1237,-22622.59889,4.475187864,150.7552757,-301.600194,150.8447789,2
22899.212,-22903.71063,4.498631998,152.6292968,-305.3487011,152.7192689,2
23147.75927,-23152.27495,4.51568333,154.2864232,-308.6632911,154.3767366,2
23363.4123,-23367.93862,4.526317629,155.7243002,-311.5392536,155.8148264,2
23545.86464,-23550.39516,4.530519782,156.9408845,-313.9725017,157.0314948,2
23694.85703,-23699.38531,4.52828382,157.9344471,-315.9595778,158.0250129,2
23810.17772,-23814.69733,4.519612918,158.7035763,-317.497658,158.7939688,2
23891.66285,-23896.16737,4.504519399,159.247179,-318.5845567,159.3372698,2
23939.19662,-23943.67964,4.483024711,159.5644827,-319.2187293,159.6541438,2
23952.71148,-23957.16664,4.4551594,159.6550366,-319.3992746,159.7441405,2
23932.18823,-23936.60919,4.420963064,159.518712,-319.1259361,159.6071321,2
23877.65602,-23882.03651,4.380484297,159.1557025,-318.3991021,159.2433132,2
23789.19237,-23793.52615,4.333780622,158.566524,-317.2198056,158.6532008,2
23666.92296,-23671.20388,4.280918409,157.7520139,-315.5897224,157.8376336,2
23511.02157,-23515.24354,4.221972775,156.7133295,-313.5111689,156.7977704,2
23321.70973,-23325.86675,4.157027487,155.4519469,-310.9870989,155.5350891,2
23099.25646,-23103.34263,4.086174836,153.9696586,-308.0210993,154.0513838,2
22843.97788,-22847.9874,4.009515507,152.2685709,-304.6173847,152.3487631,2
22556.23676,-22560.16392,3.927158437,150.3511013,-300.7807923,150.4296465,2
22236.442,-22240.28122,3.83922066,148.2199746,-296.5167738,148.2967611,2
21885.04803,-21888.79386,3.74582714,145.8782191,-291.8313888,145.9531379,2
21502.55422,-21506.20133,3.647110595,143.3291628,-286.7312954,143.4021074,2
21089.50409,-21093.0473,3.543211306,140.5764278,-281.2237412,140.6472945,2
20646.48463,-20649.91891,3.434276919,137.623926,-275.3165526,137.6926142,2
20174.12538,-20177.44585,3.320462238,134.4758532,-269.0181241,134.5422651,2
19673.0976,-19676.29953,3.201928998,131.1366827,-262.3374062,131.2007242,2
19144.11327,-19147.19212,3.078845642,127.6111599,-255.2838925,127.6727398,2
18587.92411,-18590.87549,2.951387078,123.9042946,-247.8676064,123.9633254,2
18005.32049,-18008.14022,2.819734431,120.0213546,-240.0990868,120.0777524,2
17397.13032,-17399.8144,2.684074787,115.9678576,-231.9893733,116.0215423,2
16764.21788,-16766.76248,2.544600926,111.749564,-223.5499902,111.8004593,2
16107.48257,-16109.88408,2.401511047,107.3724681,-214.7929304,107.4205017,2
15427.85764,-15430.11265,2.255008491,102.84279,-205.730638,102.8878937,2
14726.30889,-14728.41419,2.105301444,98.16696676,-196.3759912,98.20907635,2
14003.83324,-14005.78585,1.952602648,93.35164286,-186.7422833,93.39069854,2
13261.45738,-13263.25451,1.797129097,88.40366116,-176.8432044,88.43960744,2
12500.23627,-12501.87537,1.639101727,83.33005303,-166.6928216,83.36283882,2
11721.25163,-11722.73038,1.478745104,78.13802833,-156.3055592,78.16760704,2
10925.61046,-10926.92674,1.316287103,72.83496522,-145.6961781,72.86129481,2
10114.44339,-10115.59535,1.151958586,67.42839963,-134.8797547,67.4514427,2
9288.903147,-9289.88914,0.985993073,61.9260146,-123.8716599,61.94573839,2
8450.162864,-8450.98149,0.818626411,56.33562932,-112.6875366,56.35200581,2
7599.414437,-7600.064534,0.650096435,50.66518802,-101.3432781,50.67819394,2
6737.866827,-6738.347469,0.480642636,44.92274872,-89.85500534,44.93236558,2
5866.744338,-5867.054844,0.310505818,39.11647174,-78.23904367,39.12268587,2
4987.284886,-4987.424813,0.139927754,33.25460811,-66.51190004,33.25741068,2
4100.738228,-4100.707379,-0.030849154,27.34548786,-54.69023936,27.3448749,2
3208.364197,-3208.162615,-0.201582225,21.39750817,-42.79086086,21.39348055,2
2311.430905,-2311.058876,-0.372028836,15.41912146,-30.8306742,15.41168489,2
1411.212943,-1410.670997,-0.541946774,9.418823331,-18.82667546,9.407988391,2
508.9895708,-508.2784763,-0.711094576,3.405140538,-6.795922996,3.390922621,2
-393.9571038,394.8363357,-0.879231873,-2.613381145,5.244486851,-2.630961835,2
-1296.343944,1297.390064,-1.046119734,-8.628189071,17.277444,-8.64910755,2
-2196.888608,2198.100129,-1.211521001,-14.63073587,29.28584895,-14.65496241,2
-3094.311374,3095.686574,-1.375200631,-20.61249159,41.2526371,-20.63999177,2
-3987.336953,3988.873879,-1.536926025,-26.56495583,53.16080301,-26.59569057,2
-4874.696309,4876.392776,-1.696467364,-32.47966982,64.9934245,-32.51359543,2
-5755.128454,5756.982052,-1.85359793,-38.34822842,76.73368678,-38.3852967,2
-6627.382247,6629.390342,-2.008094431,-44.16229208,88.36490629,-44.20245037,2
-7490.218168,7492.377905,-2.15973732,-49.91359872,99.87055444,-49.95678993,2
-8342.410078,8344.718389,-2.308311105,-55.5939754,111.2342811,-55.64013816,2
-9182.746967,9185.200572,-2.453604653,-61.19535,122.4399377,-61.24441871,2
-10010.03467,10012.63008,-2.595411495,-66.70976265,133.4716005,-66.76166758,2
-10823.09757,10825.8311,-2.733530114,-72.12937709,144.3135928,-72.18404448,2
-11620.78025,11623.64801,-2.867764238,-77.44649173,154.9505076,-77.5038439,2
-12401.94917,12404.94709,-2.997923112,-82.65355067,165.3672293,-82.71350611,2
-13165.49424,13168.61806,-3.123821774,-87.74315439,175.548955,-87.80562791,2
-13910.33042,13913.5757,-3.245281313,-92.70807029,185.4812161,-92.77297311,2
-14635.39926,14638.76139,-3.362129131,-97.54124295,195.1498983,-97.60848283,2
-15339.6704,15343.1446,-3.474199178,-102.2358042,204.5412618,-102.3052856,2
-16022.14302,16025.72436,-3.581332199,-106.7850827,213.6419609,-106.8567069,2
-16681.84731,16685.53068,-3.683375951,-111.1826138,222.4390631,-111.256279,2
-17317.84577,17321.62596,-3.780185424,-115.4221483,230.9200673,-115.4977498,2
-17929.23464,17933.10626,-3.871623046,-119.4976616,239.0729214,-119.575092,2
-18515.14507,18519.10263,-3.957558881,-123.4033623,246.8860398,-123.4825115,2
-19074.74448,19078.78235,-4.037870807,-127.1336999,254.3483196,-127.2144555,2
-19607.23762,19611.35007,-4.112444699,-130.6833737,261.4491565,-130.7656209,2
-20111.86781,20116.04899,-4.181174581,-134.0473392,268.1784599,-134.1309611,2
-20587.91794,20592.1619,-4.243962785,-137.2208161,274.526667,-137.305694,2
-21034.7115,21039.01222,-4.300720086,-140.1992947,280.4847567,-140.2853079,2
-21451.61359,21455.96496,-4.351365829,-142.9785425,286.0442622,-143.0655687,2
-21838.03177,21842.4276,-4.395828042,-145.5546099,291.1972832,-145.6425255,2
-22193.41691,22197.85095,-4.434043544,-147.9238363,295.9364969,-148.0125163,2
-22517.26398,22521.72994,-4.465958027,-150.0828547,300.2551686,-150.1721732,2
-22809.11279,22813.60432,-4.491526139,-152.0285973,304.1471613,-152.1184273,2
-23068.54861,23073.05932,-4.510711547,-153.7582989,307.6069443,-153.8485127,2
-23295.20275,23299.72624,-4.523486987,-155.2695015,310.629601,-155.359971,2
-23488.75314,23493.28297,-4.529834304,-156.5600577,313.2108359,-156.6506543,2
-23648.92472,23653.45447,-4.529744479,-157.6281334,315.3469812,-157.7187284,2
-23775.48989,23780.01311,-4.523217639,-158.472211,317.0350011,-158.5626756,2
-23868.26879,23872.77905,-4.51026306,-159.0910909,318.272497,-159.1812965,2
-23927.12957,23931.62047,-4.490899149,-159.4838936,319.0577102,-159.5737121,2
-23951.98859,23956.45374,-4.465153426,-159.650061,319.389525,-159.7393647,2
-23942.81052,23947.24358,-4.433062475,-159.5893569,319.2674697,-159.678019,2
-23899.60841,23904.00308,-4.394671899,-159.3018676,318.691718,-159.389762,2
-23822.44364,23826.79368,-4.350036254,-158.7880017,317.6630878,-158.8750035,2
-23711.42589,23715.7251,-4.29921897,-158.0484893,316.183041,-158.1344749,2
-23566.71289,23570.95519,-4.242292261,-157.0843813,314.2536809,-157.1692286,2
-23388.51031,23392.68965,-4.179337022,-155.8970479,311.877749,-155.9806362,2
-23177.07138,23181.18182,-4.110442716,-154.4881762,309.0586218,-154.5703867,2
-22932.69656,22936.73227,-4.035707247,-152.8597683,305.8003054,-152.9404843,2
-22655.73312,22659.68836,-3.955236816,-151.0141384,302.10743,-151.0932451,2
-22346.57465,22350.44379,-3.869145778,-148.9539091,297.9852434,-149.0312941,2
-22005.66047,22009.43803,-3.777556472,-146.6820082,293.4396035,-146.7575615,2
-21633.47504,21637.15564,-3.680599051,-144.2016641,288.4769699,-144.2752784,2
-21230.54726,21234.12568,-3.578411298,-141.5164015,283.1043947,-141.5879722,2
-20797.44972,20800.92086,-3.471138426,-138.6300364,277.3295126,-138.6994617,2
-20334.79786,20338.15679,-3.358932877,-135.5466704,271.1605302,-135.6138518,2
-19843.24913,19846.49109,-3.2419541,-132.2706852,264.6062138,-132.3355271,2
-19323.50207,19326.62244,-3.120368329,-128.8067361,257.6758775,-128.8691464,2
-18776.29525,18779.2896,-2.994348344,-125.1597456,250.3793697,-125.2196356,2
-18202.40629,18205.27036,-2.864073227,-121.3348962,242.727059,-121.3921808,2
-17602.65071,17605.38044,-2.729728104,-117.3376233,234.72982,-117.3922211,2
-16977.8808,16980.47231,-2.591503888,-113.1736073,226.399017,-113.2254407,2
-16328.9844,16331.434,-2.449597004,-108.8487653,217.7464887,-108.8977606,2
-15656.88361,15659.18782,-2.304209108,-104.3692433,208.7845306,-104.4153309,2
-14962.53354,14964.68909,-2.155546805,-99.74140688,199.5258784,-99.78452136,2
-14246.92089,14248.92471,-2.003821352,-94.97183247,189.9836889,-95.01191251,2
-13511.06258,13512.91183,-1.849248359,-90.06729788,180.1715222,-90.10428653,2
-12756.00432,12757.69636,-1.692047484,-85.03477274,170.1033219,-85.06861742,2
-11982.81907,11984.35151,-1.532442116,-79.88140853,159.7933955,-79.91206116,2
-11192.60558,11193.97624,-1.370659064,-74.61452847,149.256394,-74.64194549,2
-10386.48679,10387.69372,-1.20692823,-69.24161708,138.5072909,-69.26575953,2
-9565.608234,9566.649716,-1.041482286,-63.77030957,127.5613614,-63.79114313,2
-8731.136423,8732.010979,-0.874556338,-58.20838095,116.4341602,-58.22587603,2
-7884.257189,7884.963577,-0.706387597,-52.56373504,105.1414997,-52.57786677,2
-7026.173995,7026.71121,-0.537215041,-46.84439319,93.69942741,-46.85514149,2
-6158.106223,6158.473502,-0.367279073,-41.05848289,82.12420308,-41.06583248,2
-5281.287445,5281.484266,-0.196821182,-35.21422624,70.43227576,-35.21816669,2
-4396.963668,4396.989752,-0.026083597,-29.31992825,58.64026033,-29.32045395,2
-3506.391566,3506.246875,0.144691054,-23.38396503,46.76491387,-23.38107524,2
-2610.836689,2610.521429,0.315260092,-17.41477193,34.82311192,-17.40847074,2
-1711.57167,1711.086289,0.485381127,-11.42083147,22.83182442,-11.41112785,2
-809.8744146,809.2196022,0.654812409,-5.410661395,10.80809164,-5.397569129,2
92.97371686,-93.79703002,0.823313167,0.607197529,-1.231000022,0.623659835,2
995.6897276,-996.6803715,0.990643953,6.624193593,-13.26834237,6.644002545,2
1896.990809,-1898.147376,1.156566979,12.63177632,-25.28682967,12.65490376,2
2795.596162,-2796.917009,1.320846459,18.62140859,-37.26938301,18.64782167,2
3690.22882,-3691.712069,1.483248945,24.58457883,-49.19897451,24.61424,2
4579.617462,-4581.261005,1.643543653,30.51281303,-61.05865158,30.54568016,2
5462.498216,-5464.299719,1.801502796,36.39768686,-72.83156097,36.43371322,2
6337.616461,-6339.573363,1.956901904,42.23083758,-84.50097272,42.26997199,2
7203.728607,-7205.838127,2.109520147,48.00397597,-96.05030396,48.04616282,2
8059.60386,-8061.863,2.259140647,53.70889809,-107.4631425,53.75407741,2
8904.025975,-8906.431525,2.405550785,59.33749692,-118.72327,59.38560453,2
9735.794981,-9738.343524,2.548542503,64.88177392,-129.8146852,64.93274145,2
10553.72889,-10556.4168,2.687912603,70.33385038,-140.7216267,70.38760539,2
11356.66537,-11359.48884,2.823463032,75.68597858,-151.428595,75.74244469,2
12143.46341,-12146.41842,2.955001166,80.93055286,-161.920375,80.98964983,2
12913.00493,-12916.08727,3.082340081,86.0601204,-172.1820573,86.12176425,2
13664.19636,-13667.40165,3.205298823,91.0673918,-182.1990595,91.13149493,2
14395.97021,-14399.29392,3.323702659,95.94525145,-191.9571469,96.01172277,2
15107.28661,-15110.72399,3.437383332,100.6867677,-201.4424526,100.7555127,2
15797.13472,-15800.6809,3.546179295,105.2852025,-210.6414976,105.3561235,2
16464.53424,-16468.18418,3.649935944,109.7340212,-219.5412095,109.8070175,2
17108.53676,-17112.28527,3.748505833,114.0269019,-228.1289413,114.1018698,2
17728.22711,-17732.06886,3.841748891,118.1577442,-236.3924894,118.234577,2
18322.72468,-18326.65422,3.929532613,122.1206778,-244.3201109,122.1992664,2
18891.18466,-18895.19639,4.011732255,125.9100713,-251.9005401,125.990304,2
19432.79923,-19436.88746,4.088231005,129.5205396,-259.1230048,129.6023025,2
19946.79873,-19950.95765,4.158920156,132.9469522,-265.9772416,133.030129,2
20432.45273,-20436.67643,4.223699253,136.1844399,-272.4535102,136.2689124,2
20889.0711,-20893.35358,4.282476243,139.228402,-278.5426074,139.3140502,2
21316.00496,-21320.34013,4.335167599,142.074513,-284.2358803,142.1612152,2
21712.64761,-21717.02931,4.381698445,144.7187283,-289.5252385,144.8063613,2
22078.4354,-22082.8574,4.422002659,147.1572904,-294.4031655,147.2457296,2
22412.84852,-22417.30455,4.456022963,149.3867339,-298.8627295,149.4758537,2
22715.41176,-22719.89547,4.483711016,151.4038907,-302.8975932,151.4935644,2
22985.69516,-22990.20019,4.505027471,153.2058943,-306.5020228,153.2959944,2
23223.31463,-23227.83457,4.519942034,154.7901839,-309.6708963,154.8805825,2
23427.93249,-23432.46092,4.528433512,156.1545082,-312.3997105,156.2450768,2
23599.25798,-23603.78847,4.530489839,157.2969284,-314.6845876,157.3875383,2
23737.04764,-23741.57374,4.526108092,158.2158211,-316.5222807,158.3063434,2
23841.10565,-23845.62094,4.515294497,158.9098804,-317.9101784,159.0001867,2
23911.28414,-23915.78221,4.498064422,159.3781201,-318.8463082,159.4680819,2
23947.48339,-23951.95784,4.474442352,159.6198748,-319.32934,159.7093643,2
23949.65196,-23954.09642,4.444461854,159.6348009,-319.3585874,159.7236909,2
23917.78676,-23922.19493,4.408165532,159.4228771,-318.9340087,159.5110414,2
23851.93308,-23856.29869,4.365604965,158.9844048,-318.0562073,159.071718,2
23752.1845,-23756.50134,4.316840636,158.3200069,-316.7264307,158.406345,2
23618.68276,-23622.9447,4.26194184,157.4306277,-314.9465685,157.5158679,2
23451.61758,-23455.81857,4.200986591,156.3175309,-312.71915,156.4015521,2
23251.22637,-23255.36043,4.13406151,154.9822983,-310.0473404,155.0649812,2
23017.7939,-23021.85516,4.061261701,153.4268274,-306.9349366,153.5080544,2
22751.65188,-22755.63457,3.982690618,151.6533286,-303.3863615,151.7329843,2
22453.17851,-22457.07697,3.898459914,149.6643221,-299.4066577,149.7422933,2
22122.79796,-22126.60665,3.808689284,147.4626344,-295.0014807,147.5388104,2
21760.97969,-21764.6932,3.713506298,145.0513942,-290.1770905,145.1256667,2
21368.23789,-21371.85093,3.613046217,142.4340281,-284.9403427,142.5062915,2
20945.13064,-20948.6381,3.5074518,139.6142554,-279.2986792,139.684407,2
20492.25923,-20495.6561,3.396873101,136.5960833,-273.2601169,136.6640234,2
20010.26719,-20013.54865,3.28146726,133.3838006,-266.833237,133.4494327,2
19499.83946,-19503.00086,3.161398274,129.9819722,-260.0271725,130.0452031,2
18961.7014,-18964.73823,3.036836769,126.3954324,-252.8515952,126.4561721,2
18396.61772,-18399.52568,2.907959752,122.6292777,-245.3167019,122.68744,2
17805.39144,-17808.16639,2.774950366,118.6888601,-237.4332001,118.7443623,2
17188.86272,-17191.50072,2.637997623,114.5797792,-229.2122928,114.6325424,2
16547.90769,-16550.40499,2.497296141,110.3078741,-220.6656623,110.3578234,2
15883.43718,-15885.79023,2.353045865,105.8792155,-211.8054538,105.9262798,2
15196.39544,-15198.60089,2.205451781,101.3000967,-202.6442581,101.3442092,2
14487.75878,-14489.81351,2.05472363,96.57702493,-193.1950939,96.61812299,2
13758.53423,-13760.4353,1.901075605,91.71671194,-183.4713889,91.7547371,2
13009.75805,-13011.50277,1.744726046,86.72606448,-173.486961,86.76096271,2
12242.49429,-12244.08018,1.585897137,81.61217453,-163.2559986,81.64389625,2
11457.83327,-11459.25809,1.424814581,76.38230923,-152.7930405,76.41080934,2
10656.89005,-10658.15175,1.261707286,71.04390048,-142.1129552,71.06913849,2
9840.802801,-9841.899608,1.096807035,65.60453446,-131.2309195,65.6264745,2
9010.731235,-9011.661583,0.930348162,60.07194081,-120.1623976,60.09055171,2
8167.854926,-8168.617493,0.762567213,54.45398164,-108.9231183,54.46923695,2
7313.371649,-7313.965352,0.593702614,48.75864038,-97.52905325,48.77051843,2
6448.495671,-6448.919665,0.423994332,42.99401043,-85.99639412,43.00249433,2
5574.456027,-5574.709711,0.25368353,37.16828364,-74.34152941,37.17336133,2
4692.494777,-4692.577789,0.08301223,31.28973868,-62.58102132,31.29140295,2
3803.865234,-3803.777457,-0.087777035,25.3667293,-50.73158217,25.36497778,2
2909.830191,-2909.571749,-0.258441564,19.4076724,-38.81005067,19.40250759,2
2011.66012,-2011.231381,-0.428738833,13.42103614,-26.83336796,13.41246537,2
1110.63137,-1110.032943,-0.598426841,7.415327846,-14.81855356,7.403363299,2
208.0243517,-207.2570873,-0.767264451,1.39908197,-2.782681196,1.383740648,2
-694.8782804,695.8132921,-0.935011738,-4.619152078,9.257145515,-4.637848375,2
-1596.793452,1597.894883,-1.10143032,-10.63082206,21.28381732,-10.65284676,2
-2496.439494,2497.705777,-1.266283711,-16.62738506,33.28024365,-16.65270687,2
-3392.537958,3393.967295,-1.429337643,-22.60031963,45.22937693,-22.62890257,2
-4283.815439,4285.4058,-1.590360407,-28.54113792,57.11423679,-28.57294136,2
-5169.005385,5170.754508,-1.749123183,-34.44139769,68.9179342,-34.47637644,2
-6046.849892,6048.755292,-1.905400359,-40.29271434,80.62369546,-40.3308187,2
-6916.101493,6918.160463,-2.058969857,-46.08677285,92.21488603,-46.12794866,2
-7775.524936,7777.73455,-2.209613446,-51.81533953,103.6750342,-51.85952828,2
-8623.898933,8626.25605,-2.357117053,-57.47027377,114.9878545,-57.51741268,2
-9460.017897,9462.519169,-2.501271068,-63.04353961,126.1372707,-63.09356168,2
-10282.69366,10285.33553,-2.64187064,-68.52721714,137.107439,-68.58005128,2
-11090.75715,11093.53587,-2.778715969,-73.91351373,147.8827701,-73.96908487,2
-11883.06007,11885.97168,-2.911612591,-79.19477518,158.4479517,-79.25300435,2
-12658.47651,12661.51688,-3.040371652,-84.36349652,168.7879701,-84.42430097,2
-13415.90456,13419.06937,-3.164810178,-89.41233272,178.8881315,-89.47562604,2
-14154.26788,14157.55263,-3.284751336,-94.3341091,188.7340831,-94.39980135,2
-14872.51721,14875.91723,-3.400024683,-99.12183154,198.3118333,-99.18982938,2
-15569.63187,15573.14234,-3.510466409,-103.7686964,207.6077715,-103.8389032,2
-16244.62124,16248.23716,-3.615919569,-108.2681004,216.6086877,-108.3404163,2
-16896.52611,16900.24235,-3.71623431,-112.6136494,225.3017911,-112.6879717,2
-17524.4201,17528.23137,-3.811268079,-116.7991682,233.6747283,-116.8753914,2
-18127.41092,18131.31181,-3.900885828,-120.8187091,241.715601,-120.8967247,2
-18704.64171,18708.62667,-3.984960203,-124.6665599,249.4129825,-124.7462572,2
-19255.29217,19259.35554,-4.063371733,-128.3372527,256.7559346,-128.4185184,2
-19778.57981,19782.71582,-4.136008989,-131.8255713,263.7340224,-131.9082899,2
-20273.761,20277.96377,-4.20276875,-135.1265586,270.3373297,-135.2106124,2
-20740.13207,20744.39563,-4.263556147,-138.2355236,276.5564729,-138.3207933,2
-21177.03028,21181.34857,-4.318284797,-141.1480483,282.3826143,-141.2344128,2
-21583.83477,21588.20165,-4.366876927,-143.859994,287.8074744,-143.9473304,2
-21959.96745,21964.37671,-4.409263488,-146.3675067,292.8233445,-146.4556911,2
-22304.89381,22309.3392,-4.445384243,-148.6670232,297.4230965,-148.7559301,2
-22618.1237,22622.59889,-4.475187864,-150.7552757,301.600194,-150.8447789,2
-22899.212,22903.71063,-4.498631998,-152.6292968,305.3487011,-152.7192689,2
-23147.75927,23152.27495,-4.51568333,-154.2864232,308.6632911,-154.3767366,2
-23363.4123,23367.93862,-4.526317629,-155.7243002,311.5392536,-155.8148264,2
-23545.86464,23550.39516,-4.530519783,-156.9408845,313.9725017,-157.0314948,2
-23694.85703,23699.38531,-4.52828382,-157.9344471,315.9595778,-158.0250129,2
-23810.17772,23814.69733,-4.519612918,-158.7035763,317.497658,-158.7939688,2
-23891.66285,23896.16737,-4.504519399,-159.247179,318.5845567,-159.3372698,2
-23939.19662,23943.67964,-4.483024711,-159.5644827,319.2187293,-159.6541438,2
-23952.71148,23957.16664,-4.4551594,-159.6550366,319.3992746,-159.7441405,2
-23932.18823,23936.60919,-4.420963064,-159.518712,319.1259361,-159.6071321,2
-23877.65602,23882.03651,-4.380484297,-159.1557025,318.3991021,-159.2433132,2
-23789.19237,23793.52615,-4.333780623,-158.566524,317.2198056,-158.6532008,2
-23666.92296,23671.20388,-4.280918408,-157.7520139,315.5897224,-157.8376336,2
-23511.02157,23515.24354,-4.221972775,-156.7133295,313.5111689,-156.7977704,2
-23321.70973,23325.86675,-4.157027487,-155.4519469,310.9870989,-155.5350891,2
-23099.25646,23103.34263,-4.086174836,-153.9696586,308.0210993,-154.0513838,2
-22843.97788,22847.9874,-4.009515507,-152.2685709,304.6173847,-152.3487631,2
-22556.23676,22560.16392,-3.927158437,-150.3511013,300.7807923,-150.4296465,2
-22236.442,22240.28122,-3.83922066,-148.2199746,296.5167738,-148.2967611,2
-21885.04803,21888.79386,-3.74582714,-145.8782191,291.8313888,-145.9531379,2
-21502.55422,21506.20133,-3.647110595,-143.3291628,286.7312954,-143.4021074,2
-21089.50409,21093.0473,-3.543211306,-140.5764278,281.2237412,-140.6472945,2
-20646.48463,20649.91891,-3.43427692,-137.623926,275.3165526,-137.6926142,2
-20174.12538,20177.44585,-3.320462238,-134.4758532,269.0181241,-134.5422651,2
-19673.0976,19676.29953,-3.201928998,-131.1366827,262.3374062,-131.2007242,2
-19144.11327,19147.19212,-3.078845642,-127.6111599,255.2838925,-127.6727398,2
-18587.92411,18590.87549,-2.951387078,-123.9042946,247.8676064,-123.9633254,2
-18005.32049,18008.14022,-2.819734431,-120.0213546,240.0990868,-120.0777524,2
-17397.13032,17399.8144,-2.684074787,-115.9678576,231.9893733,-116.0215423,2
-16764.21788,16766.76248,-2.544600926,-111.749564,223.5499902,-111.8004593,2
-16107.48257,16109.88408,-2.401511048,-107.3724681,214.7929304,-107.4205017,2
-15427.85764,15430.11265,-2.255008491,-102.84279,205.730638,-102.8878937,2
-14726.30889,14728.41419,-2.105301443,-98.16696676,196.3759912,-98.20907635,2
-14003.83324,14005.78585,-1.952602648,-93.35164286,186.7422833,-93.39069854,2
-13261.45738,13263.25451,-1.797129097,-88.40366116,176.8432044,-88.43960744,2
-12500.23627,12501.87537,-1.639101727,-83.33005303,166.6928216,-83.36283882,2
-11721.25163,11722.73038,-1.478745104,-78.13802833,156.3055592,-78.16760704,2
-10925.61046,10926.92674,-1.316287103,-72.83496522,145.6961781,-72.86129481,2
-10114.44339,10115.59535,-1.151958587,-67.42839963,134.8797547,-67.4514427,2
-9288.903147,9289.88914,-0.985993074,-61.9260146,123.8716599,-61.94573839,2
-8450.162864,8450.98149,-0.818626411,-56.33562932,112.6875366,-56.35200581,2
-7599.414437,7600.064534,-0.650096435,-50.66518802,101.3432781,-50.67819394,2
-6737.866827,6738.347469,-0.480642636,-44.92274872,89.85500534,-44.93236558,2
-5866.744338,5867.054844,-0.310505818,-39.11647174,78.23904367,-39.12268587,2
-4987.284886,4987.424813,-0.139927754,-33.25460811,66.51190004,-33.25741068,2
-4100.738228,4100.707379,0.030849155,-27.34548786,54.69023936,-27.3448749,2
-3208.364197,3208.162615,0.201582225,-21.39750817,42.79086086,-21.39348055,2
-2311.430905,2311.058876,0.372028836,-15.41912146,30.8306742,-15.41168489,2
-1411.212943,1410.670997,0.541946774,-9.418823331,18.82667546,-9.407988391,2
-508.9895708,508.2784763,0.711094576,-3.405140538,6.795922996,-3.390922621,2
393.9571038,-394.8363357,0.879231873,2.613381145,-5.244486851,2.630961835,2
1296.343944,-1297.390064,1.046119734,8.628189071,-17.277444,8.64910755,2
2196.888608,-2198.100129,1.211521001,14.63073587,-29.28584895,14.65496241,2
3094.311374,-3095.686574,1.375200631,20.61249159,-41.2526371,20.63999177,2
3987.336953,-3988.873879,1.536926026,26.56495583,-53.16080301,26.59569057,2
4874.696309,-4876.392776,1.696467364,32.47966982,-64.9934245,32.51359543,2
5755.128454,-5756.982052,1.853597929,38.34822842,-76.73368678,38.3852967,2
6627.382247,-6629.390342,2.008094431,44.16229208,-88.36490629,44.20245037,2
7490.218168,-7492.377905,2.15973732,49.91359872,-99.87055444,49.95678993,2
8342.410078,-8344.718389,2.308311105,55.5939754,-111.2342811,55.64013816,2
9182.746967,-9185.200572,2.453604653,61.19535,-122.4399377,61.24441871,2
10010.03467,-10012.63008,2.595411494,66.70976265,-133.4716005,66.76166758,2
10823.09757,-10825.8311,2.733530114,72.12937709,-144.3135928,72.18404448,2
11620.78025,-11623.64801,2.867764238,77.44649173,-154.9505076,77.5038439,2
12401.94917,-12404.94709,2.997923112,82.65355067,-165.3672293,82.71350611,2
13165.49424,-13168.61806,3.123821774,87.74315439,-175.548955,87.80562791,2
13910.33042,-13913.5757,3.245281313,92.70807029,-185.4812161,92.77297311,2
14635.39926,-14638.76139,3.362129131,97.54124295,-195.1498983,97.60848283,2
15339.6704,-15343.1446,3.474199179,102.2358042,-204.5412618,102.3052856,2
16022.14302,-16025.72436,3.581332199,106.7850827,-213.6419609,106.8567069,2
16681.84731,-16685.53068,3.683375951,111.1826138,-222.4390631,111.256279,2
17317.84577,-17321.62596,3.780185424,115.4221483,-230.9200673,115.4977498,2
17929.23464,-17933.10626,3.871623046,119.4976616,-239.0729214,119.575092,2
18515.14507,-18519.10263,3.957558881,123.4033623,-246.8860398,123.4825115,2
19074.74448,-19078.78235,4.037870807,127.1336999,-254.3483196,127.2144555,2
19607.23762,-19611.35007,4.112444699,130.6833737,-261.4491565,130.7656209,2
20111.86781,-20116.04899,4.181174581,134.0473392,-268.1784599,134.1309611,2
20587.91794,-20592.1619,4.243962785,137.2208161,-274.526667,137.305694,2
21034.7115,-21039.01222,4.300720086,140.1992947,-280.4847567,140.2853079,2
21451.61359,-21455.96496,4.351365829,142.9785425,-286.0442622,143.0655687,2
21838.03177,-21842.4276,4.395828043,145.5546099,-291.1972832,145.6425255,2
22193.41691,-22197.85095,4.434043544,147.9238363,-295.9364969,148.0125163,2
22517.26398,-22521.72994,4.465958027,150.0828547,-300.2551686,150.1721732,2
22809.11279,-22813.60432,4.491526139,152.0285973,-304.1471613,152.1184273,2
23068.54861,-23073.05932,4.510711547,153.7582989,-307.6069443,153.8485127,2
23295.20275,-23299.72624,4.523486987,155.2695015,-310.629601,155.359971,2
23488.75314,-23493.28297,4.529834304,156.5600577,-313.2108359,156.6506543,2
23648.92472,-23653.45447,4.529744479,157.6281334,-315.3469812,157.7187284,2
23775.48989,-23780.01311,4.523217639,158.472211,-317.0350011,158.5626756,2
23868.26879,-23872.77905,4.51026306,159.0910909,-318.272497,159.1812965,2
23927.12957,-23931.62047,4.490899149,159.4838936,-319.0577102,159.5737121,2
23951.98859,-23956.45374,4.465153426,159.650061,-319.389525,159.7393647,2
23942.81052,-23947.24358,4.433062474,159.5893569,-319.2674697,159.678019,2
23899.60841,-23904.00308,4.394671899,159.3018676,-318.691718,159.389762,2
23822.44364,-23826.79368,4.350036254,158.7880017,-317.6630878,158.8750035,2
23711.42589,-23715.7251,4.29921897,158.0484893,-316.183041,158.1344749,2
23566.71289,-23570.95519,4.242292261,157.0843813,-314.2536809,157.1692286,2
23388.51031,-23392.68965,4.179337022,155.8970479,-311.877749,155.9806362,2
23177.07138,-23181.18182,4.110442716,154.4881762,-309.0586218,154.5703867,2
22932.69656,-22936.73227,4.035707247,152.8597683,-305.8003054,152.9404843,2
22655.73312,-22659.68836,3.955236816,151.0141384,-302.10743,151.0932451,2
22346.57465,-22350.44379,3.869145778,148.9539091,-297.9852434,149.0312941,2
22005.66047,-22009.43803,3.777556472,146.6820082,-293.4396035,146.7575615,2
21633.47504,-21637.15564,3.680599051,144.2016641,-288.4769699,144.2752784,2
21230.54726,-21234.12568,3.578411298,141.5164015,-283.1043947,141.5879722,2
20797.44972,-20800.92086,3.471138426,138.6300364,-277.3295126,138.6994617,2
20334.79786,-20338.15679,3.358932877,135.5466704,-271.1605302,135.6138518,2
19843.24913,-19846.49109,3.2419541,132.2706852,-264.6062138,132.3355271,2
19323.50207,-19326.62244,3.12036833,128.8067361,-257.6758775,128.8691464,2
18776.29525,-18779.2896,2.994348345,125.1597456,-250.3793697,125.2196356,2
18202.40629,-18205.27036,2.864073227,121.3348962,-242.727059,121.3921808,2
17602.65071,-17605.38044,2.729728104,117.3376233,-234.72982,117.3922211,2
16977.8808,-16980.47231,2.591503889,113.1736073,-226.399017,113.2254407,2
16328.9844,-16331.434,2.449597004,108.8487653,-217.7464887,108.8977606,2
15656.88361,-15659.18782,2.304209108,104.3692433,-208.7845306,104.4153309,2
14962.53354,-14964.68909,2.155546805,99.74140688,-199.5258784,99.78452136,2
14246.92089,-14248.92471,2.003821352,94.97183247,-189.9836889,95.01191251,2
13511.06258,-13512.91183,1.84924836,90.06729788,-180.1715222,90.10428653,2
12756.00432,-12757.69636,1.692047484,85.03477274,-170.1033219,85.06861742,2
11982.81907,-11984.35151,1.532442116,79.88140853,-159.7933955,79.91206116,2
11192.60558,-11193.97624,1.370659064,74.61452847,-149.256394,74.64194549,2
10386.48679,-10387.69372,1.20692823,69.24161708,-138.5072909,69.26575953,2
9565.608234,-9566.649716,1.041482286,63.77030957,-127.5613614,63.79114313,2
8731.136423,-8732.010979,0.874556338,58.20838095,-116.4341602,58.22587603,2
7884.257189,-7884.963577,0.706387597,52.56373504,-105.1414997,52.57786677,2
7026.173995,-7026.71121,0.537215041,46.84439319,-93.69942741,46.85514149,2
6158.106223,-6158.473502,0.367279074,41.05848289,-82.12420308,41.06583248,2
5281.287445,-5281.484266,0.196821182,35.21422624,-70.43227576,35.21816669,2
4396.963668,-4396.989752,0.026083597,29.31992825,-58.64026033,29.32045395,2
3506.391566,-3506.246875,-0.144691054,23.38396503,-46.76491387,23.38107524,2
2610.836689,-2610.521429,-0.315260091,17.41477193,-34.82311192,17.40847074,2
1711.57167,-1711.086289,-0.485381127,11.42083147,-22.83182442,11.41112785,2
809.8744146,-809.2196022,-0.654812409,5.410661395,-10.80809164,5.397569129,2
-92.97371686,93.79703002,-0.823313168,-0.607197529,1.231000022,-0.623659835,2
-995.6897276,996.6803715,-0.990643953,-6.624193593,13.26834237,-6.644002545,2
-1896.990809,1898.147376,-1.156566979,-12.63177632,25.28682967,-12.65490376,2
-2795.596162,2796.917009,-1.320846459,-18.62140859,37.26938301,-18.64782167,2
-3690.22882,3691.712069,-1.483248945,-24.58457883,49.19897451,-24.61424,2
-4579.617462,4581.261005,-1.643543653,-30.51281303,61.05865158,-30.54568016,2
-5462.498216,5464.299719,-1.801502795,-36.39768686,72.83156097,-36.43371322,2
-6337.616461,6339.573363,-1.956901904,-42.23083758,84.50097272,-42.26997199,2
-7203.728607,7205.838127,-2.109520147,-48.00397597,96.05030396,-48.04616282,2
-8059.60386,8061.863,-2.259140647,-53.70889809,107.4631425,-53.75407741,2
-8904.025975,8906.431525,-2.405550785,-59.33749692,118.72327,-59.38560453,2
-9735.794981,9738.343524,-2.548542503,-64.88177392,129.8146852,-64.93274145,2
-10553.72889,10556.4168,-2.687912603,-70.33385038,140.7216267,-70.38760539,2
-11356.66537,11359.48884,-2.823463033,-75.68597858,151.428595,-75.74244469,2
-12143.46341,12146.41842,-2.955001166,-80.93055286,161.920375,-80.98964983,2
-12913.00493,12916.08727,-3.082340081,-86.0601204,172.1820573,-86.12176425,2
-13664.19636,13667.40165,-3.205298823,-91.0673918,182.1990595,-91.13149493,2
-14395.97021,14399.29392,-3.323702659,-95.94525145,191.9571469,-96.01172277,2
-15107.28661,15110.72399,-3.437383332,-100.6867677,201.4424526,-100.7555127,2
-15797.13472,15800.6809,-3.546179295,-105.2852025,210.6414976,-105.3561235,2
-16464.53424,16468.18418,-3.649935943,-109.7340212,219.5412095,-109.8070175,2
-17108.53676,17112.28527,-3.748505833,-114.0269019,228.1289413,-114.1018698,2
-17728.22711,17732.06886,-3.841748891,-118.1577442,236.3924894,-118.234577,2
-18322.72468,18326.65422,-3.929532613,-122.1206778,244.3201109,-122.1992664,2
-18891.18466,18895.19639,-4.011732255,-125.9100713,251.9005401,-125.990304,2
-19432.79923,19436.88746,-4.088231006,-129.5205396,259.1230048,-129.6023025,2
-19946.79873,19950.95765,-4.158920156,-132.9469522,265.9772416,-133.030129,2
-20432.45273,20436.67643,-4.223699253,-136.1844399,272.4535102,-136.2689124,2
-20889.0711,20893.35358,-4.282476243,-139.228402,278.5426074,-139.3140502,2
-21316.00496,21320.34013,-4.335167599,-142.074513,284.2358803,-142.1612152,2
-21712.64761,21717.02931,-4.381698446,-144.7187283,289.5252385,-144.8063613,2
-22078.4354,22082.8574,-4.422002658,-147.1572904,294.4031655,-147.2457296,2
-22412.84852,22417.30455,-4.456022964,-149.3867339,298.8627295,-149.4758537,2
-22715.41176,22719.89547,-4.483711016,-151.4038907,302.8975932,-151.4935644,2
-22985.69516,22990.20019,-4.50502747,-153.2058943,306.5020228,-153.2959944,2
-23223.31463,23227.83457,-4.519942034,-154.7901839,309.6708963,-154.8805825,2
-23427.93249,23432.46092,-4.528433513,-156.1545082,312.3997105,-156.2450768,2
-23599.25798,23603.78847,-4.530489839,-157.2969284,314.6845876,-157.3875383,2
-23737.04764,23741.57374,-4.526108092,-158.2158211,316.5222807,-158.3063434,2
-23841.10565,23845.62094,-4.515294497,-158.9098804,317.9101784,-159.0001867,2
-23911.28414,23915.78221,-4.498064422,-159.3781201,318.8463082,-159.4680819,2
-23947.48339,23951.95784,-4.474442352,-159.6198748,319.32934,-159.7093643,2
-23949.65196,23954.09642,-4.444461853,-159.6348009,319.3585874,-159.7236909,2
-23917.78676,23922.19493,-4.408165532,-159.4228771,318.9340087,-159.5110414,2
-23851.93308,23856.29869,-4.365604966,-158.9844048,318.0562073,-159.071718,2
-23752.1845,23756.50134,-4.316840636,-158.3200069,316.7264307,-158.406345,2
-23618.68276,23622.9447,-4.26194184,-157.4306277,314.9465685,-157.5158679,2
-23451.61758,23455.81857,-4.200986591,-156.3175309,312.71915,-156.4015521,2
-23251.22637,23255.36043,-4.13406151,-154.9822983,310.0473404,-155.0649812,2
-23017.7939,23021.85516,-4.061261702,-153.4268274,306.9349366,-153.5080544,2
-22751.65188,22755.63457,-3.982690618,-151.6533286,303.3863615,-151.7329843,2
-22453.17851,22457.07697,-3.898459913,-149.6643221,299.4066577,-149.7422933,2
-22122.79796,22126.60665,-3.808689284,-147.4626344,295.0014807,-147.5388104,2
-21760.97969,21764.6932,-3.713506298,-145.0513942,290.1770905,-145.1256667,2
-21368.23789,21371.85093,-3.613046217,-142.4340281,284.9403427,-142.5062915,2
-20945.13064,20948.6381,-3.5074518,-139.6142554,279.2986792,-139.684407,2
-20492.25923,20495.6561,-3.396873101,-136.5960833,273.2601169,-136.6640234,2
-20010.26719,20013.54865,-3.28146726,-133.3838006,266.833237,-133.4494327,2
-19499.83946,19503.00086,-3.161398275,-129.9819722,260.0271725,-130.0452031,2
-18961.7014,18964.73823,-3.036836769,-126.3954324,252.8515952,-126.4561721,2
-18396.61772,18399.52568,-2.907959753,-122.6292777,245.3167019,-122.68744,2
-17805.39144,17808.16639,-2.774950366,-118.6888601,237.4332001,-118.7443623,2
-17188.86272,17191.50072,-2.637997623,-114.5797792,229.2122928,-114.6325424,2
-16547.90769,16550.40499,-2.497296141,-110.3078741,220.6656623,-110.3578234,2
-15883.43718,15885.79023,-2.353045865,-105.8792155,211.8054538,-105.9262798,2
-15196.39544,15198.60089,-2.205451781,-101.3000967,202.6442581,-101.3442092,2
-14487.75878,14489.81351,-2.05472363,-96.57702493,193.1950939,-96.61812299,2
-13758.53423,13760.4353,-1.901075604,-91.71671194,183.4713889,-91.7547371,2
-13009.75805,13011.50277,-1.744726047,-86.72606448,173.486961,-86.76096271,2
-12242.49429,12244.08018,-1.585897137,-81.61217453,163.2559986,-81.64389625,2
-11457.83327,11459.25809,-1.424814581,-76.38230923,152.7930405,-76.41080934,2
-10656.89005,10658.15175,-1.261707286,-71.04390048,142.1129552,-71.06913849,2
-9840.802801,9841.899608,-1.096807035,-65.60453446,131.2309195,-65.6264745,2
-9010.731235,9011.661583,-0.930348162,-60.07194081,120.1623976,-60.09055171,2
-8167.854926,8168.617493,-0.762567213,-54.45398164,108.9231183,-54.46923695,2
-7313.371649,7313.965352,-0.593702614,-48.75864038,97.52905325,-48.77051843,2
-6448.495671,6448.919665,-0.423994332,-42.99401043,85.99639412,-43.00249433,2
-5574.456027,5574.709711,-0.25368353,-37.16828364,74.34152941,-37.17336133,2
-4692.494777,4692.577789,-0.08301223,-31.28973868,62.58102132,-31.29140295,2
-3803.865234,3803.777457,0.087777035,-25.3667293,50.73158217,-25.36497778,2
-2909.830191,2909.571749,0.258441564,-19.4076724,38.81005067,-19.40250759,2
-2011.66012,2011.231381,0.428738833,-13.42103614,26.83336796,-13.41246537,2
-1110.63137,1110.032943,0.598426841,-7.415327846,14.81855356,-7.403363299,2
-208.0243517,207.2570873,0.767264452,-1.39908197,2.782681196,-1.383740648,2
694.8782804,-695.8132921,0.935011737,4.619152078,-9.257145515,4.637848375,2
1596.793452,-1597.894883,1.101430321,10.63082206,-21.28381732,10.65284676,2
2496.439494,-2497.705777,1.266283711,16.62738506,-33.28024365,16.65270687,2
3392.537958,-3393.967295,1.429337643,22.60031963,-45.22937693,22.62890257,2
4283.815439,-4285.4058,1.590360408,28.54113792,-57.11423679,28.57294136,2
5169.005385,-5170.754508,1.749123183,34.44139769,-68.9179342,34.47637644,2
6046.849892,-6048.755292,1.905400359,40.29271434,-80.62369546,40.3308187,2
6916.101493,-6918.160463,2.058969857,46.08677285,-92.21488603,46.12794866,2
7775.524936,-7777.73455,2.209613446,51.81533953,-103.6750342,51.85952828,2
8623.898933,-8626.25605,2.357117053,57.47027377,-114.9878545,57.51741268,2
9460.017897,-9462.519169,2.501271068,63.04353961,-126.1372707,63.09356168,2
6887.474319,-22775.20941,15887.73509,-27.77008952,-165.5066341,289.9836091,2
7431.696045,-23350.67983,15918.98378,-25.09481912,-173.716038,293.284386,2
7965.356924,-23892.96765,15927.61073,-22.38388762,-181.6785819,296.1683897,2
8487.698596,-24401.30226,15913.60367,-19.64114738,-189.3829505,298.631522,2
8997.978783,-24874.96129,15876.98251,-16.870496,-196.8181957,300.6702825,2
9495.472349,-25313.27164,15817.79929,-14.07587073,-203.9737514,302.2817741,2
9979.47233,-25715.61044,15736.13811,-11.26124287,-210.8394493,303.4637067,2
10449.29094,-26081.40595,15632.11501,-8.430612163,-217.4055327,304.2144009,2
10904.26053,-26410.13835,15505.87783,-5.5880011,-223.6626711,304.5327897,2
11343.73457,-26701.34051,15357.60594,-2.737449181,-229.6019725,304.4184207,2
11767.08854,-26954.5986,15187.51006,0.116992803,-235.2149969,303.8714566,2
12173.72083,-27169.55273,14995.83189,2.971268534,-240.493768,302.8926744,2
12563.05361,-27345.89743,14782.84383,5.82132193,-245.4307843,301.4834652,2
12934.53359,-27483.38213,14548.84854,8.663102908,-250.0190299,299.6458315,2
13287.6329,-27581.81143,14294.17853,11.49257314,-254.2519849,297.3823847,2
13621.84975,-27641.04547,14019.19572,14.3057118,-258.1236339,294.6963412,2
13936.70921,-27661.00007,13724.29086,17.09852126,-261.6284751,291.5915181,2
14231.76384,-27641.64687,13409.88303,19.86703279,-264.7615279,288.0723275,2
14506.59435,-27583.01338,13076.41903,22.60731218,-267.51834,284.1437703,2
14760.81021,-27485.18293,12724.37272,25.31546534,-269.894994,279.8114293,2
14994.05014,-27348.29452,12354.24438,27.98764383,-271.8881125,275.081461,2
15205.98271,-27172.54269,11966.55998,30.62005036,-273.494863,269.9605869,2
15396.30674,-26958.17719,11561.87045,33.20894411,-274.7129624,264.4560839,2
15564.75178,-26705.50264,11140.75086,35.75064614,-275.5406796,258.5757745,2
15711.07846,-26414.87812,10703.79966,38.24154455,-275.9768384,252.3280146,2
15835.07883,-26086.7166,10251.63777,40.67809962,-276.0208191,245.7216829,2
15936.57669,-25721.48444,9784.907749,43.0568489,-275.672559,238.7661672,2
16015.4278,-25319.70064,9304.272835,45.37441203,-274.9325532,231.4713518,2
16071.52012,-24881.93616,8810.41604,47.62749564,-273.8018532,223.8476029,2
16104.77392,-24408.81308,8304.039162,49.81289798,-272.2820657,215.9057542,2
16115.14196,-23901.00375,7785.86179,51.92751346,-270.3753506,207.6570917,2
16102.6095,-23359.22978,7256.620282,53.9683371,-268.0844173,199.1133371,2
16067.19435,-22784.26107,6717.066719,55.93246878,-265.4125213,190.2866316,2
16008.94684,-22176.91468,6167.967837,57.81711737,-262.3634596,181.1895183,2
15927.94974,-21538.05367,5610.103936,59.61960466,-258.9415651,171.8349248,2
15824.31815,-20868.58592,5044.26777,61.33736924,-255.1517005,162.2361445,2
15698.19934,-20169.46276,4471.263423,62.96797006,-250.9992513,152.4068178,2
15549.77253,-19441.67769,3891.905166,64.50908994,-246.4901185,142.3609126,2
15379.24864,-18686.26494,3307.016299,65.95853888,-241.6307097,132.1127048,2
15186.87,-17904.29798,2717.427981,67.31425713,-236.4279305,121.6767576,2
14972.90998,-17096.88803,2123.978049,68.57431813,-230.8891742,111.067901,2
14737.67264,-16265.18247,1527.509828,69.73693128,-225.0223118,100.3012109,2
14481.49226,-15410.36319,928.8709323,70.80044443,-218.8356804,89.39198733,2
14204.73289,-14533.64495,328.9120599,71.76334628,-212.3380715,78.35573281,2
13907.78781,-13636.2736,-271.5142145,72.62426848,-205.5387185,67.20813051,2
13591.07901,-12719.52436,-871.5546524,73.38198762,-198.4472838,55.96502178,2
13255.05654,-11784.69998,-1470.356563,74.03542695,-191.0738447,44.64238369,2
12900.19791,-10833.12889,-2067.069017,74.58365788,-183.4288792,33.25630633,2
12527.00739,-9866.163341,-2660.844053,75.02590135,-175.5232512,21.82296994,2
12136.01531,-8885.17743,-3250.837884,75.36152891,-167.368195,10.35862191,2
11727.77729,-7891.565195,-3836.212096,75.59006362,-158.9752995,-1.120446284,2
11302.87346,-6886.738615,-4416.134841,75.71118071,-150.3564914,-12.59792226,2
10861.90762,-5872.125602,-4989.782017,75.72470806,-141.5240185,-24.0574959,2
10405.50642,-4849.167978,-5556.338439,75.63062647,-132.4904322,-35.48288253,2
9934.318421,-3819.31942,-6114.999,75.42906961,-123.2685697,-46.85784603,2
9449.013215,-2784.043401,-6664.969814,75.12032392,-113.8715359,-58.16622198,2
8950.280444,-1744.811103,-7205.46934,74.70482814,-104.3126844,-69.39194054,2
8438.828834,-703.099334,-7735.7295,74.18317271,-94.60559886,-80.51904935,2
7915.385188,339.611578,-8254.996766,73.55609894,-84.76407358,-91.53173619,2
7380.693345,1381.839883,-8762.533229,72.82449792,-74.80209392,-102.4143514,2
6835.513134,2422.104519,-9257.617653,71.9894093,-64.73381639,-113.1514303,2
6280.619284,3458.927211,-9739.546496,71.0520198,-54.57354856,-123.7277147,2
5716.800331,4490.834579,-10207.63491,70.01366148,-44.33572874,-134.1281753,2
5144.857492,5516.360224,-10661.21772,68.87580993,-34.03490542,-144.3380325,2
4565.603529,6534.04682,-11099.65035,67.64008208,-23.68571664,-154.3427774,2
3979.861593,7542.448179,-11522.30977,66.30823397,-13.30286915,-164.1281927,2
3388.464056,8540.131305,-11928.59536,64.88215823,-2.901117566,-173.6803729,2
2792.251326,9525.678437,-12317.92976,63.36388139,7.504756669,-182.9857438,2
2192.070655,10497.68906,-12689.75971,61.75556102,17.89996623,-192.031082,2
1588.774931,11454.78189,-13043.55682,60.05948261,28.26973897,-200.8035334,2
983.2214706,12395.59685,-13378.81832,58.27805639,38.59933885,-209.2906321,2
376.2707991,13318.79699,-13695.06779,56.41381386,48.87408697,-217.4803173,2
-231.2145739,14223.07039,-13991.85581,54.46940422,59.07938233,-225.3609511,2
-838.3713783,15107.13203,-14268.76065,52.44759057,69.20072266,-232.9213347,2
-1444.336811,15969.7256,-14525.38879,50.35124602,79.22372497,-240.1507243,2
-2048.249762,16809.62533,-14761.37556,48.1833496,89.13414604,-247.0388465,2
-2649.252039,17625.63765,-14976.38561,45.94698201,98.91790261,-253.5759131,2
-3246.489583,18416.60298,-15170.1134,43.64532124,108.5610914,-259.7526344,2
-3839.113687,19181.39731,-15342.28362,41.28163808,118.050009,-265.560233,2
-4426.282201,19918.93382,-15492.65162,38.85929145,127.371171,-270.9904559,2
-5007.160726,20628.16444,-15621.00372,36.38172364,136.5113317,-276.0355867,2
-5580.923802,21308.08131,-15727.15751,33.85245541,145.4575022,-280.6884557,2
-6146.756079,21957.71823,-15810.96215,31.27508099,154.1969697,-284.9424511,2
-6703.85348,22576.15203,-15872.29855,28.65326297,162.7173149,-288.7915276,2
-7251.424338,23162.50388,-15911.07955,25.9907271,171.0064298,-292.2302156,2
-7788.690525,23715.94055,-15927.25003,23.29125698,179.0525353,-295.2536285,2
-8314.888557,24235.67557,-15920.78701,20.55868871,186.8441973,-297.8574698,2
-8829.270677,24720.97037,-15891.69969,17.79690542,194.3703435,-300.0380394,2
-9331.105921,25171.13531,-15840.02939,15.00983175,201.6202788,-301.7922384,2
-9819.681152,25585.5307,-15765.84954,12.20142829,208.5837006,-303.1175742,2
-10294.30208,25963.56764,-15669.26556,9.375685928,215.2507136,-304.0121634,2
-10754.29424,26304.70894,-15550.4147,6.536620207,221.6118436,-304.4747346,2
-11199.00396,26608.4698,-15409.46584,3.688265591,227.658051,-304.5046305,2
-11627.79928,26874.41857,-15246.61929,0.834669748,233.3807438,-304.1018087,2
-12040.07087,27102.17733,-15062.10646,-2.020112207,238.7717898,-303.2668416,2
-12435.23285,27291.4224,-14856.18955,-4.872023471,243.8235281,-302.0009158,2
-12812.72369,27441.88488,-14629.16119,-7.717011324,248.5287798,-300.3058301,2
-13172.00694,27553.35093,-14381.34398,-10.55103288,252.8808585,-298.1839934,2
-13512.57206,27625.66216,-14113.0901,-13.37006084,256.8735796,-295.6384209,2
-13833.93507,27658.71581,-13824.78075,-16.17008922,260.5012694,-292.67273,2
-14135.6393,27652.46492,-13516.82562,-18.94713901,263.7587725,-289.2911352,2
-14417.25601,27606.91836,-13189.66235,-21.69726388,266.6414601,-285.4984418,2
-14678.38502,27522.14086,-12843.75585,-24.41655575,269.1452355,-281.3000396,2
-14918.65523,27398.25289,-12479.59766,-27.10115036,271.2665408,-276.7018945,2
-15137.72522,27235.43051,-12097.70528,-29.74723276,273.0023615,-271.710541,2
-15335.28368,27033.90508,-11698.62141,-32.3510427,274.350231,-266.3330719,2
-15511.04985,26793.963,-11282.91315,-34.90888005,275.3082337,-260.5771289,2
-15664.77398,26515.94523,-10851.17125,-37.41710997,275.8750084,-254.4508916,2
-15796.23761,26200.24686,-10404.00925,-39.87216812,276.0497496,-247.9630657,2
-15905.25391,25847.31649,-9942.062581,-42.27056575,275.8322089,-241.1228706,2
-15991.66798,25457.65568,-9465.987696,-44.60889458,275.2226957,-233.9400268,2
-16055.35702,25031.81815,-8976.461125,-46.88383174,274.2220759,-226.4247414,2
-16096.23052,24570.40903,-8474.178511,-49.0921444,272.8317715,-218.587694,2
-16114.23039,24074.08401,-7959.853626,-51.23069445,271.0537583,-210.4400216,2
-16109.33106,23543.54841,-7434.217353,-53.29644287,268.8905628,-201.9933023,2
-16081.53948,22979.55613,-6898.016651,-55.28645413,266.3452592,-193.2595396,2
-16030.89516,22382.90865,-6352.013489,-57.19790031,263.4214643,-184.2511444,2
-15957.47006,21754.45383,-5796.983769,-59.02806515,260.1233332,-174.9809183,2
-15861.36852,21095.08474,-5233.716218,-60.77434788,256.4555525,-165.4620348,2
-15742.72711,20405.73838,-4663.01127,-62.43426693,252.4233345,-155.7080206,2
-15601.71443,19687.39435,-4085.679927,-64.00546348,248.0324091,-145.7327368,2
-15438.53085,18941.07346,-3502.54261,-65.48570475,243.2890161,-135.5503589,2
-15253.40828,18167.83626,-2914.427988,-66.87288726,238.1998961,-125.1753564,2
-15046.60977,17368.78158,-2322.171804,-68.16503974,232.7722809,-114.6224729,2
-14818.42922,16545.0449,-1726.615687,-69.36032596,227.0138837,-103.9067046,2
-14569.19086,15697.79681,-1128.605955,-70.45704737,220.9328873,-93.04327923,2
-14299.24889,14828.2413,-528.992412,-71.45364546,214.5379331,-82.04763424,2
-14008.9869,13937.61404,71.37285817,-72.348704,207.8381089,-70.93539507,2
-13698.81737,13027.18067,671.6367036,-73.14095108,200.8429353,-59.72235282,2
-13369.18108,12098.23496,1270.946117,-73.82926087,193.5623529,-48.42444184,2
-13020.54644,11152.097,1868.449446,-74.41265524,186.0067078,-37.05771708,2
-12653.4089,10190.1113,2463.297606,-74.89030515,178.186737,-25.63833127,2
-12268.29017,9213.644888,3054.645285,-75.26153184,170.1135531,-14.182512,2
-11865.73753,8224.085386,3641.652146,-75.52580777,161.7986285,-2.706538594,2
-11446.32303,7222.83901,4223.484021,-75.6827574,153.2537792,8.773280948,2
-11010.64268,6211.328584,4799.314093,-75.73215769,144.4911479,20.24063318,2
-10559.3156,5190.99152,5368.324078,-75.67393844,135.5231868,31.67922236,2
-10092.98315,4163.277773,5929.70538,-75.50818238,126.3626398,43.07279363,2
-9612.308027,3129.647781,6482.660246,-75.23512507,117.0225246,54.40515611,2
-9117.973285,2091.570388,7026.402898,-74.85515452,107.516114,65.66020588,2
-8610.681405,1050.520758,7560.160646,-74.36881071,97.8569171,76.82194891,2
-8091.153275,7.978281936,8083.174993,-73.77678474,88.05866017,87.87452375,2
-7560.127173,-1034.575532,8594.702705,-73.07991793,78.13526707,98.80222407,2
-7018.357717,-2075.659158,9094.016875,-72.27920055,68.10083948,109.589521,2
-6466.614791,-3113.793158,9580.407949,-71.37577047,57.96963686,120.2210853,2
-5905.682451,-4147.502288,10053.18474,-70.37091152,47.75605622,130.6818088,2
-5336.357813,-5175.317591,10511.6754,-69.26605166,37.47461161,140.9568263,2
-4759.449919,-6195.778483,10955.2284,-68.06276094,27.13991353,151.0315365,2
-4175.778586,-7207.434836,11383.21342,-66.76274932,16.76664815,160.8916225,2
-3586.173244,-8208.849029,11795.02227,-65.36786417,6.369556438,170.5230728,2
-2991.471752,-9198.597999,12190.06975,-63.88008772,-4.03658676,179.9122005,2
-2392.519216,-10175.27526,12567.79447,-62.30153416,-14.43699375,189.045663,2
-1790.166779,-11137.49289,12927.65967,-60.63444672,-24.81688497,197.9104814,2
-1185.270417,-12083.88354,13269.15396,-58.88119441,-35.16151005,206.4940581,2
-578.6897214,-13013.10233,13591.79205,-57.0442687,-45.4561687,214.7841955,2
28.71332443,-13923.82879,13895.11546,-55.12627996,-55.68623164,222.7691127,2
636.075567,-14814.76873,14178.69316,-53.12995376,-65.83716141,230.4374629,2
1242.533911,-15684.65606,14442.12215,-51.05812699,-75.89453296,237.7783488,2
1847.226547,-16532.25465,14685.0281,-48.91374383,-85.84405423,244.7813387,2
2449.294173,-17356.35999,14907.06582,-46.69985156,-95.6715864,251.4364809,2
3047.881217,-18155.801,15107.91979,-44.41959625,-105.363164,257.7343181,2
3642.137056,-18929.44163,15287.30457,-42.07621826,-114.9050148,263.6659008,2
4231.217219,-19676.18248,15444.96526,-39.67304766,-124.2835793,269.2227997,2
4814.28459,-20394.96239,15580.6778,-37.21349949,-133.48553,274.3971184,2
5390.5106,-21084.75995,15694.24935,-34.7010689,-142.4977905,279.1815037,2
5959.076399,-21744.59492,15785.51852,-32.1393262,-151.3075538,283.5691568,2
6519.174024,-22373.52962,15854.35559,-29.53191175,-159.9023008,287.5538427,2
7070.007547,-22970.67031,15900.66277,-26.88253084,-168.2698178,291.1298987,2
7610.794202,-23535.16843,15924.37422,-24.19494838,-176.3982143,294.2922433,2
8140.765501,-24066.22178,15925.45628,-21.47298358,-184.2759392,297.0363825,2
8659.168328,-24563.07571,15903.90738,-18.72050449,-191.891798,299.3584167,2
9165.266003,-25025.02417,15859.75817,-15.94142254,-199.234968,301.2550463,2
9658.339333,-25451.4107,15793.07137,-13.13968696,-206.2950142,302.7235759,2
10137.68763,-25841.62938,15703.94175,-10.31927916,-213.0619039,303.7619188,2
10602.62973,-26195.1257,15592.49597,-7.484207107,-219.526021,304.3685994,2
11052.5049,-26511.39731,15458.8924,-4.638499582,-225.6781796,304.5427555,2
11486.67386,-26789.99477,15303.3209,-1.786200495,-231.5096372,304.2841397,2
11904.51963,-27030.52218,15126.00255,1.06863688,-237.0121069,303.5931195,2
12305.44843,-27232.63774,14927.18931,3.921955664,-242.1777694,302.4706769,2
12688.89051,-27396.05423,14707.16372,6.769701134,-246.999284,300.9184069,2
13054.30098,-27520.53943,14466.23845,9.607826488,-251.4697992,298.9385154,2
13401.16058,-27605.91644,14204.75586,12.4322986,-255.582962,296.5338158,2
13728.97639,-27652.06393,13923.08754,15.23910373,-259.3329275,293.7077255,2
14037.28258,-27658.91633,13621.63375,18.02425326,-262.7143666,290.4642605,2
14325.64102,-27626.46389,13300.82287,20.78378934,-265.7224743,286.8080298,2
14593.64194,-27554.75273,12961.11079,23.51379052,-268.3529758,282.7442292,2
14840.90449,-27443.88476,12602.98027,26.21037731,-270.602133,278.2786337,2
15067.07731,-27294.01753,12226.94022,28.86971773,-272.4667498,273.4175889,2
15271.83899,-27105.36401,11833.52502,31.48803269,-273.9441765,268.1680028,2
15454.89855,-26878.19228,11423.29373,34.06160144,-275.0323134,262.5373353,2
15615.99585,-26612.82518,10996.82932,36.58676679,-275.7296144,256.5335879,2
15754.90197,-26309.63979,10554.73781,39.05994034,-276.0350886,250.1652922,2
15871.41951,-25969.06696,10097.64745,41.47760758,-275.9483017,243.4414979,2
15965.3829,-25591.59066,9626.207767,43.83633287,-275.4693773,236.3717599,2
16036.6586,-25177.74732,9141.088722,46.13276433,-274.5989957,228.9661248,2
16085.14533,-24728.12502,8642.979689,48.36363861,-273.338394,221.2351162,2
16110.77419,-24243.3627,8132.588509,50.52578551,-271.6893635,213.1897205,2
16113.50876,-23724.14924,7610.640476,52.61613251,-269.6542475,204.8413704,2
16093.34515,-23171.22246,7077.877306,54.6317091,-267.235938,196.2019296,2
16050.31202,-22585.36811,6535.056085,56.56965105,-264.4378717,187.2836751,2
15984.47052,-21967.41871,5982.948192,58.42720443,-261.2640247,178.0992803,2
15895.91421,-21318.25241,5422.338202,60.20172955,-257.7189072,168.6617966,2
15784.76893,-20638.7917,4854.022773,61.89070472,-253.8075571,158.9846353,2
15651.19264,-19930.00215,4278.809512,63.49172981,-249.5355325,149.0815482,2
15495.37514,-19192.89097,3697.515828,65.00252968,-244.9089043,138.966608,2
15317.53787,-18428.50564,3110.967772,66.42095739,-239.9342471,128.6541886,2
15117.93353,-17637.93239,2519.998861,67.74499729,-234.6186302,118.1589446,2
14896.84579,-16822.29468,1925.448894,68.97276785,-228.9696074,107.4957903,2
14654.58881,-15982.75157,1328.162758,70.10252433,-222.9952063,96.67987852,2
14391.50687,-15120.4961,728.9892301,71.13266128,-216.7039168,85.72657939,2
14107.9738,-14236.75357,128.7797688,72.06171483,-210.1046791,74.6514581,2
13804.39253,-13332.77983,-471.6126956,72.88836474,-203.2068713,63.47025301,2
13481.19446,-12409.85949,-1071.334973,73.6114363,-196.0202953,52.19885321,2
13138.83888,-11469.30406,-1669.534824,74.22990197,-188.5551638,40.85327599,2
12777.81229,-10512.45011,-2265.362175,74.7428829,-180.822085,29.44964402,2
12398.62773,-9540.657404,-2857.970322,75.14965009,-172.8320482,18.0041625,2
12001.82404,-8555.306899,-3446.517138,75.44962553,-164.5964076,6.533096078,2
11587.9651,-7557.798834,-4030.166263,75.64238291,-156.1268665,-4.94725423,2
11157.63903,-6549.550724,-4608.088302,75.72764834,-147.4354605,-16.42057422,2
10711.45734,-5531.995344,-5179.461996,75.70530062,-138.5345407,-27.87055967,2
10250.05409,-4506.578696,-5743.47539,75.57537154,-129.4367558,-39.28093954,2
9774.084944,-3474.757953,-6299.326992,75.33804572,-120.1550341,-50.63549904,2
9284.226293,-2437.999388,-6846.226905,74.99366041,-110.7025656,-61.91810272,2
8781.174249,-1397.776294,-7383.397955,74.542705,-101.0927826,-73.1127174,2
8265.643675,-355.5668821,-7910.076793,73.98582034,-91.33934129,-84.2034349,2
7738.367169,687.1478094,-8425.514979,73.32379777,-81.45610176,-95.17449471,2
7200.09402,1728.886026,-8928.980047,72.55757807,-71.45710865,-106.0103064,2
6651.589144,2768.167401,-9419.756545,71.68825009,-61.35657108,-116.6954716,2
6093.631995,3803.515059,-9897.147055,70.71704918,-51.16884247,-127.2148061,2
5527.015462,4833.457714,-10360.47318,69.64535548,-40.90840013,-137.5533615,2
4952.544738,5856.531761,-10809.0765,68.47469191,-30.58982472,-147.696446,2
4371.036176,6871.283356,-11242.31953,67.20672206,-20.22777949,-157.6296457,2
3783.316133,7876.270481,-11659.58661,65.84324778,-9.836989483,-167.3388451,2
3190.219791,8870.064995,-12060.28479,64.38620664,0.567779426,-176.8102469,2
2592.589971,9851.254661,-12443.84463,62.83766918,10.97174149,-186.0303916,2
1991.27594,10818.44516,-12809.7211,61.19983595,21.36011211,-194.986177,2
1387.132196,11770.26205,-13157.39424,59.47503441,31.71812884,-203.6648763,2
781.0172618,12705.35275,-13486.37001,57.66571558,42.03107237,-212.0541567,2
173.7924592,13622.38846,-13796.18092,55.77445063,52.28428745,-220.1420965,2
-433.679312,14520.066,-14086.38669,53.80392712,62.4632037,-227.9172024,2
-1040.534801,15397.10974,-14356.57494,51.75694529,72.55335632,-235.3684255,2
-1645.911633,16252.27334,-14606.3617,49.63641401,82.54040664,-242.4851771,2
-2248.949535,17084.34157,-14835.39203,47.44534667,92.41016254,-249.257344,2
-2848.791557,17892.13201,-15043.34046,45.18685689,102.1485985,-255.6753027,2
-3444.585289,18674.49676,-15229.91147,42.86415412,111.7418758,-261.7299327,2
-4035.484078,19430.32403,-15394.83995,40.48053904,121.1763617,-267.4126301,2
-4620.648223,20158.53974,-15537.89152,38.0393989,130.4386494,-272.7153196,2
-5199.246174,20858.10907,-15658.86289,35.54420269,139.5155766,-277.6304657,2
-5770.455711,21528.03788,-15757.58217,32.99849623,148.3942446,-282.1510837,2
-6333.465116,22167.37417,-15833.90905,30.40589709,157.0620362,-286.2707496,2
-6887.474319,22775.20941,-15887.73509,27.77008952,165.5066341,-289.9836091,2
-7431.696045,23350.67983,-15918.98378,25.09481912,173.716038,-293.284386,2
-7965.356924,23892.96765,-15927.61073,22.38388762,181.6785819,-296.1683897,2
-8487.698596,24401.30226,-15913.60367,19.64114738,189.3829505,-298.631522,2
-8997.978783,24874.96129,-15876.98251,16.870496,196.8181957,-300.6702825,2
-9495.472349,25313.27164,-15817.79929,14.07587073,203.9737514,-302.2817741,2
-9979.47233,25715.61044,-15736.13811,11.26124287,210.8394493,-303.4637067,2
-10449.29094,26081.40595,-15632.11501,8.430612163,217.4055327,-304.2144009,2
-10904.26053,26410.13835,-15505.87783,5.5880011,223.6626711,-304.5327897,2
-11343.73457,26701.34051,-15357.60594,2.737449181,229.6019725,-304.4184207,2
-11767.08854,26954.5986,-15187.51006,-0.116992803,235.2149969,-303.8714566,2
-12173.72083,27169.55273,-14995.83189,-2.971268534,240.493768,-302.8926744,2
-12563.05361,27345.89743,-14782.84383,-5.82132193,245.4307843,-301.4834652,2
-12934.53359,27483.38213,-14548.84854,-8.663102908,250.0190299,-299.6458315,2
-13287.6329,27581.81143,-14294.17853,-11.49257314,254.2519849,-297.3823847,2
-13621.84975,27641.04547,-14019.19572,-14.3057118,258.1236339,-294.6963412,2
-13936.70921,27661.00007,-13724.29086,-17.09852126,261.6284751,-291.5915181,2
-14231.76384,27641.64687,-13409.88303,-19.86703279,264.7615279,-288.0723275,2
-14506.59435,27583.01338,-13076.41903,-22.60731218,267.51834,-284.1437703,2
-14760.81021,27485.18293,-12724.37272,-25.31546534,269.894994,-279.8114293,2
-14994.05014,27348.29452,-12354.24438,-27.98764383,271.8881125,-275.081461,2
-15205.98271,27172.54269,-11966.55998,-30.62005036,273.494863,-269.9605869,2
-15396.30674,26958.17719,-11561.87045,-33.20894411,274.7129624,-264.4560839,2
-15564.75178,26705.50264,-11140.75086,-35.75064614,275.5406796,-258.5757745,2
-15711.07846,26414.87812,-10703.79966,-38.24154455,275.9768384,-252.3280146,2
-15835.07883,26086.7166,-10251.63777,-40.67809962,276.0208191,-245.7216829,2
-15936.57669,25721.48444,-9784.907749,-43.0568489,275.672559,-238.7661672,2
-16015.4278,25319.70064,-9304.272835,-45.37441203,274.9325532,-231.4713518,2
-16071.52012,24881.93616,-8810.41604,-47.62749564,273.8018532,-223.8476029,2
-16104.77392,24408.81308,-8304.039162,-49.81289798,272.2820657,-215.9057542,2
-16115.14196,23901.00375,-7785.86179,-51.92751346,270.3753506,-207.6570917,2
-16102.6095,23359.22978,-7256.620282,-53.9683371,268.0844173,-199.1133371,2
-16067.19435,22784.26107,-6717.066719,-55.93246878,265.4125213,-190.2866316,2
-16008.94684,22176.91468,-6167.967837,-57.81711737,262.3634596,-181.1895183,2
-15927.94974,21538.05367,-5610.103936,-59.61960466,258.9415651,-171.8349248,2
-15824.31815,20868.58592,-5044.26777,-61.33736924,255.1517005,-162.2361445,2
-15698.19934,20169.46276,-4471.263423,-62.96797006,250.9992513,-152.4068178,2
-15549.77253,19441.67769,-3891.905166,-64.50908994,246.4901185,-142.3609126,2
-15379.24864,18686.26494,-3307.016299,-65.95853888,241.6307097,-132.1127048,2
-15186.87,17904.29798,-2717.427981,-67.31425713,236.4279305,-121.6767576,2
-14972.90998,17096.88803,-2123.978049,-68.57431813,230.8891742,-111.067901,2
-14737.67264,16265.18247,-1527.509828,-69.73693128,225.0223118,-100.3012109,2
-14481.49226,15410.36319,-928.8709323,-70.80044443,218.8356804,-89.39198733,2
-14204.73289,14533.64495,-328.9120599,-71.76334628,212.3380715,-78.35573281,2
-13907.78781,13636.2736,271.5142145,-72.62426848,205.5387185,-67.20813051,2
-13591.07901,12719.52436,871.5546524,-73.38198762,198.4472838,-55.96502178,2
-13255.05654,11784.69998,1470.356563,-74.03542695,191.0738447,-44.64238369,2
-12900.19791,10833.12889,2067.069017,-74.58365788,183.4288792,-33.25630633,2
-12527.00739,9866.163341,2660.844053,-75.02590135,175.5232512,-21.82296994,2
-12136.01531,8885.17743,3250.837884,-75.36152891,167.368195,-10.35862191,2
-11727.77729,7891.565195,3836.212096,-75.59006362,158.9752995,1.120446284,2
-11302.87346,6886.738615,4416.134841,-75.71118071,150.3564914,12.59792226,2
-10861.90762,5872.125602,4989.782017,-75.72470806,141.5240185,24.0574959,2
-10405.50642,4849.167978,5556.338439,-75.63062647,132.4904322,35.48288253,2
-9934.318421,3819.31942,6114.999,-75.42906961,123.2685697,46.85784603,2
-9449.013215,2784.043401,6664.969814,-75.12032392,113.8715359,58.16622198,2
-8950.280444,1744.811103,7205.46934,-74.70482814,104.3126844,69.39194054,2
-8438.828834,703.099334,7735.7295,-74.18317271,94.60559886,80.51904935,2
-7915.385188,-339.611578,8254.996766,-73.55609894,84.76407358,91.53173619,2
-7380.693345,-1381.839883,8762.533229,-72.82449792,74.80209392,102.4143514,2
-6835.513134,-2422.104519,9257.617653,-71.9894093,64.73381639,113.1514303,2
-6280.619284,-3458.927211,9739.546496,-71.0520198,54.57354856,123.7277147,2
-5716.800331,-4490.834579,10207.63491,-70.01366148,44.33572874,134.1281753,2
-5144.857492,-5516.360224,10661.21772,-68.87580993,34.03490542,144.3380325,2
-4565.603529,-6534.04682,11099.65035,-67.64008208,23.68571664,154.3427774,2
-3979.861593,-7542.448179,11522.30977,-66.30823397,13.30286915,164.1281927,2
-3388.464056,-8540.131305,11928.59536,-64.88215823,2.901117566,173.6803729,2
-2792.251326,-9525.678437,12317.92976,-63.36388139,-7.504756669,182.9857438,2
-2192.070655,-10497.68906,12689.75971,-61.75556102,-17.89996623,192.031082,2
-1588.774931,-11454.78189,13043.55682,-60.05948261,-28.26973897,200.8035334,2
-983.2214706,-12395.59685,13378.81832,-58.27805639,-38.59933885,209.2906321,2
-376.2707991,-13318.79699,13695.06779,-56.41381386,-48.87408697,217.4803173,2
231.2145739,-14223.07039,13991.85581,-54.46940422,-59.07938233,225.3609511,2
838.3713783,-15107.13203,14268.76065,-52.44759057,-69.20072266,232.9213347,2
1444.336811,-15969.7256,14525.38879,-50.35124602,-79.22372497,240.1507243,2
2048.249762,-16809.62533,14761.37556,-48.1833496,-89.13414604,247.0388465,2
2649.252039,-17625.63765,14976.38561,-45.94698201,-98.91790261,253.5759131,2
3246.489583,-18416.60298,15170.1134,-43.64532124,-108.5610914,259.7526344,2
3839.113687,-19181.39731,15342.28362,-41.28163808,-118.050009,265.560233,2
4426.282201,-19918.93382,15492.65162,-38.85929145,-127.371171,270.9904559,2
5007.160726,-20628.16444,15621.00372,-36.38172364,-136.5113317,276.0355867,2
5580.923802,-21308.08131,15727.15751,-33.85245541,-145.4575022,280.6884557,2
6146.756079,-21957.71823,15810.96215,-31.27508099,-154.1969697,284.9424511,2
6703.85348,-22576.15203,15872.29855,-28.65326297,-162.7173149,288.7915276,2
7251.424338,-23162.50388,15911.07955,-25.9907271,-171.0064298,292.2302156,2
7788.690525,-23715.94055,15927.25003,-23.29125698,-179.0525353,295.2536285,2
8314.888557,-24235.67557,15920.78701,-20.55868871,-186.8441973,297.8574698,2
8829.270677,-24720.97037,15891.69969,-17.79690542,-194.3703435,300.0380394,2
9331.105921,-25171.13531,15840.02939,-15.00983175,-201.6202788,301.7922384,2
9819.681152,-25585.5307,15765.84954,-12.20142829,-208.5837006,303.1175742,2
10294.30208,-25963.56764,15669.26556,-9.375685928,-215.2507136,304.0121634,2
10754.29424,-26304.70894,15550.4147,-6.536620207,-221.6118436,304.4747346,2
11199.00396,-26608.4698,15409.46584,-3.688265591,-227.658051,304.5046305,2
11627.79928,-26874.41857,15246.61929,-0.834669748,-233.3807438,304.1018087,2
12040.07087,-27102.17733,15062.10646,2.020112207,-238.7717898,303.2668416,2
12435.23285,-27291.4224,14856.18955,4.872023471,-243.8235281,302.0009158,2
12812.72369,-27441.88488,14629.16119,7.717011324,-248.5287798,300.3058301,2
13172.00694,-27553.35093,14381.34398,10.55103288,-252.8808585,298.1839934,2
13512.57206,-27625.66216,14113.0901,13.37006084,-256.8735796,295.6384209,2
13833.93507,-27658.71581,13824.78075,16.17008922,-260.5012694,292.67273,2
14135.6393,-27652.46492,13516.82562,18.94713901,-263.7587725,289.2911352,2
14417.25601,-27606.91836,13189.66235,21.69726388,-266.6414601,285.4984418,2
14678.38502,-27522.14086,12843.75585,24.41655575,-269.1452355,281.3000396,2
14918.65523,-27398.25289,12479.59766,27.10115036,-271.2665408,276.7018945,2
15137.72522,-27235.43051,12097.70528,29.74723276,-273.0023615,271.710541,2
15335.28368,-27033.90508,11698.62141,32.3510427,-274.350231,266.3330719,2
15511.04985,-26793.963,11282.91315,34.90888005,-275.3082337,260.5771289,2
15664.77398,-26515.94523,10851.17125,37.41710997,-275.8750084,254.4508916,2
15796.23761,-26200.24686,10404.00925,39.87216812,-276.0497496,247.9630657,2
15905.25391,-25847.31649,9942.062581,42.27056575,-275.8322089,241.1228706,2
15991.66798,-25457.65568,9465.987696,44.60889458,-275.2226957,233.9400268,2
16055.35702,-25031.81815,8976.461125,46.88383174,-274.2220759,226.4247414,2
16096.23052,-24570.40903,8474.178511,49.0921444,-272.8317715,218.587694,2
16114.23039,-24074.08401,7959.853626,51.23069445,-271.0537583,210.4400216,2
16109.33106,-23543.54841,7434.217353,53.29644287,-268.8905628,201.9933023,2
16081.53948,-22979.55613,6898.016651,55.28645413,-266.3452592,193.2595396,2
16030.89516,-22382.90865,6352.013489,57.19790031,-263.4214643,184.2511444,2
15957.47006,-21754.45383,5796.983769,59.02806515,-260.1233332,174.9809183,2
15861.36852,-21095.08474,5233.716218,60.77434788,-256.4555525,165.4620348,2
15742.72711,-20405.73838,4663.01127,62.43426693,-252.4233345,155.7080206,2
15601.71443,-19687.39435,4085.679927,64.00546348,-248.0324091,145.7327368,2
15438.53085,-18941.07346,3502.54261,65.48570475,-243.2890161,135.5503589,2
15253.40828,-18167.83626,2914.427988,66.87288726,-238.1998961,125.1753564,2
15046.60977,-17368.78158,2322.171804,68.16503974,-232.7722809,114.6224729,2
14818.42922,-16545.0449,1726.615687,69.36032596,-227.0138837,103.9067046,2
14569.19086,-15697.79681,1128.605955,70.45704737,-220.9328873,93.04327923,2
14299.24889,-14828.2413,528.992412,71.45364546,-214.5379331,82.04763424,2
14008.9869,-13937.61404,-71.37285817,72.348704,-207.8381089,70.93539507,2
13698.81737,-13027.18067,-671.6367036,73.14095108,-200.8429353,59.72235282,2
13369.18108,-12098.23496,-1270.946117,73.82926087,-193.5623529,48.42444184,2
13020.54644,-11152.097,-1868.449446,74.41265524,-186.0067078,37.05771708,2
12653.4089,-10190.1113,-2463.297606,74.89030515,-178.186737,25.63833127,2
12268.29017,-9213.644888,-3054.645285,75.26153184,-170.1135531,14.182512,2
11865.73753,-8224.085386,-3641.652146,75.52580777,-161.7986285,2.706538594,2
11446.32303,-7222.83901,-4223.484021,75.6827574,-153.2537792,-8.773280948,2
11010.64268,-6211.328584,-4799.314093,75.73215769,-144.4911479,-20.24063318,2
10559.3156,-5190.99152,-5368.324078,75.67393844,-135.5231868,-31.67922236,2
10092.98315,-4163.277773,-5929.70538,75.50818238,-126.3626398,-43.07279363,2
9612.308027,-3129.647781,-6482.660246,75.23512507,-117.0225246,-54.40515611,2
9117.973285,-2091.570388,-7026.402898,74.85515452,-107.516114,-65.66020588,2
8610.681405,-1050.520758,-7560.160646,74.36881071,-97.8569171,-76.82194891,2
8091.153275,-7.978281936,-8083.174993,73.77678474,-88.05866017,-87.87452375,2
7560.127173,1034.575532,-8594.702705,73.07991793,-78.13526707,-98.80222407,2
7018.357717,2075.659158,-9094.016875,72.27920055,-68.10083948,-109.589521,2
6466.614791,3113.793158,-9580.407949,71.37577047,-57.96963686,-120.2210853,2
5905.682451,4147.502288,-10053.18474,70.37091152,-47.75605622,-130.6818088,2
5336.357813,5175.317591,-10511.6754,69.26605166,-37.47461161,-140.9568263,2
4759.449919,6195.778483,-10955.2284,68.06276094,-27.13991353,-151.0315365,2
4175.778586,7207.434836,-11383.21342,66.76274932,-16.76664815,-160.8916225,2
3586.173244,8208.849029,-11795.02227,65.36786417,-6.369556438,-170.5230728,2
2991.471752,9198.597999,-12190.06975,63.88008772,4.03658676,-179.9122005,2
2392.519216,10175.27526,-12567.79447,62.30153416,14.43699375,-189.045663,2
1790.166779,11137.49289,-12927.65967,60.63444672,24.81688497,-197.9104814,2
1185.270417,12083.88354,-13269.15396,58.88119441,35.16151005,-206.4940581,2
578.6897214,13013.10233,-13591.79205,57.0442687,45.4561687,-214.7841955,2
-28.71332443,13923.82879,-13895.11546,55.12627996,55.68623164,-222.7691127,2
-636.075567,14814.76873,-14178.69316,53.12995376,65.83716141,-230.4374629,2
-1242.533911,15684.65606,-14442.12215,51.05812699,75.89453296,-237.7783488,2
-1847.226547,16532.25465,-14685.0281,48.91374383,85.84405423,-244.7813387,2
-2449.294173,17356.35999,-14907.06582,46.69985156,95.6715864,-251.4364809,2
-3047.881217,18155.801,-15107.91979,44.41959625,105.363164,-257.7343181,2
-3642.137056,18929.44163,-15287.30457,42.07621826,114.9050148,-263.6659008,2
-4231.217219,19676.18248,-15444.96526,39.67304766,124.2835793,-269.2227997,2
-4814.28459,20394.96239,-15580.6778,37.21349949,133.48553,-274.3971184,2
-5390.5106,21084.75995,-15694.24935,34.7010689,142.4977905,-279.1815037,2
-5959.076399,21744.59492,-15785.51852,32.1393262,151.3075538,-283.5691568,2
-6519.174024,22373.52962,-15854.35559,29.53191175,159.9023008,-287.5538427,2
-7070.007547,22970.67031,-15900.66277,26.88253084,168.2698178,-291.1298987,2
-7610.794202,23535.16843,-15924.37422,24.19494838,176.3982143,-294.2922433,2
-8140.765501,24066.22178,-15925.45628,21.47298358,184.2759392,-297.0363825,2
-8659.168328,24563.07571,-15903.90738,18.72050449,191.891798,-299.3584167,2
-9165.266003,25025.02417,-15859.75817,15.94142254,199.234968,-301.2550463,2
-9658.339333,25451.4107,-15793.07137,13.13968696,206.2950142,-302.7235759,2
-10137.68763,25841.62938,-15703.94175,10.31927916,213.0619039,-303.7619188,2
-10602.62973,26195.1257,-15592.49597,7.484207107,219.526021,-304.3685994,2
-11052.5049,26511.39731,-15458.8924,4.638499582,225.6781796,-304.5427555,2
-11486.67386,26789.99477,-15303.3209,1.786200495,231.5096372,-304.2841397,2
-11904.51963,27030.52218,-15126.00255,-1.06863688,237.0121069,-303.5931195,2
-12305.44843,27232.63774,-14927.18931,-3.921955664,242.1777694,-302.4706769,2
-12688.89051,27396.05423,-14707.16372,-6.769701134,246.999284,-300.9184069,2
-13054.30098,27520.53943,-14466.23845,-9.607826488,251.4697992,-298.9385154,2
-13401.16058,27605.91644,-14204.75586,-12.4322986,255.582962,-296.5338158,2
-13728.97639,27652.06393,-13923.08754,-15.23910373,259.3329275,-293.7077255,2
-14037.28258,27658.91633,-13621.63375,-18.02425326,262.7143666,-290.4642605,2
-14325.64102,27626.46389,-13300.82287,-20.78378934,265.7224743,-286.8080298,2
-14593.64194,27554.75273,-12961.11079,-23.51379052,268.3529758,-282.7442292,2
-14840.90449,27443.88476,-12602.98027,-26.21037731,270.602133,-278.2786337,2
-15067.07731,27294.01753,-12226.94022,-28.86971773,272.4667498,-273.4175889,2
-15271.83899,27105.36401,-11833.52502,-31.48803269,273.9441765,-268.1680028,2
-15454.89855,26878.19228,-11423.29373,-34.06160144,275.0323134,-262.5373353,2
-15615.99585,26612.82518,-10996.82932,-36.58676679,275.7296144,-256.5335879,2
-15754.90197,26309.63979,-10554.73781,-39.05994034,276.0350886,-250.1652922,2
-15871.41951,25969.06696,-10097.64745,-41.47760758,275.9483017,-243.4414979,2
-15965.3829,25591.59066,-9626.207767,-43.83633287,275.4693773,-236.3717599,2
-16036.6586,25177.74732,-9141.088722,-46.13276433,274.5989957,-228.9661248,2
-16085.14533,24728.12502,-8642.979689,-48.36363861,273.338394,-221.2351162,2
-16110.77419,24243.3627,-8132.588509,-50.52578551,271.6893635,-213.1897205,2
-16113.50876,23724.14924,-7610.640476,-52.61613251,269.6542475,-204.8413704,2
-16093.34515,23171.22246,-7077.877306,-54.6317091,267.235938,-196.2019296,2
-16050.31202,22585.36811,-6535.056085,-56.56965105,264.4378717,-187.2836751,2
-15984.47052,21967.41871,-5982.948192,-58.42720443,261.2640247,-178.0992803,2
-15895.91421,21318.25241,-5422.338202,-60.20172955,257.7189072,-168.6617966,2
-15784.76893,20638.7917,-4854.022773,-61.89070472,253.8075571,-158.9846353,2
-15651.19264,19930.00215,-4278.809512,-63.49172981,249.5355325,-149.0815482,2
-15495.37514,19192.89097,-3697.515828,-65.00252968,244.9089043,-138.966608,2
-15317.53787,18428.50564,-3110.967772,-66.42095739,239.9342471,-128.6541886,2
-15117.93353,17637.93239,-2519.998861,-67.74499729,234.6186302,-118.1589446,2
-14896.84579,16822.29468,-1925.448894,-68.97276785,228.9696074,-107.4957903,2
-14654.58881,15982.75157,-1328.162758,-70.10252433,222.9952063,-96.67987852,2
-14391.50687,15120.4961,-728.9892301,-71.13266128,216.7039168,-85.72657939,2
-14107.9738,14236.75357,-128.7797688,-72.06171483,210.1046791,-74.6514581,2
-13804.39253,13332.77983,471.6126956,-72.88836474,203.2068713,-63.47025301,2
-13481.19446,12409.85949,1071.334973,-73.6114363,196.0202953,-52.19885321,2
-13138.83888,11469.30406,1669.534824,-74.22990197,188.5551638,-40.85327599,2
-12777.81229,10512.45011,2265.362175,-74.7428829,180.822085,-29.44964402,2
-12398.62773,9540.657404,2857.970322,-75.14965009,172.8320482,-18.0041625,2
-12001.82404,8555.306899,3446.517138,-75.44962553,164.5964076,-6.533096078,2
-11587.9651,7557.798834,4030.166263,-75.64238291,156.1268665,4.94725423,2
-11157.63903,6549.550724,4608.088302,-75.72764834,147.4354605,16.42057422,2
-10711.45734,5531.995344,5179.461996,-75.70530062,138.5345407,27.87055967,2
-10250.05409,4506.578696,5743.47539,-75.57537154,129.4367558,39.28093954,2
-9774.084944,3474.757953,6299.326992,-75.33804572,120.1550341,50.63549904,2
-9284.226293,2437.999388,6846.226905,-74.99366041,110.7025656,61.91810272,2
-8781.174249,1397.776294,7383.397955,-74.542705,101.0927826,73.1127174,2
-8265.643675,355.5668821,7910.076793,-73.98582034,91.33934129,84.2034349,2
-7738.367169,-687.1478094,8425.514979,-73.32379777,81.45610176,95.17449471,2
-7200.09402,-1728.886026,8928.980047,-72.55757807,71.45710865,106.0103064,2
-6651.589144,-2768.167401,9419.756545,-71.68825009,61.35657108,116.6954716,2
-6093.631995,-3803.515059,9897.147055,-70.71704918,51.16884247,127.2148061,2
-5527.015462,-4833.457714,10360.47318,-69.64535548,40.90840013,137.5533615,2
-4952.544738,-5856.531761,10809.0765,-68.47469191,30.58982472,147.696446,2
-4371.036176,-6871.283356,11242.31953,-67.20672206,20.22777949,157.6296457,2
-3783.316133,-7876.270481,11659.58661,-65.84324778,9.836989483,167.3388451,2
-3190.219791,-8870.064995,12060.28479,-64.38620664,-0.567779426,176.8102469,2
-2592.589971,-9851.254661,12443.84463,-62.83766918,-10.97174149,186.0303916,2
-1991.27594,-10818.44516,12809.7211,-61.19983595,-21.36011211,194.986177,2
-1387.132196,-11770.26205,13157.39424,-59.47503441,-31.71812884,203.6648763,2
-781.0172618,-12705.35275,13486.37001,-57.66571558,-42.03107237,212.0541567,2
-173.7924592,-13622.38846,13796.18092,-55.77445063,-52.28428745,220.1420965,2
433.679312,-14520.066,14086.38669,-53.80392712,-62.4632037,227.9172024,2
1040.534801,-15397.10974,14356.57494,-51.75694529,-72.55335632,235.3684255,2
1645.911633,-16252.27334,14606.3617,-49.63641401,-82.54040664,242.4851771,2
2248.949535,-17084.34157,14835.39203,-47.44534667,-92.41016254,249.257344,2
2848.791557,-17892.13201,15043.34046,-45.18685689,-102.1485985,255.6753027,2
3444.585289,-18674.49676,15229.91147,-42.86415412,-111.7418758,261.7299327,2
4035.484078,-19430.32403,15394.83995,-40.48053904,-121.1763617,267.4126301,2
4620.648223,-20158.53974,15537.89152,-38.0393989,-130.4386494,272.7153196,2
5199.246174,-20858.10907,15658.86289,-35.54420269,-139.5155766,277.6304657,2
5770.455711,-21528.03788,15757.58217,-32.99849623,-148.3942446,282.1510837,2
6333.465116,-22167.37417,15833.90905,-30.40589709,-157.0620362,286.2707496,2
6887.474319,-22775.20941,15887.73509,-27.77008952,-165.5066341,289.9836091,2
7431.696045,-23350.67983,15918.98378,-25.09481912,-173.716038,293.284386,2
7965.356924,-23892.96765,15927.61073,-22.38388762,-181.6785819,296.1683897,2
8487.698596,-24401.30226,15913.60367,-19.64114738,-189.3829505,298.631522,2
8997.978783,-24874.96129,15876.98251,-16.870496,-196.8181957,300.6702825,2
9495.472349,-25313.27164,15817.79929,-14.07587073,-203.9737514,302.2817741,2
9979.47233,-25715.61044,15736.13811,-11.26124287,-210.8394493,303.4637067,2
10449.29094,-26081.40595,15632.11501,-8.430612163,-217.4055327,304.2144009,2
10904.26053,-26410.13835,15505.87783,-5.5880011,-223.6626711,304.5327897,2
11343.73457,-26701.34051,15357.60594,-2.737449181,-229.6019725,304.4184207,2
11767.08854,-26954.5986,15187.51006,0.116992803,-235.2149969,303.8714566,2
12173.72083,-27169.55273,14995.83189,2.971268534,-240.493768,302.8926744,2
12563.05361,-27345.89743,14782.84383,5.82132193,-245.4307843,301.4834652,2
12934.53359,-27483.38213,14548.84854,8.663102908,-250.0190299,299.6458315,2
13287.6329,-27581.81143,14294.17853,11.49257314,-254.2519849,297.3823847,2
13621.84975,-27641.04547,14019.19572,14.3057118,-258.1236339,294.6963412,2
13936.70921,-27661.00007,13724.29086,17.09852126,-261.6284751,291.5915181,2
14231.76384,-27641.64687,13409.88303,19.86703279,-264.7615279,288.0723275,2
14506.59435,-27583.01338,13076.41903,22.60731218,-267.51834,284.1437703,2
14760.81021,-27485.18293,12724.37272,25.31546534,-269.894994,279.8114293,2
14994.05014,-27348.29452,12354.24438,27.98764383,-271.8881125,275.081461,2
15205.98271,-27172.54269,11966.55998,30.62005036,-273.494863,269.9605869,2
15396.30674,-26958.17719,11561.87045,33.20894411,-274.7129624,264.4560839,2
15564.75178,-26705.50264,11140.75086,35.75064614,-275.5406796,258.5757745,2
15711.07846,-26414.87812,10703.79966,38.24154455,-275.9768384,252.3280146,2
15835.07883,-26086.7166,10251.63777,40.67809962,-276.0208191,245.7216829,2
15936.57669,-25721.48444,9784.907749,43.0568489,-275.672559,238.7661672,2
16015.4278,-25319.70064,9304.272835,45.37441203,-274.9325532,231.4713518,2
16071.52012,-24881.93616,8810.41604,47.62749564,-273.8018532,223.8476029,2
16104.77392,-24408.81308,8304.039162,49.81289798,-272.2820657,215.9057542,2
16115.14196,-23901.00375,7785.86179,51.92751346,-270.3753506,207.6570917,2
16102.6095,-23359.22978,7256.620282,53.9683371,-268.0844173,199.1133371,2
16067.19435,-22784.26107,6717.066719,55.93246878,-265.4125213,190.2866316,2
16008.94684,-22176.91468,6167.967837,57.81711737,-262.3634596,181.1895183,2
15927.94974,-21538.05367,5610.103936,59.61960466,-258.9415651,171.8349248,2
15824.31815,-20868.58592,5044.26777,61.33736924,-255.1517005,162.2361445,2
15698.19934,-20169.46276,4471.263423,62.96797006,-250.9992513,152.4068178,2
15549.77253,-19441.67769,3891.905166,64.50908994,-246.4901185,142.3609126,2
15379.24864,-18686.26494,3307.016299,65.95853888,-241.6307097,132.1127048,2
15186.87,-17904.29798,2717.427981,67.31425713,-236.4279305,121.6767576,2
14972.90998,-17096.88803,2123.978049,68.57431813,-230.8891742,111.067901,2
14737.67264,-16265.18247,1527.509828,69.73693128,-225.0223118,100.3012109,2
14481.49226,-15410.36319,928.8709323,70.80044443,-218.8356804,89.39198733,2
14204.73289,-14533.64495,328.9120599,71.76334628,-212.3380715,78.35573281,2
13907.78781,-13636.2736,-271.5142145,72.62426848,-205.5387185,67.20813051,2
13591.07901,-12719.52436,-871.5546524,73.38198762,-198.4472838,55.96502178,2
13255.05654,-11784.69998,-1470.356563,74.03542695,-191.0738447,44.64238369,2
12900.19791,-10833.12889,-2067.069017,74.58365788,-183.4288792,33.25630633,2
12527.00739,-9866.163341,-2660.844053,75.02590135,-175.5232512,21.82296994,2
12136.01531,-8885.17743,-3250.837884,75.36152891,-167.368195,10.35862191,2
11727.77729,-7891.565195,-3836.212096,75.59006362,-158.9752995,-1.120446284,2
11302.87346,-6886.738615,-4416.134841,75.71118071,-150.3564914,-12.59792226,2
10861.90762,-5872.125602,-4989.782017,75.72470806,-141.5240185,-24.0574959,2
10405.50642,-4849.167978,-5556.338439,75.63062647,-132.4904322,-35.48288253,2
9934.318421,-3819.31942,-6114.999,75.42906961,-123.2685697,-46.85784603,2
9449.013215,-2784.043401,-6664.969814,75.12032392,-113.8715359,-58.16622198,2
8950.280444,-1744.811103,-7205.46934,74.70482814,-104.3126844,-69.39194054,2
8438.828834,-703.099334,-7735.7295,74.18317271,-94.60559886,-80.51904935,2
7915.385188,339.611578,-8254.996766,73.55609894,-84.76407358,-91.53173619,2
7380.693345,1381.839883,-8762.533229,72.82449792,-74.80209392,-102.4143514,2
6835.513134,2422.104519,-9257.617653,71.9894093,-64.73381639,-113.1514303,2
6280.619284,3458.927211,-9739.546496,71.0520198,-54.57354856,-123.7277147,2
5716.800331,4490.834579,-10207.63491,70.01366148,-44.33572874,-134.1281753,2
5144.857492,5516.360224,-10661.21772,68.87580993,-34.03490542,-144.3380325,2
4565.603529,6534.04682,-11099.65035,67.64008208,-23.68571664,-154.3427774,2
3979.861593,7542.448179,-11522.30977,66.30823397,-13.30286915,-164.1281927,2
3388.464056,8540.131305,-11928.59536,64.88215823,-2.901117566,-173.6803729,2
2792.251326,9525.678437,-12317.92976,63.36388139,7.504756669,-182.9857438,2
2192.070655,10497.68906,-12689.75971,61.75556102,17.89996623,-192.031082,2
1588.774931,11454.78189,-13043.55682,60.05948261,28.26973897,-200.8035334,2
983.2214706,12395.59685,-13378.81832,58.27805639,38.59933885,-209.2906321,2
376.2707991,13318.79699,-13695.06779,56.41381386,48.87408697,-217.4803173,2
-231.2145739,14223.07039,-13991.85581,54.46940422,59.07938233,-225.3609511,2
-838.3713783,15107.13203,-14268.76065,52.44759057,69.20072266,-232.9213347,2
-1444.336811,15969.7256,-14525.38879,50.35124602,79.22372497,-240.1507243,2
-2048.249762,16809.62533,-14761.37556,48.1833496,89.13414604,-247.0388465,2
-2649.252039,17625.63765,-14976.38561,45.94698201,98.91790261,-253.5759131,2
-3246.489583,18416.60298,-15170.1134,43.64532124,108.5610914,-259.7526344,2
-3839.113687,19181.39731,-15342.28362,41.28163808,118.050009,-265.560233,2
-4426.282201,19918.93382,-15492.65162,38.85929145,127.371171,-270.9904559,2
-5007.160726,20628.16444,-15621.00372,36.38172364,136.5113317,-276.0355867,2
-5580.923802,21308.08131,-15727.15751,33.85245541,145.4575022,-280.6884557,2
-6146.756079,21957.71823,-15810.96215,31.27508099,154.1969697,-284.9424511,2
-6703.85348,22576.15203,-15872.29855,28.65326297,162.7173149,-288.7915276,2
-7251.424338,23162.50388,-15911.07955,25.9907271,171.0064298,-292.2302156,2
-7788.690525,23715.94055,-15927.25003,23.29125698,179.0525353,-295.2536285,2
-8314.888557,24235.67557,-15920.78701,20.55868871,186.8441973,-297.8574698,2
-8829.270677,24720.97037,-15891.69969,17.79690542,194.3703435,-300.0380394,2
-9331.105921,25171.13531,-15840.02939,15.00983175,201.6202788,-301.7922384,2
-9819.681152,25585.5307,-15765.84954,12.20142829,208.5837006,-303.1175742,2
-10294.30208,25963.56764,-15669.26556,9.375685928,215.2507136,-304.0121634,2
-10754.29424,26304.70894,-15550.4147,6.536620207,221.6118436,-304.4747346,2
-11199.00396,26608.4698,-15409.46584,3.688265591,227.658051,-304.5046305,2
-11627.79928,26874.41857,-15246.61929,0.834669748,233.3807438,-304.1018087,2
-12040.07087,27102.17733,-15062.10646,-2.020112207,238.7717898,-303.2668416,2
-12435.23285,27291.4224,-14856.18955,-4.872023471,243.8235281,-302.0009158,2
-12812.72369,27441.88488,-14629.16119,-7.717011324,248.5287798,-300.3058301,2
-13172.00694,27553.35093,-14381.34398,-10.55103288,252.8808585,-298.1839934,2
-13512.57206,27625.66216,-14113.0901,-13.37006084,256.8735796,-295.6384209,2
-13833.93507,27658.71581,-13824.78075,-16.17008922,260.5012694,-292.67273,2
-14135.6393,27652.46492,-13516.82562,-18.94713901,263.7587725,-289.2911352,2
-14417.25601,27606.91836,-13189.66235,-21.69726388,266.6414601,-285.4984418,2
-14678.38502,27522.14086,-12843.75585,-24.41655575,269.1452355,-281.3000396,2
-14918.65523,27398.25289,-12479.59766,-27.10115036,271.2665408,-276.7018945,2
-15137.72522,27235.43051,-12097.70528,-29.74723276,273.0023615,-271.710541,2
-15335.28368,27033.90508,-11698.62141,-32.3510427,274.350231,-266.3330719,2
-15511.04985,26793.963,-11282.91315,-34.90888005,275.3082337,-260.5771289,2
-15664.77398,26515.94523,-10851.17125,-37.41710997,275.8750084,-254.4508916,2
-15796.23761,26200.24686,-10404.00925,-39.87216812,276.0497496,-247.9630657,2
-15905.25391,25847.31649,-9942.062581,-42.27056575,275.8322089,-241.1228706,2
-15991.66798,25457.65568,-9465.987696,-44.60889458,275.2226957,-233.9400268,2
-16055.35702,25031.81815,-8976.461125,-46.88383174,274.2220759,-226.4247414,2
-16096.23052,24570.40903,-8474.178511,-49.0921444,272.8317715,-218.587694,2
-16114.23039,24074.08401,-7959.853626,-51.23069445,271.0537583,-210.4400216,2
-16109.33106,23543.54841,-7434.217353,-53.29644287,268.8905628,-201.9933023,2
-16081.53948,22979.55613,-6898.016651,-55.28645413,266.3452592,-193.2595396,2
-16030.89516,22382.90865,-6352.013489,-57.19790031,263.4214643,-184.2511444,2
-15957.47006,21754.45383,-5796.983769,-59.02806515,260.1233332,-174.9809183,2
-15861.36852,21095.08474,-5233.716218,-60.77434788,256.4555525,-165.4620348,2
-15742.72711,20405.73838,-4663.01127,-62.43426693,252.4233345,-155.7080206,2
-15601.71443,19687.39435,-4085.679927,-64.00546348,248.0324091,-145.7327368,2
-15438.53085,18941.07346,-3502.54261,-65.48570475,243.2890161,-135.5503589,2
-15253.40828,18167.83626,-2914.427988,-66.87288726,238.1998961,-125.1753564,2
-15046.60977,17368.78158,-2322.171804,-68.16503974,232.7722809,-114.6224729,2
-14818.42922,16545.0449,-1726.615687,-69.36032596,227.0138837,-103.9067046,2
-14569.19086,15697.79681,-1128.605955,-70.45704737,220.9328873,-93.04327923,2
-14299.24889,14828.2413,-528.992412,-71.45364546,214.5379331,-82.04763424,2
-14008.9869,13937.61404,71.37285817,-72.348704,207.8381089,-70.93539507,2
-13698.81737,13027.18067,671.6367036,-73.14095108,200.8429353,-59.72235282,2
-13369.18108,12098.23496,1270.946117,-73.82926087,193.5623529,-48.42444184,2
-13020.54644,11152.097,1868.449446,-74.41265524,186.0067078,-37.05771708,2
-12653.4089,10190.1113,2463.297606,-74.89030515,178.186737,-25.63833127,2
-12268.29017,9213.644888,3054.645285,-75.26153184,170.1135531,-14.182512,2
-11865.73753,8224.085386,3641.652146,-75.52580777,161.7986285,-2.706538594,2
-11446.32303,7222.83901,4223.484021,-75.6827574,153.2537792,8.773280948,2
-11010.64268,6211.328584,4799.314093,-75.73215769,144.4911479,20.24063318,2
-10559.3156,5190.99152,5368.324078,-75.67393844,135.5231868,31.67922236,2
-10092.98315,4163.277773,5929.70538,-75.50818238,126.3626398,43.07279363,2
-9612.308027,3129.647781,6482.660246,-75.23512507,117.0225246,54.40515611,2
-9117.973285,2091.570388,7026.402898,-74.85515452,107.516114,65.66020588,2
-8610.681405,1050.520758,7560.160646,-74.36881071,97.8569171,76.82194891,2
-8091.153275,7.978281936,8083.174993,-73.77678474,88.05866017,87.87452375,2
-7560.127173,-1034.575532,8594.702705,-73.07991793,78.13526707,98.80222407,2
-7018.357717,-2075.659158,9094.016875,-72.27920055,68.10083948,109.589521,2
-6466.614791,-3113.793158,9580.407949,-71.37577047,57.96963686,120.2210853,2
-5905.682451,-4147.502288,10053.18474,-70.37091152,47.75605622,130.6818088,2
-5336.357813,-5175.317591,10511.6754,-69.26605166,37.47461161,140.9568263,2
-4759.449919,-6195.778483,10955.2284,-68.06276094,27.13991353,151.0315365,2
-4175.778586,-7207.434836,11383.21342,-66.76274932,16.76664815,160.8916225,2
-3586.173244,-8208.849029,11795.02227,-65.36786417,6.369556438,170.5230728,2
-2991.471752,-9198.597999,12190.06975,-63.88008772,-4.03658676,179.9122005,2
-2392.519216,-10175.27526,12567.79447,-62.30153416,-14.43699375,189.045663,2
-1790.166779,-11137.49289,12927.65967,-60.63444672,-24.81688497,197.9104814,2
-1185.270417,-12083.88354,13269.15396,-58.88119441,-35.16151005,206.4940581,2
-578.6897214,-13013.10233,13591.79205,-57.0442687,-45.4561687,214.7841955,2
28.71332443,-13923.82879,13895.11546,-55.12627996,-55.68623164,222.7691127,2
636.075567,-14814.76873,14178.69316,-53.12995376,-65.83716141,230.4374629,2
1242.533911,-15684.65606,14442.12215,-51.05812699,-75.89453296,237.7783488,2
1847.226547,-16532.25465,14685.0281,-48.91374383,-85.84405423,244.7813387,2
2449.294173,-17356.35999,14907.06582,-46.69985156,-95.6715864,251.4364809,2
3047.881217,-18155.801,15107.91979,-44.41959625,-105.363164,257.7343181,2
3642.137056,-18929.44163,15287.30457,-42.07621826,-114.9050148,263.6659008,2
4231.217219,-19676.18248,15444.96526,-39.67304766,-124.2835793,269.2227997,2
4814.28459,-20394.96239,15580.6778,-37.21349949,-133.48553,274.3971184,2
5390.5106,-21084.75995,15694.24935,-34.7010689,-142.4977905,279.1815037,2
5959.076399,-21744.59492,15785.51852,-32.1393262,-151.3075538,283.5691568,2
6519.174024,-22373.52962,15854.35559,-29.53191175,-159.9023008,287.5538427,2
7070.007547,-22970.67031,15900.66277,-26.88253084,-168.2698178,291.1298987,2
7610.794202,-23535.16843,15924.37422,-24.19494838,-176.3982143,294.2922433,2
8140.765501,-24066.22178,15925.45628,-21.47298358,-184.2759392,297.0363825,2
8659.168328,-24563.07571,15903.90738,-18.72050449,-191.891798,299.3584167,2
9165.266003,-25025.02417,15859.75817,-15.94142254,-199.234968,301.2550463,2
9658.339333,-25451.4107,15793.07137,-13.13968696,-206.2950142,302.7235759,2
10137.68763,-25841.62938,15703.94175,-10.31927916,-213.0619039,303.7619188,2
10602.62973,-26195.1257,15592.49597,-7.484207107,-219.526021,304.3685994,2
11052.5049,-26511.39731,15458.8924,-4.638499582,-225.6781796,304.5427555,2
11486.67386,-26789.99477,15303.3209,-1.786200495,-231.5096372,304.2841397,2
11904.51963,-27030.52218,15126.00255,1.06863688,-237.0121069,303.5931195,2
12305.44843,-27232.63774,14927.18931,3.921955664,-242.1777694,302.4706769,2
12688.89051,-27396.05423,14707.16372,6.769701134,-246.999284,300.9184069,2
13054.30098,-27520.53943,14466.23845,9.607826488,-251.4697992,298.9385154,2
13401.16058,-27605.91644,14204.75586,12.4322986,-255.582962,296.5338158,2
13728.97639,-27652.06393,13923.08754,15.23910373,-259.3329275,293.7077255,2
14037.28258,-27658.91633,13621.63375,18.02425326,-262.7143666,290.4642605,2
14325.64102,-27626.46389,13300.82287,20.78378934,-265.7224743,286.8080298,2
14593.64194,-27554.75273,12961.11079,23.51379052,-268.3529758,282.7442292,2
14840.90449,-27443.88476,12602.98027,26.21037731,-270.602133,278.2786337,2
15067.07731,-27294.01753,12226.94022,28.86971773,-272.4667498,273.4175889,2
15271.83899,-27105.36401,11833.52502,31.48803269,-273.9441765,268.1680028,2
15454.89855,-26878.19228,11423.29373,34.06160144,-275.0323134,262.5373353,2
15615.99585,-26612.82518,10996.82932,36.58676679,-275.7296144,256.5335879,2
15754.90197,-26309.63979,10554.73781,39.05994034,-276.0350886,250.1652922,2
15871.41951,-25969.06696,10097.64745,41.47760758,-275.9483017,243.4414979,2
15965.3829,-25591.59066,9626.207767,43.83633287,-275.4693773,236.3717599,2
16036.6586,-25177.74732,9141.088722,46.13276433,-274.5989957,228.9661248,2
16085.14533,-24728.12502,8642.979689,48.36363861,-273.338394,221.2351162,2
16110.77419,-24243.3627,8132.588509,50.52578551,-271.6893635,213.1897205,2
16113.50876,-23724.14924,7610.640476,52.61613251,-269.6542475,204.8413704,2
16093.34515,-23171.22246,7077.877306,54.6317091,-267.235938,196.2019296,2
16050.31202,-22585.36811,6535.056085,56.56965105,-264.4378717,187.2836751,2
15984.47052,-21967.41871,5982.948192,58.42720443,-261.2640247,178.0992803,2
15895.91421,-21318.25241,5422.338202,60.20172955,-257.7189072,168.6617966,2
15784.76893,-20638.7917,4854.022773,61.89070472,-253.8075571,158.9846353,2
15651.19264,-19930.00215,4278.809512,63.49172981,-249.5355325,149.0815482,2
15495.37514,-19192.89097,3697.515828,65.00252968,-244.9089043,138.966608,2
15317.53787,-18428.50564,3110.967772,66.42095739,-239.9342471,128.6541886,2
15117.93353,-17637.93239,2519.998861,67.74499729,-234.6186302,118.1589446,2
14896.84579,-16822.29468,1925.448894,68.97276785,-228.9696074,107.4957903,2
14654.58881,-15982.75157,1328.162758,70.10252433,-222.9952063,96.67987852,2
14391.50687,-15120.4961,728.9892301,71.13266128,-216.7039168,85.72657939,2
14107.9738,-14236.75357,128.7797688,72.06171483,-210.1046791,74.6514581,2
13804.39253,-13332.77983,-471.6126956,72.88836474,-203.2068713,63.47025301,2
13481.19446,-12409.85949,-1071.334973,73.6114363,-196.0202953,52.19885321,2
13138.83888,-11469.30406,-1669.534824,74.22990197,-188.5551638,40.85327599,2
12777.81229,-10512.45011,-2265.362175,74.7428829,-180.822085,29.44964402,2
12398.62773,-9540.657404,-2857.970322,75.14965009,-172.8320482,18.0041625,2
12001.82404,-8555.306899,-3446.517138,75.44962553,-164.5964076,6.533096078,2
11587.9651,-7557.798834,-4030.166263,75.64238291,-156.1268665,-4.94725423,2
11157.63903,-6549.550724,-4608.088302,75.72764834,-147.4354605,-16.42057422,2
10711.45734,-5531.995344,-5179.461996,75.70530062,-138.5345407,-27.87055967,2
10250.05409,-4506.578696,-5743.47539,75.57537154,-129.4367558,-39.28093954,2
9774.084944,-3474.757953,-6299.326992,75.33804572,-120.1550341,-50.63549904,2
9284.226293,-2437.999388,-6846.226905,74.99366041,-110.7025656,-61.91810272,2
8781.174249,-1397.776294,-7383.397955,74.542705,-101.0927826,-73.1127174,2
8265.643675,-355.5668821,-7910.076793,73.98582034,-91.33934129,-84.2034349,2
7738.367169,687.1478094,-8425.514979,73.32379777,-81.45610176,-95.17449471,2
7200.09402,1728.886026,-8928.980047,72.55757807,-71.45710865,-106.0103064,2
6651.589144,2768.167401,-9419.756545,71.68825009,-61.35657108,-116.6954716,2
6093.631995,3803.515059,-9897.147055,70.71704918,-51.16884247,-127.2148061,2
5527.015462,4833.457714,-10360.47318,69.64535548,-40.90840013,-137.5533615,2
4952.544738,5856.531761,-10809.0765,68.47469191,-30.58982472,-147.696446,2
4371.036176,6871.283356,-11242.31953,67.20672206,-20.22777949,-157.6296457,2
3783.316133,7876.270481,-11659.58661,65.84324778,-9.836989483,-167.3388451,2
3190.219791,8870.064995,-12060.28479,64.38620664,0.567779426,-176.8102469,2
2592.589971,9851.254661,-12443.84463,62.83766918,10.97174149,-186.0303916,2
1991.27594,10818.44516,-12809.7211,61.19983595,21.36011211,-194.986177,2
1387.132196,11770.26205,-13157.39424,59.47503441,31.71812884,-203.6648763,2
781.0172618,12705.35275,-13486.37001,57.66571558,42.03107237,-212.0541567,2
173.7924592,13622.38846,-13796.18092,55.77445063,52.28428745,-220.1420965,2
-433.679312,14520.066,-14086.38669,53.80392712,62.4632037,-227.9172024,2
-1040.534801,15397.10974,-14356.57494,51.75694529,72.55335632,-235.3684255,2
-1645.911633,16252.27334,-14606.3617,49.63641401,82.54040664,-242.4851771,2
-2248.949535,17084.34157,-14835.39203,47.44534667,92.41016254,-249.257344,2
-2848.791557,17892.13201,-15043.34046,45.18685689,102.1485985,-255.6753027,2
-3444.585289,18674.49676,-15229.91147,42.86415412,111.7418758,-261.7299327,2
-4035.484078,19430.32403,-15394.83995,40.48053904,121.1763617,-267.4126301,2
-4620.648223,20158.53974,-15537.89152,38.0393989,130.4386494,-272.7153196,2
-5199.246174,20858.10907,-15658.86289,35.54420269,139.5155766,-277.6304657,2
-5770.455711,21528.03788,-15757.58217,32.99849623,148.3942446,-282.1510837,2
-6333.465116,22167.37417,-15833.90905,30.40589709,157.0620362,-286.2707496,2
-6887.474319,22775.20941,-15887.73509,27.77008952,165.5066341,-289.9836091,2
-7431.696045,23350.67983,-15918.98378,25.09481912,173.716038,-293.284386,2
-7965.356924,23892.96765,-15927.61073,22.38388762,181.6785819,-296.1683897,2
-8487.698596,24401.30226,-15913.60367,19.64114738,189.3829505,-298.631522,2
-8997.978783,24874.96129,-15876.98251,16.870496,196.8181957,-300.6702825,2
-9495.472349,25313.27164,-15817.79929,14.07587073,203.9737514,-302.2817741,2
-9979.47233,25715.61044,-15736.13811,11.26124287,210.8394493,-303.4637067,2
-10449.29094,26081.40595,-15632.11501,8.430612163,217.4055327,-304.2144009,2
-10904.26053,26410.13835,-15505.87783,5.5880011,223.6626711,-304.5327897,2
-11343.73457,26701.34051,-15357.60594,2.737449181,229.6019725,-304.4184207,2
-11767.08854,26954.5986,-15187.51006,-0.116992803,235.2149969,-303.8714566,2
-12173.72083,27169.55273,-14995.83189,-2.971268534,240.493768,-302.8926744,2
-12563.05361,27345.89743,-14782.84383,-5.82132193,245.4307843,-301.4834652,2
-12934.53359,27483.38213,-14548.84854,-8.663102908,250.0190299,-299.6458315,2
-13287.6329,27581.81143,-14294.17853,-11.49257314,254.2519849,-297.3823847,2
-13621.84975,27641.04547,-14019.19572,-14.3057118,258.1236339,-294.6963412,2
-13936.70921,27661.00007,-13724.29086,-17.09852126,261.6284751,-291.5915181,2
-14231.76384,27641.64687,-13409.88303,-19.86703279,264.7615279,-288.0723275,2
-14506.59435,27583.01338,-13076.41903,-22.60731218,267.51834,-284.1437703,2
-14760.81021,27485.18293,-12724.37272,-25.31546534,269.894994,-279.8114293,2
-14994.05014,27348.29452,-12354.24438,-27.98764383,271.8881125,-275.081461,2
-15205.98271,27172.54269,-11966.55998,-30.62005036,273.494863,-269.9605869,2
-15396.30674,26958.17719,-11561.87045,-33.20894411,274.7129624,-264.4560839,2
-15564.75178,26705.50264,-11140.75086,-35.75064614,275.5406796,-258.5757745,2
-15711.07846,26414.87812,-10703.79966,-38.24154455,275.9768384,-252.3280146,2
-15835.07883,26086.7166,-10251.63777,-40.67809962,276.0208191,-245.7216829,2
-15936.57669,25721.48444,-9784.907749,-43.0568489,275.672559,-238.7661672,2
-16015.4278,25319.70064,-9304.272835,-45.37441203,274.9325532,-231.4713518,2
-16071.52012,24881.93616,-8810.41604,-47.62749564,273.8018532,-223.8476029,2
-16104.77392,24408.81308,-8304.039162,-49.81289798,272.2820657,-215.9057542,2
-16115.14196,23901.00375,-7785.86179,-51.92751346,270.3753506,-207.6570917,2
-16102.6095,23359.22978,-7256.620282,-53.9683371,268.0844173,-199.1133371,2
-16067.19435,22784.26107,-6717.066719,-55.93246878,265.4125213,-190.2866316,2
-16008.94684,22176.91468,-6167.967837,-57.81711737,262.3634596,-181.1895183,2
-15927.94974,21538.05367,-5610.103936,-59.61960466,258.9415651,-171.8349248,2
-15824.31815,20868.58592,-5044.26777,-61.33736924,255.1517005,-162.2361445,2
-15698.19934,20169.46276,-4471.263423,-62.96797006,250.9992513,-152.4068178,2
-15549.77253,19441.67769,-3891.905166,-64.50908994,246.4901185,-142.3609126,2
-15379.24864,18686.26494,-3307.016299,-65.95853888,241.6307097,-132.1127048,2
-15186.87,17904.29798,-2717.427981,-67.31425713,236.4279305,-121.6767576,2
-14972.90998,17096.88803,-2123.978049,-68.57431813,230.8891742,-111.067901,2
-14737.67264,16265.18247,-1527.509828,-69.73693128,225.0223118,-100.3012109,2
-14481.49226,15410.36319,-928.8709323,-70.80044443,218.8356804,-89.39198733,2
-14204.73289,14533.64495,-328.9120599,-71.76334628,212.3380715,-78.35573281,2
-13907.78781,13636.2736,271.5142145,-72.62426848,205.5387185,-67.20813051,2
-13591.07901,12719.52436,871.5546524,-73.38198762,198.4472838,-55.96502178,2
-13255.05654,11784.69998,1470.356563,-74.03542695,191.0738447,-44.64238369,2
-12900.19791,10833.12889,2067.069017,-74.58365788,183.4288792,-33.25630633,2
-12527.00739,9866.163341,2660.844053,-75.02590135,175.5232512,-21.82296994,2
-12136.01531,8885.17743,3250.837884,-75.36152891,167.368195,-10.35862191,2
-11727.77729,7891.565195,3836.212096,-75.59006362,158.9752995,1.120446284,2
-11302.87346,6886.738615,4416.134841,-75.71118071,150.3564914,12.59792226,2
-10861.90762,5872.125602,4989.782017,-75.72470806,141.5240185,24.0574959,2
-10405.50642,4849.167978,5556.338439,-75.63062647,132.4904322,35.48288253,2
-9934.318421,3819.31942,6114.999,-75.42906961,123.2685697,46.85784603,2
-9449.013215,2784.043401,6664.969814,-75.12032392,113.8715359,58.16622198,2
-8950.280444,1744.811103,7205.46934,-74.70482814,104.3126844,69.39194054,2
-8438.828834,703.099334,7735.7295,-74.18317271,94.60559886,80.51904935,2
-7915.385188,-339.611578,8254.996766,-73.55609894,84.76407358,91.53173619,2
-7380.693345,-1381.839883,8762.533229,-72.82449792,74.80209392,102.4143514,2
-6835.513134,-2422.104519,9257.617653,-71.9894093,64.73381639,113.1514303,2
-6280.619284,-3458.927211,9739.546496,-71.0520198,54.57354856,123.7277147,2
-5716.800331,-4490.834579,10207.63491,-70.01366148,44.33572874,134.1281753,2
-5144.857492,-5516.360224,10661.21772,-68.87580993,34.03490542,144.3380325,2
-4565.603529,-6534.04682,11099.65035,-67.64008208,23.68571664,154.3427774,2
-3979.861593,-7542.448179,11522.30977,-66.30823397,13.30286915,164.1281927,2
-3388.464056,-8540.131305,11928.59536,-64.88215823,2.901117566,173.6803729,2
-2792.251326,-9525.678437,12317.92976,-63.36388139,-7.504756669,182.9857438,2
-2192.070655,-10497.68906,12689.75971,-61.75556102,-17.89996623,192.031082,2
-1588.774931,-11454.78189,13043.55682,-60.05948261,-28.26973897,200.8035334,2
-983.2214706,-12395.59685,13378.81832,-58.27805639,-38.59933885,209.2906321,2
-376.2707991,-13318.79699,13695.06779,-56.41381386,-48.87408697,217.4803173,2
231.2145739,-14223.07039,13991.85581,-54.46940422,-59.07938233,225.3609511,2
838.3713783,-15107.13203,14268.76065,-52.44759057,-69.20072266,232.9213347,2
1444.336811,-15969.7256,14525.38879,-50.35124602,-79.22372497,240.1507243,2
2048.249762,-16809.62533,14761.37556,-48.1833496,-89.13414604,247.0388465,2
2649.252039,-17625.63765,14976.38561,-45.94698201,-98.91790261,253.5759131,2
3246.489583,-18416.60298,15170.1134,-43.64532124,-108.5610914,259.7526344,2
3839.113687,-19181.39731,15342.28362,-41.28163808,-118.050009,265.560233,2
4426.282201,-19918.93382,15492.65162,-38.85929145,-127.371171,270.9904559,2
5007.160726,-20628.16444,15621.00372,-36.38172364,-136.5113317,276.0355867,2
5580.923802,-21308.08131,15727.15751,-33.85245541,-145.4575022,280.6884557,2
6146.756079,-21957.71823,15810.96215,-31.27508099,-154.1969697,284.9424511,2
6703.85348,-22576.15203,15872.29855,-28.65326297,-162.7173149,288.7915276,2
7251.424338,-23162.50388,15911.07955,-25.9907271,-171.0064298,292.2302156,2
7788.690525,-23715.94055,15927.25003,-23.29125698,-179.0525353,295.2536285,2
8314.888557,-24235.67557,15920.78701,-20.55868871,-186.8441973,297.8574698,2
8829.270677,-24720.97037,15891.69969,-17.79690542,-194.3703435,300.0380394,2
9331.105921,-25171.13531,15840.02939,-15.00983175,-201.6202788,301.7922384,2
9819.681152,-25585.5307,15765.84954,-12.20142829,-208.5837006,303.1175742,2
10294.30208,-25963.56764,15669.26556,-9.375685928,-215.2507136,304.0121634,2
10754.29424,-26304.70894,15550.4147,-6.536620207,-221.6118436,304.4747346,2
11199.00396,-26608.4698,15409.46584,-3.688265591,-227.658051,304.5046305,2
11627.79928,-26874.41857,15246.61929,-0.834669748,-233.3807438,304.1018087,2
12040.07087,-27102.17733,15062.10646,2.020112207,-238.7717898,303.2668416,2
12435.23285,-27291.4224,14856.18955,4.872023471,-243.8235281,302.0009158,2
12812.72369,-27441.88488,14629.16119,7.717011324,-248.5287798,300.3058301,2
13172.00694,-27553.35093,14381.34398,10.55103288,-252.8808585,298.1839934,2
13512.57206,-27625.66216,14113.0901,13.37006084,-256.8735796,295.6384209,2
13833.93507,-27658.71581,13824.78075,16.17008922,-260.5012694,292.67273,2
14135.6393,-27652.46492,13516.82562,18.94713901,-263.7587725,289.2911352,2
14417.25601,-27606.91836,13189.66235,21.69726388,-266.6414601,285.4984418,2
14678.38502,-27522.14086,12843.75585,24.41655575,-269.1452355,281.3000396,2
14918.65523,-27398.25289,12479.59766,27.10115036,-271.2665408,276.7018945,2
15137.72522,-27235.43051,12097.70528,29.74723276,-273.0023615,271.710541,2
15335.28368,-27033.90508,11698.62141,32.3510427,-274.350231,266.3330719,2
15511.04985,-26793.963,11282.91315,34.90888005,-275.3082337,260.5771289,2
15664.77398,-26515.94523,10851.17125,37.41710997,-275.8750084,254.4508916,2
15796.23761,-26200.24686,10404.00925,39.87216812,-276.0497496,247.9630657,2
15905.25391,-25847.31649,9942.062581,42.27056575,-275.8322089,241.1228706,2
15991.66798,-25457.65568,9465.987696,44.60889458,-275.2226957,233.9400268,2
16055.35702,-25031.81815,8976.461125,46.88383174,-274.2220759,226.4247414,2
16096.23052,-24570.40903,8474.178511,49.0921444,-272.8317715,218.587694,2
16114.23039,-24074.08401,7959.853626,51.23069445,-271.0537583,210.4400216,2
16109.33106,-23543.54841,7434.217353,53.29644287,-268.8905628,201.9933023,2
16081.53948,-22979.55613,6898.016651,55.28645413,-266.3452592,193.2595396,2
16030.89516,-22382.90865,6352.013489,57.19790031,-263.4214643,184.2511444,2
15957.47006,-21754.45383,5796.983769,59.02806515,-260.1233332,174.9809183,2
15861.36852,-21095.08474,5233.716218,60.77434788,-256.4555525,165.4620348,2
15742.72711,-20405.73838,4663.01127,62.43426693,-252.4233345,155.7080206,2
15601.71443,-19687.39435,4085.679927,64.00546348,-248.0324091,145.7327368,2
15438.53085,-18941.07346,3502.54261,65.48570475,-243.2890161,135.5503589,2
15253.40828,-18167.83626,2914.427988,66.87288726,-238.1998961,125.1753564,2
15046.60977,-17368.78158,2322.171804,68.16503974,-232.7722809,114.6224729,2
14818.42922,-16545.0449,1726.615687,69.36032596,-227.0138837,103.9067046,2
14569.19086,-15697.79681,1128.605955,70.45704737,-220.9328873,93.04327923,2
14299.24889,-14828.2413,528.992412,71.45364546,-214.5379331,82.04763424,2
14008.9869,-13937.61404,-71.37285817,72.348704,-207.8381089,70.93539507,2
13698.81737,-13027.18067,-671.6367036,73.14095108,-200.8429353,59.72235282,2
13369.18108,-12098.23496,-1270.946117,73.82926087,-193.5623529,48.42444184,2
13020.54644,-11152.097,-1868.449446,74.41265524,-186.0067078,37.05771708,2
12653.4089,-10190.1113,-2463.297606,74.89030515,-178.186737,25.63833127,2
12268.29017,-9213.644888,-3054.645285,75.26153184,-170.1135531,14.182512,2
11865.73753,-8224.085386,-3641.652146,75.52580777,-161.7986285,2.706538594,2
11446.32303,-7222.83901,-4223.484021,75.6827574,-153.2537792,-8.773280948,2
11010.64268,-6211.328584,-4799.314093,75.73215769,-144.4911479,-20.24063318,2
10559.3156,-5190.99152,-5368.324078,75.67393844,-135.5231868,-31.67922236,2
10092.98315,-4163.277773,-5929.70538,75.50818238,-126.3626398,-43.07279363,2
9612.308027,-3129.647781,-6482.660246,75.23512507,-117.0225246,-54.40515611,2
9117.973285,-2091.570388,-7026.402898,74.85515452,-107.516114,-65.66020588,2
8610.681405,-1050.520758,-7560.160646,74.36881071,-97.8569171,-76.82194891,2
8091.153275,-7.978281936,-8083.174993,73.77678474,-88.05866017,-87.87452375,2
7560.127173,1034.575532,-8594.702705,73.07991793,-78.13526707,-98.80222407,2
7018.357717,2075.659158,-9094.016875,72.27920055,-68.10083948,-109.589521,2
6466.614791,3113.793158,-9580.407949,71.37577047,-57.96963686,-120.2210853,2
5905.682451,4147.502288,-10053.18474,70.37091152,-47.75605622,-130.6818088,2
5336.357813,5175.317591,-10511.6754,69.26605166,-37.47461161,-140.9568263,2
4759.449919,6195.778483,-10955.2284,68.06276094,-27.13991353,-151.0315365,2
4175.778586,7207.434836,-11383.21342,66.76274932,-16.76664815,-160.8916225,2
3586.173244,8208.849029,-11795.02227,65.36786417,-6.369556438,-170.5230728,2
2991.471752,9198.597999,-12190.06975,63.88008772,4.03658676,-179.9122005,2
2392.519216,10175.27526,-12567.79447,62.30153416,14.43699375,-189.045663,2
1790.166779,11137.49289,-12927.65967,60.63444672,24.81688497,-197.9104814,2
1185.270417,12083.88354,-13269.15396,58.88119441,35.16151005,-206.4940581,2
578.6897214,13013.10233,-13591.79205,57.0442687,45.4561687,-214.7841955,2
-28.71332443,13923.82879,-13895.11546,55.12627996,55.68623164,-222.7691127,2
-636.075567,14814.76873,-14178.69316,53.12995376,65.83716141,-230.4374629,2
-1242.533911,15684.65606,-14442.12215,51.05812699,75.89453296,-237.7783488,2
-1847.226547,16532.25465,-14685.0281,48.91374383,85.84405423,-244.7813387,2
-2449.294173,17356.35999,-14907.06582,46.69985156,95.6715864,-251.4364809,2
-3047.881217,18155.801,-15107.91979,44.41959625,105.363164,-257.7343181,2
-3642.137056,18929.44163,-15287.30457,42.07621826,114.9050148,-263.6659008,2
-4231.217219,19676.18248,-15444.96526,39.67304766,124.2835793,-269.2227997,2
-4814.28459,20394.96239,-15580.6778,37.21349949,133.48553,-274.3971184,2
-5390.5106,21084.75995,-15694.24935,34.7010689,142.4977905,-279.1815037,2
-5959.076399,21744.59492,-15785.51852,32.1393262,151.3075538,-283.5691568,2
-6519.174024,22373.52962,-15854.35559,29.53191175,159.9023008,-287.5538427,2
-7070.007547,22970.67031,-15900.66277,26.88253084,168.2698178,-291.1298987,2
-7610.794202,23535.16843,-15924.37422,24.19494838,176.3982143,-294.2922433,2
-8140.765501,24066.22178,-15925.45628,21.47298358,184.2759392,-297.0363825,2
-8659.168328,24563.07571,-15903.90738,18.72050449,191.891798,-299.3584167,2
-9165.266003,25025.02417,-15859.75817,15.94142254,199.234968,-301.2550463,2
-9658.339333,25451.4107,-15793.07137,13.13968696,206.2950142,-302.7235759,2
-10137.68763,25841.62938,-15703.94175,10.31927916,213.0619039,-303.7619188,2
-10602.62973,26195.1257,-15592.49597,7.484207107,219.526021,-304.3685994,2
-11052.5049,26511.39731,-15458.8924,4.638499582,225.6781796,-304.5427555,2
-11486.67386,26789.99477,-15303.3209,1.786200495,231.5096372,-304.2841397,2
-11904.51963,27030.52218,-15126.00255,-1.06863688,237.0121069,-303.5931195,2
-12305.44843,27232.63774,-14927.18931,-3.921955664,242.1777694,-302.4706769,2
-12688.89051,27396.05423,-14707.16372,-6.769701134,246.999284,-300.9184069,2
-13054.30098,27520.53943,-14466.23845,-9.607826488,251.4697992,-298.9385154,2
-13401.16058,27605.91644,-14204.75586,-12.4322986,255.582962,-296.5338158,2
-13728.97639,27652.06393,-13923.08754,-15.23910373,259.3329275,-293.7077255,2
-14037.28258,27658.91633,-13621.63375,-18.02425326,262.7143666,-290.4642605,2
-14325.64102,27626.46389,-13300.82287,-20.78378934,265.7224743,-286.8080298,2
-14593.64194,27554.75273,-12961.11079,-23.51379052,268.3529758,-282.7442292,2
-14840.90449,27443.88476,-12602.98027,-26.21037731,270.602133,-278.2786337,2
-15067.07731,27294.01753,-12226.94022,-28.86971773,272.4667498,-273.4175889,2
-15271.83899,27105.36401,-11833.52502,-31.48803269,273.9441765,-268.1680028,2
-15454.89855,26878.19228,-11423.29373,-34.06160144,275.0323134,-262.5373353,2
-15615.99585,26612.82518,-10996.82932,-36.58676679,275.7296144,-256.5335879,2
-15754.90197,26309.63979,-10554.73781,-39.05994034,276.0350886,-250.1652922,2
-15871.41951,25969.06696,-10097.64745,-41.47760758,275.9483017,-243.4414979,2
-15965.3829,25591.59066,-9626.207767,-43.83633287,275.4693773,-236.3717599,2
-16036.6586,25177.74732,-9141.088722,-46.13276433,274.5989957,-228.9661248,2
-16085.14533,24728.12502,-8642.979689,-48.36363861,273.338394,-221.2351162,2
-16110.77419,24243.3627,-8132.588509,-50.52578551,271.6893635,-213.1897205,2
-16113.50876,23724.14924,-7610.640476,-52.61613251,269.6542475,-204.8413704,2
-16093.34515,23171.22246,-7077.877306,-54.6317091,267.235938,-196.2019296,2
-16050.31202,22585.36811,-6535.056085,-56.56965105,264.4378717,-187.2836751,2
-15984.47052,21967.41871,-5982.948192,-58.42720443,261.2640247,-178.0992803,2
-15895.91421,21318.25241,-5422.338202,-60.20172955,257.7189072,-168.6617966,2
-15784.76893,20638.7917,-4854.022773,-61.89070472,253.8075571,-158.9846353,2
-15651.19264,19930.00215,-4278.809512,-63.49172981,249.5355325,-149.0815482,2
-15495.37514,19192.89097,-3697.515828,-65.00252968,244.9089043,-138.966608,2
-15317.53787,18428.50564,-3110.967772,-66.42095739,239.9342471,-128.6541886,2
-15117.93353,17637.93239,-2519.998861,-67.74499729,234.6186302,-118.1589446,2
-14896.84579,16822.29468,-1925.448894,-68.97276785,228.9696074,-107.4957903,2
-14654.58881,15982.75157,-1328.162758,-70.10252433,222.9952063,-96.67987852,2
-14391.50687,15120.4961,-728.9892301,-71.13266128,216.7039168,-85.72657939,2
-14107.9738,14236.75357,-128.7797688,-72.06171483,210.1046791,-74.6514581,2
-13804.39253,13332.77983,471.6126956,-72.88836474,203.2068713,-63.47025301,2
-13481.19446,12409.85949,1071.334973,-73.6114363,196.0202953,-52.19885321,2
-13138.83888,11469.30406,1669.534824,-74.22990197,188.5551638,-40.85327599,2
-12777.81229,10512.45011,2265.362175,-74.7428829,180.822085,-29.44964402,2
-12398.62773,9540.657404,2857.970322,-75.14965009,172.8320482,-18.0041625,2
-12001.82404,8555.306899,3446.517138,-75.44962553,164.5964076,-6.533096078,2
-11587.9651,7557.798834,4030.166263,-75.64238291,156.1268665,4.94725423,2
-11157.63903,6549.550724,4608.088302,-75.72764834,147.4354605,16.42057422,2
-10711.45734,5531.995344,5179.461996,-75.70530062,138.5345407,27.87055967,2
-10250.05409,4506.578696,5743.47539,-75.57537154,129.4367558,39.28093954,2
-9774.084944,3474.757953,6299.326992,-75.33804572,120.1550341,50.63549904,2
-9284.226293,2437.999388,6846.226905,-74.99366041,110.7025656,61.91810272,2
-8781.174249,1397.776294,7383.397955,-74.542705,101.0927826,73.1127174,2
-8265.643675,355.5668821,7910.076793,-73.98582034,91.33934129,84.2034349,2
-7738.367169,-687.1478094,8425.514979,-73.32379777,81.45610176,95.17449471,2
-7200.09402,-1728.886026,8928.980047,-72.55757807,71.45710865,106.0103064,2
-6651.589144,-2768.167401,9419.756545,-71.68825009,61.35657108,116.6954716,2
-6093.631995,-3803.515059,9897.147055,-70.71704918,51.16884247,127.2148061,2
-5527.015462,-4833.457714,10360.47318,-69.64535548,40.90840013,137.5533615,2
-4952.544738,-5856.531761,10809.0765,-68.47469191,30.58982472,147.696446,2
-4371.036176,-6871.283356,11242.31953,-67.20672206,20.22777949,157.6296457,2
-3783.316133,-7876.270481,11659.58661,-65.84324778,9.836989483,167.3388451,2
-3190.219791,-8870.064995,12060.28479,-64.38620664,-0.567779426,176.8102469,2
-2592.589971,-9851.254661,12443.84463,-62.83766918,-10.97174149,186.0303916,2
-1991.27594,-10818.44516,12809.7211,-61.19983595,-21.36011211,194.986177,2
-1387.132196,-11770.26205,13157.39424,-59.47503441,-31.71812884,203.6648763,2
-781.0172618,-12705.35275,13486.37001,-57.66571558,-42.03107237,212.0541567,2
-173.7924592,-13622.38846,13796.18092,-55.77445063,-52.28428745,220.1420965,2
433.679312,-14520.066,14086.38669,-53.80392712,-62.4632037,227.9172024,2
1040.534801,-15397.10974,14356.57494,-51.75694529,-72.55335632,235.3684255,2
1645.911633,-16252.27334,14606.3617,-49.63641401,-82.54040664,242.4851771,2
2248.949535,-17084.34157,14835.39203,-47.44534667,-92.41016254,249.257344,2
2848.791557,-17892.13201,15043.34046,-45.18685689,-102.1485985,255.6753027,2
3444.585289,-18674.49676,15229.91147,-42.86415412,-111.7418758,261.7299327,2
4035.484078,-19430.32403,15394.83995,-40.48053904,-121.1763617,267.4126301,2
4620.648223,-20158.53974,15537.89152,-38.0393989,-130.4386494,272.7153196,2
5199.246174,-20858.10907,15658.86289,-35.54420269,-139.5155766,277.6304657,2
5770.455711,-21528.03788,15757.58217,-32.99849623,-148.3942446,282.1510837,2
6333.465116,-22167.37417,15833.90905,-30.40589709,-157.0620362,286.2707496,2
-8921.268971,-16061.02656,24982.29553,-225.569648,-47.13254814,274.0868099,2
-8417.612758,-16099.36081,24516.97357,-217.6975286,-49.3332626,272.6533192,2
-7901.994656,-16114.817,24016.81165,-209.516049,-51.46387179,270.8323731,2
-7375.147387,-16107.37314,23482.52053,-201.0368357,-53.521348,268.6265594,2
-6837.81963,-16077.03983,22914.85946,-192.271938,-55.50276745,266.0390126,2
-6290.774958,-16023.86017,22314.63512,-183.2338114,-57.40531443,263.0734099,2
-5734.790749,-15947.90972,21682.70047,-173.9352996,-59.22628532,259.7339655,2
-5170.65709,-15849.29642,21019.95351,-164.3896161,-60.96309242,256.0254248,2
-4599.175644,-15728.1604,20327.33604,-154.610326,-62.61326762,251.9530581,2
-4021.158517,-15584.67381,19605.83232,-144.6113262,-64.17446595,247.5226522,2
-3437.427105,-15419.04054,18856.46764,-134.4068258,-65.64446885,242.7405032,2
-2848.81092,-15231.49597,18080.30689,-124.0113259,-67.02118736,237.6134066,2
-2256.146419,-15022.30661,17278.45303,-113.4395991,-68.3026651,232.1486483,2
-1660.275811,-14791.76974,16452.04555,-102.7066685,-69.48708102,226.3539941,2
-1062.045859,-14540.21294,15602.2588,-91.82778601,-70.57275199,220.2376785,2
-462.3066829,-14267.99371,14730.3004,-80.81841127,-71.55813522,213.8083931,2
138.0894567,-13975.49888,13837.40943,-69.69418913,-72.44183043,207.0752743,2
738.2893636,-13663.14411,12924.85474,-58.47092774,-73.22258183,200.0478901,2
1337.440121,-13331.37325,11993.93313,-47.16457596,-73.89927993,192.736227,2
1934.690303,-12980.65779,11045.96749,-35.79120074,-74.47096311,185.1506752,2
2529.191184,-12611.4961,10082.30492,-24.36696426,-74.93681898,177.3020141,2
3120.097946,-12224.41278,9104.314838,-12.908101,-75.29618553,169.2013972,2
3706.570877,-11819.95791,8113.387031,-1.430894613,-75.54855208,160.8603358,2
4287.776569,-11398.70623,7110.929657,10.04834515,-75.69356001,152.290683,2
4862.889096,-10961.25636,6098.367263,21.51330567,-75.73100324,143.5046169,2
5431.091192,-10508.22995,5077.138756,32.9476946,-75.66082857,134.5146229,2
5991.575409,-10040.27077,4048.695356,44.33526305,-75.48313573,125.3334762,2
6543.54527,-9558.043809,3014.498539,55.65982867,-75.19817722,115.9742238,2
7086.216395,-9062.23435,1976.017955,66.90529863,-74.80635798,106.4501657,2
7618.817619,-8553.54696,934.7293404,78.05569249,-74.30823482,96.77483602,2
8140.592086,-8032.704511,-107.8875754,89.09516495,-73.70451559,86.96198405,2
8650.798327,-7500.44715,-1150.351177,100.0080283,-72.99605821,77.02555434,2
9148.711309,-6957.531243,-2191.180067,110.7787748,-72.18386944,66.9796671,2
9633.623473,-6404.728303,-3228.895169,121.3920985,-71.26910343,56.8385981,2
10104.84573,-5842.823894,-4262.021836,131.8329175,-70.25306014,46.61675833,2
10561.70845,-5272.616513,-5289.091935,142.0863947,-69.1371834,36.3286736,2
11003.5624,-4694.916455,-6308.645946,152.1379593,-67.92305894,25.98896383,2
11429.77969,-4110.544663,-7319.235026,161.9733275,-66.61241209,15.61232233,2
11839.75464,-3520.331563,-8319.423072,171.5785228,-65.20710537,5.213494861,2
12232.90464,-2925.115879,-9307.788763,180.9398957,-63.70913577,-5.192741269,2
12608.67102,-2325.743446,-10282.92758,190.044143,-62.12063201,-15.59159823,2
12966.51979,-1723.066003,-11243.45379,198.8783272,-60.44385144,-25.96829868,2
13305.94243,-1117.93999,-12188.00244,207.4298944,-58.68117684,-36.30809675,2
13626.45659,-511.2253226,-13115.23127,215.6866924,-56.83511308,-46.59629903,2
13927.60681,96.21582391,-14023.82263,223.6369878,-54.90828351,-56.81828542,2
14208.96514,703.5202424,-14912.48538,231.2694829,-52.90342627,-66.95952992,2
14470.13175,1309.82492,-15779.95667,238.5733313,-50.82339037,-77.00562126,2
14710.73552,1914.268265,-16625.00378,245.5381539,-48.67113164,-86.9422834,2
14930.43452,2515.99133,-17446.42585,252.1540534,-46.44970858,-96.75539579,2
15128.91656,3114.139034,-18243.0556,258.4116282,-44.16227794,-106.4310135,2
15305.89958,3707.861375,-19013.76096,264.301986,-41.81209028,-115.9553869,2
15461.13208,4296.314643,-19757.44673,269.8167561,-39.40248536,-125.3149813,2
15594.39347,4878.662612,-20473.05608,274.9481019,-36.93688735,-134.4964963,2
15705.49437,5454.077735,-21159.57211,279.6887314,-34.4188,-143.4868844,2
15794.2769,6021.742315,-21816.01922,284.0319078,-31.85180165,-152.2733698,2
15860.6149,6580.84967,-22441.46457,287.9714595,-29.23954015,-160.8434664,2
15904.4141,7130.605277,-23035.01938,291.5017879,-26.58572766,-169.1849957,2
15925.61226,7670.227904,-23595.84016,294.6178763,-23.8941354,-177.2861038,2
15924.17925,8198.950718,-24123.12997,297.3152966,-21.16858826,-185.1352786,2
15900.11711,8716.022374,-24616.13948,299.5902155,-18.41295941,-192.7213661,2
15853.46003,9220.708085,-25074.16812,301.4394004,-15.63116473,-200.033586,2
15784.27432,9712.290665,-25496.56499,302.8602234,-12.8271573,-207.0615472,2
15692.6583,10190.07155,-25882.72984,303.8506655,-10.00492179,-213.7952627,2
15578.74214,10653.37178,-26232.11393,304.4093191,-7.168468737,-220.2251633,2
15442.68774,11101.53299,-26544.22074,304.5353905,-4.321828896,-226.342112,2
15284.68844,11533.91832,-26818.60676,304.2287004,-1.4690475,-232.1374161,2
15104.96876,11949.91331,-27054.88207,303.4896846,1.385821493,-237.6028402,2
14903.78409,12348.92683,-27252.71092,302.3193934,4.238721158,-242.7306178,2
14681.42033,12730.39184,-27411.81217,300.7194898,7.085597368,-247.5134618,2
14438.19346,13093.76627,-27531.95974,298.6922474,9.922404556,-251.9445756,2
14174.44914,13438.53375,-27612.98288,296.2405469,12.74511146,-256.0176625,2
13890.56214,13764.20433,-27654.76647,293.3678724,15.54970687,-259.7269342,2
13586.9359,14070.31522,-27657.25112,290.0783061,18.3322053,-263.0671197,2
13264.00188,14356.43142,-27620.4333,286.3765227,21.08865265,-266.0334725,2
12922.21898,14622.14635,-27544.36534,282.2677825,23.81513188,-268.6217771,2
12562.07291,14867.08242,-27429.15532,277.7579244,26.5077685,-270.8283555,2
12184.07544,15090.89154,-27274.96698,272.8533571,29.16273613,-272.650072,2
11788.76373,15293.25568,-27082.01941,267.5610502,31.77626192,-274.0843378,2
11376.69955,15473.88727,-26850.58681,261.8885244,34.3446319,-275.1291148,2
10948.46845,15632.52961,-26580.99806,255.8438407,36.86419628,-275.7829182,2
10504.67898,15768.95728,-26273.63626,249.4355889,39.33137463,-276.0448191,2
10045.96179,15882.97639,-25928.93818,242.6728755,41.74266093,-275.9144451,2
9572.968731,15974.42493,-25547.39366,235.5653107,44.09462863,-275.3919816,2
9086.371964,16043.17294,-25129.5449,228.1229946,46.38393545,-274.478171,2
8586.862965,16089.12271,-24675.98568,220.3565033,48.60732816,-273.174312,2
8075.151564,16112.20897,-24187.36053,212.2768734,50.76164719,-271.4822573,2
7551.96493,16112.39889,-23664.36382,203.8955864,52.84383115,-269.4044114,2
7018.046542,16089.69222,-23107.73876,195.2245526,54.85092113,-266.9437271,2
6474.155125,16044.12121,-22518.27633,186.276094,56.78006496,-264.1037012,2
5921.063579,15975.75062,-21896.8142,177.062927,58.6285212,-260.8883695,2
5359.557878,15884.67762,-21244.2355,167.5981438,60.3936631,-257.3023011,2
4790.435952,15771.03163,-20561.46758,157.8951945,62.07298231,-253.3505921,2
4214.506555,15634.97413,-19849.48069,147.9678674,63.66409241,-249.0388581,2
3632.588113,15476.69848,-19109.2866,137.83027,65.16473235,-244.3732261,2
3045.507564,15296.4296,-18341.93716,127.4968081,66.57276965,-239.3603265,2
2454.099183,15094.42365,-17548.52284,116.9821664,67.88620339,-234.0072827,2
1859.203392,14870.9677,-16730.1711,106.3012865,69.10316712,-228.3217018,2
1261.665572,14626.3793,-15888.04487,95.46934677,70.22193148,-222.3116633,2
662.3348555,14361.006,-15023.34086,84.50173983,71.24090662,-215.9857077,2
62.0629252,14075.22493,-14137.28786,73.4140513,72.15864454,-209.3528246,2
-538.2971999,13769.4422,-13231.145,62.22203738,72.97384108,-202.4224397,2
-1137.892375,13444.09234,-12306.19996,50.94160255,73.68533779,-195.2044014,2
-1735.870543,13099.63768,-11363.76714,39.58877691,74.29212361,-187.708967,2
-2331.381944,12736.56772,-10405.18578,28.17969345,74.79333625,-179.9467879,2
-2923.580324,12355.39841,-9431.818085,16.7305651,75.18826348,-171.9288945,2
-3511.624136,11956.67139,-8445.047259,5.257661707,75.47634406,-163.6666808,2
-4094.677738,11540.9533,-7446.275558,-6.222713112,75.65716863,-155.1718877,2
-4671.912578,11108.83487,-6436.922293,-17.69424511,75.73048023,-146.456587,2
-5242.508376,10660.93019,-5418.421809,-29.14063263,75.69617466,-137.5331634,2
-5805.654282,10197.87573,-4392.221451,-40.54560971,75.55430069,-128.4142976,2
-6360.550036,9720.329542,-3359.779506,-51.89296926,75.30505993,-119.1129481,2
-6906.4071,9228.970231,-2322.563131,-63.16658606,74.94880656,-109.6423326,2
-7442.449782,8724.496048,-1282.046266,-74.35043968,74.48604683,-100.0159093,2
-7967.916335,8207.623879,-239.7075436,-85.42863726,73.91743835,-90.24735799,2
-8482.060043,7679.088227,802.9718166,-96.38543608,73.24378914,-80.35056021,2
-8984.15028,7139.64017,1844.51011,-107.2052659,72.46605651,-70.33957989,2
-9473.473548,6590.046294,2883.427253,-117.8727512,71.58534564,-60.22864317,2
-9949.334491,6031.087602,3918.246889,-128.3727329,70.60290808,-50.03211826,2
-10411.05689,5463.558404,4947.498481,-138.6902898,69.52013993,-39.76449497,2
-10857.9846,4888.265191,5969.719408,-148.8107603,68.33857985,-29.44036416,2
-11289.48252,4306.025485,6983.457036,-158.7197626,67.05990691,-19.07439697,2
-11704.93747,3717.666682,7987.27079,-168.4032154,65.68593817,-8.68132403,2
-12103.75907,3124.024871,8979.734195,-177.847358,64.21862612,1.724085551,2
-12485.38056,2525.94365,9959.436906,-187.0387697,62.66005589,12.12704511,2
-12849.25964,1924.272924,10924.98671,-195.9643892,61.01244229,22.51277148,2
-13194.87922,1319.867701,11875.01151,-204.6115325,59.27812667,32.86650596,2
-13521.74815,713.5868744,12808.16128,-212.9679117,57.45957359,43.17353535,2
-13829.40194,106.2920015,13723.10994,-221.0216518,55.55936731,53.41921277,2
-14117.40339,-501.1539181,14618.55731,-228.761308,53.58020814,63.58897857,2
-14385.34325,-1107.887671,15493.23092,-236.1758819,51.52490855,73.66838096,2
-14632.84074,-1713.047054,16345.88779,-243.2548369,49.39638925,83.64309654,2
-14859.54416,-2315.772104,17175.31626,-249.9881135,47.19767497,93.49895071,2
-15065.13136,-2915.206315,17980.33767,-256.3661433,44.93189022,103.2219378,2
-15249.31018,-3510.497858,18759.80804,-262.3798628,42.60225479,112.7982408,2
-15411.8189,-4100.800792,19512.61969,-268.0207262,40.21207923,122.2142513,2
-15552.42658,-4685.276264,20237.70284,-273.2807174,37.76476011,131.4565887,2
-15670.93341,-5263.093701,20934.02711,-278.1523618,35.26377519,140.5121191,2
-15767.17099,-5833.431995,21600.60298,-282.6287365,32.71267852,149.3679741,2
-15841.00255,-6395.480662,22236.48321,-286.7034803,30.11509534,158.0115691,2
-15892.32318,-6948.441001,22840.76419,-290.3708027,27.47471696,166.4306209,2
-15921.05996,-7491.527226,23412.58718,-293.6254923,24.79529551,174.6131657,2
-15927.17203,-8023.96758,23951.13961,-296.4629241,22.08063859,182.5475757,2
-15910.65072,-8545.005438,24455.65616,-298.8790658,19.33460387,190.2225755,2
-15871.51951,-9053.900375,24925.41988,-300.870484,16.56109362,197.6272587,2
-15809.834,-9549.929224,25359.76322,-302.4343487,13.76404915,204.7511028,2
-15725.68185,-10032.3871,25758.06895,-303.5684377,10.94744521,211.5839843,2
-15619.18264,-10500.58841,26119.77105,-304.2711394,8.115284356,218.1161934,2
-15490.48772,-10953.8678,26444.35553,-304.5414551,5.271591238,224.3384474,2
-15339.77997,-11391.58115,26731.36113,-304.3790008,2.420406899,230.2419042,2
-15167.27356,-11813.10644,26980.38,-303.7840072,-0.43421697,235.8181747,2
-14973.21362,-12217.84466,27191.05828,-302.7573199,-3.288223792,241.0593347,2
-14757.87592,-12605.22066,27363.09658,-301.3003979,-6.137557869,245.9579361,2
-14521.56647,-12974.68394,27496.25042,-299.4153116,-8.978170141,250.5070179,2
-14264.62109,-13325.70949,27590.33058,-297.1047397,-11.80602394,254.7001155,2
-13987.40489,-13657.79848,27645.20337,-294.3719657,-14.61710074,258.5312703,2
-13690.31183,-13970.47898,27660.79082,-291.2208731,-17.40740583,261.995038,2
-13373.76409,-14263.30668,27637.07077,-287.6559396,-20.17297405,265.0864964,2
-13038.21149,-14535.86543,27574.07692,-283.6822314,-22.90987537,267.8012524,2
-12684.13089,-14787.76792,27471.89881,-279.3053951,-25.6142205,270.1354482,2
-12312.02544,-15018.65619,27330.68163,-274.5316506,-28.28216642,272.0857667,2
-11922.42392,-15228.20212,27150.62605,-269.3677816,-30.90992184,273.6494365,2
-11515.88,-15416.10795,26931.98794,-263.8211263,-33.49375256,274.8242354,2
-11092.97137,-15582.10664,26675.07801,-257.8995667,-36.02998683,275.608494,2
-10654.29903,-15725.96231,26380.26133,-251.6115177,-38.51502052,276.001098,2
-10200.48634,-15847.47052,26047.95686,-244.965915,-40.94532226,276.0014892,2
-9732.178206,-15946.45861,25678.63682,-237.9722023,-43.31743845,275.6096672,2
-9250.040113,-16022.78591,25272.82602,-230.640318,-45.6279982,274.8261888,2
-8754.757207,-16076.34396,24831.10116,-222.9806813,-47.87371806,273.6521674,2
-8247.033312,-16107.05664,24354.08995,-215.0041768,-50.05140674,272.0892712,2
-7727.589931,-16114.88031,23842.47024,-206.7221396,-52.15796964,270.1397213,2
-7197.165222,-16099.80385,23296.96907,-198.146339,-54.19041322,267.8062881,2
-6656.512948,-16061.84869,22718.36164,-189.2889615,-56.14584925,265.0922875,2
-6106.401404,-16001.06877,22107.47018,-180.1625941,-58.02149895,262.0015763,2
-5547.61233,-15917.55045,21465.16278,-170.7802058,-59.81469693,258.5385464,2
-4980.939795,-15811.41243,20792.35222,-161.1551294,-61.52289495,254.7081192,2
-4407.189072,-15682.80552,20089.99459,-151.3010428,-63.14366558,250.5157377,2
-3827.175493,-15531.91248,19359.08797,-141.2319492,-64.67470559,245.9673597,2
-3241.723287,-15358.94775,18600.67104,-130.9621572,-66.11383932,241.0694487,2
-2651.664416,-15164.15711,17815.82153,-120.5062608,-67.45902166,235.8289647,2
-2057.837384,-14947.81738,17005.65476,-109.8791184,-68.70834103,230.2533549,2
-1461.086052,-14710.23597,16171.32203,-99.0958318,-69.8600221,224.3505425,2
-862.2584377,-14451.75052,15314.00896,-88.17172459,-70.91242825,218.1289156,2
-262.2055067,-14172.72834,14434.93385,-77.12232054,-71.86406397,211.5973157,2
338.2200327,-13873.56594,13535.34591,-65.96332144,-72.71357691,204.7650244,2
938.164943,-13554.68844,12616.5235,-54.71058486,-73.45975988,197.6417507,2
1536.776669,-13216.54899,11679.77232,-43.38010154,-74.10155252,190.2376174,2
2133.204552,-12859.6281,10726.42355,-31.98797273,-74.63804279,182.5631459,2
2726.601035,-12484.43297,9757.831937,-20.55038725,-75.06846832,174.6292423,2
3316.122868,-12091.49678,8775.373915,-9.083598555,-75.39221745,166.4471809,2
3900.932309,-11681.37791,7780.445606,2.396098435,-75.60883011,158.028589,2
4480.198312,-11254.65917,6774.460858,13.87239044,-75.71799849,149.3854298,2
5053.097707,-10811.94694,5758.849231,25.32896902,-75.71956745,140.5299858,2
5618.816375,-10353.87034,4735.053964,36.74955374,-75.61353476,131.4748409,2
6176.550397,-9881.080322,3704.529925,48.11791534,-75.4000511,122.2328631,2
6725.507203,-9394.24875,2668.741548,59.41789875,-75.07941984,112.8171858,2
7264.906695,-8894.067437,1629.160742,70.63344607,-74.65209662,103.241189,2
7793.982357,-8381.247167,587.26481,81.7486194,-74.11868868,93.51848083,2
8311.982344,-7856.516686,-455.4656576,92.74762347,-73.47995403,83.6628778,2
8818.170549,-7320.621665,-1497.548884,103.6148281,-72.73680035,73.68838524,2
9311.827651,-6774.323641,-2537.504011,114.3347904,-71.89028369,63.60917745,2
9792.252137,-6218.398931,-3573.853206,124.8922767,-70.94160701,53.43957754,2
10258.7613,-5653.637537,-4605.12376,135.2722842,-69.89211842,43.19403707,2
10710.69219,-5080.842014,-5629.850181,145.4600624,-68.7433093,32.88711551,2
11147.40261,-4500.826336,-6646.576277,155.4411339,-67.49681219,22.53345955,2
11568.27196,-3914.414738,-7653.857224,165.2013151,-66.1543984,12.14778232,2
11972.70216,-3322.440543,-8650.261622,174.7267361,-64.7179756,1.74484242,2
12360.1185,-2725.744978,-9634.373524,184.0038609,-63.18958502,-8.660576993,2
12729.97043,-2125.17598,-10604.79445,193.0195061,-61.57139857,-19.05368925,2
13081.73238,-1521.58699,-11560.14539,201.7608601,-59.8657158,-29.41972518,2
13414.90447,-915.8357427,-12499.06873,210.2155008,-58.07496057,-39.74395406,2
13729.01325,-308.7830423,-13420.23021,218.3714138,-56.20167765,-50.01170461,2
14023.61235,298.7084558,-14322.3208,226.2170091,-54.24852906,-60.2083858,2
14298.28313,905.7754727,-15204.0586,233.7411376,-52.21829035,-70.31950757,2
14552.63526,1511.555333,-16064.19059,240.9331072,-50.11384659,-80.33070147,2
14786.3073,2115.187191,-16901.49449,247.7826976,-47.93818831,-90.22774106,2
14998.9672,2715.813252,-17714.78045,254.2801753,-45.69440724,-99.99656208,2
15190.31273,3312.579993,-18502.89273,260.4163069,-43.38569192,-109.6232825,2
15360.07201,3904.639378,-19264.71139,266.1823727,-41.01532315,-119.0942223,2
15508.00378,4491.150056,-19999.15383,271.5701788,-38.58666937,-128.3959226,2
15633.89783,5071.278564,-20705.17639,276.5720688,-36.10318182,-137.5151653,2
15737.57525,5644.200507,-21381.77576,281.1809348,-33.56838968,-146.4389915,2
15818.88872,6209.101733,-22027.99045,285.3902273,-30.98589501,-155.1547198,2
15877.72268,6765.179486,-22642.90217,289.1939646,-28.35936769,-163.6499648,2
15913.99353,7311.643548,-23225.63708,292.5867415,-25.69254016,-171.9126542,2
15927.64973,7847.717365,-23775.36709,295.5637366,-22.98920212,-179.9310463,2
15918.67186,8372.639146,-24291.311,298.1207195,-20.25319517,-187.6937466,2
15887.07269,8885.662949,-24772.73563,300.2540565,-17.48840732,-195.1897238,2
15832.89711,9386.059738,-25218.95685,301.9607161,-14.69876749,-202.4083257,2
15756.22213,9873.118423,-25629.34055,303.238273,-11.8882399,-209.3392943,2
15657.15669,10346.14687,-26003.30356,304.0849117,-9.060818478,-215.9727803,2
15535.84158,10804.47287,-26340.31445,304.4994291,-6.220521134,-222.2993572,2
15392.44918,11247.44512,-26639.89431,304.4812362,-3.371384088,-228.3100345,2
15227.18327,11674.43414,-26901.61742,304.0303587,-0.517456121,-233.9962708,2
15040.2787,12084.83316,-27125.11186,303.1474375,2.337207179,-239.3499855,2
14832.00108,12478.05896,-27310.06003,301.8337272,5.188549179,-244.3635709,2
14602.64636,12853.55275,-27456.19912,300.0910946,8.032517968,-249.0299022,2
14352.54049,13210.78095,-27563.32144,297.9220162,10.86507211,-253.3423484,2
14082.03887,13549.2359,-27631.27478,295.3295743,13.68218639,-257.2947813,2
13791.52591,13868.43665,-27659.96256,292.3174529,16.47985753,-260.8815842,2
13481.41443,14167.92959,-27649.34402,288.8899324,19.2541099,-264.0976601,2
13152.14512,14447.28912,-27599.43425,285.0518835,22.00100112,-266.9384388,2
12804.1859,14706.11827,-27510.30417,280.8087603,24.71662771,-269.3998833,2
12438.03123,14944.04922,-27382.08045,276.1665925,27.39713062,-271.4784959,2
12054.20143,15160.74386,-27214.94529,271.1319768,30.03870072,-273.1713227,2
11653.24195,15355.89425,-27009.1362,265.7120678,32.63758417,-274.4759581,2
11235.72258,15529.22308,-26764.94566,259.9145673,35.19008783,-275.3905481,2
10802.23664,15680.48402,-26482.72066,253.7477141,37.69258445,-275.9137931,2
10353.40012,15809.46215,-26162.86227,247.2202714,40.14151785,-276.0449495,2
9889.850857,15915.97416,-25805.82502,240.3415153,42.53340795,-275.7838309,2
9412.247574,15999.8687,-25412.11628,233.1212206,44.86485575,-275.1308084,2
8921.268971,16061.02656,-24982.29553,225.569648,47.13254814,-274.0868099,2
8417.612758,16099.36081,-24516.97357,217.6975286,49.3332626,-272.6533192,2
7901.994656,16114.817,-24016.81165,209.516049,51.46387179,-270.8323731,2
7375.147387,16107.37314,-23482.52053,201.0368357,53.521348,-268.6265594,2
6837.81963,16077.03983,-22914.85946,192.271938,55.50276745,-266.0390126,2
6290.774958,16023.86017,-22314.63512,183.2338114,57.40531443,-263.0734099,2
5734.790749,15947.90972,-21682.70047,173.9352996,59.22628532,-259.7339655,2
5170.65709,15849.29642,-21019.95351,164.3896161,60.96309242,-256.0254248,2
4599.175644,15728.1604,-20327.33604,154.610326,62.61326762,-251.9530581,2
4021.158517,15584.67381,-19605.83232,144.6113262,64.17446595,-247.5226522,2
3437.427105,15419.04054,-18856.46764,134.4068258,65.64446885,-242.7405032,2
2848.81092,15231.49597,-18080.30689,124.0113259,67.02118736,-237.6134066,2
2256.146419,15022.30661,-17278.45303,113.4395991,68.3026651,-232.1486483,2
1660.275811,14791.76974,-16452.04555,102.7066685,69.48708102,-226.3539941,2
1062.045859,14540.21294,-15602.2588,91.82778601,70.57275199,-220.2376785,2
462.3066829,14267.99371,-14730.3004,80.81841127,71.55813522,-213.8083931,2
-138.0894567,13975.49888,-13837.40943,69.69418913,72.44183043,-207.0752743,2
-738.2893636,13663.14411,-12924.85474,58.47092774,73.22258183,-200.0478901,2
-1337.440121,13331.37325,-11993.93313,47.16457596,73.89927993,-192.736227,2
-1934.690303,12980.65779,-11045.96749,35.79120074,74.47096311,-185.1506752,2
-2529.191184,12611.4961,-10082.30492,24.36696426,74.93681898,-177.3020141,2
-3120.097946,12224.41278,-9104.314838,12.908101,75.29618553,-169.2013972,2
-3706.570877,11819.95791,-8113.387031,1.430894613,75.54855208,-160.8603358,2
-4287.776569,11398.70623,-7110.929657,-10.04834515,75.69356001,-152.290683,2
-4862.889096,10961.25636,-6098.367263,-21.51330567,75.73100324,-143.5046169,2
-5431.091192,10508.22995,-5077.138756,-32.9476946,75.66082857,-134.5146229,2
-5991.575409,10040.27077,-4048.695356,-44.33526305,75.48313573,-125.3334762,2
-6543.54527,9558.043809,-3014.498539,-55.65982867,75.19817722,-115.9742238,2
-7086.216395,9062.23435,-1976.017955,-66.90529863,74.80635798,-106.4501657,2
-7618.817619,8553.54696,-934.7293404,-78.05569249,74.30823482,-96.77483602,2
-8140.592086,8032.704511,107.8875754,-89.09516495,73.70451559,-86.96198405,2
-8650.798327,7500.44715,1150.351177,-100.0080283,72.99605821,-77.02555434,2
-9148.711309,6957.531243,2191.180067,-110.7787748,72.18386944,-66.9796671,2
-9633.623473,6404.728303,3228.895169,-121.3920985,71.26910343,-56.8385981,2
-10104.84573,5842.823894,4262.021836,-131.8329175,70.25306014,-46.61675833,2
-10561.70845,5272.616513,5289.091935,-142.0863947,69.1371834,-36.3286736,2
-11003.5624,4694.916455,6308.645946,-152.1379593,67.92305894,-25.98896383,2
-11429.77969,4110.544663,7319.235026,-161.9733275,66.61241209,-15.61232233,2
-11839.75464,3520.331563,8319.423072,-171.5785228,65.20710537,-5.213494861,2
-12232.90464,2925.115879,9307.788763,-180.9398957,63.70913577,5.192741269,2
-12608.67102,2325.743446,10282.92758,-190.044143,62.12063201,15.59159823,2
-12966.51979,1723.066003,11243.45379,-198.8783272,60.44385144,25.96829868,2
-13305.94243,1117.93999,12188.00244,-207.4298944,58.68117684,36.30809675,2
-13626.45659,511.2253226,13115.23127,-215.6866924,56.83511308,46.59629903,2
-13927.60681,-96.21582391,14023.82263,-223.6369878,54.90828351,56.81828542,2
-14208.96514,-703.5202424,14912.48538,-231.2694829,52.90342627,66.95952992,2
-14470.13175,-1309.82492,15779.95667,-238.5733313,50.82339037,77.00562126,2
-14710.73552,-1914.268265,16625.00378,-245.5381539,48.67113164,86.9422834,2
-14930.43452,-2515.99133,17446.42585,-252.1540534,46.44970858,96.75539579,2
-15128.91656,-3114.139034,18243.0556,-258.4116282,44.16227794,106.4310135,2
-15305.89958,-3707.861375,19013.76096,-264.301986,41.81209028,115.9553869,2
-15461.13208,-4296.314643,19757.44673,-269.8167561,39.40248536,125.3149813,2
-15594.39347,-4878.662612,20473.05608,-274.9481019,36.93688735,134.4964963,2
-15705.49437,-5454.077735,21159.57211,-279.6887314,34.4188,143.4868844,2
-15794.2769,-6021.742315,21816.01922,-284.0319078,31.85180165,152.2733698,2
-15860.6149,-6580.84967,22441.46457,-287.9714595,29.23954015,160.8434664,2
-15904.4141,-7130.605277,23035.01938,-291.5017879,26.58572766,169.1849957,2
-15925.61226,-7670.227904,23595.84016,-294.6178763,23.8941354,177.2861038,2
-15924.17925,-8198.950718,24123.12997,-297.3152966,21.16858826,185.1352786,2
-15900.11711,-8716.022374,24616.13948,-299.5902155,18.41295941,192.7213661,2
-15853.46003,-9220.708085,25074.16812,-301.4394004,15.63116473,200.033586,2
-15784.27432,-9712.290665,25496.56499,-302.8602234,12.8271573,207.0615472,2
-15692.6583,-10190.07155,25882.72984,-303.8506655,10.00492179,213.7952627,2
-15578.74214,-10653.37178,26232.11393,-304.4093191,7.168468737,220.2251633,2
-15442.68774,-11101.53299,26544.22074,-304.5353905,4.321828896,226.342112,2
-15284.68844,-11533.91832,26818.60676,-304.2287004,1.4690475,232.1374161,2
-15104.96876,-11949.91331,27054.88207,-303.4896846,-1.385821493,237.6028402,2
-14903.78409,-12348.92683,27252.71092,-302.3193934,-4.238721158,242.7306178,2
-14681.42033,-12730.39184,27411.81217,-300.7194898,-7.085597368,247.5134618,2
-14438.19346,-13093.76627,27531.95974,-298.6922474,-9.922404556,251.9445756,2
-14174.44914,-13438.53375,27612.98288,-296.2405469,-12.74511146,256.0176625,2
-13890.56214,-13764.20433,27654.76647,-293.3678724,-15.54970687,259.7269342,2
-13586.9359,-14070.31522,27657.25112,-290.0783061,-18.3322053,263.0671197,2
-13264.00188,-14356.43142,27620.4333,-286.3765227,-21.08865265,266.0334725,2
-12922.21898,-14622.14635,27544.36534,-282.2677825,-23.81513188,268.6217771,2
-12562.07291,-14867.08242,27429.15532,-277.7579244,-26.5077685,270.8283555,2
-12184.07544,-15090.89154,27274.96698,-272.8533571,-29.16273613,272.650072,2
-11788.76373,-15293.25568,27082.01941,-267.5610502,-31.77626192,274.0843378,2
-11376.69955,-15473.88727,26850.58681,-261.8885244,-34.3446319,275.1291148,2
-10948.46845,-15632.52961,26580.99806,-255.8438407,-36.86419628,275.7829182,2
-10504.67898,-15768.95728,26273.63626,-249.4355889,-39.33137463,276.0448191,2
-10045.96179,-15882.97639,25928.93818,-242.6728755,-41.74266093,275.9144451,2
-9572.968731,-15974.42493,25547.39366,-235.5653107,-44.09462863,275.3919816,2
-9086.371964,-16043.17294,25129.5449,-228.1229946,-46.38393545,274.478171,2
-8586.862965,-16089.12271,24675.98568,-220.3565033,-48.60732816,273.174312,2
-8075.151564,-16112.20897,24187.36053,-212.2768734,-50.76164719,271.4822573,2
-7551.96493,-16112.39889,23664.36382,-203.8955864,-52.84383115,269.4044114,2
-7018.046542,-16089.69222,23107.73876,-195.2245526,-54.85092113,266.9437271,2
-6474.155125,-16044.12121,22518.27633,-186.276094,-56.78006496,264.1037012,2
-5921.063579,-15975.75062,21896.8142,-177.062927,-58.6285212,260.8883695,2
-5359.557878,-15884.67762,21244.2355,-167.5981438,-60.3936631,257.3023011,2
-4790.435952,-15771.03163,20561.46758,-157.8951945,-62.07298231,253.3505921,2
-4214.506555,-15634.97413,19849.48069,-147.9678674,-63.66409241,249.0388581,2
-3632.588113,-15476.69848,19109.2866,-137.83027,-65.16473235,244.3732261,2
-3045.507564,-15296.4296,18341.93716,-127.4968081,-66.57276965,239.3603265,2
-2454.099183,-15094.42365,17548.52284,-116.9821664,-67.88620339,234.0072827,2
-1859.203392,-14870.9677,16730.1711,-106.3012865,-69.10316712,228.3217018,2
-1261.665572,-14626.3793,15888.04487,-95.46934677,-70.22193148,222.3116633,2
-662.3348555,-14361.006,15023.34086,-84.50173983,-71.24090662,215.9857077,2
-62.0629252,-14075.22493,14137.28786,-73.4140513,-72.15864454,209.3528246,2
538.2971999,-13769.4422,13231.145,-62.22203738,-72.97384108,202.4224397,2
1137.892375,-13444.09234,12306.19996,-50.94160255,-73.68533779,195.2044014,2
1735.870543,-13099.63768,11363.76714,-39.58877691,-74.29212361,187.708967,2
2331.381944,-12736.56772,10405.18578,-28.17969345,-74.79333625,179.9467879,2
2923.580324,-12355.39841,9431.818085,-16.7305651,-75.18826348,171.9288945,2
3511.624136,-11956.67139,8445.047259,-5.257661707,-75.47634406,163.6666808,2
4094.677738,-11540.9533,7446.275558,6.222713112,-75.65716863,155.1718877,2
4671.912578,-11108.83487,6436.922293,17.69424511,-75.73048023,146.456587,2
5242.508376,-10660.93019,5418.421809,29.14063263,-75.69617466,137.5331634,2
5805.654282,-10197.87573,4392.221451,40.54560971,-75.55430069,128.4142976,2
6360.550036,-9720.329542,3359.779506,51.89296926,-75.30505993,119.1129481,2
6906.4071,-9228.970231,2322.563131,63.16658606,-74.94880656,109.6423326,2
7442.449782,-8724.496048,1282.046266,74.35043968,-74.48604683,100.0159093,2
7967.916335,-8207.623879,239.7075436,85.42863726,-73.91743835,90.24735799,2
8482.060043,-7679.088227,-802.9718166,96.38543608,-73.24378914,80.35056021,2
8984.15028,-7139.64017,-1844.51011,107.2052659,-72.46605651,70.33957989,2
9473.473548,-6590.046294,-2883.427253,117.8727512,-71.58534564,60.22864317,2
9949.334491,-6031.087602,-3918.246889,128.3727329,-70.60290808,50.03211826,2
10411.05689,-5463.558404,-4947.498481,138.6902898,-69.52013993,39.76449497,2
10857.9846,-4888.265191,-5969.719408,148.8107603,-68.33857985,29.44036416,2
11289.48252,-4306.025485,-6983.457036,158.7197626,-67.05990691,19.07439697,2
11704.93747,-3717.666682,-7987.27079,168.4032154,-65.68593817,8.68132403,2
12103.75907,-3124.024871,-8979.734195,177.847358,-64.21862612,-1.724085551,2
12485.38056,-2525.94365,-9959.436906,187.0387697,-62.66005589,-12.12704511,2
12849.25964,-1924.272924,-10924.98671,195.9643892,-61.01244229,-22.51277148,2
13194.87922,-1319.867701,-11875.01151,204.6115325,-59.27812667,-32.86650596,2
13521.74815,-713.5868744,-12808.16128,212.9679117,-57.45957359,-43.17353535,2
13829.40194,-106.2920015,-13723.10994,221.0216518,-55.55936731,-53.41921277,2
14117.40339,501.1539181,-14618.55731,228.761308,-53.58020814,-63.58897857,2
14385.34325,1107.887671,-15493.23092,236.1758819,-51.52490855,-73.66838096,2
14632.84074,1713.047054,-16345.88779,243.2548369,-49.39638925,-83.64309654,2
14859.54416,2315.772104,-17175.31626,249.9881135,-47.19767497,-93.49895071,2
15065.13136,2915.206315,-17980.33767,256.3661433,-44.93189022,-103.2219378,2
15249.31018,3510.497858,-18759.80804,262.3798628,-42.60225479,-112.7982408,2
15411.8189,4100.800792,-19512.61969,268.0207262,-40.21207923,-122.2142513,2
15552.42658,4685.276264,-20237.70284,273.2807174,-37.76476011,-131.4565887,2
15670.93341,5263.093701,-20934.02711,278.1523618,-35.26377519,-140.5121191,2
15767.17099,5833.431995,-21600.60298,282.6287365,-32.71267852,-149.3679741,2
15841.00255,6395.480662,-22236.48321,286.7034803,-30.11509534,-158.0115691,2
15892.32318,6948.441001,-22840.76419,290.3708027,-27.47471696,-166.4306209,2
15921.05996,7491.527226,-23412.58718,293.6254923,-24.79529551,-174.6131657,2
15927.17203,8023.96758,-23951.13961,296.4629241,-22.08063859,-182.5475757,2
15910.65072,8545.005438,-24455.65616,298.8790658,-19.33460387,-190.2225755,2
15871.51951,9053.900375,-24925.41988,300.870484,-16.56109362,-197.6272587,2
15809.834,9549.929224,-25359.76322,302.4343487,-13.76404915,-204.7511028,2
15725.68185,10032.3871,-25758.06895,303.5684377,-10.94744521,-211.5839843,2
15619.18264,10500.58841,-26119.77105,304.2711394,-8.115284356,-218.1161934,2
15490.48772,10953.8678,-26444.35553,304.5414551,-5.271591238,-224.3384474,2
15339.77997,11391.58115,-26731.36113,304.3790008,-2.420406899,-230.2419042,2
15167.27356,11813.10644,-26980.38,303.7840072,0.43421697,-235.8181747,2
14973.21362,12217.84466,-27191.05828,302.7573199,3.288223792,-241.0593347,2
14757.87592,12605.22066,-27363.09658,301.3003979,6.137557869,-245.9579361,2
14521.56647,12974.68394,-27496.25042,299.4153116,8.978170141,-250.5070179,2
14264.62109,13325.70949,-27590.33058,297.1047397,11.80602394,-254.7001155,2
13987.40489,13657.79848,-27645.20337,294.3719657,14.61710074,-258.5312703,2
13690.31183,13970.47898,-27660.79082,291.2208731,17.40740583,-261.995038,2
13373.76409,14263.30668,-27637.07077,287.6559396,20.17297405,-265.0864964,2
13038.21149,14535.86543,-27574.07692,283.6822314,22.90987537,-267.8012524,2
12684.13089,14787.76792,-27471.89881,279.3053951,25.6142205,-270.1354482,2
12312.02544,15018.65619,-27330.68163,274.5316506,28.28216642,-272.0857667,2
11922.42392,15228.20212,-27150.62605,269.3677816,30.90992184,-273.6494365,2
11515.88,15416.10795,-26931.98794,263.8211263,33.49375256,-274.8242354,2
11092.97137,15582.10664,-26675.07801,257.8995667,36.02998683,-275.608494,2
10654.29903,15725.96231,-26380.26133,251.6115177,38.51502052,-276.001098,2
10200.48634,15847.47052,-26047.95686,244.965915,40.94532226,-276.0014892,2
9732.178206,15946.45861,-25678.63682,237.9722023,43.31743845,-275.6096672,2
9250.040113,16022.78591,-25272.82602,230.640318,45.6279982,-274.8261888,2
8754.757207,16076.34396,-24831.10116,222.9806813,47.87371806,-273.6521674,2
8247.033312,16107.05664,-24354.08995,215.0041768,50.05140674,-272.0892712,2
7727.589931,16114.88031,-23842.47024,206.7221396,52.15796964,-270.1397213,2
7197.165222,16099.80385,-23296.96907,198.146339,54.19041322,-267.8062881,2
6656.512948,16061.84869,-22718.36164,189.2889615,56.14584925,-265.0922875,2
6106.401404,16001.06877,-22107.47018,180.1625941,58.02149895,-262.0015763,2
5547.61233,15917.55045,-21465.16278,170.7802058,59.81469693,-258.5385464,2
4980.939795,15811.41243,-20792.35222,161.1551294,61.52289495,-254.7081192,2
4407.189072,15682.80552,-20089.99459,151.3010428,63.14366558,-250.5157377,2
3827.175493,15531.91248,-19359.08797,141.2319492,64.67470559,-245.9673597,2
3241.723287,15358.94775,-18600.67104,130.9621572,66.11383932,-241.0694487,2
2651.664416,15164.15711,-17815.82153,120.5062608,67.45902166,-235.8289647,2
2057.837384,14947.81738,-17005.65476,109.8791184,68.70834103,-230.2533549,2
1461.086052,14710.23597,-16171.32203,99.0958318,69.8600221,-224.3505425,2
862.2584377,14451.75052,-15314.00896,88.17172459,70.91242825,-218.1289156,2
262.2055067,14172.72834,-14434.93385,77.12232054,71.86406397,-211.5973157,2
-338.2200327,13873.56594,-13535.34591,65.96332144,72.71357691,-204.7650244,2
-938.164943,13554.68844,-12616.5235,54.71058486,73.45975988,-197.6417507,2
-1536.776669,13216.54899,-11679.77232,43.38010154,74.10155252,-190.2376174,2
-2133.204552,12859.6281,-10726.42355,31.98797273,74.63804279,-182.5631459,2
-2726.601035,12484.43297,-9757.831937,20.55038725,75.06846832,-174.6292423,2
-3316.122868,12091.49678,-8775.373915,9.083598555,75.39221745,-166.4471809,2
-3900.932309,11681.37791,-7780.445606,-2.396098435,75.60883011,-158.028589,2
-4480.198312,11254.65917,-6774.460858,-13.87239044,75.71799849,-149.3854298,2
-5053.097707,10811.94694,-5758.849231,-25.32896902,75.71956745,-140.5299858,2
-5618.816375,10353.87034,-4735.053964,-36.74955374,75.61353476,-131.4748409,2
-6176.550397,9881.080322,-3704.529925,-48.11791534,75.4000511,-122.2328631,2
-6725.507203,9394.24875,-2668.741548,-59.41789875,75.07941984,-112.8171858,2
-7264.906695,8894.067437,-1629.160742,-70.63344607,74.65209662,-103.241189,2
-7793.982357,8381.247167,-587.26481,-81.7486194,74.11868868,-93.51848083,2
-8311.982344,7856.516686,455.4656576,-92.74762347,73.47995403,-83.6628778,2
-8818.170549,7320.621665,1497.548884,-103.6148281,72.73680035,-73.68838524,2
-9311.827651,6774.323641,2537.504011,-114.3347904,71.89028369,-63.60917745,2
-9792.252137,6218.398931,3573.853206,-124.8922767,70.94160701,-53.43957754,2
-10258.7613,5653.637537,4605.12376,-135.2722842,69.89211842,-43.19403707,2
-10710.69219,5080.842014,5629.850181,-145.4600624,68.7433093,-32.88711551,2
-11147.40261,4500.826336,6646.576277,-155.4411339,67.49681219,-22.53345955,2
-11568.27196,3914.414738,7653.857224,-165.2013151,66.1543984,-12.14778232,2
-11972.70216,3322.440543,8650.261622,-174.7267361,64.7179756,-1.74484242,2
-12360.1185,2725.744978,9634.373524,-184.0038609,63.18958502,8.660576993,2
-12729.97043,2125.17598,10604.79445,-193.0195061,61.57139857,19.05368925,2
-13081.73238,1521.58699,11560.14539,-201.7608601,59.8657158,29.41972518,2
-13414.90447,915.8357427,12499.06873,-210.2155008,58.07496057,39.74395406,2
-13729.01325,308.7830423,13420.23021,-218.3714138,56.20167765,50.01170461,2
-14023.61235,-298.7084558,14322.3208,-226.2170091,54.24852906,60.2083858,2
-14298.28313,-905.7754727,15204.0586,-233.7411376,52.21829035,70.31950757,2
-14552.63526,-1511.555333,16064.19059,-240.9331072,50.11384659,80.33070147,2
-14786.3073,-2115.187191,16901.49449,-247.7826976,47.93818831,90.22774106,2
-14998.9672,-2715.813252,17714.78045,-254.2801753,45.69440724,99.99656208,2
-15190.31273,-3312.579993,18502.89273,-260.4163069,43.38569192,109.6232825,2
-15360.07201,-3904.639378,19264.71139,-266.1823727,41.01532315,119.0942223,2
-15508.00378,-4491.150056,19999.15383,-271.5701788,38.58666937,128.3959226,2
-15633.89783,-5071.278564,20705.17639,-276.5720688,36.10318182,137.5151653,2
-15737.57525,-5644.200507,21381.77576,-281.1809348,33.56838968,146.4389915,2
-15818.88872,-6209.101733,22027.99045,-285.3902273,30.98589501,155.1547198,2
-15877.72268,-6765.179486,22642.90217,-289.1939646,28.35936769,163.6499648,2
-15913.99353,-7311.643548,23225.63708,-292.5867415,25.69254016,171.9126542,2
-15927.64973,-7847.717365,23775.36709,-295.5637366,22.98920212,179.9310463,2
-15918.67186,-8372.639146,24291.311,-298.1207195,20.25319517,187.6937466,2
-15887.07269,-8885.662949,24772.73563,-300.2540565,17.48840732,195.1897238,2
-15832.89711,-9386.059738,25218.95685,-301.9607161,14.69876749,202.4083257,2
-15756.22213,-9873.118423,25629.34055,-303.238273,11.8882399,209.3392943,2
-15657.15669,-10346.14687,26003.30356,-304.0849117,9.060818478,215.9727803,2
-15535.84158,-10804.47287,26340.31445,-304.4994291,6.220521134,222.2993572,2
-15392.44918,-11247.44512,26639.89431,-304.4812362,3.371384088,228.3100345,2
-15227.18327,-11674.43414,26901.61742,-304.0303587,0.517456121,233.9962708,2
-15040.2787,-12084.83316,27125.11186,-303.1474375,-2.337207179,239.3499855,2
-14832.00108,-12478.05896,27310.06003,-301.8337272,-5.188549179,244.3635709,2
-14602.64636,-12853.55275,27456.19912,-300.0910946,-8.032517968,249.0299022,2
-14352.54049,-13210.78095,27563.32144,-297.9220162,-10.86507211,253.3423484,2
-14082.03887,-13549.2359,27631.27478,-295.3295743,-13.68218639,257.2947813,2
-13791.52591,-13868.43665,27659.96256,-292.3174529,-16.47985753,260.8815842,2
-13481.41443,-14167.92959,27649.34402,-288.8899324,-19.2541099,264.0976601,2
-13152.14512,-14447.28912,27599.43425,-285.0518835,-22.00100112,266.9384388,2
-12804.1859,-14706.11827,27510.30417,-280.8087603,-24.71662771,269.3998833,2
-12438.03123,-14944.04922,27382.08045,-276.1665925,-27.39713062,271.4784959,2
-12054.20143,-15160.74386,27214.94529,-271.1319768,-30.03870072,273.1713227,2
-11653.24195,-15355.89425,27009.1362,-265.7120678,-32.63758417,274.4759581,2
-11235.72258,-15529.22308,26764.94566,-259.9145673,-35.19008783,275.3905481,2
-10802.23664,-15680.48402,26482.72066,-253.7477141,-37.69258445,275.9137931,2
-10353.40012,-15809.46215,26162.86227,-247.2202714,-40.14151785,276.0449495,2
-9889.850857,-15915.97416,25805.82502,-240.3415153,-42.53340795,275.7838309,2
-9412.247574,-15999.8687,25412.11628,-233.1212206,-44.86485575,275.1308084,2
-8921.268971,-16061.02656,24982.29553,-225.569648,-47.13254814,274.0868099,2
-8417.612758,-16099.36081,24516.97357,-217.6975286,-49.3332626,272.6533192,2
-7901.994656,-16114.817,24016.81165,-209.516049,-51.46387179,270.8323731,2
-7375.147387,-16107.37314,23482.52053,-201.0368357,-53.521348,268.6265594,2
-6837.81963,-16077.03983,22914.85946,-192.271938,-55.50276745,266.0390126,2
-6290.774958,-16023.86017,22314.63512,-183.2338114,-57.40531443,263.0734099,2
-5734.790749,-15947.90972,21682.70047,-173.9352996,-59.22628532,259.7339655,2
-5170.65709,-15849.29642,21019.95351,-164.3896161,-60.96309242,256.0254248,2
-4599.175644,-15728.1604,20327.33604,-154.610326,-62.61326762,251.9530581,2
-4021.158517,-15584.67381,19605.83232,-144.6113262,-64.17446595,247.5226522,2
-3437.427105,-15419.04054,18856.46764,-134.4068258,-65.64446885,242.7405032,2
-2848.81092,-15231.49597,18080.30689,-124.0113259,-67.02118736,237.6134066,2
-2256.146419,-15022.30661,17278.45303,-113.4395991,-68.3026651,232.1486483,2
-1660.275811,-14791.76974,16452.04555,-102.7066685,-69.48708102,226.3539941,2
-1062.045859,-14540.21294,15602.2588,-91.82778601,-70.57275199,220.2376785,2
-462.3066829,-14267.99371,14730.3004,-80.81841127,-71.55813522,213.8083931,2
138.0894567,-13975.49888,13837.40943,-69.69418913,-72.44183043,207.0752743,2
738.2893636,-13663.14411,12924.85474,-58.47092774,-73.22258183,200.0478901,2
1337.440121,-13331.37325,11993.93313,-47.16457596,-73.89927993,192.736227,2
1934.690303,-12980.65779,11045.96749,-35.79120074,-74.47096311,185.1506752,2
2529.191184,-12611.4961,10082.30492,-24.36696426,-74.93681898,177.3020141,2
3120.097946,-12224.41278,9104.314838,-12.908101,-75.29618553,169.2013972,2
3706.570877,-11819.95791,8113.387031,-1.430894613,-75.54855208,160.8603358,2
4287.776569,-11398.70623,7110.929657,10.04834515,-75.69356001,152.290683,2
4862.889096,-10961.25636,6098.367263,21.51330567,-75.73100324,143.5046169,2
5431.091192,-10508.22995,5077.138756,32.9476946,-75.66082857,134.5146229,2
5991.575409,-10040.27077,4048.695356,44.33526305,-75.48313573,125.3334762,2
6543.54527,-9558.043809,3014.498539,55.65982867,-75.19817722,115.9742238,2
7086.216395,-9062.23435,1976.017955,66.90529863,-74.80635798,106.4501657,2
7618.817619,-8553.54696,934.7293404,78.05569249,-74.30823482,96.77483602,2
8140.592086,-8032.704511,-107.8875754,89.09516495,-73.70451559,86.96198405,2
8650.798327,-7500.44715,-1150.351177,100.0080283,-72.99605821,77.02555434,2
9148.711309,-6957.531243,-2191.180067,110.7787748,-72.18386944,66.9796671,2
9633.623473,-6404.728303,-3228.895169,121.3920985,-71.26910343,56.8385981,2
10104.84573,-5842.823894,-4262.021836,131.8329175,-70.25306014,46.61675833,2
10561.70845,-5272.616513,-5289.091935,142.0863947,-69.1371834,36.3286736,2
11003.5624,-4694.916455,-6308.645946,152.1379593,-67.92305894,25.98896383,2
11429.77969,-4110.544663,-7319.235026,161.9733275,-66.61241209,15.61232233,2
11839.75464,-3520.331563,-8319.423072,171.5785228,-65.20710537,5.213494861,2
12232.90464,-2925.115879,-9307.788763,180.9398957,-63.70913577,-5.192741269,2
12608.67102,-2325.743446,-10282.92758,190.044143,-62.12063201,-15.59159823,2
12966.51979,-1723.066003,-11243.45379,198.8783272,-60.44385144,-25.96829868,2
13305.94243,-1117.93999,-12188.00244,207.4298944,-58.68117684,-36.30809675,2
13626.45659,-511.2253226,-13115.23127,215.6866924,-56.83511308,-46.59629903,2
13927.60681,96.21582391,-14023.82263,223.6369878,-54.90828351,-56.81828542,2
14208.96514,703.5202424,-14912.48538,231.2694829,-52.90342627,-66.95952992,2
14470.13175,1309.82492,-15779.95667,238.5733313,-50.82339037,-77.00562126,2
14710.73552,1914.268265,-16625.00378,245.5381539,-48.67113164,-86.9422834,2
14930.43452,2515.99133,-17446.42585,252.1540534,-46.44970858,-96.75539579,2
15128.91656,3114.139034,-18243.0556,258.4116282,-44.16227794,-106.4310135,2
15305.89958,3707.861375,-19013.76096,264.301986,-41.81209028,-115.9553869,2
15461.13208,4296.314643,-19757.44673,269.8167561,-39.40248536,-125.3149813,2
15594.39347,4878.662612,-20473.05608,274.9481019,-36.93688735,-134.4964963,2
15705.49437,5454.077735,-21159.57211,279.6887314,-34.4188,-143.4868844,2
15794.2769,6021.742315,-21816.01922,284.0319078,-31.85180165,-152.2733698,2
15860.6149,6580.84967,-22441.46457,287.9714595,-29.23954015,-160.8434664,2
15904.4141,7130.605277,-23035.01938,291.5017879,-26.58572766,-169.1849957,2
15925.61226,7670.227904,-23595.84016,294.6178763,-23.8941354,-177.2861038,2
15924.17925,8198.950718,-24123.12997,297.3152966,-21.16858826,-185.1352786,2
15900.11711,8716.022374,-24616.13948,299.5902155,-18.41295941,-192.7213661,2
15853.46003,9220.708085,-25074.16812,301.4394004,-15.63116473,-200.033586,2
15784.27432,9712.290665,-25496.56499,302.8602234,-12.8271573,-207.0615472,2
15692.6583,10190.07155,-25882.72984,303.8506655,-10.00492179,-213.7952627,2
15578.74214,10653.37178,-26232.11393,304.4093191,-7.168468737,-220.2251633,2
15442.68774,11101.53299,-26544.22074,304.5353905,-4.321828896,-226.342112,2
15284.68844,11533.91832,-26818.60676,304.2287004,-1.4690475,-232.1374161,2
15104.96876,11949.91331,-27054.88207,303.4896846,1.385821493,-237.6028402,2
14903.78409,12348.92683,-27252.71092,302.3193934,4.238721158,-242.7306178,2
14681.42033,12730.39184,-27411.81217,300.7194898,7.085597368,-247.5134618,2
14438.19346,13093.76627,-27531.95974,298.6922474,9.922404556,-251.9445756,2
14174.44914,13438.53375,-27612.98288,296.2405469,12.74511146,-256.0176625,2
13890.56214,13764.20433,-27654.76647,293.3678724,15.54970687,-259.7269342,2
13586.9359,14070.31522,-27657.25112,290.0783061,18.3322053,-263.0671197,2
13264.00188,14356.43142,-27620.4333,286.3765227,21.08865265,-266.0334725,2
12922.21898,14622.14635,-27544.36534,282.2677825,23.81513188,-268.6217771,2
12562.07291,14867.08242,-27429.15532,277.7579244,26.5077685,-270.8283555,2
12184.07544,15090.89154,-27274.96698,272.8533571,29.16273613,-272.650072,2
11788.76373,15293.25568,-27082.01941,267.5610502,31.77626192,-274.0843378,2
11376.69955,15473.88727,-26850.58681,261.8885244,34.3446319,-275.1291148,2
10948.46845,15632.52961,-26580.99806,255.8438407,36.86419628,-275.7829182,2
10504.67898,15768.95728,-26273.63626,249.4355889,39.33137463,-276.0448191,2
10045.96179,15882.97639,-25928.93818,242.6728755,41.74266093,-275.9144451,2
9572.968731,15974.42493,-25547.39366,235.5653107,44.09462863,-275.3919816,2
9086.371964,16043.17294,-25129.5449,228.1229946,46.38393545,-274.478171,2
8586.862965,16089.12271,-24675.98568,220.3565033,48.60732816,-273.174312,2
8075.151564,16112.20897,-24187.36053,212.2768734,50.76164719,-271.4822573,2
7551.96493,16112.39889,-23664.36382,203.8955864,52.84383115,-269.4044114,2
7018.046542,16089.69222,-23107.73876,195.2245526,54.85092113,-266.9437271,2
6474.155125,16044.12121,-22518.27633,186.276094,56.78006496,-264.1037012,2
5921.063579,15975.75062,-21896.8142,177.062927,58.6285212,-260.8883695,2
5359.557878,15884.67762,-21244.2355,167.5981438,60.3936631,-257.3023011,2
4790.435952,15771.03163,-20561.46758,157.8951945,62.07298231,-253.3505921,2
4214.506555,15634.97413,-19849.48069,147.9678674,63.66409241,-249.0388581,2
3632.588113,15476.69848,-19109.2866,137.83027,65.16473235,-244.3732261,2
3045.507564,15296.4296,-18341.93716,127.4968081,66.57276965,-239.3603265,2
2454.099183,15094.42365,-17548.52284,116.9821664,67.88620339,-234.0072827,2
1859.203392,14870.9677,-16730.1711,106.3012865,69.10316712,-228.3217018,2
1261.665572,14626.3793,-15888.04487,95.46934677,70.22193148,-222.3116633,2
662.3348555,14361.006,-15023.34086,84.50173983,71.24090662,-215.9857077,2
62.0629252,14075.22493,-14137.28786,73.4140513,72.15864454,-209.3528246,2
-538.2971999,13769.4422,-13231.145,62.22203738,72.97384108,-202.4224397,2
-1137.892375,13444.09234,-12306.19996,50.94160255,73.68533779,-195.2044014,2
-1735.870543,13099.63768,-11363.76714,39.58877691,74.29212361,-187.708967,2
-2331.381944,12736.56772,-10405.18578,28.17969345,74.79333625,-179.9467879,2
-2923.580324,12355.39841,-9431.818085,16.7305651,75.18826348,-171.9288945,2
-3511.624136,11956.67139,-8445.047259,5.257661707,75.47634406,-163.6666808,2
-4094.677738,11540.9533,-7446.275558,-6.222713112,75.65716863,-155.1718877,2
-4671.912578,11108.83487,-6436.922293,-17.69424511,75.73048023,-146.456587,2
-5242.508376,10660.93019,-5418.421809,-29.14063263,75.69617466,-137.5331634,2
-5805.654282,10197.87573,-4392.221451,-40.54560971,75.55430069,-128.4142976,2
-6360.550036,9720.329542,-3359.779506,-51.89296926,75.30505993,-119.1129481,2
-6906.4071,9228.970231,-2322.563131,-63.16658606,74.94880656,-109.6423326,2
-7442.449782,8724.496048,-1282.046266,-74.35043968,74.48604683,-100.0159093,2
-7967.916335,8207.623879,-239.7075436,-85.42863726,73.91743835,-90.24735799,2
-8482.060043,7679.088227,802.9718166,-96.38543608,73.24378914,-80.35056021,2
-8984.15028,7139.64017,1844.51011,-107.2052659,72.46605651,-70.33957989,2
-9473.473548,6590.046294,2883.427253,-117.8727512,71.58534564,-60.22864317,2
-9949.334491,6031.087602,3918.246889,-128.3727329,70.60290808,-50.03211826,2
-10411.05689,5463.558404,4947.498481,-138.6902898,69.52013993,-39.76449497,2
-10857.9846,4888.265191,5969.719408,-148.8107603,68.33857985,-29.44036416,2
-11289.48252,4306.025485,6983.457036,-158.7197626,67.05990691,-19.07439697,2
-11704.93747,3717.666682,7987.27079,-168.4032154,65.68593817,-8.68132403,2
-12103.75907,3124.024871,8979.734195,-177.847358,64.21862612,1.724085551,2
-12485.38056,2525.94365,9959.436906,-187.0387697,62.66005589,12.12704511,2
-12849.25964,1924.272924,10924.98671,-195.9643892,61.01244229,22.51277148,2
-13194.87922,1319.867701,11875.01151,-204.6115325,59.27812667,32.86650596,2
-13521.74815,713.5868744,12808.16128,-212.9679117,57.45957359,43.17353535,2
-13829.40194,106.2920015,13723.10994,-221.0216518,55.55936731,53.41921277,2
-14117.40339,-501.1539181,14618.55731,-228.761308,53.58020814,63.58897857,2
-14385.34325,-1107.887671,15493.23092,-236.1758819,51.52490855,73.66838096,2
-14632.84074,-1713.047054,16345.88779,-243.2548369,49.39638925,83.64309654,2
-14859.54416,-2315.772104,17175.31626,-249.9881135,47.19767497,93.49895071,2
-15065.13136,-2915.206315,17980.33767,-256.3661433,44.93189022,103.2219378,2
-15249.31018,-3510.497858,18759.80804,-262.3798628,42.60225479,112.7982408,2
-15411.8189,-4100.800792,19512.61969,-268.0207262,40.21207923,122.2142513,2
-15552.42658,-4685.276264,20237.70284,-273.2807174,37.76476011,131.4565887,2
-15670.93341,-5263.093701,20934.02711,-278.1523618,35.26377519,140.5121191,2
-15767.17099,-5833.431995,21600.60298,-282.6287365,32.71267852,149.3679741,2
-15841.00255,-6395.480662,22236.48321,-286.7034803,30.11509534,158.0115691,2
-15892.32318,-6948.441001,22840.76419,-290.3708027,27.47471696,166.4306209,2
-15921.05996,-7491.527226,23412.58718,-293.6254923,24.79529551,174.6131657,2
-15927.17203,-8023.96758,23951.13961,-296.4629241,22.08063859,182.5475757,2
-15910.65072,-8545.005438,24455.65616,-298.8790658,19.33460387,190.2225755,2
-15871.51951,-9053.900375,24925.41988,-300.870484,16.56109362,197.6272587,2
-15809.834,-9549.929224,25359.76322,-302.4343487,13.76404915,204.7511028,2
-15725.68185,-10032.3871,25758.06895,-303.5684377,10.94744521,211.5839843,2
-15619.18264,-10500.58841,26119.77105,-304.2711394,8.115284356,218.1161934,2
-15490.48772,-10953.8678,26444.35553,-304.5414551,5.271591238,224.3384474,2
-15339.77997,-11391.58115,26731.36113,-304.3790008,2.420406899,230.2419042,2
-15167.27356,-11813.10644,26980.38,-303.7840072,-0.43421697,235.8181747,2
-14973.21362,-12217.84466,27191.05828,-302.7573199,-3.288223792,241.0593347,2
-14757.87592,-12605.22066,27363.09658,-301.3003979,-6.137557869,245.9579361,2
-14521.56647,-12974.68394,27496.25042,-299.4153116,-8.978170141,250.5070179,2
-14264.62109,-13325.70949,27590.33058,-297.1047397,-11.80602394,254.7001155,2
-13987.40489,-13657.79848,27645.20337,-294.3719657,-14.61710074,258.5312703,2
-13690.31183,-13970.47898,27660.79082,-291.2208731,-17.40740583,261.995038,2
-13373.76409,-14263.30668,27637.07077,-287.6559396,-20.17297405,265.0864964,2
-13038.21149,-14535.86543,27574.07692,-283.6822314,-22.90987537,267.8012524,2
-12684.13089,-14787.76792,27471.89881,-279.3053951,-25.6142205,270.1354482,2
-12312.02544,-15018.65619,27330.68163,-274.5316506,-28.28216642,272.0857667,2
-11922.42392,-15228.20212,27150.62605,-269.3677816,-30.90992184,273.6494365,2
-11515.88,-15416.10795,26931.98794,-263.8211263,-33.49375256,274.8242354,2
-11092.97137,-15582.10664,26675.07801,-257.8995667,-36.02998683,275.608494,2
-10654.29903,-15725.96231,26380.26133,-251.6115177,-38.51502052,276.001098,2
-10200.48634,-15847.47052,26047.95686,-244.965915,-40.94532226,276.0014892,2
-9732.178206,-15946.45861,25678.63682,-237.9722023,-43.31743845,275.6096672,2
-9250.040113,-16022.78591,25272.82602,-230.640318,-45.6279982,274.8261888,2
-8754.757207,-16076.34396,24831.10116,-222.9806813,-47.87371806,273.6521674,2
-8247.033312,-16107.05664,24354.08995,-215.0041768,-50.05140674,272.0892712,2
-7727.589931,-16114.88031,23842.47024,-206.7221396,-52.15796964,270.1397213,2
-7197.165222,-16099.80385,23296.96907,-198.146339,-54.19041322,267.8062881,2
-6656.512948,-16061.84869,22718.36164,-189.2889615,-56.14584925,265.0922875,2
-6106.401404,-16001.06877,22107.47018,-180.1625941,-58.02149895,262.0015763,2
-5547.61233,-15917.55045,21465.16278,-170.7802058,-59.81469693,258.5385464,2
-4980.939795,-15811.41243,20792.35222,-161.1551294,-61.52289495,254.7081192,2
-4407.189072,-15682.80552,20089.99459,-151.3010428,-63.14366558,250.5157377,2
-3827.175493,-15531.91248,19359.08797,-141.2319492,-64.67470559,245.9673597,2
-3241.723287,-15358.94775,18600.67104,-130.9621572,-66.11383932,241.0694487,2
-2651.664416,-15164.15711,17815.82153,-120.5062608,-67.45902166,235.8289647,2
-2057.837384,-14947.81738,17005.65476,-109.8791184,-68.70834103,230.2533549,2
-1461.086052,-14710.23597,16171.32203,-99.0958318,-69.8600221,224.3505425,2
-862.2584377,-14451.75052,15314.00896,-88.17172459,-70.91242825,218.1289156,2
-262.2055067,-14172.72834,14434.93385,-77.12232054,-71.86406397,211.5973157,2
338.2200327,-13873.56594,13535.34591,-65.96332144,-72.71357691,204.7650244,2
938.164943,-13554.68844,12616.5235,-54.71058486,-73.45975988,197.6417507,2
1536.776669,-13216.54899,11679.77232,-43.38010154,-74.10155252,190.2376174,2
2133.204552,-12859.6281,10726.42355,-31.98797273,-74.63804279,182.5631459,2
2726.601035,-12484.43297,9757.831937,-20.55038725,-75.06846832,174.6292423,2
3316.122868,-12091.49678,8775.373915,-9.083598555,-75.39221745,166.4471809,2
3900.932309,-11681.37791,7780.445606,2.396098435,-75.60883011,158.028589,2
4480.198312,-11254.65917,6774.460858,13.87239044,-75.71799849,149.3854298,2
5053.097707,-10811.94694,5758.849231,25.32896902,-75.71956745,140.5299858,2
5618.816375,-10353.87034,4735.053964,36.74955374,-75.61353476,131.4748409,2
6176.550397,-9881.080322,3704.529925,48.11791534,-75.4000511,122.2328631,2
6725.507203,-9394.24875,2668.741548,59.41789875,-75.07941984,112.8171858,2
7264.906695,-8894.067437,1629.160742,70.63344607,-74.65209662,103.241189,2
7793.982357,-8381.247167,587.26481,81.7486194,-74.11868868,93.51848083,2
8311.982344,-7856.516686,-455.4656576,92.74762347,-73.47995403,83.6628778,2
8818.170549,-7320.621665,-1497.548884,103.6148281,-72.73680035,73.68838524,2
9311.827651,-6774.323641,-2537.504011,114.3347904,-71.89028369,63.60917745,2
9792.252137,-6218.398931,-3573.853206,124.8922767,-70.94160701,53.43957754,2
10258.7613,-5653.637537,-4605.12376,135.2722842,-69.89211842,43.19403707,2
10710.69219,-5080.842014,-5629.850181,145.4600624,-68.7433093,32.88711551,2
11147.40261,-4500.826336,-6646.576277,155.4411339,-67.49681219,22.53345955,2
11568.27196,-3914.414738,-7653.857224,165.2013151,-66.1543984,12.14778232,2
11972.70216,-3322.440543,-8650.261622,174.7267361,-64.7179756,1.74484242,2
12360.1185,-2725.744978,-9634.373524,184.0038609,-63.18958502,-8.660576993,2
12729.97043,-2125.17598,-10604.79445,193.0195061,-61.57139857,-19.05368925,2
13081.73238,-1521.58699,-11560.14539,201.7608601,-59.8657158,-29.41972518,2
13414.90447,-915.8357427,-12499.06873,210.2155008,-58.07496057,-39.74395406,2
13729.01325,-308.7830423,-13420.23021,218.3714138,-56.20167765,-50.01170461,2
14023.61235,298.7084558,-14322.3208,226.2170091,-54.24852906,-60.2083858,2
14298.28313,905.7754727,-15204.0586,233.7411376,-52.21829035,-70.31950757,2
14552.63526,1511.555333,-16064.19059,240.9331072,-50.11384659,-80.33070147,2
14786.3073,2115.187191,-16901.49449,247.7826976,-47.93818831,-90.22774106,2
14998.9672,2715.813252,-17714.78045,254.2801753,-45.69440724,-99.99656208,2
15190.31273,3312.579993,-18502.89273,260.4163069,-43.38569192,-109.6232825,2
15360.07201,3904.639378,-19264.71139,266.1823727,-41.01532315,-119.0942223,2
15508.00378,4491.150056,-19999.15383,271.5701788,-38.58666937,-128.3959226,2
15633.89783,5071.278564,-20705.17639,276.5720688,-36.10318182,-137.5151653,2
15737.57525,5644.200507,-21381.77576,281.1809348,-33.56838968,-146.4389915,2
15818.88872,6209.101733,-22027.99045,285.3902273,-30.98589501,-155.1547198,2
15877.72268,6765.179486,-22642.90217,289.1939646,-28.35936769,-163.6499648,2
15913.99353,7311.643548,-23225.63708,292.5867415,-25.69254016,-171.9126542,2
15927.64973,7847.717365,-23775.36709,295.5637366,-22.98920212,-179.9310463,2
15918.67186,8372.639146,-24291.311,298.1207195,-20.25319517,-187.6937466,2
15887.07269,8885.662949,-24772.73563,300.2540565,-17.48840732,-195.1897238,2
15832.89711,9386.059738,-25218.95685,301.9607161,-14.69876749,-202.4083257,2
15756.22213,9873.118423,-25629.34055,303.238273,-11.8882399,-209.3392943,2
15657.15669,10346.14687,-26003.30356,304.0849117,-9.060818478,-215.9727803,2
15535.84158,10804.47287,-26340.31445,304.4994291,-6.220521134,-222.2993572,2
15392.44918,11247.44512,-26639.89431,304.4812362,-3.371384088,-228.3100345,2
15227.18327,11674.43414,-26901.61742,304.0303587,-0.517456121,-233.9962708,2
15040.2787,12084.83316,-27125.11186,303.1474375,2.337207179,-239.3499855,2
14832.00108,12478.05896,-27310.06003,301.8337272,5.188549179,-244.3635709,2
14602.64636,12853.55275,-27456.19912,300.0910946,8.032517968,-249.0299022,2
14352.54049,13210.78095,-27563.32144,297.9220162,10.86507211,-253.3423484,2
14082.03887,13549.2359,-27631.27478,295.3295743,13.68218639,-257.2947813,2
13791.52591,13868.43665,-27659.96256,292.3174529,16.47985753,-260.8815842,2
13481.41443,14167.92959,-27649.34402,288.8899324,19.2541099,-264.0976601,2
13152.14512,14447.28912,-27599.43425,285.0518835,22.00100112,-266.9384388,2
12804.1859,14706.11827,-27510.30417,280.8087603,24.71662771,-269.3998833,2
12438.03123,14944.04922,-27382.08045,276.1665925,27.39713062,-271.4784959,2
12054.20143,15160.74386,-27214.94529,271.1319768,30.03870072,-273.1713227,2
11653.24195,15355.89425,-27009.1362,265.7120678,32.63758417,-274.4759581,2
11235.72258,15529.22308,-26764.94566,259.9145673,35.19008783,-275.3905481,2
10802.23664,15680.48402,-26482.72066,253.7477141,37.69258445,-275.9137931,2
10353.40012,15809.46215,-26162.86227,247.2202714,40.14151785,-276.0449495,2
9889.850857,15915.97416,-25805.82502,240.3415153,42.53340795,-275.7838309,2
9412.247574,15999.8687,-25412.11628,233.1212206,44.86485575,-275.1308084,2
8921.268971,16061.02656,-24982.29553,225.569648,47.13254814,-274.0868099,2
8417.612758,16099.36081,-24516.97357,217.6975286,49.3332626,-272.6533192,2
7901.994656,16114.817,-24016.81165,209.516049,51.46387179,-270.8323731,2
7375.147387,16107.37314,-23482.52053,201.0368357,53.521348,-268.6265594,2
6837.81963,16077.03983,-22914.85946,192.271938,55.50276745,-266.0390126,2
6290.774958,16023.86017,-22314.63512,183.2338114,57.40531443,-263.0734099,2
5734.790749,15947.90972,-21682.70047,173.9352996,59.22628532,-259.7339655,2
5170.65709,15849.29642,-21019.95351,164.3896161,60.96309242,-256.0254248,2
4599.175644,15728.1604,-20327.33604,154.610326,62.61326762,-251.9530581,2
4021.158517,15584.67381,-19605.83232,144.6113262,64.17446595,-247.5226522,2
3437.427105,15419.04054,-18856.46764,134.4068258,65.64446885,-242.7405032,2
2848.81092,15231.49597,-18080.30689,124.0113259,67.02118736,-237.6134066,2
2256.146419,15022.30661,-17278.45303,113.4395991,68.3026651,-232.1486483,2
1660.275811,14791.76974,-16452.04555,102.7066685,69.48708102,-226.3539941,2
1062.045859,14540.21294,-15602.2588,91.82778601,70.57275199,-220.2376785,2
462.3066829,14267.99371,-14730.3004,80.81841127,71.55813522,-213.8083931,2
-138.0894567,13975.49888,-13837.40943,69.69418913,72.44183043,-207.0752743,2
-738.2893636,13663.14411,-12924.85474,58.47092774,73.22258183,-200.0478901,2
-1337.440121,13331.37325,-11993.93313,47.16457596,73.89927993,-192.736227,2
-1934.690303,12980.65779,-11045.96749,35.79120074,74.47096311,-185.1506752,2
-2529.191184,12611.4961,-10082.30492,24.36696426,74.93681898,-177.3020141,2
-3120.097946,12224.41278,-9104.314838,12.908101,75.29618553,-169.2013972,2
-3706.570877,11819.95791,-8113.387031,1.430894613,75.54855208,-160.8603358,2
-4287.776569,11398.70623,-7110.929657,-10.04834515,75.69356001,-152.290683,2
-4862.889096,10961.25636,-6098.367263,-21.51330567,75.73100324,-143.5046169,2
-5431.091192,10508.22995,-5077.138756,-32.9476946,75.66082857,-134.5146229,2
-5991.575409,10040.27077,-4048.695356,-44.33526305,75.48313573,-125.3334762,2
-6543.54527,9558.043809,-3014.498539,-55.65982867,75.19817722,-115.9742238,2
-7086.216395,9062.23435,-1976.017955,-66.90529863,74.80635798,-106.4501657,2
-7618.817619,8553.54696,-934.7293404,-78.05569249,74.30823482,-96.77483602,2
-8140.592086,8032.704511,107.8875754,-89.09516495,73.70451559,-86.96198405,2
-8650.798327,7500.44715,1150.351177,-100.0080283,72.99605821,-77.02555434,2
-9148.711309,6957.531243,2191.180067,-110.7787748,72.18386944,-66.9796671,2
-9633.623473,6404.728303,3228.895169,-121.3920985,71.26910343,-56.8385981,2
-10104.84573,5842.823894,4262.021836,-131.8329175,70.25306014,-46.61675833,2
-10561.70845,5272.616513,5289.091935,-142.0863947,69.1371834,-36.3286736,2
-11003.5624,4694.916455,6308.645946,-152.1379593,67.92305894,-25.98896383,2
-11429.77969,4110.544663,7319.235026,-161.9733275,66.61241209,-15.61232233,2
-11839.75464,3520.331563,8319.423072,-171.5785228,65.20710537,-5.213494861,2
-12232.90464,2925.115879,9307.788763,-180.9398957,63.70913577,5.192741269,2
-12608.67102,2325.743446,10282.92758,-190.044143,62.12063201,15.59159823,2
-12966.51979,1723.066003,11243.45379,-198.8783272,60.44385144,25.96829868,2
-13305.94243,1117.93999,12188.00244,-207.4298944,58.68117684,36.30809675,2
-13626.45659,511.2253226,13115.23127,-215.6866924,56.83511308,46.59629903,2
-13927.60681,-96.21582391,14023.82263,-223.6369878,54.90828351,56.81828542,2
-14208.96514,-703.5202424,14912.48538,-231.2694829,52.90342627,66.95952992,2
-14470.13175,-1309.82492,15779.95667,-238.5733313,50.82339037,77.00562126,2
-14710.73552,-1914.268265,16625.00378,-245.5381539,48.67113164,86.9422834,2
-14930.43452,-2515.99133,17446.42585,-252.1540534,46.44970858,96.75539579,2
-15128.91656,-3114.139034,18243.0556,-258.4116282,44.16227794,106.4310135,2
-15305.89958,-3707.861375,19013.76096,-264.301986,41.81209028,115.9553869,2
-15461.13208,-4296.314643,19757.44673,-269.8167561,39.40248536,125.3149813,2
-15594.39347,-4878.662612,20473.05608,-274.9481019,36.93688735,134.4964963,2
-15705.49437,-5454.077735,21159.57211,-279.6887314,34.4188,143.4868844,2
-15794.2769,-6021.742315,21816.01922,-284.0319078,31.85180165,152.2733698,2
-15860.6149,-6580.84967,22441.46457,-287.9714595,29.23954015,160.8434664,2
-15904.4141,-7130.605277,23035.01938,-291.5017879,26.58572766,169.1849957,2
-15925.61226,-7670.227904,23595.84016,-294.6178763,23.8941354,177.2861038,2
-15924.17925,-8198.950718,24123.12997,-297.3152966,21.16858826,185.1352786,2
-15900.11711,-8716.022374,24616.13948,-299.5902155,18.41295941,192.7213661,2
-15853.46003,-9220.708085,25074.16812,-301.4394004,15.63116473,200.033586,2
-15784.27432,-9712.290665,25496.56499,-302.8602234,12.8271573,207.0615472,2
-15692.6583,-10190.07155,25882.72984,-303.8506655,10.00492179,213.7952627,2
-15578.74214,-10653.37178,26232.11393,-304.4093191,7.168468737,220.2251633,2
-15442.68774,-11101.53299,26544.22074,-304.5353905,4.321828896,226.342112,2
-15284.68844,-11533.91832,26818.60676,-304.2287004,1.4690475,232.1374161,2
-15104.96876,-11949.91331,27054.88207,-303.4896846,-1.385821493,237.6028402,2
-14903.78409,-12348.92683,27252.71092,-302.3193934,-4.238721158,242.7306178,2
-14681.42033,-12730.39184,27411.81217,-300.7194898,-7.085597368,247.5134618,2
-14438.19346,-13093.76627,27531.95974,-298.6922474,-9.922404556,251.9445756,2
-14174.44914,-13438.53375,27612.98288,-296.2405469,-12.74511146,256.0176625,2
-13890.56214,-13764.20433,27654.76647,-293.3678724,-15.54970687,259.7269342,2
-13586.9359,-14070.31522,27657.25112,-290.0783061,-18.3322053,263.0671197,2
-13264.00188,-14356.43142,27620.4333,-286.3765227,-21.08865265,266.0334725,2
-12922.21898,-14622.14635,27544.36534,-282.2677825,-23.81513188,268.6217771,2
-12562.07291,-14867.08242,27429.15532,-277.7579244,-26.5077685,270.8283555,2
-12184.07544,-15090.89154,27274.96698,-272.8533571,-29.16273613,272.650072,2
-11788.76373,-15293.25568,27082.01941,-267.5610502,-31.77626192,274.0843378,2
-11376.69955,-15473.88727,26850.58681,-261.8885244,-34.3446319,275.1291148,2
-10948.46845,-15632.52961,26580.99806,-255.8438407,-36.86419628,275.7829182,2
-10504.67898,-15768.95728,26273.63626,-249.4355889,-39.33137463,276.0448191,2
-10045.96179,-15882.97639,25928.93818,-242.6728755,-41.74266093,275.9144451,2
-9572.968731,-15974.42493,25547.39366,-235.5653107,-44.09462863,275.3919816,2
-9086.371964,-16043.17294,25129.5449,-228.1229946,-46.38393545,274.478171,2
-8586.862965,-16089.12271,24675.98568,-220.3565033,-48.60732816,273.174312,2
-8075.151564,-16112.20897,24187.36053,-212.2768734,-50.76164719,271.4822573,2
-7551.96493,-16112.39889,23664.36382,-203.8955864,-52.84383115,269.4044114,2
-7018.046542,-16089.69222,23107.73876,-195.2245526,-54.85092113,266.9437271,2
-6474.155125,-16044.12121,22518.27633,-186.276094,-56.78006496,264.1037012,2
-5921.063579,-15975.75062,21896.8142,-177.062927,-58.6285212,260.8883695,2
-5359.557878,-15884.67762,21244.2355,-167.5981438,-60.3936631,257.3023011,2
-4790.435952,-15771.03163,20561.46758,-157.8951945,-62.07298231,253.3505921,2
-4214.506555,-15634.97413,19849.48069,-147.9678674,-63.66409241,249.0388581,2
-3632.588113,-15476.69848,19109.2866,-137.83027,-65.16473235,244.3732261,2
-3045.507564,-15296.4296,18341.93716,-127.4968081,-66.57276965,239.3603265,2
-2454.099183,-15094.42365,17548.52284,-116.9821664,-67.88620339,234.0072827,2
-1859.203392,-14870.9677,16730.1711,-106.3012865,-69.10316712,228.3217018,2
-1261.665572,-14626.3793,15888.04487,-95.46934677,-70.22193148,222.3116633,2
-662.3348555,-14361.006,15023.34086,-84.50173983,-71.24090662,215.9857077,2
-62.0629252,-14075.22493,14137.28786,-73.4140513,-72.15864454,209.3528246,2
538.2971999,-13769.4422,13231.145,-62.22203738,-72.97384108,202.4224397,2
1137.892375,-13444.09234,12306.19996,-50.94160255,-73.68533779,195.2044014,2
1735.870543,-13099.63768,11363.76714,-39.58877691,-74.29212361,187.708967,2
2331.381944,-12736.56772,10405.18578,-28.17969345,-74.79333625,179.9467879,2
2923.580324,-12355.39841,9431.818085,-16.7305651,-75.18826348,171.9288945,2
3511.624136,-11956.67139,8445.047259,-5.257661707,-75.47634406,163.6666808,2
4094.677738,-11540.9533,7446.275558,6.222713112,-75.65716863,155.1718877,2
4671.912578,-11108.83487,6436.922293,17.69424511,-75.73048023,146.456587,2
5242.508376,-10660.93019,5418.421809,29.14063263,-75.69617466,137.5331634,2
5805.654282,-10197.87573,4392.221451,40.54560971,-75.55430069,128.4142976,2
6360.550036,-9720.329542,3359.779506,51.89296926,-75.30505993,119.1129481,2
6906.4071,-9228.970231,2322.563131,63.16658606,-74.94880656,109.6423326,2
7442.449782,-8724.496048,1282.046266,74.35043968,-74.48604683,100.0159093,2
7967.916335,-8207.623879,239.7075436,85.42863726,-73.91743835,90.24735799,2
8482.060043,-7679.088227,-802.9718166,96.38543608,-73.24378914,80.35056021,2
8984.15028,-7139.64017,-1844.51011,107.2052659,-72.46605651,70.33957989,2
9473.473548,-6590.046294,-2883.427253,117.8727512,-71.58534564,60.22864317,2
9949.334491,-6031.087602,-3918.246889,128.3727329,-70.60290808,50.03211826,2
10411.05689,-5463.558404,-4947.498481,138.6902898,-69.52013993,39.76449497,2
10857.9846,-4888.265191,-5969.719408,148.8107603,-68.33857985,29.44036416,2
11289.48252,-4306.025485,-6983.457036,158.7197626,-67.05990691,19.07439697,2
11704.93747,-3717.666682,-7987.27079,168.4032154,-65.68593817,8.68132403,2
12103.75907,-3124.024871,-8979.734195,177.847358,-64.21862612,-1.724085551,2
12485.38056,-2525.94365,-9959.436906,187.0387697,-62.66005589,-12.12704511,2
12849.25964,-1924.272924,-10924.98671,195.9643892,-61.01244229,-22.51277148,2
13194.87922,-1319.867701,-11875.01151,204.6115325,-59.27812667,-32.86650596,2
13521.74815,-713.5868744,-12808.16128,212.9679117,-57.45957359,-43.17353535,2
13829.40194,-106.2920015,-13723.10994,221.0216518,-55.55936731,-53.41921277,2
14117.40339,501.1539181,-14618.55731,228.761308,-53.58020814,-63.58897857,2
14385.34325,1107.887671,-15493.23092,236.1758819,-51.52490855,-73.66838096,2
14632.84074,1713.047054,-16345.88779,243.2548369,-49.39638925,-83.64309654,2
14859.54416,2315.772104,-17175.31626,249.9881135,-47.19767497,-93.49895071,2
15065.13136,2915.206315,-17980.33767,256.3661433,-44.93189022,-103.2219378,2
15249.31018,3510.497858,-18759.80804,262.3798628,-42.60225479,-112.7982408,2
15411.8189,4100.800792,-19512.61969,268.0207262,-40.21207923,-122.2142513,2
15552.42658,4685.276264,-20237.70284,273.2807174,-37.76476011,-131.4565887,2
15670.93341,5263.093701,-20934.02711,278.1523618,-35.26377519,-140.5121191,2
15767.17099,5833.431995,-21600.60298,282.6287365,-32.71267852,-149.3679741,2
15841.00255,6395.480662,-22236.48321,286.7034803,-30.11509534,-158.0115691,2
15892.32318,6948.441001,-22840.76419,290.3708027,-27.47471696,-166.4306209,2
15921.05996,7491.527226,-23412.58718,293.6254923,-24.79529551,-174.6131657,2
15927.17203,8023.96758,-23951.13961,296.4629241,-22.08063859,-182.5475757,2
15910.65072,8545.005438,-24455.65616,298.8790658,-19.33460387,-190.2225755,2
15871.51951,9053.900375,-24925.41988,300.870484,-16.56109362,-197.6272587,2
15809.834,9549.929224,-25359.76322,302.4343487,-13.76404915,-204.7511028,2
15725.68185,10032.3871,-25758.06895,303.5684377,-10.94744521,-211.5839843,2
15619.18264,10500.58841,-26119.77105,304.2711394,-8.115284356,-218.1161934,2
15490.48772,10953.8678,-26444.35553,304.5414551,-5.271591238,-224.3384474,2
15339.77997,11391.58115,-26731.36113,304.3790008,-2.420406899,-230.2419042,2
15167.27356,11813.10644,-26980.38,303.7840072,0.43421697,-235.8181747,2
14973.21362,12217.84466,-27191.05828,302.7573199,3.288223792,-241.0593347,2
14757.87592,12605.22066,-27363.09658,301.3003979,6.137557869,-245.9579361,2
14521.56647,12974.68394,-27496.25042,299.4153116,8.978170141,-250.5070179,2
14264.62109,13325.70949,-27590.33058,297.1047397,11.80602394,-254.7001155,2
13987.40489,13657.79848,-27645.20337,294.3719657,14.61710074,-258.5312703,2
13690.31183,13970.47898,-27660.79082,291.2208731,17.40740583,-261.995038,2
13373.76409,14263.30668,-27637.07077,287.6559396,20.17297405,-265.0864964,2
13038.21149,14535.86543,-27574.07692,283.6822314,22.90987537,-267.8012524,2
12684.13089,14787.76792,-27471.89881,279.3053951,25.6142205,-270.1354482,2
12312.02544,15018.65619,-27330.68163,274.5316506,28.28216642,-272.0857667,2
11922.42392,15228.20212,-27150.62605,269.3677816,30.90992184,-273.6494365,2
11515.88,15416.10795,-26931.98794,263.8211263,33.49375256,-274.8242354,2
11092.97137,15582.10664,-26675.07801,257.8995667,36.02998683,-275.608494,2
10654.29903,15725.96231,-26380.26133,251.6115177,38.51502052,-276.001098,2
10200.48634,15847.47052,-26047.95686,244.965915,40.94532226,-276.0014892,2
9732.178206,15946.45861,-25678.63682,237.9722023,43.31743845,-275.6096672,2
9250.040113,16022.78591,-25272.82602,230.640318,45.6279982,-274.8261888,2
8754.757207,16076.34396,-24831.10116,222.9806813,47.87371806,-273.6521674,2
8247.033312,16107.05664,-24354.08995,215.0041768,50.05140674,-272.0892712,2
7727.589931,16114.88031,-23842.47024,206.7221396,52.15796964,-270.1397213,2
7197.165222,16099.80385,-23296.96907,198.146339,54.19041322,-267.8062881,2
6656.512948,16061.84869,-22718.36164,189.2889615,56.14584925,-265.0922875,2
6106.401404,16001.06877,-22107.47018,180.1625941,58.02149895,-262.0015763,2
5547.61233,15917.55045,-21465.16278,170.7802058,59.81469693,-258.5385464,2
4980.939795,15811.41243,-20792.35222,161.1551294,61.52289495,-254.7081192,2
4407.189072,15682.80552,-20089.99459,151.3010428,63.14366558,-250.5157377,2
3827.175493,15531.91248,-19359.08797,141.2319492,64.67470559,-245.9673597,2
3241.723287,15358.94775,-18600.67104,130.9621572,66.11383932,-241.0694487,2
2651.664416,15164.15711,-17815.82153,120.5062608,67.45902166,-235.8289647,2
2057.837384,14947.81738,-17005.65476,109.8791184,68.70834103,-230.2533549,2
1461.086052,14710.23597,-16171.32203,99.0958318,69.8600221,-224.3505425,2
862.2584377,14451.75052,-15314.00896,88.17172459,70.91242825,-218.1289156,2
262.2055067,14172.72834,-14434.93385,77.12232054,71.86406397,-211.5973157,2
-338.2200327,13873.56594,-13535.34591,65.96332144,72.71357691,-204.7650244,2
-938.164943,13554.68844,-12616.5235,54.71058486,73.45975988,-197.6417507,2
-1536.776669,13216.54899,-11679.77232,43.38010154,74.10155252,-190.2376174,2
-2133.204552,12859.6281,-10726.42355,31.98797273,74.63804279,-182.5631459,2
-2726.601035,12484.43297,-9757.831937,20.55038725,75.06846832,-174.6292423,2
-3316.122868,12091.49678,-8775.373915,9.083598555,75.39221745,-166.4471809,2
-3900.932309,11681.37791,-7780.445606,-2.396098435,75.60883011,-158.028589,2
-4480.198312,11254.65917,-6774.460858,-13.87239044,75.71799849,-149.3854298,2
-5053.097707,10811.94694,-5758.849231,-25.32896902,75.71956745,-140.5299858,2
-5618.816375,10353.87034,-4735.053964,-36.74955374,75.61353476,-131.4748409,2
-6176.550397,9881.080322,-3704.529925,-48.11791534,75.4000511,-122.2328631,2
-6725.507203,9394.24875,-2668.741548,-59.41789875,75.07941984,-112.8171858,2
-7264.906695,8894.067437,-1629.160742,-70.63344607,74.65209662,-103.241189,2
-7793.982357,8381.247167,-587.26481,-81.7486194,74.11868868,-93.51848083,2
-8311.982344,7856.516686,455.4656576,-92.74762347,73.47995403,-83.6628778,2
-8818.170549,7320.621665,1497.548884,-103.6148281,72.73680035,-73.68838524,2
-9311.827651,6774.323641,2537.504011,-114.3347904,71.89028369,-63.60917745,2
-9792.252137,6218.398931,3573.853206,-124.8922767,70.94160701,-53.43957754,2
-10258.7613,5653.637537,4605.12376,-135.2722842,69.89211842,-43.19403707,2
-10710.69219,5080.842014,5629.850181,-145.4600624,68.7433093,-32.88711551,2
-11147.40261,4500.826336,6646.576277,-155.4411339,67.49681219,-22.53345955,2
-11568.27196,3914.414738,7653.857224,-165.2013151,66.1543984,-12.14778232,2
-11972.70216,3322.440543,8650.261622,-174.7267361,64.7179756,-1.74484242,2
-12360.1185,2725.744978,9634.373524,-184.0038609,63.18958502,8.660576993,2
-12729.97043,2125.17598,10604.79445,-193.0195061,61.57139857,19.05368925,2
-13081.73238,1521.58699,11560.14539,-201.7608601,59.8657158,29.41972518,2
-13414.90447,915.8357427,12499.06873,-210.2155008,58.07496057,39.74395406,2
-13729.01325,308.7830423,13420.23021,-218.3714138,56.20167765,50.01170461,2
-14023.61235,-298.7084558,14322.3208,-226.2170091,54.24852906,60.2083858,2
-14298.28313,-905.7754727,15204.0586,-233.7411376,52.21829035,70.31950757,2
-14552.63526,-1511.555333,16064.19059,-240.9331072,50.11384659,80.33070147,2
-14786.3073,-2115.187191,16901.49449,-247.7826976,47.93818831,90.22774106,2
-14998.9672,-2715.813252,17714.78045,-254.2801753,45.69440724,99.99656208,2
-15190.31273,-3312.579993,18502.89273,-260.4163069,43.38569192,109.6232825,2
-15360.07201,-3904.639378,19264.71139,-266.1823727,41.01532315,119.0942223,2
-15508.00378,-4491.150056,19999.15383,-271.5701788,38.58666937,128.3959226,2
-15633.89783,-5071.278564,20705.17639,-276.5720688,36.10318182,137.5151653,2
-15737.57525,-5644.200507,21381.77576,-281.1809348,33.56838968,146.4389915,2
-15818.88872,-6209.101733,22027.99045,-285.3902273,30.98589501,155.1547198,2
-15877.72268,-6765.179486,22642.90217,-289.1939646,28.35936769,163.6499648,2
-15913.99353,-7311.643548,23225.63708,-292.5867415,25.69254016,171.9126542,2
-15927.64973,-7847.717365,23775.36709,-295.5637366,22.98920212,179.9310463,2
-15918.67186,-8372.639146,24291.311,-298.1207195,20.25319517,187.6937466,2
-15887.07269,-8885.662949,24772.73563,-300.2540565,17.48840732,195.1897238,2
-15832.89711,-9386.059738,25218.95685,-301.9607161,14.69876749,202.4083257,2
-15756.22213,-9873.118423,25629.34055,-303.238273,11.8882399,209.3392943,2
-15657.15669,-10346.14687,26003.30356,-304.0849117,9.060818478,215.9727803,2
-15535.84158,-10804.47287,26340.31445,-304.4994291,6.220521134,222.2993572,2
-15392.44918,-11247.44512,26639.89431,-304.4812362,3.371384088,228.3100345,2
-15227.18327,-11674.43414,26901.61742,-304.0303587,0.517456121,233.9962708,2
-15040.2787,-12084.83316,27125.11186,-303.1474375,-2.337207179,239.3499855,2
-14832.00108,-12478.05896,27310.06003,-301.8337272,-5.188549179,244.3635709,2
-14602.64636,-12853.55275,27456.19912,-300.0910946,-8.032517968,249.0299022,2
-14352.54049,-13210.78095,27563.32144,-297.9220162,-10.86507211,253.3423484,2
-14082.03887,-13549.2359,27631.27478,-295.3295743,-13.68218639,257.2947813,2
-13791.52591,-13868.43665,27659.96256,-292.3174529,-16.47985753,260.8815842,2
-13481.41443,-14167.92959,27649.34402,-288.8899324,-19.2541099,264.0976601,2
-13152.14512,-14447.28912,27599.43425,-285.0518835,-22.00100112,266.9384388,2
-12804.1859,-14706.11827,27510.30417,-280.8087603,-24.71662771,269.3998833,2
-12438.03123,-14944.04922,27382.08045,-276.1665925,-27.39713062,271.4784959,2
-12054.20143,-15160.74386,27214.94529,-271.1319768,-30.03870072,273.1713227,2
-11653.24195,-15355.89425,27009.1362,-265.7120678,-32.63758417,274.4759581,2
-11235.72258,-15529.22308,26764.94566,-259.9145673,-35.19008783,275.3905481,2
-10802.23664,-15680.48402,26482.72066,-253.7477141,-37.69258445,275.9137931,2
-10353.40012,-15809.46215,26162.86227,-247.2202714,-40.14151785,276.0449495,2
-9889.850857,-15915.97416,25805.82502,-240.3415153,-42.53340795,275.7838309,2
-9412.247574,-15999.8687,25412.11628,-233.1212206,-44.86485575,275.1308084,2
-2207.086122,-6966.466115,9173.552237,-108.5801759,-64.41396107,74.90263766,2
-1166.293744,-7501.371023,8667.664767,-98.9372812,-75.58685742,74.42808172,2
-123.8439992,-8025.616072,8149.460072,-89.15379123,-86.6523407,73.84775941,2
918.7817348,-8538.456282,7619.674547,-79.24360884,-97.59468627,73.16249539,2
1960.10183,-9039.162878,7079.061048,-69.22081695,-108.3983444,72.37326346,2
2998.636513,-9527.024329,6528.387816,-59.0996585,-119.0479626,71.48118516,2
4032.909969,-10001.34736,5968.437387,-48.89451619,-129.5284072,70.48752819,2
5061.45244,-10461.45792,5400.005483,-38.6198921,-139.8247848,69.39370458,2
6082.80231,-10906.70218,4823.899875,-28.29038703,-149.9224637,68.20126872,2
7095.508185,-11336.44743,4240.939242,-17.92067978,-159.8070945,66.91191513,2
8098.130954,-11750.08296,3651.952001,-7.525506255,-169.4646308,65.52747604,2
9089.245836,-12147.02097,3057.775137,2.880361425,-178.8813485,64.04991883,2
10067.4444,-12526.69741,2459.253008,13.28213595,-188.0438661,62.48134317,2
11031.33658,-12888.57273,1857.236145,23.66503584,-196.939163,60.82397811,2
11979.55262,-13232.13267,1252.580048,34.01430641,-205.5545986,59.08017885,2
12910.74507,-13556.88904,646.1439665,44.3152408,-213.8779299,57.25242342,2
13823.59064,-13862.38032,38.78967886,54.5532008,-221.8973289,55.34330916,2
14716.79213,-14148.1724,-568.619731,64.71363772,-229.6013997,53.35554903,2
15589.08025,-14413.85915,-1175.221101,74.78211302,-236.9791944,51.29196775,2
16439.21544,-14659.06302,-1780.152418,84.74431884,-244.0202286,49.15549778,2
17265.9896,-14883.43556,-2382.55404,94.58609835,-250.7144967,46.94917515,2
18068.22785,-15086.65793,-2981.569923,104.2934658,-257.0524859,44.67613518,2
18844.79016,-15268.44132,-3576.348832,113.8526266,-263.0251893,42.33960797,2
19594.57299,-15428.52743,-4166.045554,123.2499966,-268.6241196,39.94291387,2
20316.51085,-15566.68876,-4749.822097,132.4722215,-273.8413203,37.48945869,2
21009.57785,-15682.72897,-5326.848883,141.5061962,-278.6693775,34.98272895,2
21672.78908,-15776.48316,-5896.305925,150.3390829,-283.1014303,32.42628683,2
22305.2021,-15847.81811,-6457.383994,158.9583294,-287.1311804,29.82376519,2
22905.9182,-15896.63244,-7009.285766,167.3516875,-290.7529015,27.17886234,2
23474.08374,-15922.85678,-7551.22696,175.5072297,-293.9614467,24.49533684,2
24008.89132,-15926.45388,-8082.437448,183.4133665,-296.7522567,21.77700213,2
24509.58096,-15907.41861,-8602.162349,191.0588629,-299.1213654,19.02772111,2
24975.44114,-15865.77803,-9109.663107,198.4328542,-301.0654064,16.25140065,2
25405.80985,-15801.59131,-9604.218536,205.5248615,-302.5816169,13.45198607,2
25800.07551,-15714.94967,-10085.12584,212.3248068,-303.6678423,10.63345547,2
26157.67785,-15605.97622,-10551.70164,218.8230269,-304.3225392,7.799814159,2
26478.10871,-15474.82582,-11003.28288,225.0102875,-304.5447771,4.955088881,2
26760.91272,-15321.68486,-11439.22786,230.8777962,-304.3342402,2.10332215,2
27005.68801,-15146.77093,-11858.91708,236.4172149,-303.6912276,-0.751433517,2
27212.08674,-14950.33262,-12261.75412,241.6206718,-302.6166533,-3.605121356,2
27379.81561,-14732.64907,-12647.16653,246.4807725,-301.1120441,-6.45368612,2
27508.63626,-14494.02962,-13014.60664,250.9906105,-299.1795382,-9.293079842,2
27598.36563,-14234.81336,-13363.55227,255.1437771,-296.8218818,-12.11926759,2
27648.87621,-13955.36865,-13693.50757,258.9343705,-294.0424253,-14.9282332,2
27660.09623,-13656.0926,-14004.00364,262.357004,-290.8451184,-17.71598496,2
27632.00974,-13337.41049,-14294.59925,265.4068138,-287.2345046,-20.47856135,2
27564.65665,-12999.77519,-14564.88146,268.079466,-283.215715,-23.21203658,2
27458.13268,-12643.6665,-14814.46618,270.3711626,-278.7944603,-25.91252623,2
27312.58919,-12269.59047,-15042.99872,272.278647,-273.9770234,-28.57619277,2
27128.23303,-11878.07868,-15250.15435,273.7992085,-268.7702501,-31.19925097,2
26905.32615,-11469.68749,-15435.63867,274.9306864,-263.1815397,-33.77797334,2
26644.18534,-11044.99724,-15599.1881,275.6714727,-257.2188338,-36.30869535,2
26345.18169,-10604.61145,-15740.57023,276.0205148,-250.890606,-38.78782072,2
26008.74008,-10149.15593,-15859.58415,275.9773166,-244.2058488,-41.21182647,2
25635.33864,-9679.277903,-15956.06074,275.5419396,-237.1740618,-43.57726796,2
25225.50798,-9195.64509,-16029.86288,274.7150023,-229.8052375,-45.88078378,2
24779.83048,-8698.944763,-16080.88572,273.4976801,-222.1098473,-48.11910048,2
24298.9395,-8189.88276,-16109.05674,271.8917026,-214.0988269,-50.28903731,2
23783.51839,-7669.182485,-16114.33591,269.8993522,-205.7835604,-52.38751067,2
23234.2996,-7137.583882,-16096.71572,267.5234601,-197.1758641,-54.41153851,2
22652.0636,-6595.842381,-16056.22122,264.7674024,-188.2879702,-56.35824458,2
22037.63778,-6044.727828,-15992.90995,261.6350958,-179.1325087,-58.22486249,2
21391.89527,-5485.023386,-15906.87188,258.1309914,-169.7224902,-60.00873969,2
20715.7537,-4917.524425,-15798.22928,254.2600687,-160.0712867,-61.70734119,2
20010.17392,-4343.037393,-15667.13652,250.0278286,-150.1926131,-63.31825318,2
19276.15858,-3762.378668,-15513.77991,245.4402852,-140.1005076,-64.83918647,2
18514.75077,-3176.373396,-15338.37737,240.5039578,-129.8093117,-66.26797972,2
17727.03248,-2585.854324,-15141.17815,235.2258611,-119.3336496,-67.60260255,2
16914.12311,-1991.660611,-14922.4625,229.6134956,-108.6884079,-68.84115838,2
16077.17784,-1394.63664,-14682.5412,223.6748367,-97.88871394,-69.98188716,2
15217.38603,-795.630814,-14421.75522,217.4183236,-86.9499148,-71.02316785,2
14335.96948,-195.4943528,-14140.47513,210.8528472,-75.88755508,-71.96352073,2
13434.18073,404.9199165,-13839.10065,203.9877374,-64.71735499,-72.80160951,2
12513.30127,1004.758773,-13518.06005,196.8327498,-53.455188,-73.53624322,2
11574.63973,1603.169811,-13177.80954,189.3980521,-42.11705826,-74.1663779,2
10619.52999,2199.302658,-12818.83265,181.6942095,-30.71907787,-74.69111811,2
9649.329324,2792.310175,-12441.6395,173.7321694,-19.277444,-75.10971814,2
8665.416428,3381.349667,-12046.7661,165.5232464,-7.808415819,-75.42158316,2
7669.189502,3965.584076,-11634.77358,157.0791058,3.671708545,-75.62626998,2
6662.064237,4544.183173,-11206.24741,148.4117472,15.14661521,-75.72348773,2
5645.471815,5116.324737,-10761.79655,139.5334874,26.59999771,-75.71309827,2
4620.856868,5681.195723,-10302.05259,130.4569429,38.01558015,-75.59511634,2
3589.675431,6237.99342,-9827.668851,121.1950119,49.37714037,-75.36970962,2
2553.392869,6785.926587,-9339.319456,111.7608561,60.66853298,-75.03719842,2
1513.481796,7324.21658,-8837.698376,102.1678821,71.87371228,-74.59805526,2
471.4199818,7852.098461,-8323.518443,92.42972194,82.9767551,-74.05290417,2
-571.3117456,8368.822081,-7797.510335,82.56021408,93.96188342,-73.40251986,2
-1613.231608,8873.653146,-7260.421538,72.57338363,104.8134868,-72.64782655,2
-2652.858979,9365.874265,-6713.015285,62.48342243,115.5161444,-71.7898967,2
-3688.716493,9844.785964,-6156.06947,52.30466887,126.0546473,-70.82994948,2
-4719.332139,10309.70768,-5590.375544,42.05158752,136.4140196,-69.76934903,2
-5743.241356,10759.97874,-5016.737387,31.73874856,146.5795401,-68.60960252,2
-6758.989113,11194.95929,-4435.970173,21.38080709,156.5367631,-67.352358,2
-7765.131976,11614.03118,-3848.899202,10.99248234,166.2715388,-65.9994021,2
-8760.240162,12016.5989,-3256.358735,0.58853666,175.7700335,-64.55265744,2
-9742.899567,12402.09037,-2659.190804,-9.816245359,185.0187494,-63.01417992,2
-10711.71378,12769.9578,-2058.244017,-20.20707796,194.0045435,-61.3861558,2
-11665.30606,13119.67841,-1454.372352,-30.56919519,202.7146466,-59.67089859,2
-12602.3213,13450.75525,-848.4339455,-40.88787193,211.136681,-57.87084578,2
-13521.42795,13762.71782,-241.2898676,-51.14844476,219.2586787,-55.98855532,2
-14421.31992,14055.12282,366.1970965,-61.33633285,227.0690978,-54.02670207,2
-15300.7184,14327.55473,973.1636745,-71.43705866,234.5568393,-51.98807391,2
-16158.37372,14579.62639,1578.747334,-81.4362685,241.7112627,-49.87556785,2
-16993.06711,14810.9796,2182.087506,-91.31975294,248.5222011,-47.69218589,2
-17803.61242,15021.28561,2782.326813,-101.073467,254.9799759,-45.44103072,2
-18588.85782,15210.24554,3378.612282,-110.6835502,261.0754102,-43.12530136,2
-19347.68744,15377.59089,3970.096557,-120.1363459,266.7998421,-40.74828858,2
-20079.02294,15523.08383,4555.939108,-129.4184214,272.1451367,-38.31337026,2
-20781.82505,15646.51763,5135.307421,-138.5165862,277.1036983,-35.82400654,2
-21455.09504,15747.71686,5707.37818,-147.4179113,281.6684803,-33.28373495,2
-22097.87617,15826.53773,6271.338443,-156.1097475,285.832996,-30.69616535,2
-22709.25501,15882.86822,6826.38679,-164.5797433,289.5913274,-28.06497482,2
-23288.36276,15916.62829,7371.734469,-172.8158622,292.9381337,-25.39390242,2
-23834.37647,15927.76996,7906.606509,-180.8064003,295.8686588,-22.6867439,2
-24346.52023,15916.2774,8430.242829,-188.5400026,298.3787384,-19.94734628,2
-24824.06624,15882.16693,8941.899313,-196.0056793,300.4648055,-17.17960238,2
-25266.33591,15825.48704,9440.848868,-203.1928212,302.1238956,-14.38744533,2
-25672.70072,15746.31826,9926.382461,-210.0912149,303.3536512,-11.57484293,2
-26042.58322,15644.7731,10397.81012,-216.6910575,304.1523246,-8.745792047,2
-26375.45779,15520.99587,10854.46192,-222.9829703,304.5187809,-5.904312915,2
-26670.85139,15375.16245,11295.68894,-228.9580121,304.4524994,-3.054443431,2
-26928.34425,15207.48008,11720.86417,-234.607692,303.9535742,-0.200233416,2
-27147.57046,15018.18705,12129.3834,-239.9239816,303.0227144,2.654261142,2
-27328.21848,14807.55236,12520.66612,-244.8993261,301.6612427,5.50498385,2
-27470.03162,14575.87532,12894.15629,-249.5266552,299.8710938,8.347883674,2
-27572.80833,14323.48517,13249.32316,-253.7993932,297.6548118,11.1789207,2
-27636.40257,14050.74056,13585.66201,-257.7114685,295.0155459,13.99407187,2
-27660.72398,13758.02908,13902.6949,-261.2573216,291.9570468,16.78933669,2
-27645.73798,13445.76669,14199.97129,-264.4319138,288.4836608,19.56074295,2
-27591.46588,13114.39713,14477.06875,-267.2307338,284.6003237,22.30435232,2
-27497.98479,12764.39129,14733.5935,-269.6498043,280.312554,25.01626599,2
-27365.42756,12396.24655,14969.181,-271.6856877,275.6264448,27.69263017,2
-27193.98256,12010.48607,15183.49649,-273.3354908,270.5486553,30.32964162,2
-26983.89343,11607.65803,15376.23539,-274.5968692,265.0864014,32.92355298,2
-26735.4587,11188.33488,15547.12382,-275.4680305,259.2474453,35.47067817,2
-26449.03143,10753.11249,15695.91894,-275.9477366,253.0400843,37.96739759,2
-26125.01863,10302.60933,15822.4093,-276.0353059,246.4731395,40.41016325,2
-25763.88075,9837.465607,15926.41515,-275.7306139,239.5559429,42.79550387,2
-25366.13099,9358.342305,16007.78869,-275.0340937,232.2983242,45.12002973,2
-24932.33457,8865.920286,16066.41429,-273.9467349,224.7105968,47.38043756,2
-24463.10794,8360.89931,16102.20863,-272.4700828,216.8035434,49.57351519,2
-23959.11789,7843.997038,16115.12085,-270.6062359,208.5884003,51.69614615,2
-23421.08063,7315.948017,16105.13261,-268.3578426,200.0768417,53.74531406,2
-22849.76073,6777.502634,16072.25809,-265.7280982,191.2809629,55.71810693,2
-22245.97006,6229.426048,16016.54401,-262.7207396,182.2132634,57.61172133,2
-21610.56666,5672.497107,15938.06955,-259.3400405,172.8866289,59.42346631,2
-20944.45346,5107.507238,15836.94622,-255.590805,163.3143131,61.1507673,2
-20248.57704,4535.259321,15713.31772,-251.4783609,153.5099186,62.7911697,2
-19523.92629,3956.566553,15567.35974,-247.0085524,143.4873782,64.34234242,2
-18771.53097,3372.251287,15399.27969,-242.1877312,133.2609344,65.80208114,2
-17992.46028,2783.143867,15209.31641,-237.0227479,122.8451194,67.16831151,2
-17187.82132,2190.081448,14997.73987,-231.5209424,112.2547349,68.43909203,2
-16358.75752,1593.906803,14764.85072,-225.6901329,101.5048302,69.61261686,2
-15506.44704,995.467129,14510.97991,-219.5386054,90.6106816,70.68721835,2
-14632.10104,395.6128421,14236.4882,-213.0751016,79.58777026,71.66136943,2
-13736.96203,-204.8036324,13941.76566,-206.3088063,68.45176034,72.53368579,2
-12822.30204,-804.9290696,13627.23111,-199.249335,57.21847673,73.30292781,2
-11889.42086,-1403.910659,13293.33152,-191.9067195,45.90388254,73.96800236,2
-10939.64416,-2000.897214,12940.54138,-184.291394,34.52405641,74.52796433,2
-9974.321632,-2595.040385,12569.36202,-176.4141803,23.09516971,74.98201798,2
-8994.825045,-3185.495861,12180.32091,-168.2862725,11.63346351,75.32951809,2
-8002.546319,-3771.424573,11773.97089,-159.9192206,0.155225526,75.56997082,2
-6998.895537,-4351.993885,11350.88942,-151.3249148,-11.32323304,75.7030345,2
-5985.298942,-4926.378775,10911.67772,-142.515568,-22.78560068,75.72852002,2
-4963.196909,-5493.763012,10456.95992,-133.5036987,-34.21558873,75.64639116,2
-3934.041902,-6053.340311,9987.382212,-124.3021135,-45.59695456,75.45676465,2
-2899.296405,-6604.315481,9503.611887,-114.9238881,-56.91352462,75.15990995,2
-1860.430851,-7145.905558,9006.336409,-105.3823495,-68.14921745,74.7562489,2
-818.9215216,-7677.340913,8496.262434,-95.69105693,-79.28806651,74.24635513,2
223.7515397,-8197.866346,7974.114806,-85.8637821,-90.31424289,73.63095322,2
1266.106638,-8706.742162,7440.635524,-75.91449013,-101.2120778,72.91091771,2
2306.662529,-9203.245221,6896.582692,-65.85731951,-111.9660848,72.08727179,2
3343.940527,-9686.669965,6342.729438,-55.70656204,-122.5609819,71.16118591,2
4376.466602,-10156.32942,5779.862819,-45.4766425,-132.9817131,70.13397609,2
5402.773478,-10611.55618,5208.782699,-35.18209816,-143.21347,69.00710206,2
6421.402718,-11051.70333,4630.300613,-24.83755813,-153.2417127,67.78216516,2
7430.906793,-11476.14541,4045.238617,-14.45772258,-163.0521906,66.46090609,2
8429.851143,-11884.27926,3454.428115,-4.057341808,-172.6309624,65.04520244,2
9416.816214,-12275.5249,2858.708682,6.348804667,-181.9644161,63.53706599,2
10390.39947,-12649.32634,2258.926868,16.74592914,-191.0392885,61.9386399,2
11349.21741,-13005.1524,1655.934994,27.11925674,-199.8426835,60.25219561,2
12291.90748,-13342.49743,1050.589947,37.45404638,-208.3620912,58.48012966,2
13217.13008,-13660.88203,443.7519538,47.73561178,-216.585405,56.62496024,2
14123.57042,-13959.85378,-163.7166352,57.94934226,-224.500939,54.68932365,2
15009.94039,-14238.98781,-770.9525739,68.08072356,-232.0974449,52.67597055,2
15874.98041,-14497.88746,-1377.092947,78.11535842,-239.3641277,50.587762,2
16717.46122,-14736.18482,-1981.276395,88.03898708,-246.2906609,48.42766548,2
17536.1856,-14953.54125,-2582.644342,97.83750753,-252.8672017,46.19875059,2
18329.9901,-15149.64789,-3180.342209,107.4969955,-259.0844042,43.90418476,2
19097.74668,-15324.22604,-3773.520636,117.0037244,-264.9334337,41.54722867,2
19838.36432,-15477.02763,-4361.336684,126.3441846,-270.4059783,39.1312317,2
20550.79055,-15607.83552,-4942.955034,135.5051028,-275.4942612,36.65962711,2
21234.01299,-15716.46382,-5517.549174,144.4734608,-280.1910516,34.13592718,2
21887.06074,-15802.75816,-6084.302575,153.2365141,-284.4896753,31.56371823,2
22509.00577,-15866.59592,-6642.409849,161.78181,-288.3840235,28.94665551,2
23098.96428,-15907.88638,-7191.077895,170.097205,-291.8685623,26.28845801,2
23656.09789,-15926.57087,-7729.527026,178.1708826,-294.9383399,23.59290317,2
24179.6149,-15922.62282,-8256.992076,185.9913697,-297.5889939,20.86382152,2
24668.77134,-15896.04785,-8772.723488,193.5475528,-299.8167577,18.10509125,2
25122.87212,-15846.88374,-9275.988381,200.8286943,-301.6184655,15.32063264,2
25541.27191,-15775.20033,-9766.071586,207.8244472,-302.991557,12.51440258,2
25923.37617,-15681.0995,-10242.27667,214.5248702,-303.9340808,9.690388873,2
26268.64188,-15564.71497,-10703.92692,220.9204416,-304.4446977,6.85260459,2
26576.57842,-15426.21212,-11150.3663,227.0020729,-304.5226821,4.00508238,2
26846.74819,-15265.78779,-11580.9604,232.761122,-304.167923,1.151868729,2
27078.76726,-15083.66994,-11995.09732,238.1894047,-303.3809247,-1.70298179,2
27272.30592,-14880.11736,-12392.18856,243.2792072,-302.1628055,-4.555412279,2
27427.08914,-14655.41933,-12771.66981,248.0232967,-300.5152964,-7.401369278,2
27542.89696,-14409.89514,-13133.00182,252.4149315,-298.4407386,-10.23680853,2
27619.56483,-14143.8937,-13475.67112,256.4478709,-295.9420802,-13.05770071,2
27656.98378,-13857.79302,-13799.19076,260.1163838,-293.0228719,-15.86003718,2
27655.10064,-13551.99965,-14103.10098,263.4152571,-289.6872621,-18.63983568,2
27613.91809,-13226.94815,-14386.96993,266.3398029,-285.9399908,-21.39314595,2
27533.49465,-12883.10044,-14650.39421,268.8858652,-281.7863831,-24.11605539,2
27413.94461,-12520.94513,-14892.99948,271.0498261,-277.2323416,-26.80469459,2
27255.43785,-12140.99687,-15114.44098,272.8286103,-272.2843378,-29.45524286,2
27058.19963,-11743.7956,-15314.40403,274.2196901,-266.949403,-32.06393361,2
26822.51022,-11329.90574,-15492.60448,275.2210887,-261.2351185,-34.62705976,2
26548.70456,-10899.91548,-15648.78908,275.8313832,-255.1496046,-37.14097896,2
26237.17173,-10454.43583,-15782.7359,276.0497061,-248.7015092,-39.6021188,2
25888.35445,-9994.099861,-15894.25459,275.8757473,-241.8999953,-42.00698186,2
25502.74841,-9519.561728,-15983.18668,275.3097539,-234.7547282,-44.35215071,2
25080.90156,-9031.495777,-16049.40578,274.3525303,-227.2758619,-46.63429271,2
24623.41337,-8530.595577,-16092.8178,273.0054368,-219.4740241,-48.85016484,2
24130.93397,-8017.572933,-16113.36104,271.2703876,-211.3603017,-50.99661821,2
23604.16319,-7493.156879,-16111.00632,269.1498484,-202.9462248,-53.0706026,2
23043.84961,-6958.092639,-16085.75697,266.6468324,-194.2437502,-55.06917075,2
22450.78945,-6413.140569,-16037.64888,263.7648968,-185.2652446,-56.9894826,2
21825.82549,-5859.075076,-15966.75042,260.5081368,-176.0234669,-58.82880928,2
21169.84584,-5296.683516,-15873.16233,256.8811804,-166.5315503,-60.584537,2
20483.78269,-4726.765079,-15757.01761,252.8891819,-156.8029832,-62.25417077,2
19768.61095,-4150.12965,-15618.4813,248.537814,-146.8515905,-63.83533797,2
19025.34694,-3567.59666,-15457.75028,243.8332603,-136.6915136,-65.32579166,2
18255.04687,-2979.993919,-15275.05295,238.7822061,-126.3371906,-66.72341382,2
17458.80537,-2388.156445,-15070.64893,233.3918294,-115.8033356,-68.02621836,2
16637.75396,-1792.925269,-14844.82869,227.6697901,-105.1049177,-69.23235392,2
15793.05939,-1195.146248,-14597.91315,221.6242196,-94.25713991,-70.34010651,2
14925.92202,-595.6688595,-14330.25316,215.2637089,-83.27541761,-71.34790197,2
14037.5741,4.655007324,-14042.22911,208.5972967,-72.17535637,-72.25430816,2
13129.27802,604.9722592,-13734.25028,201.6344564,-60.97273001,-73.05803702,2
12202.32451,1204.429812,-13406.75432,194.3850825,-49.68345806,-73.75794641,2
11258.03083,1802.175805,-13060.20664,186.8594767,-38.3235832,-74.35304172,2
10297.73888,2397.360807,-12695.09969,179.0683334,-26.90924843,-74.84247729,2
9322.813275,2989.139028,-12311.9523,171.0227242,-15.45667415,-75.22555761,2
8334.639442,3576.669519,-11911.30896,162.7340823,-3.982135085,-75.50173829,2
7334.62163,4159.117367,-11493.739,154.2141864,7.49806281,-75.67062687,2
6324.18092,4735.654882,-11059.8358,145.4751437,18.96760555,-75.73198335,2
5304.753203,5305.462771,-10610.21597,136.5293729,30.41019428,-75.68572054,2
4277.787141,5867.731308,-10145.51845,127.3895863,41.80956846,-75.53190418,2
3244.74211,6421.661478,-9666.403588,118.0687722,53.14952896,-75.27075285,2
2207.086122,6966.466115,-9173.552237,108.5801759,64.41396107,-74.90263766,2
1166.293744,7501.371023,-8667.664767,98.9372812,75.58685742,-74.42808172,2
123.8439992,8025.616072,-8149.460072,89.15379123,86.6523407,-73.84775941,2
-918.7817348,8538.456282,-7619.674547,79.24360884,97.59468627,-73.16249539,2
-1960.10183,9039.162878,-7079.061048,69.22081695,108.3983444,-72.37326346,2
-2998.636513,9527.024329,-6528.387816,59.0996585,119.0479626,-71.48118516,2
-4032.909969,10001.34736,-5968.437387,48.89451619,129.5284072,-70.48752819,2
-5061.45244,10461.45792,-5400.005483,38.6198921,139.8247848,-69.39370458,2
-6082.80231,10906.70218,-4823.899875,28.29038703,149.9224637,-68.20126872,2
-7095.508185,11336.44743,-4240.939242,17.92067978,159.8070945,-66.91191513,2
-8098.130954,11750.08296,-3651.952001,7.525506255,169.4646308,-65.52747604,2
-9089.245836,12147.02097,-3057.775137,-2.880361425,178.8813485,-64.04991883,2
-10067.4444,12526.69741,-2459.253008,-13.28213595,188.0438661,-62.48134317,2
-11031.33658,12888.57273,-1857.236145,-23.66503584,196.939163,-60.82397811,2
-11979.55262,13232.13267,-1252.580048,-34.01430641,205.5545986,-59.08017885,2
-12910.74507,13556.88904,-646.1439665,-44.3152408,213.8779299,-57.25242342,2
-13823.59064,13862.38032,-38.78967886,-54.5532008,221.8973289,-55.34330916,2
-14716.79213,14148.1724,568.619731,-64.71363772,229.6013997,-53.35554903,2
-15589.08025,14413.85915,1175.221101,-74.78211302,236.9791944,-51.29196775,2
-16439.21544,14659.06302,1780.152418,-84.74431884,244.0202286,-49.15549778,2
-17265.9896,14883.43556,2382.55404,-94.58609835,250.7144967,-46.94917515,2
-18068.22785,15086.65793,2981.569923,-104.2934658,257.0524859,-44.67613518,2
-18844.79016,15268.44132,3576.348832,-113.8526266,263.0251893,-42.33960797,2
-19594.57299,15428.52743,4166.045554,-123.2499966,268.6241196,-39.94291387,2
-20316.51085,15566.68876,4749.822097,-132.4722215,273.8413203,-37.48945869,2
-21009.57785,15682.72897,5326.848883,-141.5061962,278.6693775,-34.98272895,2
-21672.78908,15776.48316,5896.305925,-150.3390829,283.1014303,-32.42628683,2
-22305.2021,15847.81811,6457.383994,-158.9583294,287.1311804,-29.82376519,2
-22905.9182,15896.63244,7009.285766,-167.3516875,290.7529015,-27.17886234,2
-23474.08374,15922.85678,7551.22696,-175.5072297,293.9614467,-24.49533684,2
-24008.89132,15926.45388,8082.437448,-183.4133665,296.7522567,-21.77700213,2
-24509.58096,15907.41861,8602.162349,-191.0588629,299.1213654,-19.02772111,2
-24975.44114,15865.77803,9109.663107,-198.4328542,301.0654064,-16.25140065,2
-25405.80985,15801.59131,9604.218536,-205.5248615,302.5816169,-13.45198607,2
-25800.07551,15714.94967,10085.12584,-212.3248068,303.6678423,-10.63345547,2
-26157.67785,15605.97622,10551.70164,-218.8230269,304.3225392,-7.799814159,2
-26478.10871,15474.82582,11003.28288,-225.0102875,304.5447771,-4.955088881,2
-26760.91272,15321.68486,11439.22786,-230.8777962,304.3342402,-2.10332215,2
-27005.68801,15146.77093,11858.91708,-236.4172149,303.6912276,0.751433517,2
-27212.08674,14950.33262,12261.75412,-241.6206718,302.6166533,3.605121356,2
-27379.81561,14732.64907,12647.16653,-246.4807725,301.1120441,6.45368612,2
-27508.63626,14494.02962,13014.60664,-250.9906105,299.1795382,9.293079842,2
-27598.36563,14234.81336,13363.55227,-255.1437771,296.8218818,12.11926759,2
-27648.87621,13955.36865,13693.50757,-258.9343705,294.0424253,14.9282332,2
-27660.09623,13656.0926,14004.00364,-262.357004,290.8451184,17.71598496,2
-27632.00974,13337.41049,14294.59925,-265.4068138,287.2345046,20.47856135,2
-27564.65665,12999.77519,14564.88146,-268.079466,283.215715,23.21203658,2
-27458.13268,12643.6665,14814.46618,-270.3711626,278.7944603,25.91252623,2
-27312.58919,12269.59047,15042.99872,-272.278647,273.9770234,28.57619277,2
-27128.23303,11878.07868,15250.15435,-273.7992085,268.7702501,31.19925097,2
-26905.32615,11469.68749,15435.63867,-274.9306864,263.1815397,33.77797334,2
-26644.18534,11044.99724,15599.1881,-275.6714727,257.2188338,36.30869535,2
-26345.18169,10604.61145,15740.57023,-276.0205148,250.890606,38.78782072,2
-26008.74008,10149.15593,15859.58415,-275.9773166,244.2058488,41.21182647,2
-25635.33864,9679.277903,15956.06074,-275.5419396,237.1740618,43.57726796,2
-25225.50798,9195.64509,16029.86288,-274.7150023,229.8052375,45.88078378,2
-24779.83048,8698.944763,16080.88572,-273.4976801,222.1098473,48.11910048,2
-24298.9395,8189.88276,16109.05674,-271.8917026,214.0988269,50.28903731,2
-23783.51839,7669.182485,16114.33591,-269.8993522,205.7835604,52.38751067,2
-23234.2996,7137.583882,16096.71572,-267.5234601,197.1758641,54.41153851,2
-22652.0636,6595.842381,16056.22122,-264.7674024,188.2879702,56.35824458,2
-22037.63778,6044.727828,15992.90995,-261.6350958,179.1325087,58.22486249,2
-21391.89527,5485.023386,15906.87188,-258.1309914,169.7224902,60.00873969,2
-20715.7537,4917.524425,15798.22928,-254.2600687,160.0712867,61.70734119,2
-20010.17392,4343.037393,15667.13652,-250.0278286,150.1926131,63.31825318,2
-19276.15858,3762.378668,15513.77991,-245.4402852,140.1005076,64.83918647,2
-18514.75077,3176.373396,15338.37737,-240.5039578,129.8093117,66.26797972,2
-17727.03248,2585.854324,15141.17815,-235.2258611,119.3336496,67.60260255,2
-16914.12311,1991.660611,14922.4625,-229.6134956,108.6884079,68.84115838,2
-16077.17784,1394.63664,14682.5412,-223.6748367,97.88871394,69.98188716,2
-15217.38603,795.630814,14421.75522,-217.4183236,86.9499148,71.02316785,2
-14335.96948,195.4943528,14140.47513,-210.8528472,75.88755508,71.96352073,2
-13434.18073,-404.9199165,13839.10065,-203.9877374,64.71735499,72.80160951,2
-12513.30127,-1004.758773,13518.06005,-196.8327498,53.455188,73.53624322,2
-11574.63973,-1603.169811,13177.80954,-189.3980521,42.11705826,74.1663779,2
-10619.52999,-2199.302658,12818.83265,-181.6942095,30.71907787,74.69111811,2
-9649.329324,-2792.310175,12441.6395,-173.7321694,19.277444,75.10971814,2
-8665.416428,-3381.349667,12046.7661,-165.5232464,7.808415819,75.42158316,2
-7669.189502,-3965.584076,11634.77358,-157.0791058,-3.671708545,75.62626998,2
-6662.064237,-4544.183173,11206.24741,-148.4117472,-15.14661521,75.72348773,2
-5645.471815,-5116.324737,10761.79655,-139.5334874,-26.59999771,75.71309827,2
-4620.856868,-5681.195723,10302.05259,-130.4569429,-38.01558015,75.59511634,2
-3589.675431,-6237.99342,9827.668851,-121.1950119,-49.37714037,75.36970962,2
-2553.392869,-6785.926587,9339.319456,-111.7608561,-60.66853298,75.03719842,2
-1513.481796,-7324.21658,8837.698376,-102.1678821,-71.87371228,74.59805526,2
-471.4199818,-7852.098461,8323.518443,-92.42972194,-82.9767551,74.05290417,2
571.3117456,-8368.822081,7797.510335,-82.56021408,-93.96188342,73.40251986,2
1613.231608,-8873.653146,7260.421538,-72.57338363,-104.8134868,72.64782655,2
2652.858979,-9365.874265,6713.015285,-62.48342243,-115.5161444,71.7898967,2
3688.716493,-9844.785964,6156.06947,-52.30466887,-126.0546473,70.82994948,2
4719.332139,-10309.70768,5590.375544,-42.05158752,-136.4140196,69.76934903,2
5743.241356,-10759.97874,5016.737387,-31.73874856,-146.5795401,68.60960252,2
6758.989113,-11194.95929,4435.970173,-21.38080709,-156.5367631,67.352358,2
7765.131976,-11614.03118,3848.899202,-10.99248234,-166.2715388,65.9994021,2
8760.240162,-12016.5989,3256.358735,-0.58853666,-175.7700335,64.55265744,2
9742.899567,-12402.09037,2659.190804,9.816245359,-185.0187494,63.01417992,2
10711.71378,-12769.9578,2058.244017,20.20707796,-194.0045435,61.3861558,2
11665.30606,-13119.67841,1454.372352,30.56919519,-202.7146466,59.67089859,2
12602.3213,-13450.75525,848.4339455,40.88787193,-211.136681,57.87084578,2
13521.42795,-13762.71782,241.2898676,51.14844476,-219.2586787,55.98855532,2
14421.31992,-14055.12282,-366.1970965,61.33633285,-227.0690978,54.02670207,2
15300.7184,-14327.55473,-973.1636745,71.43705866,-234.5568393,51.98807391,2
16158.37372,-14579.62639,-1578.747334,81.4362685,-241.7112627,49.87556785,2
16993.06711,-14810.9796,-2182.087506,91.31975294,-248.5222011,47.69218589,2
17803.61242,-15021.28561,-2782.326813,101.073467,-254.9799759,45.44103072,2
18588.85782,-15210.24554,-3378.612282,110.6835502,-261.0754102,43.12530136,2
19347.68744,-15377.59089,-3970.096557,120.1363459,-266.7998421,40.74828858,2
20079.02294,-15523.08383,-4555.939108,129.4184214,-272.1451367,38.31337026,2
20781.82505,-15646.51763,-5135.307421,138.5165862,-277.1036983,35.82400654,2
21455.09504,-15747.71686,-5707.37818,147.4179113,-281.6684803,33.28373495,2
22097.87617,-15826.53773,-6271.338443,156.1097475,-285.832996,30.69616535,2
22709.25501,-15882.86822,-6826.38679,164.5797433,-289.5913274,28.06497482,2
23288.36276,-15916.62829,-7371.734469,172.8158622,-292.9381337,25.39390242,2
23834.37647,-15927.76996,-7906.606509,180.8064003,-295.8686588,22.6867439,2
24346.52023,-15916.2774,-8430.242829,188.5400026,-298.3787384,19.94734628,2
24824.06624,-15882.16693,-8941.899313,196.0056793,-300.4648055,17.17960238,2
25266.33591,-15825.48704,-9440.848868,203.1928212,-302.1238956,14.38744533,2
25672.70072,-15746.31826,-9926.382461,210.0912149,-303.3536512,11.57484293,2
26042.58322,-15644.7731,-10397.81012,216.6910575,-304.1523246,8.745792047,2
26375.45779,-15520.99587,-10854.46192,222.9829703,-304.5187809,5.904312915,2
26670.85139,-15375.16245,-11295.68894,228.9580121,-304.4524994,3.054443431,2
26928.34425,-15207.48008,-11720.86417,234.607692,-303.9535742,0.200233416,2
27147.57046,-15018.18705,-12129.3834,239.9239816,-303.0227144,-2.654261142,2
27328.21848,-14807.55236,-12520.66612,244.8993261,-301.6612427,-5.50498385,2
27470.03162,-14575.87532,-12894.15629,249.5266552,-299.8710938,-8.347883674,2
27572.80833,-14323.48517,-13249.32316,253.7993932,-297.6548118,-11.1789207,2
27636.40257,-14050.74056,-13585.66201,257.7114685,-295.0155459,-13.99407187,2
27660.72398,-13758.02908,-13902.6949,261.2573216,-291.9570468,-16.78933669,2
27645.73798,-13445.76669,-14199.97129,264.4319138,-288.4836608,-19.56074295,2
27591.46588,-13114.39713,-14477.06875,267.2307338,-284.6003237,-22.30435232,2
27497.98479,-12764.39129,-14733.5935,269.6498043,-280.312554,-25.01626599,2
27365.42756,-12396.24655,-14969.181,271.6856877,-275.6264448,-27.69263017,2
27193.98256,-12010.48607,-15183.49649,273.3354908,-270.5486553,-30.32964162,2
26983.89343,-11607.65803,-15376.23539,274.5968692,-265.0864014,-32.92355298,2
26735.4587,-11188.33488,-15547.12382,275.4680305,-259.2474453,-35.47067817,2
26449.03143,-10753.11249,-15695.91894,275.9477366,-253.0400843,-37.96739759,2
26125.01863,-10302.60933,-15822.4093,276.0353059,-246.4731395,-40.41016325,2
25763.88075,-9837.465607,-15926.41515,275.7306139,-239.5559429,-42.79550387,2
25366.13099,-9358.342305,-16007.78869,275.0340937,-232.2983242,-45.12002973,2
24932.33457,-8865.920286,-16066.41429,273.9467349,-224.7105968,-47.38043756,2
24463.10794,-8360.89931,-16102.20863,272.4700828,-216.8035434,-49.57351519,2
23959.11789,-7843.997038,-16115.12085,270.6062359,-208.5884003,-51.69614615,2
23421.08063,-7315.948017,-16105.13261,268.3578426,-200.0768417,-53.74531406,2
22849.76073,-6777.502634,-16072.25809,265.7280982,-191.2809629,-55.71810693,2
22245.97006,-6229.426048,-16016.54401,262.7207396,-182.2132634,-57.61172133,2
21610.56666,-5672.497107,-15938.06955,259.3400405,-172.8866289,-59.42346631,2
20944.45346,-5107.507238,-15836.94622,255.590805,-163.3143131,-61.1507673,2
20248.57704,-4535.259321,-15713.31772,251.4783609,-153.5099186,-62.7911697,2
19523.92629,-3956.566553,-15567.35974,247.0085524,-143.4873782,-64.34234242,2
18771.53097,-3372.251287,-15399.27969,242.1877312,-133.2609344,-65.80208114,2
17992.46028,-2783.143867,-15209.31641,237.0227479,-122.8451194,-67.16831151,2
17187.82132,-2190.081448,-14997.73987,231.5209424,-112.2547349,-68.43909203,2
16358.75752,-1593.906803,-14764.85072,225.6901329,-101.5048302,-69.61261686,2
15506.44704,-995.467129,-14510.97991,219.5386054,-90.6106816,-70.68721835,2
14632.10104,-395.6128421,-14236.4882,213.0751016,-79.58777026,-71.66136943,2
13736.96203,204.8036324,-13941.76566,206.3088063,-68.45176034,-72.53368579,2
12822.30204,804.9290696,-13627.23111,199.249335,-57.21847673,-73.30292781,2
11889.42086,1403.910659,-13293.33152,191.9067195,-45.90388254,-73.96800236,2
10939.64416,2000.897214,-12940.54138,184.291394,-34.52405641,-74.52796433,2
9974.321632,2595.040385,-12569.36202,176.4141803,-23.09516971,-74.98201798,2
8994.825045,3185.495861,-12180.32091,168.2862725,-11.63346351,-75.32951809,2
8002.546319,3771.424573,-11773.97089,159.9192206,-0.155225526,-75.56997082,2
6998.895537,4351.993885,-11350.88942,151.3249148,11.32323304,-75.7030345,2
5985.298942,4926.378775,-10911.67772,142.515568,22.78560068,-75.72852002,2
4963.196909,5493.763012,-10456.95992,133.5036987,34.21558873,-75.64639116,2
3934.041902,6053.340311,-9987.382212,124.3021135,45.59695456,-75.45676465,2
2899.296405,6604.315481,-9503.611887,114.9238881,56.91352462,-75.15990995,2
1860.430851,7145.905558,-9006.336409,105.3823495,68.14921745,-74.7562489,2
818.9215216,7677.340913,-8496.262434,95.69105693,79.28806651,-74.24635513,2
-223.7515397,8197.866346,-7974.114806,85.8637821,90.31424289,-73.63095322,2
-1266.106638,8706.742162,-7440.635524,75.91449013,101.2120778,-72.91091771,2
-2306.662529,9203.245221,-6896.582692,65.85731951,111.9660848,-72.08727179,2
-3343.940527,9686.669965,-6342.729438,55.70656204,122.5609819,-71.16118591,2
-4376.466602,10156.32942,-5779.862819,45.4766425,132.9817131,-70.13397609,2
-5402.773478,10611.55618,-5208.782699,35.18209816,143.21347,-69.00710206,2
-6421.402718,11051.70333,-4630.300613,24.83755813,153.2417127,-67.78216516,2
-7430.906793,11476.14541,-4045.238617,14.45772258,163.0521906,-66.46090609,2
-8429.851143,11884.27926,-3454.428115,4.057341808,172.6309624,-65.04520244,2
-9416.816214,12275.5249,-2858.708682,-6.348804667,181.9644161,-63.53706599,2
-10390.39947,12649.32634,-2258.926868,-16.74592914,191.0392885,-61.9386399,2
-11349.21741,13005.1524,-1655.934994,-27.11925674,199.8426835,-60.25219561,2
-12291.90748,13342.49743,-1050.589947,-37.45404638,208.3620912,-58.48012966,2
-13217.13008,13660.88203,-443.7519538,-47.73561178,216.585405,-56.62496024,2
-14123.57042,13959.85378,163.7166352,-57.94934226,224.500939,-54.68932365,2
-15009.94039,14238.98781,770.9525739,-68.08072356,232.0974449,-52.67597055,2
-15874.98041,14497.88746,1377.092947,-78.11535842,239.3641277,-50.587762,2
-16717.46122,14736.18482,1981.276395,-88.03898708,246.2906609,-48.42766548,2
-17536.1856,14953.54125,2582.644342,-97.83750753,252.8672017,-46.19875059,2
-18329.9901,15149.64789,3180.342209,-107.4969955,259.0844042,-43.90418476,2
-19097.74668,15324.22604,3773.520636,-117.0037244,264.9334337,-41.54722867,2
-19838.36432,15477.02763,4361.336684,-126.3441846,270.4059783,-39.1312317,2
-20550.79055,15607.83552,4942.955034,-135.5051028,275.4942612,-36.65962711,2
-21234.01299,15716.46382,5517.549174,-144.4734608,280.1910516,-34.13592718,2
-21887.06074,15802.75816,6084.302575,-153.2365141,284.4896753,-31.56371823,2
-22509.00577,15866.59592,6642.409849,-161.78181,288.3840235,-28.94665551,2
-23098.96428,15907.88638,7191.077895,-170.097205,291.8685623,-26.28845801,2
-23656.09789,15926.57087,7729.527026,-178.1708826,294.9383399,-23.59290317,2
-24179.6149,15922.62282,8256.992076,-185.9913697,297.5889939,-20.86382152,2
-24668.77134,15896.04785,8772.723488,-193.5475528,299.8167577,-18.10509125,2
-25122.87212,15846.88374,9275.988381,-200.8286943,301.6184655,-15.32063264,2
-25541.27191,15775.20033,9766.071586,-207.8244472,302.991557,-12.51440258,2
-25923.37617,15681.0995,10242.27667,-214.5248702,303.9340808,-9.690388873,2
-26268.64188,15564.71497,10703.92692,-220.9204416,304.4446977,-6.85260459,2
-26576.57842,15426.21212,11150.3663,-227.0020729,304.5226821,-4.00508238,2
-26846.74819,15265.78779,11580.9604,-232.761122,304.167923,-1.151868729,2
-27078.76726,15083.66994,11995.09732,-238.1894047,303.3809247,1.70298179,2
-27272.30592,14880.11736,12392.18856,-243.2792072,302.1628055,4.555412279,2
-27427.08914,14655.41933,12771.66981,-248.0232967,300.5152964,7.401369278,2
-27542.89696,14409.89514,13133.00182,-252.4149315,298.4407386,10.23680853,2
-27619.56483,14143.8937,13475.67112,-256.4478709,295.9420802,13.05770071,2
-27656.98378,13857.79302,13799.19076,-260.1163838,293.0228719,15.86003718,2
-27655.10064,13551.99965,14103.10098,-263.4152571,289.6872621,18.63983568,2
-27613.91809,13226.94815,14386.96993,-266.3398029,285.9399908,21.39314595,2
-27533.49465,12883.10044,14650.39421,-268.8858652,281.7863831,24.11605539,2
-27413.94461,12520.94513,14892.99948,-271.0498261,277.2323416,26.80469459,2
-27255.43785,12140.99687,15114.44098,-272.8286103,272.2843378,29.45524286,2
-27058.19963,11743.7956,15314.40403,-274.2196901,266.949403,32.06393361,2
-26822.51022,11329.90574,15492.60448,-275.2210887,261.2351185,34.62705976,2
-26548.70456,10899.91548,15648.78908,-275.8313832,255.1496046,37.14097896,2
-26237.17173,10454.43583,15782.7359,-276.0497061,248.7015092,39.6021188,2
-25888.35445,9994.099861,15894.25459,-275.8757473,241.8999953,42.00698186,2
-25502.74841,9519.561728,15983.18668,-275.3097539,234.7547282,44.35215071,2
-25080.90156,9031.495777,16049.40578,-274.3525303,227.2758619,46.63429271,2
-24623.41337,8530.595577,16092.8178,-273.0054368,219.4740241,48.85016484,2
-24130.93397,8017.572933,16113.36104,-271.2703876,211.3603017,50.99661821,2
-23604.16319,7493.156879,16111.00632,-269.1498484,202.9462248,53.0706026,2
-23043.84961,6958.092639,16085.75697,-266.6468324,194.2437502,55.06917075,2
-22450.78945,6413.140569,16037.64888,-263.7648968,185.2652446,56.9894826,2
-21825.82549,5859.075076,15966.75042,-260.5081368,176.0234669,58.82880928,2
-21169.84584,5296.683516,15873.16233,-256.8811804,166.5315503,60.584537,2
-20483.78269,4726.765079,15757.01761,-252.8891819,156.8029832,62.25417077,2
-19768.61095,4150.12965,15618.4813,-248.537814,146.8515905,63.83533797,2
-19025.34694,3567.59666,15457.75028,-243.8332603,136.6915136,65.32579166,2
-18255.04687,2979.993919,15275.05295,-238.7822061,126.3371906,66.72341382,2
-17458.80537,2388.156445,15070.64893,-233.3918294,115.8033356,68.02621836,2
-16637.75396,1792.925269,14844.82869,-227.6697901,105.1049177,69.23235392,2
-15793.05939,1195.146248,14597.91315,-221.6242196,94.25713991,70.34010651,2
-14925.92202,595.6688595,14330.25316,-215.2637089,83.27541761,71.34790197,2
-14037.5741,-4.655007324,14042.22911,-208.5972967,72.17535637,72.25430816,2
-13129.27802,-604.9722592,13734.25028,-201.6344564,60.97273001,73.05803702,2
-12202.32451,-1204.429812,13406.75432,-194.3850825,49.68345806,73.75794641,2
-11258.03083,-1802.175805,13060.20664,-186.8594767,38.3235832,74.35304172,2
-10297.73888,-2397.360807,12695.09969,-179.0683334,26.90924843,74.84247729,2
-9322.813275,-2989.139028,12311.9523,-171.0227242,15.45667415,75.22555761,2
-8334.639442,-3576.669519,11911.30896,-162.7340823,3.982135085,75.50173829,2
-7334.62163,-4159.117367,11493.739,-154.2141864,-7.49806281,75.67062687,2
-6324.18092,-4735.654882,11059.8358,-145.4751437,-18.96760555,75.73198335,2
-5304.753203,-5305.462771,10610.21597,-136.5293729,-30.41019428,75.68572054,2
-4277.787141,-5867.731308,10145.51845,-127.3895863,-41.80956846,75.53190418,2
-3244.74211,-6421.661478,9666.403588,-118.0687722,-53.14952896,75.27075285,2
-2207.086122,-6966.466115,9173.552237,-108.5801759,-64.41396107,74.90263766,2
-1166.293744,-7501.371023,8667.664767,-98.9372812,-75.58685742,74.42808172,2
-123.8439992,-8025.616072,8149.460072,-89.15379123,-86.6523407,73.84775941,2
918.7817348,-8538.456282,7619.674547,-79.24360884,-97.59468627,73.16249539,2
1960.10183,-9039.162878,7079.061048,-69.22081695,-108.3983444,72.37326346,2
2998.636513,-9527.024329,6528.387816,-59.0996585,-119.0479626,71.48118516,2
4032.909969,-10001.34736,5968.437387,-48.89451619,-129.5284072,70.48752819,2
5061.45244,-10461.45792,5400.005483,-38.6198921,-139.8247848,69.39370458,2
6082.80231,-10906.70218,4823.899875,-28.29038703,-149.9224637,68.20126872,2
7095.508185,-11336.44743,4240.939242,-17.92067978,-159.8070945,66.91191513,2
8098.130954,-11750.08296,3651.952001,-7.525506255,-169.4646308,65.52747604,2
9089.245836,-12147.02097,3057.775137,2.880361425,-178.8813485,64.04991883,2
10067.4444,-12526.69741,2459.253008,13.28213595,-188.0438661,62.48134317,2
11031.33658,-12888.57273,1857.236145,23.66503584,-196.939163,60.82397811,2
11979.55262,-13232.13267,1252.580048,34.01430641,-205.5545986,59.08017885,2
12910.74507,-13556.88904,646.1439665,44.3152408,-213.8779299,57.25242342,2
13823.59064,-13862.38032,38.78967886,54.5532008,-221.8973289,55.34330916,2
14716.79213,-14148.1724,-568.619731,64.71363772,-229.6013997,53.35554903,2
15589.08025,-14413.85915,-1175.221101,74.78211302,-236.9791944,51.29196775,2
16439.21544,-14659.06302,-1780.152418,84.74431884,-244.0202286,49.15549778,2
17265.9896,-14883.43556,-2382.55404,94.58609835,-250.7144967,46.94917515,2
18068.22785,-15086.65793,-2981.569923,104.2934658,-257.0524859,44.67613518,2
18844.79016,-15268.44132,-3576.348832,113.8526266,-263.0251893,42.33960797,2
19594.57299,-15428.52743,-4166.045554,123.2499966,-268.6241196,39.94291387,2
20316.51085,-15566.68876,-4749.822097,132.4722215,-273.8413203,37.48945869,2
21009.57785,-15682.72897,-5326.848883,141.5061962,-278.6693775,34.98272895,2
21672.78908,-15776.48316,-5896.305925,150.3390829,-283.1014303,32.42628683,2
22305.2021,-15847.81811,-6457.383994,158.9583294,-287.1311804,29.82376519,2
22905.9182,-15896.63244,-7009.285766,167.3516875,-290.7529015,27.17886234,2
23474.08374,-15922.85678,-7551.22696,175.5072297,-293.9614467,24.49533684,2
24008.89132,-15926.45388,-8082.437448,183.4133665,-296.7522567,21.77700213,2
24509.58096,-15907.41861,-8602.162349,191.0588629,-299.1213654,19.02772111,2
24975.44114,-15865.77803,-9109.663107,198.4328542,-301.0654064,16.25140065,2
25405.80985,-15801.59131,-9604.218536,205.5248615,-302.5816169,13.45198607,2
25800.07551,-15714.94967,-10085.12584,212.3248068,-303.6678423,10.63345547,2
26157.67785,-15605.97622,-10551.70164,218.8230269,-304.3225392,7.799814159,2
26478.10871,-15474.82582,-11003.28288,225.0102875,-304.5447771,4.955088881,2
26760.91272,-15321.68486,-11439.22786,230.8777962,-304.3342402,2.10332215,2
27005.68801,-15146.77093,-11858.91708,236.4172149,-303.6912276,-0.751433517,2
27212.08674,-14950.33262,-12261.75412,241.6206718,-302.6166533,-3.605121356,2
27379.81561,-14732.64907,-12647.16653,246.4807725,-301.1120441,-6.45368612,2
27508.63626,-14494.02962,-13014.60664,250.9906105,-299.1795382,-9.293079842,2
27598.36563,-14234.81336,-13363.55227,255.1437771,-296.8218818,-12.11926759,2
27648.87621,-13955.36865,-13693.50757,258.9343705,-294.0424253,-14.9282332,2
27660.09623,-13656.0926,-14004.00364,262.357004,-290.8451184,-17.71598496,2
27632.00974,-13337.41049,-14294.59925,265.4068138,-287.2345046,-20.47856135,2
27564.65665,-12999.77519,-14564.88146,268.079466,-283.215715,-23.21203658,2
27458.13268,-12643.6665,-14814.46618,270.3711626,-278.7944603,-25.91252623,2
27312.58919,-12269.59047,-15042.99872,272.278647,-273.9770234,-28.57619277,2
27128.23303,-11878.07868,-15250.15435,273.7992085,-268.7702501,-31.19925097,2
26905.32615,-11469.68749,-15435.63867,274.9306864,-263.1815397,-33.77797334,2
26644.18534,-11044.99724,-15599.1881,275.6714727,-257.2188338,-36.30869535,2
26345.18169,-10604.61145,-15740.57023,276.0205148,-250.890606,-38.78782072,2
26008.74008,-10149.15593,-15859.58415,275.9773166,-244.2058488,-41.21182647,2
25635.33864,-9679.277903,-15956.06074,275.5419396,-237.1740618,-43.57726796,2
25225.50798,-9195.64509,-16029.86288,274.7150023,-229.8052375,-45.88078378,2
24779.83048,-8698.944763,-16080.88572,273.4976801,-222.1098473,-48.11910048,2
24298.9395,-8189.88276,-16109.05674,271.8917026,-214.0988269,-50.28903731,2
23783.51839,-7669.182485,-16114.33591,269.8993522,-205.7835604,-52.38751067,2
23234.2996,-7137.583882,-16096.71572,267.5234601,-197.1758641,-54.41153851,2
22652.0636,-6595.842381,-16056.22122,264.7674024,-188.2879702,-56.35824458,2
22037.63778,-6044.727828,-15992.90995,261.6350958,-179.1325087,-58.22486249,2
21391.89527,-5485.023386,-15906.87188,258.1309914,-169.7224902,-60.00873969,2
20715.7537,-4917.524425,-15798.22928,254.2600687,-160.0712867,-61.70734119,2
20010.17392,-4343.037393,-15667.13652,250.0278286,-150.1926131,-63.31825318,2
19276.15858,-3762.378668,-15513.77991,245.4402852,-140.1005076,-64.83918647,2
18514.75077,-3176.373396,-15338.37737,240.5039578,-129.8093117,-66.26797972,2
17727.03248,-2585.854324,-15141.17815,235.2258611,-119.3336496,-67.60260255,2
16914.12311,-1991.660611,-14922.4625,229.6134956,-108.6884079,-68.84115838,2
16077.17784,-1394.63664,-14682.5412,223.6748367,-97.88871394,-69.98188716,2
15217.38603,-795.630814,-14421.75522,217.4183236,-86.9499148,-71.02316785,2
14335.96948,-195.4943528,-14140.47513,210.8528472,-75.88755508,-71.96352073,2
13434.18073,404.9199165,-13839.10065,203.9877374,-64.71735499,-72.80160951,2
12513.30127,1004.758773,-13518.06005,196.8327498,-53.455188,-73.53624322,2
11574.63973,1603.169811,-13177.80954,189.3980521,-42.11705826,-74.1663779,2
10619.52999,2199.302658,-12818.83265,181.6942095,-30.71907787,-74.69111811,2
9649.329324,2792.310175,-12441.6395,173.7321694,-19.277444,-75.10971814,2
8665.416428,3381.349667,-12046.7661,165.5232464,-7.808415819,-75.42158316,2
7669.189502,3965.584076,-11634.77358,157.0791058,3.671708545,-75.62626998,2
6662.064237,4544.183173,-11206.24741,148.4117472,15.14661521,-75.72348773,2
5645.471815,5116.324737,-10761.79655,139.5334874,26.59999771,-75.71309827,2
4620.856868,5681.195723,-10302.05259,130.4569429,38.01558015,-75.59511634,2
3589.675431,6237.99342,-9827.668851,121.1950119,49.37714037,-75.36970962,2
2553.392869,6785.926587,-9339.319456,111.7608561,60.66853298,-75.03719842,2
1513.481796,7324.21658,-8837.698376,102.1678821,71.87371228,-74.59805526,2
471.4199818,7852.098461,-8323.518443,92.42972194,82.9767551,-74.05290417,2
-571.3117456,8368.822081,-7797.510335,82.56021408,93.96188342,-73.40251986,2
-1613.231608,8873.653146,-7260.421538,72.57338363,104.8134868,-72.64782655,2
-2652.858979,9365.874265,-6713.015285,62.48342243,115.5161444,-71.7898967,2
-3688.716493,9844.785964,-6156.06947,52.30466887,126.0546473,-70.82994948,2
-4719.332139,10309.70768,-5590.375544,42.05158752,136.4140196,-69.76934903,2
-5743.241356,10759.97874,-5016.737387,31.73874856,146.5795401,-68.60960252,2
-6758.989113,11194.95929,-4435.970173,21.38080709,156.5367631,-67.352358,2
-7765.131976,11614.03118,-3848.899202,10.99248234,166.2715388,-65.9994021,2
-8760.240162,12016.5989,-3256.358735,0.58853666,175.7700335,-64.55265744,2
-9742.899567,12402.09037,-2659.190804,-9.816245359,185.0187494,-63.01417992,2
-10711.71378,12769.9578,-2058.244017,-20.20707796,194.0045435,-61.3861558,2
-11665.30606,13119.67841,-1454.372352,-30.56919519,202.7146466,-59.67089859,2
-12602.3213,13450.75525,-848.4339455,-40.88787193,211.136681,-57.87084578,2
-13521.42795,13762.71782,-241.2898676,-51.14844476,219.2586787,-55.98855532,2
-14421.31992,14055.12282,366.1970965,-61.33633285,227.0690978,-54.02670207,2
-15300.7184,14327.55473,973.1636745,-71.43705866,234.5568393,-51.98807391,2
-16158.37372,14579.62639,1578.747334,-81.4362685,241.7112627,-49.87556785,2
-16993.06711,14810.9796,2182.087506,-91.31975294,248.5222011,-47.69218589,2
-17803.61242,15021.28561,2782.326813,-101.073467,254.9799759,-45.44103072,2
-18588.85782,15210.24554,3378.612282,-110.6835502,261.0754102,-43.12530136,2
-19347.68744,15377.59089,3970.096557,-120.1363459,266.7998421,-40.74828858,2
-20079.02294,15523.08383,4555.939108,-129.4184214,272.1451367,-38.31337026,2
-20781.82505,15646.51763,5135.307421,-138.5165862,277.1036983,-35.82400654,2
-21455.09504,15747.71686,5707.37818,-147.4179113,281.6684803,-33.28373495,2
-22097.87617,15826.53773,6271.338443,-156.1097475,285.832996,-30.69616535,2
-22709.25501,15882.86822,6826.38679,-164.5797433,289.5913274,-28.06497482,2
-23288.36276,15916.62829,7371.734469,-172.8158622,292.9381337,-25.39390242,2
-23834.37647,15927.76996,7906.606509,-180.8064003,295.8686588,-22.6867439,2
-24346.52023,15916.2774,8430.242829,-188.5400026,298.3787384,-19.94734628,2
-24824.06624,15882.16693,8941.899313,-196.0056793,300.4648055,-17.17960238,2
-25266.3359,15825.48704,9440.848868,-203.1928212,302.1238956,-14.38744533,2
-25672.70072,15746.31826,9926.382461,-210.0912149,303.3536512,-11.57484293,2
-26042.58322,15644.7731,10397.81012,-216.6910575,304.1523246,-8.745792047,2
-26375.45779,15520.99587,10854.46192,-222.9829703,304.5187809,-5.904312915,2
-26670.85139,15375.16245,11295.68894,-228.9580121,304.4524994,-3.054443431,2
-26928.34425,15207.48008,11720.86417,-234.607692,303.9535742,-0.200233416,2
-27147.57046,15018.18705,12129.3834,-239.9239816,303.0227144,2.654261142,2
-27328.21848,14807.55236,12520.66612,-244.8993261,301.6612427,5.50498385,2
-27470.03162,14575.87532,12894.15629,-249.5266552,299.8710938,8.347883674,2
-27572.80833,14323.48517,13249.32316,-253.7993932,297.6548118,11.1789207,2
-27636.40257,14050.74056,13585.66201,-257.7114685,295.0155459,13.99407187,2
-27660.72398,13758.02908,13902.6949,-261.2573216,291.9570468,16.78933669,2
-27645.73798,13445.76669,14199.97129,-264.4319138,288.4836608,19.56074295,2
-27591.46588,13114.39713,14477.06875,-267.2307338,284.6003237,22.30435232,2
-27497.98479,12764.39129,14733.5935,-269.6498043,280.312554,25.01626599,2
-27365.42756,12396.24655,14969.181,-271.6856877,275.6264448,27.69263017,2
-27193.98256,12010.48607,15183.49649,-273.3354908,270.5486553,30.32964162,2
-26983.89343,11607.65803,15376.23539,-274.5968692,265.0864014,32.92355298,2
-26735.4587,11188.33488,15547.12382,-275.4680305,259.2474453,35.47067817,2
-26449.03143,10753.11249,15695.91894,-275.9477366,253.0400843,37.96739759,2
-26125.01863,10302.60933,15822.4093,-276.0353059,246.4731395,40.41016325,2
-25763.88075,9837.465607,15926.41515,-275.7306139,239.5559429,42.79550387,2
-25366.13099,9358.342305,16007.78869,-275.0340937,232.2983242,45.12002973,2
-24932.33457,8865.920286,16066.41429,-273.9467349,224.7105968,47.38043756,2
-24463.10794,8360.89931,16102.20863,-272.4700828,216.8035434,49.57351519,2
-23959.11789,7843.997038,16115.12085,-270.6062359,208.5884003,51.69614615,2
-23421.08063,7315.948017,16105.13261,-268.3578426,200.0768417,53.74531406,2
-22849.76073,6777.502634,16072.25809,-265.7280982,191.2809629,55.71810693,2
-22245.97006,6229.426048,16016.54401,-262.7207396,182.2132634,57.61172133,2
-21610.56666,5672.497107,15938.06955,-259.3400405,172.8866289,59.42346631,2
-20944.45346,5107.507238,15836.94622,-255.590805,163.3143131,61.1507673,2
-20248.57704,4535.259321,15713.31772,-251.4783609,153.5099186,62.7911697,2
-19523.92629,3956.566553,15567.35974,-247.0085524,143.4873782,64.34234242,2
-18771.53097,3372.251287,15399.27969,-242.1877312,133.2609344,65.80208114,2
-17992.46028,2783.143867,15209.31641,-237.0227479,122.8451194,67.16831151,2
-17187.82132,2190.081448,14997.73987,-231.5209424,112.2547349,68.43909203,2
-16358.75752,1593.906803,14764.85072,-225.6901329,101.5048302,69.61261686,2
-15506.44704,995.467129,14510.97991,-219.5386054,90.6106816,70.68721835,2
-14632.10104,395.6128421,14236.4882,-213.0751016,79.58777026,71.66136943,2
-13736.96203,-204.8036324,13941.76566,-206.3088063,68.45176034,72.53368579,2
-12822.30204,-804.9290696,13627.23111,-199.249335,57.21847673,73.30292781,2
-11889.42086,-1403.910659,13293.33152,-191.9067195,45.90388254,73.96800236,2
-10939.64416,-2000.897214,12940.54138,-184.291394,34.52405641,74.52796433,2
-9974.321632,-2595.040385,12569.36202,-176.4141803,23.09516971,74.98201798,2
-8994.825045,-3185.495861,12180.32091,-168.2862725,11.63346351,75.32951809,2
-8002.546319,-3771.424573,11773.97089,-159.9192206,0.155225526,75.56997082,2
-6998.895537,-4351.993885,11350.88942,-151.3249148,-11.32323304,75.7030345,2
-5985.298942,-4926.378775,10911.67772,-142.515568,-22.78560068,75.72852002,2
-4963.196909,-5493.763012,10456.95992,-133.5036987,-34.21558873,75.64639116,2
-3934.041902,-6053.340311,9987.382212,-124.3021135,-45.59695456,75.45676465,2
-2899.296405,-6604.315481,9503.611887,-114.9238881,-56.91352462,75.15990995,2
-1860.430851,-7145.905558,9006.336409,-105.3823495,-68.14921745,74.7562489,2
-818.9215216,-7677.340913,8496.262434,-95.69105693,-79.28806651,74.24635513,2
223.7515397,-8197.866346,7974.114806,-85.8637821,-90.31424289,73.63095322,2
1266.106638,-8706.742162,7440.635524,-75.91449013,-101.2120778,72.91091771,2
2306.662529,-9203.245221,6896.582692,-65.85731951,-111.9660848,72.08727179,2
3343.940527,-9686.669965,6342.729438,-55.70656204,-122.5609819,71.16118591,2
4376.466602,-10156.32942,5779.862819,-45.4766425,-132.9817131,70.13397609,2
5402.773478,-10611.55618,5208.782699,-35.18209816,-143.21347,69.00710206,2
6421.402718,-11051.70333,4630.300613,-24.83755813,-153.2417127,67.78216516,2
7430.906793,-11476.14541,4045.238617,-14.45772258,-163.0521906,66.46090609,2
8429.851143,-11884.27926,3454.428115,-4.057341808,-172.6309624,65.04520244,2
9416.816214,-12275.5249,2858.708682,6.348804667,-181.9644161,63.53706599,2
10390.39947,-12649.32634,2258.926868,16.74592914,-191.0392885,61.9386399,2
11349.21741,-13005.1524,1655.934994,27.11925674,-199.8426835,60.25219561,2
12291.90748,-13342.49743,1050.589947,37.45404638,-208.3620912,58.48012966,2
13217.13008,-13660.88203,443.7519538,47.73561178,-216.585405,56.62496024,2
14123.57042,-13959.85378,-163.7166352,57.94934226,-224.500939,54.68932365,2
15009.94039,-14238.98781,-770.9525739,68.08072356,-232.0974449,52.67597055,2
15874.98041,-14497.88746,-1377.092947,78.11535842,-239.3641277,50.587762,2
16717.46122,-14736.18482,-1981.276395,88.03898708,-246.2906609,48.42766548,2
17536.1856,-14953.54125,-2582.644342,97.83750753,-252.8672017,46.19875059,2
18329.9901,-15149.64789,-3180.342209,107.4969955,-259.0844042,43.90418476,2
19097.74668,-15324.22604,-3773.520636,117.0037244,-264.9334337,41.54722867,2
19838.36432,-15477.02763,-4361.336684,126.3441846,-270.4059783,39.1312317,2
20550.79055,-15607.83552,-4942.955034,135.5051028,-275.4942612,36.65962711,2
21234.01299,-15716.46382,-5517.549174,144.4734608,-280.1910516,34.13592718,2
21887.06074,-15802.75816,-6084.302575,153.2365141,-284.4896753,31.56371823,2
22509.00577,-15866.59592,-6642.409849,161.78181,-288.3840235,28.94665551,2
23098.96428,-15907.88638,-7191.077895,170.097205,-291.8685623,26.28845801,2
23656.09789,-15926.57087,-7729.527026,178.1708826,-294.9383399,23.59290317,2
24179.6149,-15922.62282,-8256.992076,185.9913697,-297.5889939,20.86382152,2
24668.77134,-15896.04785,-8772.723488,193.5475528,-299.8167577,18.10509125,2
25122.87212,-15846.88374,-9275.988381,200.8286943,-301.6184655,15.32063264,2
25541.27191,-15775.20033,-9766.071586,207.8244472,-302.991557,12.51440258,2
25923.37617,-15681.0995,-10242.27667,214.5248702,-303.9340808,9.690388873,2
26268.64188,-15564.71497,-10703.92692,220.9204416,-304.4446977,6.85260459,2
26576.57842,-15426.21212,-11150.3663,227.0020729,-304.5226821,4.00508238,2
26846.74819,-15265.78779,-11580.9604,232.761122,-304.167923,1.151868729,2
27078.76726,-15083.66994,-11995.09732,238.1894047,-303.3809247,-1.70298179,2
27272.30592,-14880.11736,-12392.18856,243.2792072,-302.1628055,-4.555412279,2
27427.08914,-14655.41933,-12771.66981,248.0232967,-300.5152964,-7.401369278,2
27542.89696,-14409.89514,-13133.00182,252.4149315,-298.4407386,-10.23680853,2
27619.56483,-14143.8937,-13475.67112,256.4478709,-295.9420802,-13.05770071,2
27656.98378,-13857.79302,-13799.19076,260.1163838,-293.0228719,-15.86003718,2
27655.10064,-13551.99965,-14103.10098,263.4152571,-289.6872621,-18.63983568,2
27613.91809,-13226.94815,-14386.96993,266.3398029,-285.9399908,-21.39314595,2
27533.49465,-12883.10044,-14650.39421,268.8858652,-281.7863831,-24.11605539,2
27413.94461,-12520.94513,-14892.99948,271.0498261,-277.2323416,-26.80469459,2
27255.43785,-12140.99687,-15114.44098,272.8286103,-272.2843378,-29.45524286,2
27058.19963,-11743.7956,-15314.40403,274.2196901,-266.949403,-32.06393361,2
26822.51022,-11329.90574,-15492.60448,275.2210887,-261.2351185,-34.62705976,2
26548.70456,-10899.91548,-15648.78908,275.8313832,-255.1496046,-37.14097896,2
26237.17173,-10454.43583,-15782.7359,276.0497061,-248.7015092,-39.6021188,2
25888.35445,-9994.099861,-15894.25459,275.8757473,-241.8999953,-42.00698186,2
25502.74841,-9519.561728,-15983.18668,275.3097539,-234.7547282,-44.35215071,2
25080.90156,-9031.495777,-16049.40578,274.3525303,-227.2758619,-46.63429271,2
24623.41337,-8530.595577,-16092.8178,273.0054368,-219.4740241,-48.85016484,2
24130.93397,-8017.572933,-16113.36104,271.2703876,-211.3603017,-50.99661821,2
23604.16319,-7493.156879,-16111.00632,269.1498484,-202.9462248,-53.0706026,2
23043.84961,-6958.092639,-16085.75697,266.6468324,-194.2437502,-55.06917075,2
22450.78945,-6413.140569,-16037.64888,263.7648968,-185.2652446,-56.9894826,2
21825.82549,-5859.075076,-15966.75042,260.5081368,-176.0234669,-58.82880928,2
21169.84584,-5296.683516,-15873.16233,256.8811804,-166.5315503,-60.584537,2
20483.78269,-4726.765079,-15757.01761,252.8891819,-156.8029832,-62.25417077,2
19768.61095,-4150.12965,-15618.4813,248.537814,-146.8515905,-63.83533797,2
19025.34694,-3567.59666,-15457.75028,243.8332603,-136.6915136,-65.32579166,2
18255.04687,-2979.993919,-15275.05295,238.7822061,-126.3371906,-66.72341382,2
17458.80537,-2388.156445,-15070.64893,233.3918294,-115.8033356,-68.02621836,2
16637.75396,-1792.925269,-14844.82869,227.6697901,-105.1049177,-69.23235392,2
15793.05939,-1195.146248,-14597.91315,221.6242196,-94.25713991,-70.34010651,2
14925.92202,-595.6688595,-14330.25316,215.2637089,-83.27541761,-71.34790197,2
14037.5741,4.655007324,-14042.22911,208.5972967,-72.17535637,-72.25430816,2
13129.27802,604.9722592,-13734.25028,201.6344564,-60.97273001,-73.05803702,2
12202.32451,1204.429812,-13406.75432,194.3850825,-49.68345806,-73.75794641,2
11258.03083,1802.175805,-13060.20664,186.8594767,-38.3235832,-74.35304172,2
10297.73888,2397.360807,-12695.09969,179.0683334,-26.90924843,-74.84247729,2
9322.813275,2989.139028,-12311.9523,171.0227242,-15.45667415,-75.22555761,2
8334.639442,3576.669519,-11911.30896,162.7340823,-3.982135085,-75.50173829,2
7334.62163,4159.117367,-11493.739,154.2141864,7.49806281,-75.67062687,2
6324.18092,4735.654882,-11059.8358,145.4751437,18.96760555,-75.73198335,2
5304.753203,5305.462771,-10610.21597,136.5293729,30.41019428,-75.68572054,2
4277.787141,5867.731308,-10145.51845,127.3895863,41.80956846,-75.53190418,2
3244.74211,6421.661478,-9666.403588,118.0687722,53.14952896,-75.27075285,2
2207.086122,6966.466115,-9173.552237,108.5801759,64.41396107,-74.90263766,2
1166.293744,7501.371023,-8667.664767,98.9372812,75.58685742,-74.42808172,2
123.8439992,8025.616072,-8149.460072,89.15379123,86.6523407,-73.84775941,2
-918.7817348,8538.456282,-7619.674547,79.24360884,97.59468627,-73.16249539,2
-1960.10183,9039.162878,-7079.061048,69.22081695,108.3983444,-72.37326346,2
-2998.636513,9527.024329,-6528.387816,59.0996585,119.0479626,-71.48118516,2
-4032.909969,10001.34736,-5968.437387,48.89451619,129.5284072,-70.48752819,2
-5061.45244,10461.45792,-5400.005483,38.6198921,139.8247848,-69.39370458,2
-6082.80231,10906.70218,-4823.899875,28.29038703,149.9224637,-68.20126872,2
-7095.508185,11336.44743,-4240.939242,17.92067978,159.8070945,-66.91191513,2
-8098.130954,11750.08296,-3651.952001,7.525506255,169.4646308,-65.52747604,2
-9089.245836,12147.02097,-3057.775137,-2.880361425,178.8813485,-64.04991883,2
-10067.4444,12526.69741,-2459.253008,-13.28213595,188.0438661,-62.48134317,2
-11031.33658,12888.57273,-1857.236145,-23.66503584,196.939163,-60.82397811,2
-11979.55262,13232.13267,-1252.580048,-34.01430641,205.5545986,-59.08017885,2
-12910.74507,13556.88904,-646.1439665,-44.3152408,213.8779299,-57.25242342,2
-13823.59064,13862.38032,-38.78967886,-54.5532008,221.8973289,-55.34330916,2
-14716.79213,14148.1724,568.619731,-64.71363772,229.6013997,-53.35554903,2
-15589.08025,14413.85915,1175.221101,-74.78211302,236.9791944,-51.29196775,2
-16439.21544,14659.06302,1780.152418,-84.74431884,244.0202286,-49.15549778,2
-17265.9896,14883.43556,2382.55404,-94.58609835,250.7144967,-46.94917515,2
-18068.22785,15086.65793,2981.569923,-104.2934658,257.0524859,-44.67613518,2
-18844.79016,15268.44132,3576.348832,-113.8526266,263.0251893,-42.33960797,2
-19594.57299,15428.52743,4166.045554,-123.2499966,268.6241196,-39.94291387,2
-20316.51085,15566.68876,4749.822097,-132.4722215,273.8413203,-37.48945869,2
-21009.57785,15682.72897,5326.848883,-141.5061962,278.6693775,-34.98272895,2
-21672.78908,15776.48316,5896.305925,-150.3390829,283.1014303,-32.42628683,2
-22305.2021,15847.81811,6457.383994,-158.9583294,287.1311804,-29.82376519,2
-22905.9182,15896.63244,7009.285766,-167.3516875,290.7529015,-27.17886234,2
-23474.08374,15922.85678,7551.22696,-175.5072297,293.9614467,-24.49533684,2
-24008.89132,15926.45388,8082.437448,-183.4133665,296.7522567,-21.77700213,2
-24509.58096,15907.41861,8602.162349,-191.0588629,299.1213654,-19.02772111,2
-24975.44114,15865.77803,9109.663107,-198.4328542,301.0654064,-16.25140065,2
-25405.80985,15801.59131,9604.218536,-205.5248615,302.5816169,-13.45198607,2
-25800.07551,15714.94967,10085.12584,-212.3248068,303.6678423,-10.63345547,2
-26157.67785,15605.97622,10551.70164,-218.8230269,304.3225392,-7.799814159,2
-26478.10871,15474.82582,11003.28288,-225.0102875,304.5447771,-4.955088881,2
-26760.91272,15321.68486,11439.22786,-230.8777962,304.3342402,-2.10332215,2
-27005.68801,15146.77093,11858.91708,-236.4172149,303.6912276,0.751433517,2
-27212.08674,14950.33262,12261.75412,-241.6206718,302.6166533,3.605121356,2
-27379.81561,14732.64907,12647.16653,-246.4807725,301.1120441,6.45368612,2
-27508.63626,14494.02962,13014.60664,-250.9906105,299.1795382,9.293079842,2
-27598.36563,14234.81336,13363.55227,-255.1437771,296.8218818,12.11926759,2
-27648.87621,13955.36865,13693.50757,-258.9343705,294.0424253,14.9282332,2
-27660.09623,13656.0926,14004.00364,-262.357004,290.8451184,17.71598496,2
-27632.00974,13337.41049,14294.59925,-265.4068138,287.2345046,20.47856135,2
-27564.65665,12999.77519,14564.88146,-268.079466,283.215715,23.21203658,2
-27458.13268,12643.6665,14814.46618,-270.3711626,278.7944603,25.91252623,2
-27312.58919,12269.59047,15042.99872,-272.278647,273.9770234,28.57619277,2
-27128.23303,11878.07868,15250.15435,-273.7992085,268.7702501,31.19925097,2
-26905.32615,11469.68749,15435.63867,-274.9306864,263.1815397,33.77797334,2
-26644.18534,11044.99724,15599.1881,-275.6714727,257.2188338,36.30869535,2
-26345.18169,10604.61145,15740.57023,-276.0205148,250.890606,38.78782072,2
-26008.74008,10149.15593,15859.58415,-275.9773166,244.2058488,41.21182647,2
-25635.33864,9679.277903,15956.06074,-275.5419396,237.1740618,43.57726796,2
-25225.50798,9195.64509,16029.86288,-274.7150023,229.8052375,45.88078378,2
-24779.83048,8698.944763,16080.88572,-273.4976801,222.1098473,48.11910048,2
-24298.9395,8189.88276,16109.05674,-271.8917026,214.0988269,50.28903731,2
-23783.51839,7669.182485,16114.33591,-269.8993522,205.7835604,52.38751067,2
-23234.2996,7137.583882,16096.71572,-267.5234601,197.1758641,54.41153851,2
-22652.0636,6595.842381,16056.22122,-264.7674024,188.2879702,56.35824458,2
-22037.63778,6044.727828,15992.90995,-261.6350958,179.1325087,58.22486249,2
-21391.89527,5485.023386,15906.87188,-258.1309914,169.7224902,60.00873969,2
-20715.7537,4917.524425,15798.22928,-254.2600687,160.0712867,61.70734119,2
-20010.17392,4343.037393,15667.13652,-250.0278286,150.1926131,63.31825318,2
-19276.15858,3762.378668,15513.77991,-245.4402852,140.1005076,64.83918647,2
-18514.75077,3176.373396,15338.37737,-240.5039578,129.8093117,66.26797972,2
-17727.03248,2585.854324,15141.17815,-235.2258611,119.3336496,67.60260255,2
-16914.12311,1991.660611,14922.4625,-229.6134956,108.6884079,68.84115838,2
-16077.17784,1394.63664,14682.5412,-223.6748367,97.88871394,69.98188716,2
-15217.38603,795.630814,14421.75522,-217.4183236,86.9499148,71.02316785,2
-14335.96948,195.4943528,14140.47513,-210.8528472,75.88755508,71.96352073,2
-13434.18073,-404.9199165,13839.10065,-203.9877374,64.71735499,72.80160951,2
-12513.30127,-1004.758773,13518.06005,-196.8327498,53.455188,73.53624322,2
-11574.63973,-1603.169811,13177.80954,-189.3980521,42.11705826,74.1663779,2
-10619.52999,-2199.302658,12818.83265,-181.6942095,30.71907787,74.69111811,2
-9649.329324,-2792.310175,12441.6395,-173.7321694,19.277444,75.10971814,2
-8665.416428,-3381.349667,12046.7661,-165.5232464,7.808415819,75.42158316,2
-7669.189502,-3965.584076,11634.77358,-157.0791058,-3.671708545,75.62626998,2
-6662.064237,-4544.183173,11206.24741,-148.4117472,-15.14661521,75.72348773,2
-5645.471815,-5116.324737,10761.79655,-139.5334874,-26.59999771,75.71309827,2
-4620.856868,-5681.195723,10302.05259,-130.4569429,-38.01558015,75.59511634,2
-3589.675431,-6237.99342,9827.668851,-121.1950119,-49.37714037,75.36970962,2
-2553.392869,-6785.926587,9339.319456,-111.7608561,-60.66853298,75.03719842,2
-1513.481796,-7324.21658,8837.698376,-102.1678821,-71.87371228,74.59805526,2
-471.4199818,-7852.098461,8323.518443,-92.42972194,-82.9767551,74.05290417,2
571.3117456,-8368.822081,7797.510335,-82.56021408,-93.96188342,73.40251986,2
1613.231608,-8873.653146,7260.421538,-72.57338363,-104.8134868,72.64782655,2
2652.858979,-9365.874265,6713.015285,-62.48342243,-115.5161444,71.7898967,2
3688.716493,-9844.785964,6156.06947,-52.30466887,-126.0546473,70.82994948,2
4719.332139,-10309.70768,5590.375544,-42.05158752,-136.4140196,69.76934903,2
5743.241356,-10759.97874,5016.737387,-31.73874856,-146.5795401,68.60960252,2
6758.989113,-11194.95929,4435.970173,-21.38080709,-156.5367631,67.352358,2
7765.131976,-11614.03118,3848.899202,-10.99248234,-166.2715388,65.9994021,2
8760.240162,-12016.5989,3256.358735,-0.58853666,-175.7700335,64.55265744,2
9742.899567,-12402.09037,2659.190804,9.816245359,-185.0187494,63.01417992,2
10711.71378,-12769.9578,2058.244017,20.20707796,-194.0045435,61.3861558,2
11665.30606,-13119.67841,1454.372352,30.56919519,-202.7146466,59.67089859,2
12602.3213,-13450.75525,848.4339455,40.88787193,-211.136681,57.87084578,2
13521.42795,-13762.71782,241.2898676,51.14844476,-219.2586787,55.98855532,2
14421.31992,-14055.12282,-366.1970965,61.33633285,-227.0690978,54.02670207,2
15300.7184,-14327.55473,-973.1636745,71.43705866,-234.5568393,51.98807391,2
16158.37372,-14579.62639,-1578.747334,81.4362685,-241.7112627,49.87556785,2
16993.06711,-14810.9796,-2182.087506,91.31975294,-248.5222011,47.69218589,2
17803.61242,-15021.28561,-2782.326813,101.073467,-254.9799759,45.44103072,2
18588.85782,-15210.24554,-3378.612282,110.6835502,-261.0754102,43.12530136,2
19347.68744,-15377.59089,-3970.096557,120.1363459,-266.7998421,40.74828858,2
20079.02294,-15523.08383,-4555.939108,129.4184214,-272.1451367,38.31337026,2
20781.82505,-15646.51763,-5135.307421,138.5165862,-277.1036983,35.82400654,2
21455.09504,-15747.71686,-5707.37818,147.4179113,-281.6684803,33.28373495,2
22097.87617,-15826.53773,-6271.338443,156.1097475,-285.832996,30.69616535,2
22709.25501,-15882.86822,-6826.38679,164.5797433,-289.5913274,28.06497482,2
23288.36276,-15916.62829,-7371.734469,172.8158622,-292.9381337,25.39390242,2
23834.37647,-15927.76996,-7906.606509,180.8064003,-295.8686588,22.6867439,2
24346.52023,-15916.2774,-8430.242829,188.5400026,-298.3787384,19.94734628,2
24824.06624,-15882.16693,-8941.899313,196.0056793,-300.4648055,17.17960238,2
25266.3359,-15825.48704,-9440.848868,203.1928212,-302.1238956,14.38744533,2
25672.70072,-15746.31826,-9926.382461,210.0912149,-303.3536512,11.57484293,2
26042.58322,-15644.7731,-10397.81012,216.6910575,-304.1523246,8.745792047,2
26375.45779,-15520.99587,-10854.46192,222.9829703,-304.5187809,5.904312915,2
26670.85139,-15375.16245,-11295.68894,228.9580121,-304.4524994,3.054443431,2
26928.34425,-15207.48008,-11720.86417,234.607692,-303.9535742,0.200233416,2
27147.57046,-15018.18705,-12129.3834,239.9239816,-303.0227144,-2.654261142,2
27328.21848,-14807.55236,-12520.66612,244.8993261,-301.6612427,-5.50498385,2
27470.03162,-14575.87532,-12894.15629,249.5266552,-299.8710938,-8.347883674,2
27572.80833,-14323.48517,-13249.32316,253.7993932,-297.6548118,-11.1789207,2
27636.40257,-14050.74056,-13585.66201,257.7114685,-295.0155459,-13.99407187,2
27660.72398,-13758.02908,-13902.6949,261.2573216,-291.9570468,-16.78933669,2
27645.73798,-13445.76669,-14199.97129,264.4319138,-288.4836608,-19.56074295,2
27591.46588,-13114.39713,-14477.06875,267.2307338,-284.6003237,-22.30435232,2
27497.98479,-12764.39129,-14733.5935,269.6498043,-280.312554,-25.01626599,2
27365.42756,-12396.24655,-14969.181,271.6856877,-275.6264448,-27.69263017,2
27193.98256,-12010.48607,-15183.49649,273.3354908,-270.5486553,-30.32964162,2
26983.89343,-11607.65803,-15376.23539,274.5968692,-265.0864014,-32.92355298,2
26735.4587,-11188.33488,-15547.12382,275.4680305,-259.2474453,-35.47067817,2
26449.03143,-10753.11249,-15695.91894,275.9477366,-253.0400843,-37.96739759,2
26125.01863,-10302.60933,-15822.4093,276.0353059,-246.4731395,-40.41016325,2
25763.88075,-9837.465607,-15926.41515,275.7306139,-239.5559429,-42.79550387,2
25366.13099,-9358.342305,-16007.78869,275.0340937,-232.2983242,-45.12002973,2
24932.33457,-8865.920286,-16066.41429,273.9467349,-224.7105968,-47.38043756,2
24463.10794,-8360.89931,-16102.20863,272.4700828,-216.8035434,-49.57351519,2
23959.11789,-7843.997038,-16115.12085,270.6062359,-208.5884003,-51.69614615,2
23421.08063,-7315.948017,-16105.13261,268.3578426,-200.0768417,-53.74531406,2
22849.76073,-6777.502634,-16072.25809,265.7280982,-191.2809629,-55.71810693,2
22245.97006,-6229.426048,-16016.54401,262.7207396,-182.2132634,-57.61172133,2
21610.56666,-5672.497107,-15938.06955,259.3400405,-172.8866289,-59.42346631,2
20944.45346,-5107.507238,-15836.94622,255.590805,-163.3143131,-61.1507673,2
20248.57704,-4535.259321,-15713.31772,251.4783609,-153.5099186,-62.7911697,2
19523.92629,-3956.566553,-15567.35974,247.0085524,-143.4873782,-64.34234242,2
18771.53097,-3372.251287,-15399.27969,242.1877312,-133.2609344,-65.80208114,2
17992.46028,-2783.143867,-15209.31641,237.0227479,-122.8451194,-67.16831151,2
17187.82132,-2190.081448,-14997.73987,231.5209424,-112.2547349,-68.43909203,2
16358.75752,-1593.906803,-14764.85072,225.6901329,-101.5048302,-69.61261686,2
15506.44704,-995.467129,-14510.97991,219.5386054,-90.6106816,-70.68721835,2
14632.10104,-395.6128421,-14236.4882,213.0751016,-79.58777026,-71.66136943,2
13736.96203,204.8036324,-13941.76566,206.3088063,-68.45176034,-72.53368579,2
12822.30204,804.9290696,-13627.23111,199.249335,-57.21847673,-73.30292781,2
11889.42086,1403.910659,-13293.33152,191.9067195,-45.90388254,-73.96800236,2
10939.64416,2000.897214,-12940.54138,184.291394,-34.52405641,-74.52796433,2
9974.321632,2595.040385,-12569.36202,176.4141803,-23.09516971,-74.98201798,2
8994.825045,3185.495861,-12180.32091,168.2862725,-11.63346351,-75.32951809,2
8002.546319,3771.424573,-11773.97089,159.9192206,-0.155225526,-75.56997082,2
6998.895537,4351.993885,-11350.88942,151.3249148,11.32323304,-75.7030345,2
5985.298942,4926.378775,-10911.67772,142.515568,22.78560068,-75.72852002,2
4963.196909,5493.763012,-10456.95992,133.5036987,34.21558873,-75.64639116,2
3934.041902,6053.340311,-9987.382212,124.3021135,45.59695456,-75.45676465,2
2899.296405,6604.315481,-9503.611887,114.9238881,56.91352462,-75.15990995,2
1860.430851,7145.905558,-9006.336409,105.3823495,68.14921745,-74.7562489,2
818.9215216,7677.340913,-8496.262434,95.69105693,79.28806651,-74.24635513,2
-223.7515397,8197.866346,-7974.114806,85.8637821,90.31424289,-73.63095322,2
-1266.106638,8706.742162,-7440.635524,75.91449013,101.2120778,-72.91091771,2
-2306.662529,9203.245221,-6896.582692,65.85731951,111.9660848,-72.08727179,2
-3343.940527,9686.669965,-6342.729438,55.70656204,122.5609819,-71.16118591,2
-4376.466602,10156.32942,-5779.862819,45.4766425,132.9817131,-70.13397609,2
-5402.773478,10611.55618,-5208.782699,35.18209816,143.21347,-69.00710206,2
-6421.402718,11051.70333,-4630.300613,24.83755813,153.2417127,-67.78216516,2
-7430.906793,11476.14541,-4045.238617,14.45772258,163.0521906,-66.46090609,2
-8429.851143,11884.27926,-3454.428115,4.057341808,172.6309624,-65.04520244,2
-9416.816214,12275.5249,-2858.708682,-6.348804667,181.9644161,-63.53706599,2
-10390.39947,12649.32634,-2258.926868,-16.74592914,191.0392885,-61.9386399,2
-11349.21741,13005.1524,-1655.934994,-27.11925674,199.8426835,-60.25219561,2
-12291.90748,13342.49743,-1050.589947,-37.45404638,208.3620912,-58.48012966,2
-13217.13008,13660.88203,-443.7519538,-47.73561178,216.585405,-56.62496024,2
-14123.57042,13959.85378,163.7166352,-57.94934226,224.500939,-54.68932365,2
-15009.94039,14238.98781,770.9525739,-68.08072356,232.0974449,-52.67597055,2
-15874.98041,14497.88746,1377.092947,-78.11535842,239.3641277,-50.587762,2
-16717.46122,14736.18482,1981.276395,-88.03898708,246.2906609,-48.42766548,2
-17536.1856,14953.54125,2582.644342,-97.83750753,252.8672017,-46.19875059,2
-18329.9901,15149.64789,3180.342209,-107.4969955,259.0844042,-43.90418476,2
-19097.74668,15324.22604,3773.520636,-117.0037244,264.9334337,-41.54722867,2
-19838.36432,15477.02763,4361.336684,-126.3441846,270.4059783,-39.1312317,2
-20550.79055,15607.83552,4942.955034,-135.5051028,275.4942612,-36.65962711,2
-21234.01299,15716.46382,5517.549174,-144.4734608,280.1910516,-34.13592718,2
-21887.06074,15802.75816,6084.302575,-153.2365141,284.4896753,-31.56371823,2
-22509.00577,15866.59592,6642.409849,-161.78181,288.3840235,-28.94665551,2
-23098.96428,15907.88638,7191.077895,-170.097205,291.8685623,-26.28845801,2
-23656.09789,15926.57087,7729.527026,-178.1708826,294.9383399,-23.59290317,2
-24179.6149,15922.62282,8256.992076,-185.9913697,297.5889939,-20.86382152,2
-24668.77134,15896.04785,8772.723488,-193.5475528,299.8167577,-18.10509125,2
-25122.87212,15846.88374,9275.988381,-200.8286943,301.6184655,-15.32063264,2
-25541.27191,15775.20033,9766.071586,-207.8244472,302.991557,-12.51440258,2
-25923.37617,15681.0995,10242.27667,-214.5248702,303.9340808,-9.690388873,2
-26268.64188,15564.71497,10703.92692,-220.9204416,304.4446977,-6.85260459,2
-26576.57842,15426.21212,11150.3663,-227.0020729,304.5226821,-4.00508238,2
-26846.74819,15265.78779,11580.9604,-232.761122,304.167923,-1.151868729,2
-27078.76726,15083.66994,11995.09732,-238.1894047,303.3809247,1.70298179,2
-27272.30592,14880.11736,12392.18856,-243.2792072,302.1628055,4.555412279,2
-27427.08914,14655.41933,12771.66981,-248.0232967,300.5152964,7.401369278,2
-27542.89696,14409.89514,13133.00182,-252.4149315,298.4407386,10.23680853,2
-27619.56483,14143.8937,13475.67112,-256.4478709,295.9420802,13.05770071,2
-27656.98378,13857.79302,13799.19076,-260.1163838,293.0228719,15.86003718,2
-27655.10064,13551.99965,14103.10098,-263.4152571,289.6872621,18.63983568,2
-27613.91809,13226.94815,14386.96993,-266.3398029,285.9399908,21.39314595,2
-27533.49465,12883.10044,14650.39421,-268.8858652,281.7863831,24.11605539,2
-27413.94461,12520.94513,14892.99948,-271.0498261,277.2323416,26.80469459,2
-27255.43785,12140.99687,15114.44098,-272.8286103,272.2843378,29.45524286,2
-27058.19963,11743.7956,15314.40403,-274.2196901,266.949403,32.06393361,2
-26822.51022,11329.90574,15492.60448,-275.2210887,261.2351185,34.62705976,2
-26548.70456,10899.91548,15648.78908,-275.8313832,255.1496046,37.14097896,2
-26237.17173,10454.43583,15782.7359,-276.0497061,248.7015092,39.6021188,2
-25888.35445,9994.099861,15894.25459,-275.8757473,241.8999953,42.00698186,2
-25502.74841,9519.561728,15983.18668,-275.3097539,234.7547282,44.35215071,2
-25080.90156,9031.495777,16049.40578,-274.3525303,227.2758619,46.63429271,2
-24623.41337,8530.595577,16092.8178,-273.0054368,219.4740241,48.85016484,2
-24130.93397,8017.572933,16113.36104,-271.2703876,211.3603017,50.99661821,2
-23604.16319,7493.156879,16111.00632,-269.1498484,202.9462248,53.0706026,2
-23043.84961,6958.092639,16085.75697,-266.6468324,194.2437502,55.06917075,2
-22450.78945,6413.140569,16037.64888,-263.7648968,185.2652446,56.9894826,2
-21825.82549,5859.075076,15966.75042,-260.5081368,176.0234669,58.82880928,2
-21169.84584,5296.683516,15873.16233,-256.8811804,166.5315503,60.584537,2
-20483.78269,4726.765079,15757.01761,-252.8891819,156.8029832,62.25417077,2
-19768.61095,4150.12965,15618.4813,-248.537814,146.8515905,63.83533797,2
-19025.34694,3567.59666,15457.75028,-243.8332603,136.6915136,65.32579166,2
-18255.04687,2979.993919,15275.05295,-238.7822061,126.3371906,66.72341382,2
-17458.80537,2388.156445,15070.64893,-233.3918294,115.8033356,68.02621836,2
-16637.75396,1792.925269,14844.82869,-227.6697901,105.1049177,69.23235392,2
-15793.05939,1195.146248,14597.91315,-221.6242196,94.25713991,70.34010651,2
-14925.92202,595.6688595,14330.25316,-215.2637089,83.27541761,71.34790197,2
-14037.5741,-4.655007324,14042.22911,-208.5972967,72.17535637,72.25430816,2
-13129.27802,-604.9722592,13734.25028,-201.6344564,60.97273001,73.05803702,2
-12202.32451,-1204.429812,13406.75432,-194.3850825,49.68345806,73.75794641,2
-11258.03083,-1802.175805,13060.20664,-186.8594767,38.3235832,74.35304172,2
-10297.73888,-2397.360807,12695.09969,-179.0683334,26.90924843,74.84247729,2
-9322.813275,-2989.139028,12311.9523,-171.0227242,15.45667415,75.22555761,2
-8334.639442,-3576.669519,11911.30896,-162.7340823,3.982135085,75.50173829,2
-7334.62163,-4159.117367,11493.739,-154.2141864,-7.49806281,75.67062687,2
-6324.18092,-4735.654882,11059.8358,-145.4751437,-18.96760555,75.73198335,2
-5304.753203,-5305.462771,10610.21597,-136.5293729,-30.41019428,75.68572054,2
-4277.787141,-5867.731308,10145.51845,-127.3895863,-41.80956846,75.53190418,2
25672.70072,-15746.31826,-9926.382461,210.0912149,-303.3536512,11.57484293,2
