voltage_phase_a,voltage_phase_b,voltage_phase_c,current_phase_a,current_phase_b,current_phase_c,types
-283.8620789,-301.6833838,585.5454626,-13.46447678,19.51665231,-6.052175236,1
-171.8225164,-398.9441568,570.7666732,-16.22825633,18.21178978,-1.983534136,1
-52.35804635,-478.9654858,531.3235321,-18.29089864,16.11955119,2.171345858,1
69.36895325,-538.2894358,468.9204826,-19.56327144,13.33034774,6.232921283,1
188.0983344,-574.3524611,386.2541267,-19.99039208,9.96470839,10.02568061,1
298.6994841,-585.596182,286.8966979,-19.55380356,6.168071391,13.38572859,1
396.393032,-571.5347276,175.1416955,-18.27237201,2.104499568,16.16786855,1
476.9573797,-532.7757307,55.81835096,-16.2014715,-2.050409292,18.25187679,1
536.9111269,-470.9940708,-65.91705614,-13.43059115,-6.117110486,19.54769773,1
573.6635125,-388.8594981,-184.8040144,-10.07946808,-9.919870996,19.99933548,1
585.626368,-289.9212663,-295.7051017,-6.292913241,-13.29436339,19.58727352,1
572.2827465,-178.4547601,-393.8279864,-2.234553745,-16.09476684,18.32931813,1
534.2092615,-59.27674417,-474.9325173,1.920237885,-18.20006842,16.27982889,1
473.0511697,62.4627818,-535.5139515,5.991922037,-19.51929243,13.52736966,1
391.4512751,181.5031285,-572.9544037,9.804550398,-19.99543166,10.19088151,1
292.9357268,292.7002455,-585.6359723,13.19336914,-19.60791085,6.414542953,1
181.761644,391.2490089,-573.0106529,16.01193839,-18.37347577,2.361539614,1
62.73315508,472.8908641,-535.6240192,18.13846026,-16.34546965,-1.792987459,1
-59.00620179,534.097849,-475.0916472,19.48104208,-13.611528,-5.869510109,1
-178.1957446,572.2250467,-394.0293021,19.98166733,-10.28979171,-9.691870959,1
-289.6849757,585.6248794,-295.9399037,19.61870265,-6.523801831,-13.09489564,1
-388.6561482,573.7183046,-185.0621564,18.40783273,-2.476296807,-15.93153041,1
-470.8324541,537.0198371,-66.18738307,16.40138249,1.67781991,-18.07919676,1
-532.6628362,477.1153156,55.54752063,13.68605599,5.759037888,-19.44508832,1
-571.475439,396.5933739,174.8820651,10.37918974,9.590996845,-19.97018131,1
-585.5930666,298.9335798,286.6594867,6.623682238,13.00810764,-19.63178509,1
-574.4056585,188.3560732,386.0495853,2.581818989,15.86270784,-18.44452269,1
-538.3966525,69.63920277,468.7574497,-1.571740325,18.03144258,-16.4596989,1
-479.1220937,-52.08695918,531.2090529,-5.657509332,19.42059507,-13.76308329,1
-399.1433937,-171.5623008,570.7056945,-9.498931058,19.97013636,-10.47120383,1
-301.9166453,-283.6239743,585.5406196,-12.93000743,19.65631932,-6.726311417,1
-191.6432753,-383.4294961,575.0727715,-15.80247249,18.49270484,-2.690232869,1
-73.08848993,-466.6660037,539.7544937,-17.99219935,16.52957582,1.462622081,1
48.6246427,-529.7366258,481.1119832,-19.40456409,13.85176433,5.552797476,1
168.2365738,-569.9159128,401.679339,-19.97853464,10.57498575,9.403545913,1
280.5785531,-585.4676106,304.8890575,-19.68930822,6.840838443,12.84846626,1
380.7959843,-575.7196889,194.9237046,-18.54938304,2.810684875,15.73869431,1
464.5582053,-541.0933814,76.53517614,-16.60801832,-1.341321254,17.94933557,1
528.2456271,-483.0849831,-45.16064403,-13.94910558,-5.435760675,19.38486232,1
569.1061467,-404.2011914,-164.9049553,-10.68754353,-9.295701731,19.98324159,1
585.3740721,-307.8507853,-277.5232868,-6.964272943,-12.75434606,19.7186158,1
576.3464229,-198.1973224,-378.1491005,-2.940186257,-15.66223641,18.6024201,1
542.4133079,-79.97922106,-462.4340868,1.210825026,-17.89371506,16.68288825,1
485.0410674,41.6949995,-526.7360669,5.309384655,-19.35235386,14.04296832,1
406.7089087,161.567472,-568.2763807,9.178382955,-19.97512112,10.79673824,1
310.8017733,274.4581876,-585.2599608,12.65063021,-19.73510538,7.084476255,1
201.4640639,375.4888375,-576.9529014,15.57608136,-18.64267834,3.066599055,1
83.42055428,460.2936183,-543.7141725,17.82831988,-16.74504667,-1.083270204,1
-38.22778089,525.2078893,-486.9801084,19.31002055,-14.12421206,-5.185804641,1
-158.2241929,567.4265319,-409.202339,19.95715514,-10.89342774,-9.063722839,1
-271.3833172,585.1251661,-313.7418489,19.74175925,-7.192304494,-12.54944965,1
-372.8152463,577.5389868,-204.7237405,18.67314071,-3.180777692,-15.49235755,1
-458.1368364,544.995813,-86.85897654,16.79747739,0.967803924,-17.76527568,1
-523.6611142,488.9019218,34.75919239,14.19582171,5.074169107,-19.26998522,1
-566.5566011,411.6812799,154.8753212,10.98059813,8.960870897,-19.94146369,1
-584.9696688,316.670797,268.2988718,7.290745058,12.45995457,-19.75069474,1
-578.1046395,207.9761291,370.1285104,3.285710872,15.42021543,-18.70592203,1
-546.2581695,90.29426243,455.963907,-0.861436219,17.71373272,-16.85229301,1
-490.8064296,-31.28945587,522.0958855,-4.971486933,19.24139749,-14.26990795,1
-414.1456372,-151.5210694,565.6667066,-8.866835019,19.93719527,-11.07035861,1
-319.5885095,-265.2050498,584.7935593,-12.3791521,19.77105882,-7.391906079,1
-211.2211119,-367.4288094,578.6499212,-15.35666159,18.75016736,-3.39350612,1
-93.72628835,-453.774987,547.5012754,-17.67069737,16.91863635,0.752059726,1
27.81869669,-520.5123344,492.6936377,-19.22126377,14.35561114,4.865650484,1
148.1615606,-564.7569528,416.5953922,-19.94135668,11.1718469,8.769506909,1
262.1019674,-584.5969144,322.494947,-19.79985896,7.504922592,12.29493293,1
364.7162488,-579.1748817,214.458633,-18.8028851,3.513295806,15.28958548,1
451.570168,-548.7251551,97.1549871,-16.99351699,-0.630544608,17.62405761,1
518.9105359,-494.5635484,-24.34698746,-14.44994224,-4.747532245,19.19747052,1
563.8273956,-419.030529,-144.7968666,-11.28207549,-8.659761076,19.94183283,1
584.3797701,-325.3900799,-258.9896902,-7.626808682,-12.19817325,19.82497863,1
579.6795364,-217.6886544,-361.990882,-3.642095642,-15.20986453,18.85195748,1
549.9298042,-100.5803181,-449.3494861,0.499873573,-17.56469168,17.06481618,1
496.4161387,20.87436573,-517.2905044,4.620113444,-19.16089634,14.54078184,1
421.4510079,141.4270166,-562.8780244,8.540577433,-19.92950221,11.38892469,1
328.2738548,255.8682332,-584.142088,12.09185185,-19.83729579,7.745444843,1
220.9111127,359.2527057,-580.1638184,15.12047668,-18.88826152,3.767786745,1
104.0022116,447.1129155,-551.115127,17.49557697,-17.12340969,-0.372164426,1
-17.40090341,515.6521888,-498.2512854,19.11451832,-14.61900423,-4.495510377,1
-138.0520801,561.908761,-423.8566809,19.90734196,-11.48326715,-8.424070369,1
-252.7376598,583.8837624,-331.1461026,19.83978789,-7.851701978,-11.98808088,1
-356.5017729,580.6275946,-224.1258218,18.91477529,-3.88123831,-15.03353156,1
-444.8604956,552.2809653,-107.4204698,17.17227644,0.256549563,-17.42882039,1
-513.995612,500.0688079,13.92680414,14.68758936,4.382856822,-19.07044057,1
-560.9196097,426.2473488,134.6722609,11.56808401,8.319374756,-19.88745337,1
-583.6047775,334.0066099,249.5981676,7.948562525,11.89599596,-19.8445535,1
-581.070829,227.3325595,353.7382695,3.985434088,14.95816512,-18.94359482,1
-553.4272628,110.8348674,442.5923955,-0.150043957,17.37355776,-17.22351017,1
-501.8686311,-10.45229068,512.3209218,-4.279166576,19.03779836,-14.75862902,1
-428.6229197,-131.2877734,559.9106932,-8.223503373,19.87897067,-11.65546548,1
-336.8552711,-246.4499577,583.3052287,-11.81260904,19.8607254,-8.048115554,1
-230.5312097,-350.9623786,581.4935882,-14.89138874,18.98385102,-4.092462459,1
-114.2452816,-440.3087759,554.5540575,-17.32680021,17.28623961,0.040559462,1
6.977488338,-510.6282539,503.6507655,-19.01360281,14.84124951,4.172351294,1
127.8987413,-558.8821203,430.9833791,-19.8789053,11.75453528,8.124367272,1
243.2931476,-582.9851972,339.6920496,-19.88531566,8.159482079,11.72583023,1
348.1742076,-581.8959263,233.7217186,-19.03255685,4.211441766,14.82111133,1
438.0097312,-555.6613779,117.6516467,-17.35747887,0.081019699,17.27645519,1
508.9176861,-505.4152168,-3.502469315,-14.93246628,-4.053297558,18.98575985,1
557.8339505,-433.3287134,-124.5052371,-11.86231033,-8.012855118,19.87516166,1
582.6447224,-342.5169178,-240.1278046,-8.279680638,-11.62654993,19.90622718,1
582.2778621,-236.9040494,-345.3738127,-4.33939217,-14.73822459,19.07761395,1
556.7492227,-121.0539218,-435.6953009,-0.211715284,-17.21341532,17.42512853,1
507.1619648,0.027272242,-507.189237,3.924982112,-18.94516252,15.0201792,1
435.6588858,121.1072918,-556.7661776,7.891942305,-19.85863275,11.96669018,1
345.3298244,236.9539466,-582.2837709,11.51774238,-19.91435251,8.396610865,1
240.0781399,342.5611939,-582.6393338,14.64570187,-19.10991399,4.464213851,1
124.4520381,433.3654632,-557.8175013,17.14065331,-17.48007908,0.339428469,1
3.448031008,505.4428601,-508.8908911,18.89478321,-15.09527729,-3.799502342,1
-117.7049759,555.6787282,-437.9737524,19.83229094,-12.05856223,-7.773724381,1
-233.7716382,581.9022418,-348.1306036,19.91266432,-8.501158426,-11.41150095,1
-339.7364064,582.980213,-243.2438066,19.13243019,-4.576790757,-14.55563406,1
-431.0202603,558.8660598,-127.8457995,17.52530455,-0.455041587,-17.07025737,1
-503.6785814,510.6018189,-6.923237464,15.16073561,3.685977341,-18.84670732,1
-554.5716101,440.2731169,114.2984932,12.14090269,7.667321586,-19.80821883,1
-581.500123,350.9190443,230.5810787,8.596300812,11.31694667,-19.91324242,1
-583.3004672,246.4008288,336.8996384,4.68010169,14.4771426,-19.15723979,1
-559.8948452,131.2349808,428.6598643,0.561534725,17.0113489,-17.57287986,1
-512.2946761,10.39812369,501.8965524,-3.581425823,18.81005579,-15.22862705,1
-442.5568902,-110.8880601,553.4449503,-7.569751584,19.79553637,-12.22578281,1
-353.695043,-227.3824714,581.0775144,-11.23109637,19.92520542,-8.694108071,1
-249.5490917,-334.0510762,583.6001679,-14.4072437,19.19345962,-4.786215932,1
-134.6194603,-426.2844399,560.9039003,-16.96094379,17.63191966,-0.670976854,1
-13.87256454,-500.0969132,513.9694777,-18.78184444,15.30806389,3.473778689,1
107.4738006,-552.2988622,444.8250617,-19.79125968,12.3223123,7.46894474,1
224.1759352,-580.6345018,356.4585666,-19.94556998,8.803687219,11.1418795,1
331.1908292,-583.8793735,252.6885442,-19.23810717,4.90423782,14.33386564,1
423.8940839,-561.8932576,137.9991737,-17.6994426,0.792469724,16.90696892,1
498.2797445,-515.6262329,17.34648839,-15.39606605,-3.353936591,18.74999864,1
551.1334085,-447.0776207,-104.0557878,-12.42751257,-7.355803839,19.78331257,1
580.1711282,-359.2095893,-220.9615389,-8.922061242,-11.04020065,19.96225843,1
584.1381064,-255.8191504,-328.3189559,-5.03119196,-14.24791441,19.27910345,1
562.8629193,-141.3740804,-421.4888389,-0.923039545,-16.84033123,17.76336856,1
517.2649246,-20.8198557,-496.4450689,3.224871797,-18.70542584,15.48055268,1
449.314533,100.6340544,-549.9485875,7.233299773,-19.76260254,12.52930234,1
361.9480621,217.7393029,-579.687365,10.92902953,-19.96617786,9.037148894,1
258.9408498,325.4354599,-584.3763097,14.15235876,-19.30735477,5.154997576,1
144.7441122,419.0686875,-563.8127997,16.7639988,-17.81460273,1.05060646,1
24.29259475,494.5928444,-518.8854392,18.65109376,-15.55242752,-3.098662803,1
-97.20867163,548.7443306,-451.535659,19.73209722,-12.61858375,-7.113509261,1
-214.5092934,579.1831161,-364.6738227,19.96029616,-9.139850586,-10.82044073,1
-322.5403983,584.5938598,-262.0534616,19.3258295,-5.26655335,-14.05927084,1
-416.6336742,564.7427492,-148.109075,17.85611424,-1.166067511,-16.69004116,1
-492.7231,520.4876035,-27.76450343,15.61466071,2.984414031,-18.5990691,1
-547.520649,453.7408055,93.77984348,12.69832808,7.00553793,-19.70386052,1
-578.6583729,367.3866623,211.2717106,9.233138868,10.72354073,-19.95667446,1
-584.7907278,265.1567664,319.6339614,5.368833141,13.97775764,-19.34658618,1
-565.6527183,151.4687441,414.1839742,1.272397852,16.6275653,-17.89995925,1
-522.0713488,31.23535777,490.835991,-2.879149109,18.55845848,-15.6793063,1
-455.9298863,-90.34778764,546.2776739,-6.906408328,19.68699816,-12.78058769,1
-370.0864797,-208.0267604,578.1132401,-10.6353512,19.96441716,-9.329064809,1
-268.2506513,-316.7163386,584.96699,-13.90484015,19.37872748,-5.473887178,1
-154.8229987,-411.7197559,566.5427547,-16.57359185,17.95523836,-1.381647322,1
-34.70503293,-488.9316616,523.6366945,-18.52628243,15.75546256,2.770818141,1
86.91262865,-545.0155233,458.1028947,-19.6785309,12.8744583,6.804070087,1
204.7745628,-577.5478081,372.7732453,-19.98054554,9.436721452,10.54382093,1
313.7876413,-585.1227091,271.3350678,-19.41927549,5.590805815,13.82846603,1
409.2411186,-567.4128949,158.1717763,-18.0189747,1.502903669,16.51606711,1
487.0101955,-525.1836535,38.17345802,-15.84015391,-2.650335819,18.49048572,1
543.734263,-460.2598231,-83.47443991,-12.97696575,-6.689440084,19.66640196,1
576.962123,-375.4469354,-201.5151877,-9.55313622,-10.43986865,19.99300132,1
585.2579112,-274.4099812,-310.8479301,-5.716618096,-13.73955548,19.45617055,1
568.2631444,-161.5150365,-406.7481079,-1.633197548,-16.4459123,18.07910751,1
526.7122118,-41.64059278,-485.0716191,2.520669949,-18.44199019,15.92131872,1
462.4006399,80.03325588,-542.4338958,6.565484719,-19.64153329,13.07604798,1
378.1075031,198.2486583,-576.3561614,10.32645955,-19.99270613,9.666246975,1
277.4753325,307.8972119,-585.3725443,13.64107269,-19.48033357,5.839262273,1
164.8527122,404.2407105,-569.0934226,16.36609089,-18.12655657,1.760468051,1
45.10636574,483.1158948,-528.2222606,18.38375887,-15.98987543,-2.393880152,1
-76.58914807,541.114358,-464.52521,19.6068878,-13.16262181,-6.444261907,1
-194.9750419,575.7298319,-380.7547901,19.98262305,-9.766968849,-10.21564945,1
-304.9355457,585.4664897,-280.530944,19.4947281,-5.949651742,-13.54507112,1
-401.7189733,569.9035844,-168.1846111,18.16428619,-1.875626912,-16.28865374,1
-481.1430547,529.7136306,-48.57057586,16.04878928,2.279056194,-18.32783983,1
-539.7756639,466.6333433,73.14232057,13.23965362,6.334862669,-19.57451076,1
-575.0831295,383.3885899,191.6945396,9.858269459,10.11653033,-19.97479457,1
-585.5397218,283.5765979,301.963124,6.050755428,13.46064326,-19.51139397,1
-570.6935837,171.5105094,399.1830744,1.981644357,16.22269344,-18.20433376,1
-531.1862564,52.03299879,479.1532576,-2.173226615,18.28332536,-16.11009552,1
-468.7249566,-69.69299238,538.417949,-6.234314435,19.55349364,-13.3191769,1
-386.0088037,-188.4073597,574.4161634,-10.02612867,19.97831094,-9.952180938,1
-286.612183,-298.9801389,585.5923219,-13.38481492,19.53941979,-6.154604544,1
-174.8302872,-396.6331858,571.463473,-16.16523539,18.25578587,-2.090551136,1
-55.49351009,-477.1466519,532.6401619,-18.2472407,16.18287845,2.06436068,1
66.24128833,-537.0413357,470.8000474,-19.54086185,13.41027339,6.130586068,1
185.113623,-573.7290285,388.6154055,-19.99019801,10.05778238,9.932412566,1
295.9867037,-585.6243572,289.6376535,-19.57583216,6.270275491,13.30555309,1
394.069409,-572.2132931,178.143884,-18.31567015,2.211421023,16.10424523,1
475.123324,-534.0753638,58.95203982,-16.26416693,-1.943387091,18.20755001,1
535.645893,-472.8586111,-62.78728195,-13.50997341,-6.014608502,19.524578,1
573.0217746,-391.2083738,-181.8134008,-10.17210563,-9.826314863,19.99841688,1
585.6358572,-292.6529763,-292.9828809,-6.394801744,-13.21379216,19.60859078,1
572.9430528,-181.4512599,-391.4917929,-2.341289107,-16.03065847,18.37194511,1
535.4918513,-62.40854713,-473.0833042,1.813269203,-18.15518945,16.34191858,1
474.9006189,59.33100922,-534.2316281,5.889343658,-19.49557845,13.60623403,1
393.7876642,178.5067185,-572.2943827,9.710796228,-19.99390366,10.28310765,1
295.6580941,289.9686809,-585.6267749,13.11249177,-19.62863111,6.516140562,1
184.7523487,388.9003278,-573.6526765,15.94743396,-18.41554517,2.468113413,1
65.86296096,471.0265593,-536.8895203,18.09311741,-16.4070665,-1.686047778,1
-55.87254198,532.798482,-476.9259401,19.45682141,-13.68998679,-5.766830665,1
-175.1936447,571.5467666,-396.353122,19.9796167,-10.38171828,-9.597893774,1
-286.9441643,585.5969965,-298.6528322,19.6389119,-6.625220037,-13.01368669,1
-386.2950631,574.3420237,-188.0469605,18.44942977,-2.58282035,-15.86660392,1
-468.9531241,538.2682056,-69.31508148,16.46257103,1.570797944,-18.03336333,1
-531.3464722,478.9343881,52.41208413,13.76419313,5.656145952,-19.42033352,1
-570.7789246,398.9045435,171.8743811,10.47090019,9.496684921,-19.96757983,1
-585.5464999,301.6369745,283.9095253,6.725004167,12.92645495,-19.65145431,1
-575.0110518,191.3348722,383.6761796,2.688375222,15.79724656,-18.48561762,1
-539.6278451,72.76468414,466.863161,-1.464553146,17.98500521,-16.52044869,1
-480.9258826,-48.94985584,529.8757384,-5.55432183,19.39519204,-13.84086774,1
-401.4418323,-168.5491381,569.9909704,-9.404201021,19.96686915,-10.56266663,1
-304.6104119,-280.8649591,585.475371,-12.84782717,19.67533286,-6.827505194,1
-194.6159651,-381.0438529,575.659818,-15.73639202,18.53318126,-2.796789732,1
-76.21164505,-464.7568224,540.9684675,-17.94507297,16.58976977,1.355301772,1
45.48598213,-528.3864073,482.9004252,-19.37842702,13.92907841,5.449346351,1
165.2180377,-569.1830037,403.964966,-19.97451513,10.66608277,9.308429404,1
277.8105804,-585.3836819,307.5731015,-19.70757873,6.941785589,12.76578964,1
378.3981866,-576.2883674,197.8901808,-18.58915284,2.917123705,15.67202529,1
462.6341977,-542.290093,79.65589534,-16.66756763,-1.233986501,17.90155013,1
526.8785512,-484.8580148,-42.02053644,-14.0258599,-5.332164474,19.35802043,1
568.3550775,-406.4739258,-161.8811517,-10.77818488,-9.200317004,19.9784982,1
585.2714653,-310.5250114,-274.7464538,-7.064883247,-12.67129089,19.73617092,1
576.8967124,-201.1574799,-375.7392324,-3.046416657,-15.59509609,18.64151016,1
543.5927142,-83.0973938,-460.4953204,1.103566248,-17.84538716,16.7418191,1
486.7986253,38.55355612,-525.3521814,5.205733656,-19.32492301,14.11918843,1
408.9686694,158.5385081,-567.5071776,9.082819988,-19.96976893,10.88694899,1
313.4660865,271.6725927,-585.1386792,12.56728602,-19.75205939,7.184774423,1
204.4177976,373.0669846,-577.4847822,15.5085587,-18.68120219,3.172645529,1
86.53606985,458.340162,-544.8762318,17.7795378,-16.80347188,-0.976062937,1
-35.08511324,523.8072436,-488.7221304,19.28208827,-14.20001019,-5.082074255,1
-155.1901763,566.6392225,-411.4490463,19.95128091,-10.98331961,-8.967956763,1
-268.5890594,584.9852147,-316.3961553,19.75819813,-7.292401883,-12.46579115,1
-370.3814947,578.052441,-207.6709463,18.71118355,-3.286751388,-15.4244267,1
-456.1687599,546.140485,-89.97172505,16.85548148,0.860537069,-17.71601291,1
-522.2437586,490.6283473,31.61541132,14.27128174,4.970248123,-19.24152427,1
-565.7512141,413.9148554,151.8363587,11.07025451,8.864790228,-19.93503939,1
-584.8110533,319.3150036,265.4960497,7.390724704,12.37586986,-19.76658966,1
-578.5996497,210.9167036,367.6829461,3.391694618,15.35176395,-18.74345428,1
-547.3854147,93.40413485,453.9812798,-0.754026994,17.66387618,-16.90984567,1
-492.5171985,-28.14467152,520.66187,-4.86729245,19.21229405,-14.34499897,1
-416.3660029,-148.4772677,564.8432706,-8.770356581,19.93010633,-11.15974808,1
-322.2225241,-262.3937615,584.6162856,-12.29455758,19.78629445,-7.4917362,1
-214.1549525,-364.9715178,579.1264703,-15.28760533,18.78707292,-3.499467921,1
-96.83317599,-451.7778783,548.6110543,-17.62016224,16.97562079,0.644540177,1
24.67301895,-519.061709,494.38869,-19.19143232,14.43021576,4.761214435,1
145.1130259,-563.9154962,418.8024703,-19.93351679,11.26085158,8.672662362,1
259.2823111,-584.4009882,325.1186771,-19.8143482,7.604484936,12.20985984,1
362.2473157,-579.6329523,217.3856367,-18.83907613,3.6191172,15.21995512,1
449.5586473,-549.8174282,100.2587809,-17.04984468,-0.523033248,17.57287393,1
517.4433508,-496.242824,-21.20052678,-14.5239713,-4.642973032,19.16694036,1
562.9679471,-421.2242411,-141.743706,-11.37060571,-8.562668553,19.93327052,1
584.1651973,-328.0034324,-256.1617648,-7.72601322,-12.1127393,19.83874921,1
580.1191115,-220.6087175,-359.510394,-3.747686389,-15.13977725,18.88746093,1
551.004532,-103.6809081,-447.3236239,0.392460693,-17.51297599,17.12051334,1
498.0795774,17.72723358,-515.806811,4.515521244,-19.12978326,14.61426094,1
423.6312759,138.3693382,-562.0006141,8.443326839,-19.9203325,11.47700555,1
330.8767369,253.032139,-583.9088759,12.00614654,-19.85046195,7.844316289,1
223.8241314,356.7607508,-580.5848822,15.05002142,-18.92319087,3.873171327,1
107.0994877,445.0727838,-552.1722715,17.44341753,-17.17858909,-0.264825612,1
-14.25321149,514.1520399,-499.8988284,19.08290988,-14.69204551,-4.390860681,1
-134.9899926,561.0134203,-426.0234278,19.89765162,-11.57101025,-8.326636937,1
-249.8934975,583.6319199,-333.7384224,19.8524356,-7.950351558,-11.90207903,1
-353.9984397,581.0301331,-227.0316934,18.94921574,-3.986527719,-14.9626826,1
-442.8061672,553.3204899,-110.5143227,17.22702257,0.149173898,-17.37619086,1
-512.4790614,501.7003979,10.77866349,14.76027667,4.278038627,-19.03830968,1
-560.006371,428.4004989,131.6058721,11.6555727,8.221647241,-19.87721454,1
-583.3343143,336.5882768,246.7460376,8.047073192,11.80958593,-19.85665413,1
-581.4548287,230.2311823,351.2236464,4.090711041,14.88681031,-18.97751695,1
-554.4491317,113.9251888,440.5239428,-0.042548799,17.32034535,-17.27779289,1
-503.4842115,-7.303811583,510.7880231,-4.17409715,19.00503153,-14.83093159,1
-430.7623981,-128.2171909,558.979589,-8.125398791,19.86806909,-11.74266846,1
-339.4261948,-243.5899598,583.0161546,-11.72570745,19.87216391,-8.146455622,1
-233.4224823,-348.4365535,581.8590359,-14.81944417,19.01713905,-4.197695031,1
-117.3319636,-438.2262714,555.558235,-17.27292036,17.33994243,-0.067023184,1
3.82878082,-509.0790604,505.2502796,-18.98011476,14.91305022,4.067062555,1
124.8240722,-557.9331828,433.1091106,-19.86725495,11.84133491,8.025917297,1
240.4253818,-582.6775217,342.25214,-19.89600522,8.257533528,11.63846835,1
345.6372687,-582.2428084,236.6055397,-19.06512319,4.316511698,14.74860774,1
435.9132472,-556.647828,120.7345807,-17.41051349,0.188571497,17.22193802,1
507.3522516,-506.9986077,-0.353643935,-15.0036762,-3.94790776,18.95157997,1
556.8672122,-435.4406226,-121.4265895,-11.94861717,-7.91417776,19.86279114,1
582.3184555,-345.0660841,-237.2523714,-8.377353627,-11.53884539,19.91619562,1
582.6061656,-239.7803166,-342.825849,-4.444209384,-14.66527908,19.10948564,1
557.7179098,-124.1329988,-433.5849109,-0.319146076,-17.15837728,17.47752127,1
508.7291758,-3.121559456,-505.6076163,3.819581327,-18.91040656,15.090824,1
437.7568974,118.0247748,-555.7816722,7.793127392,-19.84565703,12.05252935,1
347.8679759,234.070948,-581.9389239,11.42978461,-19.92371402,8.493930116,1
242.9467511,340.0022957,-582.9490469,14.57240335,-19.14120445,4.568802812,1
127.5271487,431.2412423,-558.768391,17.08518267,-17.53194263,0.446762625,1
6.59675725,503.8451096,-510.4418669,18.85953871,-15.16546902,-3.694066132,1
-114.6186988,554.6764912,-440.0577923,19.8187968,-12.14404524,-7.674747243,1
-230.8811766,581.5388275,-350.6576508,19.92150487,-8.598235043,-11.3232649,1
-337.1666648,583.2713255,-246.1046607,19.16322462,-4.681262307,-14.48195695,1
-428.882284,559.7991192,-130.9168352,17.57672338,-0.562389845,-17.01432793,1
-502.0647582,512.1365054,-10.07174719,15.23055809,3.58039491,-18.81094737,1
-553.5516774,442.3431124,111.208565,12.22611282,7.568071211,-19.79417858,1
-581.1181549,353.4348989,227.683256,8.693217667,11.22832096,-19.92153355,1
-583.5729696,249.2538255,334.3191441,4.78453844,14.40297503,-19.18750896,1
-560.8100424,134.3018341,426.5082082,0.668979593,16.95484818,-17.62382398,1
-513.8130201,13.54630661,500.2667135,-3.475614601,18.7736672,-15.29804966,1
-444.6127692,-107.794589,552.4073582,-7.470145179,19.78083609,-12.31068891,1
-356.199617,-224.4773892,580.6770063,-11.14199782,19.93283241,-8.790833579,1
-252.3941314,-331.4599194,583.8540508,-14.33250199,19.22308803,-4.890586029,1
-137.682024,-424.1191793,561.8012033,-16.90378748,17.6822729,-0.778486374,1
-17.02031062,-498.4511154,515.471426,-18.7447422,15.37696978,3.367770577,1
104.3768946,-551.2436467,446.8667521,-19.77581358,12.40679698,7.369013986,1
221.263695,-580.2154672,358.9517722,-19.95244628,8.900103595,11.05233944,1
328.5891003,-584.1146274,255.5255271,-19.2670075,5.008423216,14.25858059,1
421.715294,-562.7726342,141.0573403,-17.74911689,0.89992574,16.8491872,1
496.6180449,-517.111732,20.4936871,-15.46436654,-3.247849688,18.71221223,1
550.0606057,-449.10505,-100.9555557,-12.51148659,-7.255666619,19.76714936,1
579.7335809,-361.6913382,-218.0422427,-9.018078836,-10.95033658,19.96841194,1
584.3547222,-258.6479759,-325.7067463,-5.135102741,-14.17220303,19.30730284,1
563.7243377,-144.4277415,-419.2965962,-1.030352037,-16.7820405,17.81239031,1
518.7339213,-23.96639557,-494.7675258,3.118796067,-18.66707094,15.54827349,1
451.3276289,97.53060611,-548.858235,7.133045831,-19.74583715,12.61279087,1
364.4182658,214.8130544,-579.2313202,10.83893083,-19.97172274,9.132792445,1
261.7614173,322.8128621,-584.5742794,14.07630992,-19.33496657,5.258658196,1
147.7931594,416.8630698,-564.6562292,16.70528731,-17.86308456,1.157799759,1
27.43836407,492.8995175,-520.3378815,18.6122579,-15.61968062,-2.992573874,1
-94.10211722,547.6364675,-453.5343503,19.71481642,-12.7016982,-7.013114025,1
-211.5761964,578.7085906,-367.1323941,19.96531838,-9.235231078,-10.73008247,1
-319.9075056,584.7731773,-264.8656717,19.35293893,-5.370074505,-13.98285912,1
-414.4147601,565.5681608,-151.1534007,17.90414062,-1.27325218,-16.63088286,1
-491.0140497,521.923441,-30.90939126,15.68152989,2.878201308,-18.55972556,1
-546.3953151,455.7250226,90.67029254,12.78115169,6.904890613,-19.68603681,1
-578.1653841,369.8335155,208.3318686,9.328339097,10.63281178,-19.96114573,1
-584.9513874,267.9605207,316.9908667,5.472297341,13.90087143,-19.37316415,1
-566.4600838,154.5082418,411.951842,1.379656271,16.567848,-17.94750035,1
-523.4905317,34.37925394,489.1112778,-2.772730179,18.51849437,-15.74576109,1
-457.89956,-87.23534913,545.1349091,-6.805426321,19.66851791,-12.86308942,1
-372.5215293,-205.0802764,577.6018057,-10.5441686,19.96822308,-9.424053295,1
-271.0458519,-314.0631345,585.1089863,-13.827396,19.40465883,-5.577262648,1
-157.8575621,-409.4744838,567.3320458,-16.5132315,18.00217829,-1.488947583,1
-37.84782755,-487.1913456,525.0391731,-18.48561299,15.82138641,2.664224884,1
83.79741131,-543.8553672,460.0579559,-19.65930861,12.95652103,6.702785078,1
201.8215396,-577.0179454,375.1964058,-19.98359982,9.531380649,10.45221602,1
311.1244202,-585.2460367,274.1216165,-19.44447315,5.693974721,13.75049479,1
406.9827845,-568.1840834,161.2012988,-18.06522567,1.610127804,16.45509395,1
485.2543371,-526.5693779,41.31504075,-15.90545835,-2.543686174,18.44914052,1
542.5567556,-462.2002025,-80.35655312,-13.05850047,-6.587969823,19.64646641,1
576.4138499,-377.8581209,-198.555729,-9.647376675,-10.34795885,19.99533197,1
585.3625647,-277.1877791,-308.1747856,-5.819490694,-13.66117409,19.48066174,1
569.0162022,-164.5394109,-404.4767913,-1.740255677,-16.38444266,18.12469598,1
528.0811322,-44.78085233,-483.3002799,2.414053767,-18.40008485,15.98602955,1
464.3262683,76.91281011,-541.2390784,6.463918865,-19.62099938,13.15707989,1
380.5066279,195.282869,-575.7894969,10.23433416,-19.99442724,9.760093445,1
280.2442811,305.2142388,-585.4585198,13.56236997,-19.50423161,5.941863009,1
167.871831,401.9564919,-569.8283229,16.304213,-18.17159513,1.86738447,1
48.24519065,481.3291379,-529.5743285,18.34138093,-16.05410454,-2.287273124,1
-73.46625408,539.9022732,-466.4360192,19.58584229,-13.24326225,-6.342575976,1
-192.0030273,575.1447967,-383.1417693,19.98382061,-9.860532203,-10.12328367,1
-302.2428393,585.5337849,-283.2909455,19.51811819,-6.052091173,-13.46602178,1
-399.421934,570.6203019,-171.1983679,18.20885927,-1.982512018,-16.22634171,1
-479.3409438,531.0487992,-51.70785541,16.11262044,2.172347921,-18.28496272,1
-538.5463553,468.5292668,70.0170885,13.31998576,6.232946098,-19.55292632,1
-574.4797449,385.7633402,188.7164047,9.951632423,10.02381326,-19.97544046,1
-585.5883351,286.3275558,299.2607793,6.153115964,13.38113597,-19.53424721,1
-571.3920941,174.5187986,396.8732955,2.088580405,16.15983537,-18.24841172,1
-532.5044794,55.16862308,477.3358563,-2.066334836,18.23983649,-16.17349841,1
-470.6059283,-66.56553172,537.17146,-6.132084794,19.53125696,-13.39916983,1
-388.3712423,-185.4232086,573.7944509,-9.932977573,19.97829107,-10.04531214,1
-289.3540011,-296.2682506,585.6222517,-13.30476646,19.56162131,-6.256854496,1
-177.8330037,-394.3107482,572.1437519,-16.10174747,18.29925311,-2.197506273,1
-58.62736953,-475.3140237,533.9413932,-18.20305559,16.24573679,1.957317248,1
63.11170839,-535.7777098,472.6660014,-19.51788769,13.48981027,6.028075045,1
182.1235601,-573.0890095,390.9654494,-19.98942637,10.15056452,9.8388588,1
293.2653663,-585.6356021,292.3702358,-19.59729517,6.372297243,13.22499436,1
391.7343935,-572.8753159,181.1409224,-18.35843913,2.318277471,16.04015777,1
473.2755326,-535.359557,62.08402437,-16.32639251,-1.836309783,18.16269828,1
534.3651737,-474.7094811,-59.6556926,-13.58896544,-5.911933712,19.50089524,1
572.3634706,-393.5459397,-178.8175309,-10.26444945,-9.732475727,19.99692156,1
585.6284157,-295.3762257,-290.25219,-6.496505723,-13.13284001,19.62934259,1
573.5867954,-184.442514,-389.1442814,-2.447957134,-15.96608773,18.41404238,1
536.7589601,-65.53854586,-471.2204143,1.706247749,-18.10978669,16.40353726,1
476.7363388,56.1975214,-532.9338602,5.786594669,-19.47130193,13.68470648,1
396.1126689,175.5051479,-571.6178168,9.61676097,-19.99179872,10.37503794,1
298.3719138,287.2287333,-585.6006472,13.03123497,-19.64878498,6.617551215,1
187.7377123,386.5404037,-574.278116,15.88246815,-18.45708325,2.574617285,1
68.99086275,469.1486372,-538.1395,18.04725114,-16.4681901,-1.579057929,1
-52.73726692,531.483712,-478.746445,19.4320379,-13.76805088,-5.663983078,1
-172.1864799,570.8519632,-398.6654833,19.97698811,-10.47334579,-9.50363769,1
-284.1950574,585.552184,-301.3571266,19.65855303,-6.726447784,-12.93210009,1
-383.9228104,574.9491386,-191.0263282,18.49049309,-2.6892703,-15.80121729,1
-467.0602368,539.5010128,-72.440776,16.52328329,1.463729491,-17.98700715,1
-530.0147471,480.7396147,49.2751324,13.84193201,5.553089422,-19.39501586,1
-570.065909,401.2041807,168.8617282,10.56230758,9.402097375,-19.96439966,1
-585.4830051,304.331649,281.1513561,6.826131326,12.84442748,-19.67055398,1
-575.5998216,194.3081397,381.2916819,2.794853385,15.7313275,-18.5261767,1
-540.8434372,75.88806191,464.9553753,-1.357323977,17.93804682,-16.58071945,1
-482.715768,-45.81133734,528.5271053,-5.450974103,19.36922723,-13.91825063,1
-403.7286652,-165.5311027,569.259768,-9.309199459,19.96302363,-10.65382265,1
-307.2953723,-278.0978241,585.3931964,-12.76527584,19.69377652,-6.928500164,1
-197.5830286,-378.6471936,576.2302222,-15.66985697,18.57312081,-2.903264315,1
-79.33259689,-462.834205,542.1668019,-17.89742815,16.64948304,1.247943705,1
42.34600656,-527.0209133,484.6749067,-19.35173008,14.00598873,5.34573911,1
162.1947251,-568.4336396,406.2389145,-19.96991851,10.75687035,9.213045214,1
275.0345762,-585.2828298,310.2482535,-19.72527985,7.042530975,12.68274539,1
375.9894494,-576.8403854,200.8509361,-18.62838559,3.023477126,15.60490462,1
460.6968154,-543.4711271,82.77431169,-16.72663544,-1.126617147,17.85324859,1
525.4962433,-486.6170292,-38.87921404,-14.10220909,-5.228415194,19.33062033,1
567.5875771,-408.734909,-158.8526681,-10.86851498,-9.10466737,19.97317866,1
585.1519383,-313.1902603,-271.9616779,-7.165289655,-12.58787047,19.75315689,1
577.4303238,-204.1118221,-373.3185017,-3.152559335,-15.52750599,18.68006271,1
544.7564053,-86.21316418,-458.5432411,0.996275216,-17.79654442,16.80026737,1
488.5421099,35.41099818,-523.953108,5.101931809,-19.29693454,14.19500179,1
411.2166069,155.5049609,-566.7215678,8.986994089,-19.96384049,10.97684642,1
316.1213376,268.8791438,-585.0004813,12.48357817,-19.76844345,7.284866303,1
207.3656217,370.6343464,-577.9999681,15.44058734,-18.71918703,3.278601706,1
89.64908366,456.3734552,-546.0225388,17.73024137,-16.86141238,-0.868826029,1
-31.9414313,522.3914548,-490.4500235,19.2535982,-14.27539887,-4.978195524,1
-152.151673,565.8355317,-413.6838587,19.94482954,-11.07289502,-8.87193,1
-265.7870367,584.8283515,-319.0413148,19.77406545,-7.392289523,-12.38177084,1
-367.9370354,578.5491837,-210.6121483,18.7486851,-3.392631137,-15.35604851,1
-454.1874956,547.2693681,-93.0818725,16.91299792,0.753244263,-17.66623655,1
-520.811305,492.3405888,28.47071625,14.34632885,4.866182376,-19.21250563,1
-564.9294713,416.1364646,148.7930067,11.1595905,8.768452206,-19.92803735,1
-584.635531,321.9499789,262.6855521,7.490490335,12.2914263,-19.78191172,1
-579.0779327,213.8511806,365.226752,3.497579962,15.28286757,-18.78044323,1
-548.496835,96.51130698,451.985528,-0.646596319,17.6135079,-16.96690804,1
-494.2137288,-24.9990735,519.2128023,-4.762957603,19.18263412,-14.41967387,1
-418.5743315,-145.4291735,564.003505,-8.673624942,19.92244014,-11.24881351,1
-324.8472232,-259.5748875,584.4221107,-12.20960797,19.80095698,-7.591348313,1
-217.082602,-362.503675,579.5862769,-15.21810745,18.82343428,-3.605327131,1
-99.93726421,-449.7677088,549.704973,-17.56911807,17.0321134,0.537003416,1
21.52662792,-517.5960776,496.0694497,-19.1610464,14.50440214,4.656642161,1
142.060296,-563.0577368,420.9974408,-19.92510098,11.34952963,8.57556851,1
256.4551589,-584.1881669,327.733008,-19.82826496,7.703826362,12.12443519,1
359.76791,-580.0742658,220.3063558,-18.87472287,3.724832894,15.14988618,1
447.5341299,-550.8938061,103.3596762,-17.1056798,-0.41550784,17.52118365,1
515.9612065,-497.9077532,-18.05345321,-14.59758082,-4.538280663,19.13585751,1
562.0922233,-423.4057757,-138.6864476,-11.45880755,-8.465329556,19.92413336,1
583.9337363,-330.6073025,-253.3264338,-7.82499475,-12.02695625,19.85194768,1
580.5419154,-223.5224028,-357.0195126,-3.853169139,-15.06925335,18.92241976,1
552.0633304,-106.7785007,-445.2848297,0.285036118,-17.46075507,17.17571698,1
499.7286167,14.57958895,-514.3082056,4.410798153,-19.09811822,14.68731897,1
425.7992967,135.3076596,-561.1069563,8.3458318,-19.91058797,11.56475602,1
333.4700534,250.1887297,-583.6587831,11.92009378,-19.8630553,7.942962377,1
226.7306795,354.258482,-580.9891614,14.97913071,-18.95757421,3.978445357,1
110.1936675,443.0197852,-553.2134528,17.39075346,-17.23327294,-0.15747772,1
-11.10510753,512.637027,-501.5319195,19.0507494,-14.76466311,-4.286082624,1
-131.9240024,560.1018608,-428.1778584,19.88738568,-11.65841991,-8.228961362,1
-247.0421108,583.3632047,-336.3210939,19.86450903,-8.048772367,-11.81573167,1
-351.4848724,581.415874,-229.9310016,18.98310802,-4.09170295,-14.89139966,1
-440.7390373,554.344018,-113.6049807,17.28127033,0.041792849,-17.32305756,1
-510.9476951,503.3174839,7.630211222,14.83253691,4.173095683,-19.00562698,1
-559.0769427,430.541264,128.5356786,11.74272408,8.123680968,-19.86639964,1
-583.046987,339.1602129,243.8867741,8.145350871,11.72283341,-19.86817927,1
-581.8220185,233.1231491,348.6988695,4.195869384,14.81502406,-19.01088902,1
-555.4549715,117.0122168,438.4427547,0.06494724,17.26663113,-17.3315747,1
-505.0852362,-4.155121319,509.2403575,-4.068907399,18.97171419,-14.90280398,1
-432.8894231,-125.1429016,558.0323247,-8.027059654,19.85659206,-11.82953054,1
-341.9873057,-240.7229198,582.7102255,-11.63846721,19.88302683,-8.244558757,1
-236.3070068,-345.9006552,582.207662,-14.74707152,19.04987622,-4.302804828,1
-120.4152535,-436.1310978,556.5463513,-17.21854151,17.39314289,-0.174602472,1
0.679962609,-507.5151495,506.8351869,-18.94607835,14.98441873,3.961657658,1
121.7457946,-556.9681155,435.2223209,-19.85503058,11.92779114,7.927236714,1
237.5506652,-582.3530011,344.8023359,-19.90611994,8.355345181,11.55077143,1
343.0903375,-582.572858,239.4825205,-19.09713871,4.42145577,14.67567919,1
433.804161,-557.6181854,123.8140244,-17.46304513,0.296116773,17.16692438,1
505.7721496,-508.5673413,2.795191661,-15.07445272,-3.842404899,18.91685363,1
555.8843748,-437.5399433,-118.3444315,-12.03457892,-7.815272676,19.8498478,1
581.9753539,-347.6052746,-234.3700793,-8.474784775,-11.45080833,19.9255897,1
582.9176261,-242.6496519,-340.2679742,-4.548898464,-14.59191067,19.1408063,1
558.6704732,-127.2084872,-431.4619861,-0.42656799,-17.10284427,17.52941015,1
510.2816795,-6.2703009,-504.0113786,3.71406977,-18.87510497,15.16103394,1
439.8422535,114.9388457,-554.7810992,7.694086832,-19.83210865,12.1380215,1
350.3960707,231.1811824,-581.5772531,11.34149606,-19.9325006,8.591005226,1
245.8083388,337.4335682,-583.241907,14.49868319,-19.17194261,4.673261108,1
130.5985725,429.1045542,-559.7031267,17.02921776,-17.5833004,0.554085284,1
9.745292777,502.232793,-511.9780858,18.82374863,-15.23522339,-3.588521709,1
-111.5291082,553.6582184,-442.1291103,19.80472935,-12.22917824,-7.575546811,1
-227.9840403,581.1586009,-353.1745606,19.92976914,-8.695064156,-11.23470007,1
-334.5871757,583.5455756,-248.9583999,19.1934647,-4.785599592,-14.40785976,1
-426.7319088,560.715995,-133.9840861,17.62763371,-0.669722914,-16.9579052,1
-500.4364203,513.656386,-13.21996576,15.29993991,3.474707901,-18.77464218,1
-552.5157416,444.4003199,108.1154218,12.31096916,7.468600975,-19.77956468,1
-580.7193867,355.9405356,224.7788511,8.789882854,11.13936957,-19.92924733,1
-583.8286009,252.0996163,331.7289845,4.88883652,14.32839,-19.21722199,1
-561.7090266,137.3648048,424.3442218,0.776404773,16.89785623,-17.67425719,1
-515.3165098,16.69409791,498.6224118,-3.369703248,18.7367348,-15.36702858,1
-446.6557945,-104.6980015,551.353796,-7.370323161,19.76556287,-12.39523768,1
-358.6938934,-221.5658174,580.2597108,-11.05257751,19.93988207,-8.887303526,1
-255.2318745,-328.85918,584.0910545,-14.25734627,19.25215963,-4.994813322,1
-140.7406073,-421.9416573,562.6822647,-16.84614284,17.73211388,-0.885971969,1
-20.16756464,-496.7909074,516.958472,-18.70709841,15.44543006,3.261666521,1
101.2769711,-550.1724947,448.8955236,-19.75979612,12.49092191,7.268871612,1
218.345058,-579.7796586,361.4346006,-19.9587461,8.9962616,10.96248127,1
325.9778719,-584.3329947,258.3551228,-19.29535118,5.112462749,14.18288474,1
419.5243123,-563.6357412,144.1114289,-17.79827841,1.00735467,16.7909198,1
494.9419881,-518.5822815,23.64029333,-15.5322203,-3.141669959,18.67388626,1
548.9719007,-451.1194957,-97.85240503,-12.59509925,-7.155320707,19.75041611,1
579.2792736,-364.1626306,-215.116643,-9.113836067,-10.86015701,19.97398959,1
584.5544443,-261.4693239,-323.0851204,-5.238865414,-14.096083,19.33494547,1
564.5694588,-147.4772272,-417.0922317,-1.137635089,-16.72326568,17.86089852,1
520.1879215,-27.11224255,-493.075679,3.012629824,-18.62817745,15.61554621,1
453.3276769,94.42433821,-547.7520151,7.032585326,-19.72850198,12.69591618,1
366.8779343,211.8805956,-578.7585299,10.74851844,-19.97669131,9.228173384,1
264.5744174,320.1809318,-584.7553492,13.99985379,-19.36202048,5.362168205,1
150.8379339,414.6454007,-565.4833346,16.64609253,-17.91105104,1.264961001,1
30.58334015,491.1919409,-521.775281,18.57288363,-15.68648323,-2.886397013,1
-90.99284233,546.5127724,-455.51993,19.69696532,-12.78444653,-6.912514624,1
-208.6369828,578.2173346,-369.5803518,19.96976305,-9.330345648,-10.63941259,1
-317.2653644,584.935589,-267.6702247,19.37948851,-5.473441481,-13.90604174,1
-412.1838653,566.3772219,-154.1933566,17.95164903,-1.380401108,-16.57124236,1
-489.2908043,523.3441898,-34.05338551,15.74794538,2.771904309,-18.51984405,1
-545.254185,457.6960647,87.55812033,12.86360546,6.804042609,-19.66764257,1
-577.6556806,372.2696769,205.3860037,9.423269297,10.54177437,-19.96503851,1
-585.0951362,270.7565283,314.3386078,5.575602989,13.82358227,-19.39918062,1
-567.251073,157.5432726,409.7078004,1.486874457,16.50765066,-17.99452117,1
-524.8945806,37.52215622,487.3724244,-2.666231438,18.47799382,-15.81175926,1
-459.8559959,-84.12038863,543.9763845,-6.704247918,19.64946798,-12.94521787,1
-374.9458093,-202.1278634,577.0736728,-10.45268152,19.97145065,-9.518767916,1
-273.8332165,-311.4008508,585.2340673,-13.74955245,19.43002812,-5.680475465,1
-160.8875618,-407.2173737,568.1049355,-16.4523941,18.04859671,-1.596203384,1
-40.989528,-485.4369449,526.4264729,-18.44440949,15.88685179,2.55755602,1
80.67977139,-542.6794884,461.999717,-19.63951831,13.03820813,6.601307707,1
198.8626817,-576.4714012,377.6087195,-19.98607673,9.625763227,10.36031037,1
308.4522046,-585.3524449,276.9002403,-19.46910902,5.796977947,13.67212745,1
404.7126847,-568.9388457,164.226161,-18.11095473,1.717304322,16.39364649,1
483.4844501,-527.9398792,44.45542906,-15.97030331,-2.43696406,18.40726337,1
541.363563,-464.1272198,-77.23634325,-13.13965802,-6.486310172,19.62596431,1
575.8489128,-380.2583826,-195.5905301,-9.741338573,-10.25575096,19.99708597,1
585.4502954,-279.9575637,-305.4927318,-5.922195398,-13.58239882,19.50459116,1
569.7528097,-167.5590285,-402.1937813,-1.847263843,-16.32250042,18.16976188,1
529.4347858,-47.91981727,-481.5149686,2.307367448,-18.35764864,16.05027963,1
466.238473,73.79014081,-540.0286138,6.362165792,-19.59989929,13.23773285,1
382.8947522,192.3114342,-575.2061864,10.14191256,-19.99557138,9.853659167,1
283.0051278,302.5224419,-585.5275698,13.48327482,-19.52756686,6.044293381,1
170.8860967,399.6606528,-570.5467495,16.24186342,-18.21610941,1.974248318,1
51.38262079,479.5284658,-530.9110866,18.29847239,-16.1178706,-2.180598557,1
-70.34123619,538.67458,-468.3333438,19.5642302,-13.32352089,-6.240705267,1
-189.025462,574.5431341,-385.517672,19.98444009,-9.953811558,-10.03062381,1
-299.5413951,585.5841523,-286.0427572,19.54094366,-6.154356705,-13.38658173,1
-397.1133475,571.3205229,-174.2071754,18.25290559,-2.089340877,-16.16355918,1
-477.5249751,532.3686152,-54.8436401,16.17598544,2.06557578,-18.24155558,1
-537.3014773,470.4116451,66.88983224,13.39993247,6.130848266,-19.5307752,1
-573.8597521,388.1269382,185.7328139,10.04470734,9.930805346,-19.97550745,1
-585.620019,289.070236,296.549783,6.255298268,13.30124077,-19.5565343,1
-572.0740856,177.5220425,394.5520431,2.195455725,16.09650906,-18.29196071,1
-533.8073077,58.30265246,475.5046553,-1.959383668,18.19581925,-16.23643231,1
-472.4732948,-63.43614666,535.9094415,-6.029678223,19.50845456,-13.47877398,1
-390.7224531,-182.433697,573.15615,-9.83953966,19.97769256,-10.13815152,1
-292.0874541,-293.5477972,585.6352513,-13.22433371,19.58325624,-6.358922151,1
-180.8305791,-391.976911,572.8074901,-16.03779439,18.34219025,-2.304396467,1
-61.75953406,-473.4676542,535.2271883,-18.15834457,16.3081244,1.850218643,1
59.98030389,-534.4985945,474.5182906,-19.49434961,13.5689561,5.925391164,1
179.128232,-572.4324225,393.3041905,-19.98807718,10.24305214,9.745022006,1
290.5355507,-585.6299163,295.0943656,-19.61819197,6.474133706,13.14405472,1
389.388053,-573.520777,184.132724,-18.40067772,2.425065832,15.975608,1
471.4140588,-536.6282729,65.21421407,-16.38814644,-1.729180452,18.11732288,1
533.0690059,-476.5466273,-56.52237861,-13.66756497,-5.809089075,19.47665012,1
571.6886197,-395.8721282,-175.8164915,-10.35649688,-9.638356293,19.99484954,1
585.6040438,-298.0909358,-287.513108,-6.598022236,-13.05150925,19.64952833,1
574.2139557,-187.4284358,-386.7855198,-2.554554736,-15.90105648,18.45560871,1
538.0105513,-68.66664986,-469.3439015,1.599176621,-18.06386145,16.46468312,1
478.5582764,53.06240893,-531.6206853,5.683678043,-19.44646356,13.76278471,1
398.426222,172.4985035,-570.9247255,9.522447346,-19.98911688,10.4666697,1
301.0771077,284.480482,-585.5575898,12.94960109,-19.66837188,6.718771968,1
190.7176483,384.1693048,-574.8869531,15.81704283,-18.4980888,2.681048136,1
72.11677002,467.2571521,-539.3739221,18.00086277,-16.52883867,-1.472021017,1
-49.60046722,530.1535768,-480.5531095,19.40669225,-13.845718,-5.560970334,1
-169.1743372,570.1406566,-400.9663194,19.97378164,-10.56467158,-9.409105445,1
-281.4377345,585.4904433,-304.0527089,19.67762549,-6.827482135,-12.85013821,1
-381.5394584,575.5396318,-194.0001734,18.53102151,-2.795643568,-15.73537245,1
-465.1538469,540.7182232,-75.56437628,16.58351752,1.356617657,-17.94012954,1
-528.6676993,482.5309431,46.13675612,13.91927037,5.449871289,-19.36913608,1
-569.3364128,403.4922192,165.8441936,10.65340927,9.307236951,-19.96064092,1
-585.4025841,307.0175253,278.3850588,6.927060797,12.76202761,-19.68908357,1
-576.1719509,197.2757898,378.8961611,2.901250402,15.66495259,-18.56619879,1
-542.0433936,79.00924577,463.0341478,-1.250055914,17.89056878,-16.64050945,1
-484.4916981,-42.67149444,527.1631925,-5.347469136,19.34270138,-13.99522973,1
-406.0038265,-162.5082818,568.5121082,-9.213929116,19.95859992,-10.74466925,1
-309.9714488,-275.3226494,585.2940981,-12.68235581,19.71164978,-7.029293421,1
-200.54438,-376.2395878,576.7839677,-15.60286925,18.61252236,-3.009653555,1
-82.45125525,-460.8982072,543.3494624,-17.84926626,16.70871391,1.140550972,1
39.20480677,-525.640183,486.4353763,-19.32447403,14.08249308,5.241978735,1
159.1667235,-567.6678421,408.5011186,-19.96474491,10.84734589,9.117396087,1
272.2506209,-585.1650572,312.9144363,-19.74241106,7.143071698,12.59933589,1
373.5698423,-577.3757271,203.8058847,-18.66708013,3.129742076,15.53733422,1
458.7461144,-544.6364494,85.89033504,-16.78522003,-1.019216287,17.80443232,1
524.0987433,-488.3619757,-35.73676766,-14.17815092,-5.124515825,19.3026628,1
566.8036679,-410.9840758,-155.8195922,-10.95853122,-9.008755586,19.96728311,1
585.0154946,-315.846455,-269.1690397,-7.265489263,-12.5040872,19.76957321,1
577.9472418,-207.0602634,-370.8869785,-3.25861122,-15.45946805,18.71807665,1
545.9043476,-89.32644215,-456.5779055,0.888955036,-17.74718824,16.85823135,1
490.2714708,32.26741652,-522.5388873,4.99798212,-19.26838927,14.27040618,1
413.4526562,152.466918,-565.9195742,8.89090803,-19.95733595,11.06642792,1
318.7674495,266.0779216,-584.8453712,12.39950907,-19.78425706,7.384748989,1
210.3074509,368.1909932,-578.498444,15.37216925,-18.75663177,3.384464508,1
92.75950573,454.3935547,-547.1530604,17.68043201,-16.91886648,-0.761562593,1
-28.79682593,520.9605638,-492.1637378,19.22455117,-14.35037592,-4.874171463,1
-149.1087711,565.0154827,-415.9067115,19.93780123,-11.16215138,-8.775645342,1
-262.9773302,584.6545809,-321.6772507,19.78936076,-7.491964516,-12.29739117,1
-365.4819392,579.0292007,-213.5472616,18.78564428,-3.49841387,-15.28722496,1
-452.1931008,548.3824298,-96.18932897,16.97002506,0.645928618,-17.61594805,1
-519.3637948,494.0385967,25.32519808,14.42096085,4.761974885,-19.18293014,1
-564.0913965,418.3460434,145.7453531,11.24860352,8.671859626,-19.92045778,1
-584.4431069,324.5756467,259.8674603,7.590039072,12.20662632,-19.79666046,1
-579.5394746,216.7794753,362.7599993,3.603363845,15.21352831,-18.81688783,1
-549.5923984,99.61568899,449.9767094,-0.539147297,17.56262935,-17.0234785,1
-495.8959714,-21.85275275,517.7487241,-4.658485405,19.15241856,-14.49393048,1
-420.7705592,-142.3768749,563.1474341,-8.576642896,19.91419693,-11.33755232,1
-327.4625311,-256.7485091,584.2110402,-12.12430574,19.81504601,-7.690739553,1
-220.0039756,-360.0253522,580.0293278,-15.14816996,18.85925038,-3.711080703,1
-103.0384633,-447.7445365,550.7829998,-17.51756632,17.08811256,0.429452539,1
18.37961455,-516.1154826,497.735868,-19.13010689,14.57816813,4.551936674,1
139.0034591,-562.1836995,423.1802404,-19.91610948,11.43787852,8.478228149,1
253.6205927,-583.9584569,330.3378642,-19.84160883,7.80294401,12.03866142,1
357.2781035,-580.4988094,223.2207059,-18.90982429,3.830439841,15.07938066,1
445.4966744,-551.9542578,106.4575834,-17.16102075,-0.307971481,17.46898825,1
514.4641458,-499.558288,-14.90585772,-14.67076867,-4.433458155,19.10422285,1
561.2002494,-425.5750697,-135.6251798,-11.54667847,-8.36774689,19.91442161,1
583.6853938,-333.2016146,-250.4837792,-7.923750406,-11.94082656,19.86457363,1
580.9479359,-226.4296261,-354.5183098,-3.958540841,-14.99829487,18.95683296,1
553.1061686,-109.8730063,-443.2331624,0.177602957,-17.40803042,17.23042547,1
501.3632089,11.43152284,-512.7947317,4.305947199,-19.06590212,14.7599538,1
427.9550078,132.2420693,-560.197077,8.248095139,-19.90026888,11.65217357,1
336.0537293,247.3380874,-583.3918168,11.83369606,-19.87507548,8.041380243,1
229.6306727,351.7459716,-581.3766443,14.90780661,-18.99141057,4.083605778,1
113.2846617,440.953979,-554.2386407,17.33758628,-17.28745964,-0.050123869,1
-7.956682517,511.1071939,-503.1505113,19.01803783,-14.83685493,-4.18117925,1
-128.8541984,559.1741089,-430.3199105,19.87654446,-11.74549359,-8.131046482,1
-244.1835822,583.0776245,-338.8940424,19.87600784,-8.146961549,-11.7290413,1
-348.9611438,581.7848063,-232.8236625,19.01645115,-4.196760951,-14.8196848,1
-438.6591657,555.3515202,-116.6923545,17.33501813,-0.065590469,-17.26942205,1
-509.4015574,504.920019,4.481538355,14.904368,4.068031034,-18.97239342,1
-558.1313515,432.6695823,125.4617692,11.82953563,8.025478779,-19.85500899,1
-582.7428038,341.7223439,241.02046,8.243392723,11.63574092,-19.87912863,1
-582.172388,236.0083763,346.1640116,4.300906079,14.74280844,-19.04371008,1
-556.4447531,120.0958619,436.3488913,0.172441057,17.21241668,-17.38485404,1
-506.6716589,-1.00631092,507.6779698,-3.963600362,18.93784732,-14.97424412,1
-435.0039334,-122.0649945,557.0689278,-7.928488801,19.84453992,-11.91604923,1
-344.5385299,-237.8489205,582.3874503,-11.55089086,19.89331389,-8.342422137,1
-239.1846996,-343.354757,582.5394565,-14.67427288,19.0820616,-4.407788824,1
-123.4950622,-434.0233156,557.5183778,-17.16366521,17.44583945,-0.282175307,1
-2.468875262,-505.9365665,508.4054417,-18.91149455,15.05535297,3.856139636,1
118.6639972,-555.9869463,437.322949,-19.84223255,12.01390148,7.828328362,1
234.6690811,-582.0116448,347.3425637,-19.91565952,8.452914222,11.46274198,1
340.5334876,-582.8860654,242.3525779,-19.12860247,4.526270957,14.60232778,1
431.6825335,-558.5724221,126.8898886,-17.51507225,0.403652427,17.11141586,1
504.1774258,-510.1213722,5.943946441,-15.14479378,-3.736792015,18.8815818,1
554.885467,-439.6266147,-115.2588523,-12.1201931,-7.716142713,19.83633201,1
581.6154275,-350.1344159,-231.4810116,-8.571971264,-11.3624413,19.93440914,1
583.2122344,-245.5119721,-337.7002623,-4.653456382,-14.51812148,19.171575,1
559.6068856,-130.2802979,-429.3265877,-0.533977917,-17.04681787,17.58079366,1
511.819431,-9.418861059,-502.4005699,3.608450495,-18.83925876,15.23080699,1
441.9148939,111.8495938,-553.7644876,7.594823492,-19.81798798,12.22316415,1
352.9140355,228.2847335,-581.198769,11.25287928,-19.940712,8.687833378,1
248.6628202,334.8550854,-583.5179057,14.42454353,-19.20212758,4.777585706,1
133.6662207,426.9554608,-560.6216815,16.97276018,-17.63415089,0.66139333,1
12.89354657,500.6059569,-513.4995035,18.78741401,-15.30453837,-3.482872136,1
-108.4362932,552.6239396,-444.1876463,19.790089,-12.31395876,-7.476125966,1
-225.080313,580.7615731,-355.6812602,19.9374569,-8.791642956,-11.14580905,1
-331.9980138,583.8029555,-251.8049418,19.22314955,-4.889799586,-14.33334462,1
-424.5691969,561.6166605,-137.0474636,17.67803409,-0.777037681,-16.90099081,1
-498.7936148,515.161417,-16.36780214,15.36887907,3.368919379,-18.73779281,1
-551.4638327,446.4446798,105.0191529,12.39546924,7.368913763,-19.76437754,1
-580.3038301,358.4358822,221.8679478,8.886293581,11.05009507,-19.93638356,1
-584.0673538,254.938119,329.1292347,4.99299292,14.25338968,-19.24637805,1
-562.5917719,140.4238043,422.1679677,0.883807162,16.84037471,-17.72417803,1
-516.8051017,19.8414066,496.9636951,-3.263694822,18.69925965,-15.43556184,1
-448.6859071,-101.5983872,550.2842943,-7.270288412,19.74971717,-12.47942671,1
-361.1777999,-218.6478402,579.8256401,-10.96283802,19.94635422,-8.983515139,1
-258.0622388,-326.2489334,584.3111723,-14.18177872,19.28067359,-5.098894811,1
-143.7951218,-419.7519371,563.547059,-16.78801152,17.78144116,-0.993430547,1
-23.31423562,-495.1163372,518.4305729,-18.66891413,15.51344275,3.155469575,1
98.17411973,-549.0854373,450.9113176,-19.74320774,12.57468466,7.1685205,1
215.4201086,-579.3270886,363.90698,-19.96446926,9.092158466,10.87230758,1
323.3572195,-584.5344689,261.1772494,-19.32313737,5.216353424,14.10678027,1
417.3212022,-564.4825534,147.1613512,-17.84692573,1.114753419,16.73216837,1
493.2516227,-520.0378388,26.78621612,-15.59962537,-3.035400463,18.63502184,1
547.8673251,-453.1208996,-94.74642547,-12.67834813,-7.054768995,19.73311327,1
578.8082194,-366.6233951,-212.1848243,-9.209330162,-10.76966453,19.97899119,1
584.7372671,-264.2831129,-320.4541542,-5.342476977,-14.01955652,19.36203053,1
565.3982583,-150.5224493,-414.875809,-1.244885597,-16.66400844,17.90889177,1
521.6268831,-30.25730572,-491.3695774,2.906376142,-18.58874647,15.6823689,1
455.3146193,91.31534051,-546.6299598,6.931921166,-19.71059752,12.77867586,1
369.3269963,208.9420114,-578.2690078,10.65779495,-19.98108341,9.323288941,1
267.3797687,317.5397452,-584.9195138,13.92299258,-19.38851569,5.465524598,1
153.8783477,412.4157443,-566.2940919,16.58641616,-17.95850077,1.372087078,1
33.72743207,489.470164,-523.1975961,18.53297207,-15.7528334,-2.780135304,1
-87.88093685,545.3732776,-457.4923407,19.67854444,-12.86682631,-6.81171398,1
-205.6917374,577.7093625,-372.0176251,19.97363006,-9.425191538,-10.54843372,1
-314.6140511,585.0810904,-270.4670393,19.40547749,-5.576651278,-13.82882093,1
-409.9410544,567.1699092,-157.2288548,17.99863813,-1.487511187,-16.51112138,1
-487.5534135,524.7498088,-37.19639529,15.81390525,2.665526116,-18.47942572,1
-544.0972917,459.6538748,84.44341682,12.945687,6.702996843,-19.64867833,1
-577.1292771,374.695076,202.4342011,9.517926726,10.45043115,-19.9683527,1
-585.2219699,273.5447084,311.6772615,5.678747103,13.74589242,-19.42463487,1
-568.025663,160.5737489,407.4519141,1.594049313,16.44697503,-18.04102038,1
-526.2834548,40.66397374,485.6194811,-2.559655961,18.43695801,-15.87729891,1
-461.7991374,-81.00299622,542.8021336,-6.602876041,19.62984893,-13.02697067,1
-377.3592498,-199.169607,576.5288568,-10.36089261,19.97409979,-9.613205949,1
-276.6126646,-308.7295645,585.3422291,-13.67131174,19.45483463,-5.783522657,1
-163.9129103,-404.948491,568.8614013,-16.39108141,18.0944923,-1.703411636,1
-44.13004345,-483.6685104,527.7985538,-18.4026731,15.95185683,2.450814619,1
77.55979903,-541.4879207,463.9281217,-19.61916059,13.11951723,6.499640895,1
195.8980748,-575.9081913,380.0101165,-19.98797618,9.719866468,10.26810659,1
305.7710717,-585.4419305,279.6708589,-19.49318238,5.899812527,13.59336624,1
402.4308846,-569.6771601,167.2462755,-18.15616054,1.824430136,16.33172649,1
481.7005856,-529.2951178,47.59453216,-16.03468692,-2.33017255,18.36485546,1
540.1547197,-466.0408192,-74.11390048,-13.22043605,-6.38446406,19.60489621,1
575.2673279,-382.6476511,-192.6196767,-9.835019194,-10.16324763,19.99826325,1
585.5211009,-282.7192546,-302.8018463,-6.024729236,-13.50323195,19.52795811,1
570.4729458,-170.5738019,-399.8991439,-1.954218949,-16.26008735,18.21430391,1
530.7731335,-51.05739683,-479.7157367,2.200614078,-18.31468277,16.11406711,1
468.1371988,70.66533826,-538.802537,6.260228446,-19.57823363,13.31800452,1
385.2718071,189.3344396,-574.6062468,10.04919741,-19.99613851,9.946941421,1
285.757793,299.8218993,-585.5796922,13.40378952,-19.55033862,6.146550415,1
173.895422,397.3532596,-571.2486816,16.17904393,-18.26009813,2.081056492,1
54.51856546,477.7139306,-532.2324961,18.25503451,-16.18117175,-2.073859548,1
-67.21418474,537.4313137,-470.2171289,19.54205218,-13.40339541,-6.138652739,1
-186.042432,573.9248615,-387.8824294,19.98448147,-10.04680421,-9.937672563,1
-296.8312912,585.6175906,-288.7862994,19.56320386,-6.256445372,-13.30675328,1
-394.7932805,572.0042271,-177.2109465,18.29642387,-2.19611039,-16.10030795,1
-475.6952013,533.6730406,-57.97783927,16.23888245,1.958742866,-18.19761967,1
-536.0410661,472.2804239,63.76064219,13.47949145,6.028572136,-19.50805804,1
-573.2231691,390.4793154,182.7438537,10.13749152,9.837509273,-19.97499555,1
-585.6347727,291.8045592,293.8302135,6.357299388,13.22095997,-19.57825461,1
-572.7395385,180.5201543,392.2193842,2.302267231,16.03271634,-18.33497948,1
-535.0947038,61.43499632,473.6597074,-1.852376197,18.1512749,-16.29889541,1
-474.3270022,-60.30492765,534.6319299,-5.927097678,19.48508713,-13.55798707,1
-393.0623681,-179.4389112,572.5012793,-9.745817632,19.97651545,-10.23069641,1
-294.8124629,-290.8188573,585.6313202,-13.14351899,19.60432396,-6.460804569,1
-183.8229267,-389.6317419,573.4546686,-15.97337801,18.38459607,-2.411218642,1
-64.88991313,-471.6075968,536.49751,-18.11310894,16.37003949,1.743067948,1
56.84716536,-533.204027,476.3568616,-19.47024831,13.64770859,5.822537381,1
176.1277252,-571.7592866,395.6315613,-19.98615048,10.33524258,9.650904885,1
287.7973357,-585.6073,297.8099643,-19.63852196,6.575781947,13.06273647,1
387.0304553,-574.1496577,187.1192024,-18.44238469,2.531783029,15.91059778,1
469.5389565,-537.8814749,68.34251843,-16.44942693,-1.622002187,18.07142512,1
531.7574272,-478.3699966,-53.38743058,-13.74576971,-5.706077553,19.45184334,1
570.9972414,-398.1868722,-172.8103692,-10.44824524,-9.54395927,19.99220087,1
585.5627422,-300.7970281,-284.765714,-6.699348345,-12.96980222,19.6691474,1
574.8245155,-190.4089392,-384.4155763,-2.661078831,-15.83556659,18.4966429,1
539.2465887,-71.79276871,-467.45382,1.492058918,-18.01741503,16.52535438,1
480.3663788,49.92576243,-530.2921413,5.580596759,-19.42106405,13.84046646,1
400.7282566,169.4868722,-570.2151288,9.427858086,-19.98585821,10.55800027,1
303.7735975,281.7240065,-585.497604,12.86759249,-19.68739122,6.819799881,1
193.6920708,381.7870996,-575.4791704,15.75115989,-18.53856063,2.787402877,1
75.24059239,465.3521587,-540.5927511,17.95395366,-16.58901045,-1.364940151,1
-46.46223359,528.8081149,-482.3458813,19.38078522,-13.9229859,-5.457795424,1
-166.1573038,569.4128673,-403.2555635,19.96999739,-10.655693,-9.314299786,1
-278.6722752,585.4117762,-306.739501,19.69612873,-6.928320159,-12.76780343,1
-379.1450762,576.1134863,-196.9684101,18.57101386,-2.901937069,-15.6690713,1
-463.2340094,541.9198014,-78.68579201,16.64327198,1.249465549,-17.8927319,1
-527.3053677,484.3083217,42.99704603,13.99620598,5.346494546,-19.34269495,1
-568.5904572,405.7685928,162.8218644,10.74420263,9.212106401,-19.95630372,1
-585.3052391,309.6945257,275.6107134,7.027789663,12.67925775,-19.70704256,1
-576.7274231,200.2377367,376.4896864,3.007563201,15.59812375,-18.60568274,1
-543.2276796,82.1281455,461.0995341,-1.142752055,17.84257246,-16.69981697,1
-486.2536216,-39.5304179,525.7840395,-5.243809918,19.31561529,-14.07180283,1
-408.2672501,-159.4807628,567.7480129,-9.118392743,19.95359815,-10.83520383,1
-312.638564,-272.5395151,585.1780791,-12.59906948,19.72895211,-7.129882064,1
-203.4999336,-373.8211048,577.3210385,-15.53543079,18.65138476,-3.115954388,1
-85.56752995,-458.9488848,544.5164147,-17.80058869,16.76746067,1.033126662,1
36.06247357,-524.2442566,488.181783,-19.29665966,14.15858924,5.138068213,1
156.1341204,-566.8856334,410.751513,-19.95899447,10.93750678,9.021484774,1
269.4587947,-585.0303676,315.5715728,-19.75897187,7.243404861,12.51556354,1
371.1394354,-577.8943768,206.7549414,-18.70523536,3.23591549,15.46931604,1
456.7821511,-545.7860264,89.0038753,-16.8433197,-0.911787016,17.75510272,1
522.6860917,-490.0928036,-32.59328814,-14.25368322,-5.020469362,19.27414862,1
566.0033725,-413.221361,-152.7820115,-11.048231,-8.912584414,19.9608117,1
584.8621382,-318.4935185,-266.3686197,-7.365479169,-12.41994349,19.78541939,1
578.4474514,-210.0027185,-368.4447329,-3.364569241,-15.39098424,18.75555084,1
547.0365078,-92.43713769,-454.5993702,0.781608812,-17.69732006,16.91570937,1
491.986658,29.12290203,-521.10956,4.893887597,-19.239288,14.34539942,1
415.6767526,149.4244674,-565.10122,8.794564594,-19.95025551,11.15569089,1
321.404346,263.2690072,-584.6733532,12.31508116,-19.79949977,7.484419579,1
213.2432001,365.7369956,-578.9801957,15.30330641,-18.79353531,3.490230863,1
95.86724613,452.4005177,-548.2677638,17.63011117,-16.97583251,-0.654275744,1
-25.65138806,519.5146118,-493.8632238,19.19494801,-14.42493915,-4.770005095,1
-146.0615585,564.1790991,-418.1175406,19.93019617,-11.25108609,-8.679105585,1
-260.160021,584.4639081,-324.3038871,19.80408362,-7.591423971,-12.21265459,1
-363.0162768,579.4924781,-216.4762012,18.82206003,-3.604096517,-15.21795807,1
-450.1856332,549.4796378,-99.29400462,17.02656126,0.538593245,-17.56514888,1
-517.9012699,495.7223221,22.17894776,14.49517561,4.657628673,-19.15279868,1
-563.2370138,420.5435278,142.693486,11.337291,8.575015291,-19.91230092,1
-584.2337867,327.191931,257.0418557,7.689368038,12.1214724,-19.8108355,1
-579.9842621,219.7015028,360.2827592,3.709043213,15.14374817,-18.85278704,1
-550.6720731,102.7171911,447.954882,-0.431683032,17.51124202,-17.07955541,1
-497.5638777,-18.70580023,516.2696779,-4.553878874,19.12164826,-14.56776668,1
-422.9546225,-139.3204603,562.2750827,-8.479413242,19.90537696,-11.42596197,1
-330.0683721,-253.9147081,583.9830802,-12.03865333,19.82856113,-7.789907059,1
-222.918989,-357.5366211,580.45561,-15.07779488,18.89452022,-3.816725593,1
-106.1366835,-445.70842,551.8451035,-17.46550848,17.14361664,0.321890642,1
15.23206982,-514.6199667,499.3878969,-19.09861467,14.65151162,4.447100985,1
135.9426037,-561.2934095,425.3508058,-19.90654255,11.52589568,8.380644078,1
250.7786943,-583.7118646,332.9331704,-19.85437942,7.901835022,11.95254102,1
354.7779682,-580.9065709,226.1286027,-18.94437937,3.935934997,15.00844059,1
443.4463396,-552.9987525,109.5524129,-17.21586592,-0.200427272,17.41628921,1
512.952212,-501.1943806,-11.75783132,-14.74353274,-4.32850853,19.07203729,1
560.2920513,-427.7320603,-132.5599911,-11.63421592,-8.269923365,19.90413552,1
583.4201771,-335.786294,-247.6338831,-8.02227733,-11.85435272,19.8766267,1
581.3371613,-229.3303034,-352.0068579,-4.063798445,-14.92690384,18.99069952,1
554.1330167,-112.9643355,-441.1686812,0.070164318,-17.35480357,17.28463723,1
502.9833067,8.283126249,-511.266433,4.200971419,-19.03313588,14.83216331,1
430.0983467,129.1726559,-559.2710026,8.150119684,-19.88937553,11.73925566,1
338.62769,244.4802946,-583.1079846,11.7469559,-19.88652212,8.139567028,1
232.5240274,349.2232923,-581.7473197,14.83605119,-19.02469893,4.188649536,1
116.3723808,438.8754248,-555.2478057,17.28391753,-17.3411476,0.057232826,1
-4.808027482,509.5625847,-504.7545572,18.9847761,-14.90861887,-4.076153604,1
-125.7806692,558.2301913,-432.449522,19.86512827,-11.83222876,-8.03289514,1
-241.3179942,582.7751877,-341.4571935,19.88693169,-8.244916254,-11.64201046,1
-346.4273268,582.1369192,-235.7095925,19.04924417,-4.301698677,-14.74754011,1
-436.5666126,556.3429672,-119.7763546,17.38826444,-0.172972943,-17.21528589,1
-507.8406929,506.507957,1.332735921,14.97576787,3.962847727,-18.93860997,1
-557.1696248,434.7853921,122.3842327,11.91600485,7.927043522,-19.84304295,1
-582.4217737,344.2745958,238.1471779,8.341195917,11.548311,-19.88950189,1
-582.5059269,238.8867807,343.6191463,4.405818093,14.67016556,-19.0759792,1
-557.418448,123.176035,434.242413,0.279929545,17.15770357,-17.4376294,1
-508.2434339,2.142528582,506.1009053,-3.858179081,18.90343191,-15.04524997,1
-437.1058677,-118.9835584,556.0894261,-7.829689079,19.83191302,-12.00222203,1
-347.0797935,-234.968045,582.0478384,-11.46298091,19.90302477,-8.440042944,1
-242.0554776,-340.7989323,582.85441,-14.60105035,19.11369427,-4.512643999,1
-126.5713007,-431.9029859,558.4742866,-17.10829306,17.4980306,-0.389738591,1
-5.617641762,-504.3433568,509.9609986,-18.87636437,15.12585092,3.750511527,1
115.5787693,-554.9897035,439.4109342,-19.82886122,12.09966345,7.729195086,1
231.7807128,-581.6534625,349.8727498,-19.92462368,8.550237839,11.37438254,1
337.9667928,-583.1824217,245.2156288,-19.15951358,4.630954239,14.52855561,1
429.5484262,-559.5105106,129.9620845,-17.56659336,0.511175362,17.05541403,1
502.5681263,-511.6606557,9.092529375,-15.21469735,-3.631072152,18.84576551,1
553.8705174,-441.7005766,-112.1699408,-12.20545723,-7.616790728,19.82224414,1
581.2386866,-352.6534348,-228.5852518,-8.66891028,-11.27374683,19.94265367,1
583.4899822,-248.3671946,-335.1227876,-4.75788011,-14.44391361,19.20179085,1
560.5271198,-133.3483423,-427.1787775,-0.641372749,-16.99029971,17.63167031,1
513.3423859,-12.56714891,-500.775237,3.502726558,-18.80286897,15.30014111,1
443.9747585,108.7571083,-552.7318668,7.495340244,-19.80329543,12.30795482,1
355.4217977,225.3816849,-580.8034825,11.16393684,-19.94834797,8.784411757,1
251.5101128,332.2669221,-583.7770349,14.34998652,-19.23175846,4.881773577,1
136.7300047,424.7940242,-561.5240288,16.91581159,-17.68449264,0.768683647,1
16.0414276,498.9646483,-515.0060759,18.75053592,-15.37341195,-3.377120482,1
-105.3403434,551.5736844,-446.233341,19.77487619,-12.39838433,-7.376487595,1
-222.1700786,580.3477556,-358.177677,19.94456793,-8.887968641,-11.05659441,1
-329.3992538,584.0434578,-254.644204,19.25227832,-4.993859267,-14.25841372,1
-422.3942107,562.5010898,-140.1068791,17.72792305,-0.884331034,-16.84358643,1
-497.1363893,516.6515546,-19.51516535,15.43737357,3.263032412,-18.70040035,1
-550.395981,448.476133,101.919848,12.47961063,7.269012467,-19.74861763,1
-579.8714969,360.9208665,218.9506304,8.982447065,10.96050008,-19.94294203,1
-584.2892214,257.7692515,326.5199699,5.097004632,14.17797625,-19.27497631,1
-563.4582528,143.4787441,419.9795087,0.991183658,16.78240528,-17.77358508,1
-518.2787529,22.98814169,495.2906112,-3.157592385,18.66124287,-15.50364747,1
-450.7030482,-98.49583574,549.1988839,-7.170043822,19.73329947,-12.56325357,1
-363.6512649,-215.7235418,579.3748067,-10.87278193,19.95224867,-9.079465648,1
-260.8851426,-323.629255,584.5143976,-14.10580152,19.30862911,-5.202827501,1
-146.8454793,-417.5500819,564.3955612,-16.7293952,17.83025333,-1.100859015,1
-26.46023259,-493.4274533,519.8876859,-18.63019048,15.58100591,3.049182795,1
95.06843012,-547.9825059,452.9140758,-19.72604894,12.65808284,7.067963537,1
212.4889315,-578.8577704,366.3688388,-19.96961559,9.187791429,10.78182096,1
320.7272189,-584.7190444,263.9918254,-19.35036528,5.320092244,14.03026936,1
415.1060275,-565.3130466,150.2070191,-17.89505744,1.222118891,16.67293461,1
491.5469973,-521.4783619,29.93136451,-15.66657981,-2.929044264,18.59562007,1
546.7469106,-455.1092038,-91.63770681,-12.76123082,-6.954014379,19.71524134,1
578.3204319,-369.0735605,-209.2468714,-9.304558358,-10.67886175,19.98341659,1
584.9031852,-267.0892614,-317.8139238,-5.445934431,-13.94262578,19.38855723,1
566.2107122,-153.5633198,-412.6473924,-1.352100457,-16.60427051,17.95636868,1
523.0507646,-33.40149414,-489.6492704,2.800038095,-18.54877915,15.7487396,1
457.2883985,88.20370292,-545.4921014,6.831056263,-19.69212428,12.86106749,1
371.7653812,205.9973868,-577.762768,10.56676301,-19.98489891,9.418136353,1
270.17739,314.8893785,-585.0667685,13.84572852,-19.41445143,5.568724373,1
156.9143128,410.1741649,-567.0884777,16.52625994,-18.00543238,1.479174877,1
36.87054893,487.7342366,-524.6047855,18.49252438,-15.8187292,-2.673791831,1
-84.76649074,544.2180161,-459.4515254,19.65955432,-12.94883516,-6.71071502,1
-202.7405456,577.1846889,-374.4441433,19.97691929,-9.519765995,-10.45714851,1
-311.9536423,585.2096771,-273.2560347,19.43090512,-5.679700903,-13.75119895,1
-407.6863921,567.9461996,-160.2598075,18.04510654,-1.59457931,-16.45052167,1
-485.8019276,526.1402574,-40.33832974,15.8794076,2.559069815,-18.43847177,1
-542.9246685,461.5983965,81.32627205,13.02739393,6.601756246,-19.62914466,1
-576.586189,377.1096428,199.4765462,9.612308653,10.35878475,-19.97108822,1
-585.3318849,276.3249803,309.0069045,5.781726704,13.66780413,-19.44952617,1
-568.7838315,163.5995831,405.1842485,1.701177744,16.38582287,-18.08699663,1
-527.6571143,43.80461569,483.8524986,-2.453006826,18.39538815,-15.94237816,1
-463.7289283,-77.88326201,541.6121903,-6.501313616,19.60966133,-13.10834547,1
-379.7617808,-196.2055926,575.9673734,-10.2688045,19.97617043,-9.707364677,1
-279.3841159,-306.0493529,585.4334688,-13.59267614,19.47907766,-5.88640126,1
-166.9335201,-402.6679013,569.6014214,-16.32929519,18.13986372,-1.810569254,1
-47.2692831,-481.886093,529.1553761,-18.36040504,16.01639965,2.344003754,1
74.43758442,-540.2806987,465.8431143,-19.59823601,13.200446,6.397787568,1
192.9278045,-575.328332,382.4005275,-19.98929813,9.813687662,10.17560736,1
303.0810989,-585.5144912,282.4333923,-19.51669254,6.002475496,13.51421345,1
400.1374503,-570.3990052,170.2615549,-18.2008418,1.931502159,16.26933573,1
479.9027952,-530.6350545,50.7322593,-16.09860731,-2.223314723,18.32191802,1
538.9302605,-467.9409454,-70.9893151,-13.30083221,-6.282434421,19.58326273,1
574.6691121,-385.0258573,-189.6432548,-9.928415827,-10.07045154,19.99886378,1
585.574979,-285.4727722,-300.1022068,-6.127089241,-13.42367574,19.5507619,1
571.1765896,-173.5836441,-397.5929455,-2.061117899,-16.19720526,18.25832074,1
532.0961367,-54.19350033,-477.9026363,2.093796749,-18.27118847,16.17739011,1
470.0223908,67.53849279,-537.5608836,6.158109776,-19.55600301,13.39789254,1
387.6377239,186.3519715,-573.9896953,9.956191394,-19.9961286,10.0399375,1
288.5021969,297.1126888,-585.6148857,13.32391638,-19.57254623,6.24863114,1
176.8997201,395.0343789,-571.9340991,16.11575637,-18.30355999,2.18780589,1
57.652934,475.8855848,-533.5385188,18.21106854,-16.24400615,-1.967059197,1
-64.08519014,536.1725103,-472.0873202,19.51930885,-13.48288348,-6.036421356,1
-183.0540236,573.2899968,-390.2359732,19.98394477,-10.13950745,-9.844432632,1
-294.112606,585.6340988,-291.5214928,19.58489815,-6.358354212,-13.22653874,1
-392.4618001,572.6713947,-180.2095946,18.33941286,-2.30281746,-16.03658988,1
-473.8516752,534.9620375,-61.11036232,16.30130965,1.851852279,-18.15315629,1
-534.7651579,474.1355491,60.62960882,13.5586604,5.926120675,-19.48477552,1
-572.5700143,392.820404,179.7496103,10.22998229,9.743927753,-19.97390479,1
-585.6325958,294.5304464,291.1021494,6.459116378,13.14029592,-19.59940753,1
-573.3884336,183.5130472,389.8753863,2.409011838,15.96845907,-18.37746679,1
-536.3666303,64.56556413,471.8010662,-1.745315516,18.10620476,-16.36088593,1
-476.1669969,-57.17196523,533.3389621,-5.824346122,19.46115533,-13.6368068,1
-395.3909198,-176.4389378,571.8298576,-9.651814194,19.97475977,-10.32294414,1
-297.5289487,-288.0815099,585.6104586,-13.06232463,19.62482388,-6.56249882,1
-186.80996,-387.2753085,574.0852685,-15.90850018,18.42646934,-2.517969721,1
-68.01841624,-469.7339053,537.7523216,-18.06735001,16.43148027,1.635868248,1
53.71238339,-531.8940446,478.1816612,-19.44558445,13.72606549,5.719516655,1
173.1221267,-571.0696211,397.9474944,-19.98364633,10.42713318,9.556510143,1
285.0508005,-585.5677538,300.5169533,-19.65828454,6.677239038,12.98104197,1
384.6616686,-574.7619397,190.1002711,-18.48355883,2.638425987,15.84512898,1
467.6502799,-539.1191269,71.46884701,-16.51023222,-1.514778075,18.02500629,1
530.4304754,-480.1795363,-50.25093913,-13.82357741,-5.602902115,19.42647559,1
570.2893556,-400.4901045,-169.799251,-10.53969189,-9.449287378,19.98897561,1
585.504512,-303.4944245,-282.0100875,-6.800481117,-12.88772129,19.68819922,1
575.4184572,-193.3839378,-382.0345194,-2.767526335,-15.76961994,18.53714373,1
540.4670365,-74.91681203,-465.5502245,1.384897738,-17.97044878,16.58554929,1
482.1605939,46.7876726,-528.9482665,5.4773538,-19.39510413,13.91774947,1
403.0187063,166.4703411,-569.4890473,9.332995927,-19.9820228,10.64902699,1
306.4613053,278.9593863,-585.4206916,12.78521155,-19.70584245,6.92063202,1
196.6608936,379.393857,-576.0547506,15.68482125,-18.57849756,2.893678421,1
78.36223957,463.433712,-541.7959516,17.90652517,-16.64870368,-1.257818439,1
-43.32265674,527.4473653,-484.1247085,19.35431756,-13.99985233,-5.354461344,1
-163.1354667,568.6686163,-405.5331496,19.96563546,-10.74640741,-9.219223466,1
-275.8987596,585.3161849,-309.4174253,19.71406222,-7.028958931,-12.68509816,1
-376.739733,576.6706854,-199.9309524,18.61046898,-3.00814772,-15.60231577,1
-461.3007798,543.1057128,-81.80493295,16.70254495,1.142276274,-17.84481559,1
-525.9277919,486.071699,39.85609288,14.07273662,5.242962191,-19.31569323,1
-567.8280638,408.0332357,159.794828,10.83468503,9.116708485,-19.95138819,1
-585.1909731,312.3625729,272.8284002,7.128315017,12.59612028,-19.72443043,1
-577.2662223,203.1938948,374.0723275,3.113788712,15.53084293,-18.64462741,1
-544.3962609,85.24467092,459.15159,-1.0354155,17.79405928,-16.75864032,1
-488.0014877,-36.38819853,524.3896862,-5.139999442,19.28796974,-14.14796773,1
-410.5188709,-156.4486331,566.967504,-9.022593098,19.94801848,-10.92542378,1
-315.2966409,-269.7485016,585.0451426,-12.51541924,19.74568304,-7.230263199,1
-206.4496041,-371.3918148,577.8414189,-15.46754355,18.68970691,-3.222163755,1
-88.68133091,-456.9862942,545.6676251,-17.75139685,16.82572165,0.92567387,1
32.91909781,-522.8331743,489.9140765,-19.26828776,14.23427504,5.034010534,1
153.0970035,-566.0870361,412.9900326,-19.95266736,11.02735043,8.925314036,1
266.6591786,-584.8787647,318.2195861,-19.77496178,7.343527574,12.43143076,1
368.698299,-578.3963197,209.6980208,-18.74285016,3.341994311,15.40085202,1
454.8049823,-546.9198247,92.11484246,-16.90093277,-0.804332429,17.70526121,1
521.2583293,-491.809463,-29.44886636,-14.32880378,-4.916278801,19.24507862,1
565.1867139,-415.4467,-149.7400139,-11.13761171,-8.816156624,19.95376462,1
584.6918735,-321.1313744,-263.5604992,-7.46525648,-12.33544177,19.80069497,1
578.9309382,-212.9391025,-365.9918357,-3.470430333,-15.32205652,18.79248419,1
548.1528533,-95.54516087,-452.6076925,0.674239653,-17.64694128,16.97269973,1
493.6876219,25.9775456,-519.6651675,4.789651252,-19.20963157,14.41997931,1
417.8888318,146.3776969,-564.2665287,8.697966568,-19.94259935,11.24463274,1
324.0319507,260.4524817,-584.4844324,12.23029689,-19.81417112,7.583875178,1
216.1727844,363.2724246,-579.445209,15.23400082,-18.82989657,3.595897698,1
98.97221502,450.3944019,-549.3666169,17.57928031,-17.03230882,-0.546968597,1
-22.50520861,518.0536408,-495.5484322,19.16478959,-14.4990864,-4.665699444,1
-143.0101233,563.3264052,-420.3162819,19.92201459,-11.33969658,-8.582313532,1
-257.3351906,584.2563385,-326.9211478,19.8182336,-7.690665001,-12.12756356,1
-360.5401198,579.9390024,-219.3988826,18.85793129,-3.709676013,-15.14824985,1
-448.1651507,550.5609605,-102.3958097,17.08260489,0.431241259,-17.51384052,1
-516.4237725,497.3917162,19.03205624,14.56897097,4.553146767,-19.12211213,1
-562.3663481,422.7288544,139.6374936,11.42565038,8.477922009,-19.90356701,1
-584.0075764,329.7987562,254.2088201,7.788474366,12.03596701,-19.82443642,1
-580.4122823,222.6171788,357.7951034,3.814615012,15.07352918,-18.88813984,1
-551.735828,105.8157237,445.9201043,-0.324206626,17.4593474,-17.13513717,1
-499.2173995,-15.55830691,514.7757065,-4.449141031,19.0903241,-14.64118034,1
-425.1264582,-136.2600179,561.386476,-8.38193879,19.89598047,-11.51403991,1
-332.6646708,-251.0735665,583.7382374,-11.95265322,19.84150197,-7.888847977,1
-225.8275578,-355.0375536,580.8651114,-15.00698424,18.92924278,-3.922258759,1
-109.2318353,-443.6594181,552.8912534,-17.41294606,17.19862406,0.214320821,1
12.08408474,-513.1095732,501.0254885,-19.06657065,14.72443049,4.342138113,1
132.8778182,-560.3868926,427.5090744,-19.89640047,11.61357858,8.282819106,1
247.9295459,-583.4483974,335.5188515,-19.86657637,8.000496551,11.86607645,1
352.2675762,-581.2975384,229.0299622,-18.97838711,4.041315324,14.93706801,1
441.3831848,-554.0272601,112.6440753,-17.27021372,-0.09287831,17.36308805,1
511.4254488,-502.8159838,-8.609464998,-14.81587091,-4.223434809,19.03930174,1
559.3676552,-429.8766852,-129.49097,-11.72141737,-8.171861801,19.8932754,1
583.1380938,-338.3612658,-244.7768279,-8.12057267,-11.76753721,19.88810652,1
581.7095803,-232.2243507,-349.4852296,-4.168938904,-14.85508231,19.02401844,1
555.1438448,-116.0523989,-439.0914459,-0.037276688,-17.30107602,17.33835068,1
504.5888634,5.134490206,-509.7233536,4.095873851,-18.99982043,14.90394541,1
432.2292515,126.0995081,-558.3287596,8.05190827,-19.87790823,11.82599974,1
341.1918609,241.615434,-582.8072949,11.65987579,-19.89739489,8.237519881,1
235.4106598,346.690517,-582.1011768,14.76386652,-19.05743833,4.293573583,1
119.4567356,436.7841828,-556.2409185,17.22974877,-17.39433528,0.164589248,1
-1.659233451,508.0032441,-506.3440106,18.95096519,-14.97995285,-3.971008736,1
-122.7035037,557.2701353,-434.5666315,19.85313744,-11.9186229,-7.934510186,1
-238.4454298,582.4559029,-344.0104731,19.89728027,-8.342633642,-11.55464167,1
-343.8834946,582.4722027,-238.5887081,19.08148615,-4.406513082,-14.67496769,1
-434.4614383,557.3183304,-122.8568921,17.44100772,-0.280351458,-17.16065066,1
-506.2651468,508.0812518,-1.81610505,15.04673444,3.857548814,-18.90427763,1
-556.1917904,436.8886324,119.303158,12.00212924,7.828378055,-19.83050186,1
-582.0839058,346.8168947,235.267011,8.438757629,11.46054617,-19.89929876,1
-582.8226257,241.7582788,341.0643469,4.510602396,14.59709753,-19.10769545,1
-558.3760281,126.2526472,432.1233808,0.387409602,17.10249339,-17.48989925,1
-509.8005155,5.291306154,504.5092094,-3.752646599,18.86846896,-15.11581948,1
-439.1951654,-115.8986825,555.0938479,-7.73066334,19.81871174,-12.08804646,1
-349.611023,-232.0803765,581.6913996,-11.37473991,19.91215923,-8.537418371,1
-244.9192579,-338.2332553,583.1525131,-14.52740605,19.14477333,-4.617367334,1
-129.6438801,-429.77017,559.41405,-17.05242664,17.54971485,-0.497289227,1
-8.766245859,-502.7355666,511.5018125,-18.84068882,15.19591054,3.644776371,1
112.4902001,-553.9764161,441.486216,-19.81491699,12.18507458,7.629839741,1
228.8856436,-581.2784647,352.3928211,-19.93301216,8.647313229,11.28569565,1
335.3903275,-583.4619182,248.0715907,-19.18987112,4.735502601,14.4543648,1
427.4019006,-560.4324237,133.0305231,-17.61760696,0.618682477,16.99892052,1
500.9442976,-513.185147,12.24084944,-15.2841614,-3.525248355,18.80940576,1
552.8395556,-443.7617689,-109.0777866,-12.29036884,-7.517219583,19.8075846,1
580.8451421,-355.1622586,-225.6828836,-8.765599018,-11.18472747,19.95032304,1
583.7508613,-251.2152368,-332.5356245,-4.862166628,-14.36928922,19.23145295,1
561.4311492,-136.4125315,-425.0186177,-0.748749378,-16.9332914,17.6820386,1
514.8505001,-15.71507343,-499.1354266,3.396901018,-18.76593663,15.36903428,1
446.0217878,105.6614786,-551.6832665,7.395639968,-19.7880314,12.39239105,1
357.9192846,222.4721205,-580.3914051,11.07467131,-19.95540827,8.88073756,1
254.3501342,329.669153,-584.0192872,14.27501431,-19.2608344,4.985821695,1
139.7898358,422.6203068,-562.4101425,16.85837362,-17.73432417,0.875953121,1
19.18884488,497.3089148,-516.4977597,18.7131154,-15.44184212,-3.271269817,1
-102.2413482,550.5074833,-448.2661351,19.75909134,-12.48245251,-7.276634592,1
-219.2534213,579.9171604,-360.663739,19.95110203,-8.984038415,-10.96705874,1
-326.790971,584.2670755,-257.4761045,19.28085018,-5.097775615,-14.18306924,1
-420.2070131,563.3692572,-143.1622441,17.77729916,-0.991599861,-16.78569372,1
-495.4647916,518.126756,-22.66196437,15.50542144,3.157050071,-18.66246587,1
-549.3122174,450.4946209,98.81759652,12.5633909,7.168899984,-19.7322854,1
-579.4223997,363.3954166,216.0269831,9.078340529,10.87058717,-19.94892258,1
-584.4941972,260.5929319,323.9012653,5.200868651,14.10215189,-19.30301596,1
-564.3084442,146.529536,417.7789082,1.098531161,16.72394963,-17.82247692,1
-519.7374207,26.1342122,493.6032085,-3.051399,18.62268555,-15.57128352,1
-452.7071595,-95.39043673,548.0975962,-7.069592286,19.71631023,-12.64671584,1
-366.1142167,-212.7930069,578.9072237,-10.78241185,19.95756526,-9.175152293,1
-263.7005042,-321.0002205,584.7007247,-14.02941686,19.33602537,-5.306608399,1
-149.8915914,-415.3361554,565.2277468,-16.67029558,17.87854899,-1.208254278,1
-29.60546461,-491.7243045,521.3297691,-18.59092858,15.64811758,2.942809242,1
91.9599921,-546.8637324,454.9037403,-19.70832019,12.74111403,6.967203619,1
209.5516114,-578.3717174,368.820106,-19.97418495,9.283157735,10.69102402,1
318.0879461,-584.8867156,266.7987695,-19.3770341,5.423676223,13.95335422,1
412.878852,-566.1271966,153.2483445,-17.94267214,1.329447993,16.61322022,1
489.8281615,-522.903809,33.07564759,-15.73308166,-2.822604425,18.55568208,1
545.6106897,-457.0843508,-88.52633892,-12.84374493,-6.853059763,19.69680083,1
577.8159252,-371.5130561,-206.3028691,-9.399517899,-10.58775129,19.98726566,1
585.0521938,-269.8876884,-315.1645054,-5.549234783,-13.865293,19.41452478,1
567.006797,-156.5997508,-410.4070462,-1.459276567,-16.54405358,18.00332784,1
524.4595246,-36.54471692,-487.9148077,2.693618762,-18.50827662,15.81465638,1
459.2489576,85.08951537,-544.338473,6.729993536,-19.67308279,12.9430887,1
374.1930184,203.0468068,-577.2398251,10.47542525,-19.98813769,9.512712865,1
272.9672006,312.2299084,-585.197109,13.76806384,-19.43982693,5.671764534,1
159.9457416,407.9207275,-567.8664691,16.4656256,-18.05184448,1.58622129,1
40.01259986,485.9842089,-525.9968087,18.45154173,-15.88416873,-2.567369683,1
-81.64959405,543.0470214,-461.3974273,19.6399955,-13.0304707,-6.609520678,1
-199.7834925,576.6433289,-376.8598364,19.97963065,-9.614066275,-10.36555961,1
-309.2842151,585.3213455,-276.0371304,19.45577067,-5.782587367,-13.67317804,1
-405.4199437,568.7060708,-163.2861272,18.09105293,-1.701602373,-16.38944501,1
-484.0363973,527.5154953,-43.47909802,15.94445054,2.452538493,-18.39698339,1
-541.7363495,463.5295734,78.20677614,13.10872391,6.500323754,-19.60904214,1
-576.0264317,379.5133073,196.5131244,9.70641235,10.26683784,-19.973245,1
-585.424878,279.0972638,306.3276143,5.884538818,13.58931967,-19.4738538,1
-569.5255565,166.6206876,402.904869,1.808256656,16.32419596,-18.13244861,1
-529.0155193,46.94399126,482.071528,-2.346287113,18.35328544,-16.00699514,1
-465.6453129,-74.7612762,540.4065891,-6.399563578,19.58890578,-13.18933993,1
-382.1533329,-193.2359059,575.3892388,-10.17641985,19.97766253,-9.80124139,1
-282.1474903,-303.3602934,585.5077837,-13.51364791,19.50275651,-5.989108313,1
-169.9493038,-400.3756706,570.3249744,-16.26703723,18.18470969,-1.917673153,1
-50.40715621,-480.0897443,530.4969005,-18.31760652,16.08047841,2.2371265,1
71.31321782,-539.0578572,467.7446394,-19.57674519,13.28099212,6.295750657,1
189.9519566,-574.7318399,384.7798833,-19.99004252,9.907224105,10.08281533,1
300.3823641,-585.5701246,285.1877605,-19.53963882,6.104963896,13.43467133,1
397.8324481,-571.1043601,173.271912,-18.24499722,2.038517305,16.20647601,1
478.0911309,-531.9596507,53.86851977,-16.16206262,-2.116393657,18.27845227,1
537.6902209,-469.8275435,-67.86267744,-13.38084419,-6.180224195,19.56106448,1
574.0542827,-387.3929324,-186.6613502,-10.02152577,-9.977365344,19.99888751,1
585.6119281,-288.2180368,-297.3938914,-6.22927245,-13.3437325,19.57300185,1
571.8637207,-176.5884679,-395.2752527,-2.167957601,-16.13385594,18.30181111,1
533.403757,-57.32803708,-476.0757199,1.98691855,-18.22716699,16.24024681,1
471.8939945,64.4096948,-536.3036893,6.055812738,-19.53320807,13.47739461,1
389.992434,183.3641159,-573.35655,9.862897211,-19.99554165,10.1326447,1
291.2382602,294.3948888,-585.633149,13.24365771,-19.59418904,6.350532592,1
179.8989041,392.7040779,-572.602982,16.05200257,-18.34649374,2.294493414,1
60.7856358,474.0434812,-534.829117,18.16657574,-16.30637197,-1.860200603,1
-60.95434286,534.8982063,-473.9438634,19.49600088,-13.5619828,-5.934014086,1
-180.060323,572.6385584,-392.5782354,19.98282999,-10.2319186,-9.750906726,1
-291.385418,585.6336763,-294.2482584,19.60602591,-6.46008027,-13.14594045,1
-390.1189737,573.3220065,-183.2030328,18.38187133,-2.409458992,-15.97240682,1
-471.9944501,536.2355688,-64.24111868,16.36326525,1.744907119,-18.10816673,1
-533.4737898,475.9769671,57.49682265,13.63743703,5.823496853,-19.46092833,1
-571.9003066,395.1501362,176.7501704,10.32217697,9.650063501,-19.97223521,1
-585.6134884,297.2478188,288.3656696,6.560746299,13.05925094,-19.61999245,1
-574.020752,186.5006349,387.5201172,2.515686463,15.90373912,-18.41942145,1
-537.6230505,67.69426535,469.9287852,-1.638204715,18.06061014,-16.42240209,1
-477.9932256,-54.03734996,532.0305755,-5.721426523,19.43665988,-13.71523093,1
-397.7080408,-173.4338636,571.1419044,-9.55753206,19.97242558,-10.41489207,1
-300.2368329,-285.3358341,585.572667,-12.98075298,19.64475541,-6.664001977,1
-189.7915926,-384.9076791,574.6992717,-15.84316277,18.46780887,-2.624646633,1
-71.14495296,-467.8466339,538.9915868,-18.02106908,16.49244499,1.528622629,1
50.5760486,-530.5686852,479.9926366,-19.42035877,13.80402453,5.616331952,1
170.1115232,-570.3634461,400.2519229,-19.98056479,10.51872131,9.461840497,1
282.2960246,-585.5112789,303.2152544,-19.67747914,6.778502054,12.89897357,1
382.2817614,-575.3576055,193.0758441,-18.52419895,2.744991632,15.77920346,1
465.7480836,-540.341193,74.59310943,-16.57056054,-1.407511208,17.97806774,1
529.0881889,-481.975194,-47.11299494,-13.9009858,-5.499565733,19.40054759,1
569.5649827,-402.7817588,-166.783224,-10.63083418,-9.354343344,19.98517385,1
585.4293549,-306.1830468,-279.2463081,-6.901417625,-12.80526881,19.70668323,1
575.9957636,-196.3533457,-379.6424179,-2.873894167,-15.70321842,18.57711003,1
541.6718595,-78.0386895,-463.63317,1.277696185,-17.92296405,16.64526609,1
483.9408699,43.64823016,-527.5891,5.373952155,-19.36858453,13.9946315,1
405.2975047,163.4489973,-568.7465019,9.237863615,-19.97761074,10.73974722,1
309.1401532,276.1867015,-585.3268547,12.70246066,-19.72372502,7.021265457,1
199.624031,376.9896462,-576.6136771,15.61802883,-18.61789843,2.999871681,1
81.4816213,461.5018675,-542.9834888,17.85857866,-16.70791665,-1.150658991,1
-40.18182744,526.0713672,-485.8895398,19.32729002,-14.07631507,-5.250971095,1
-160.1089134,567.9079252,-407.7990117,19.960696,-10.83681219,-9.123879247,1
-273.1172678,585.2036722,-312.0864044,19.73142544,-7.129395533,-12.60202479,1
-374.3234983,577.211213,-202.8877147,18.64938573,-3.114272441,-15.53510781,1
-459.3542141,544.2759231,-84.92170893,16.76133471,1.035052941,-17.79638201,1
-524.5350115,487.821024,36.7139875,14.14886009,5.139277228,-19.28813173,1
-567.0492545,410.2860824,156.763172,10.92485387,9.021045971,-19.94589451,1
-585.0597892,315.0215898,270.0381995,7.228633955,12.51261762,-19.74124669,1
-577.7883327,206.1441786,371.6441541,3.219923866,15.46311208,-18.68303169,1
-545.5491038,88.35873194,457.1903719,-0.928049348,17.74503064,-16.81697781,1
-489.7352456,-33.24492717,522.9801728,-5.036040706,19.25976554,-14.22372225,1
-412.7586236,-153.4119806,566.1706042,-8.926532948,19.94186108,-11.0153265,1
-317.9456027,-266.9496898,584.8952925,-12.43140753,19.76184209,-7.330433936,1
-209.3933062,-368.9517878,578.345094,-15.39920948,18.72748771,-3.328278598,1
-91.7925681,-455.0104922,546.8030603,-17.70169216,16.88349516,0.818195688,1
29.77477035,-521.406977,491.6322066,-19.23935915,14.3095483,4.929808694,1
150.0554606,-565.2720732,415.2166127,-19.94576375,11.11687424,8.828886639,1
263.8518534,-584.7102532,320.8583998,-19.79038034,7.443436953,12.34693995,1
366.2465034,-578.8815413,212.6350378,-18.77992344,3.447975481,15.33194415,1
452.8146651,-548.0378117,95.22314658,-16.95805758,-0.696855624,17.65490921,1
519.8154974,-493.5119042,-26.30359323,-14.40351043,-4.811947145,19.21545361,1
564.3537159,-417.6600286,-146.6936874,-11.22667077,-8.719474994,19.94614204,1
584.5047055,-323.7599464,-260.7447591,-7.564818307,-12.25058446,19.81539948,1
579.3976882,-215.8693305,-363.5283577,-3.576191432,-15.25268688,18.82887563,1
549.2533518,-98.65042185,-450.6029299,0.566850665,-17.59605338,17.02920079,1
495.3743134,22.83143818,-518.2057516,4.685276102,-19.17942083,14.49414369,1
420.0888299,143.3266947,-563.4155246,8.601116748,-19.93436769,11.33325087,1
326.6501876,257.6284266,-584.2786142,12.1451587,-19.82827068,7.683112899,1
219.0961192,360.7973515,-579.8934708,15.16425447,-18.8657145,3.701461947,1
102.0743226,448.3752653,-550.4495879,17.52794089,-17.08829376,-0.439644267,1
-19.35837854,516.5776928,-497.2193143,19.13407678,-14.57281552,-4.561257537,1
-139.9545537,562.4574256,-422.5028719,19.91325673,-11.42798028,-8.485271996,1
-254.5029207,584.0318781,-329.5289574,19.83181031,-7.789684729,-12.04212055,1
-358.0535395,580.3687607,-222.3152212,18.89325704,-3.815149297,-15.07810232,1
-446.1317119,551.6263664,-105.4946545,17.13815432,0.323875772,-17.46202447,1
-514.9313453,499.0467308,15.8846145,14.64234481,4.448532196,-19.0908714,1
-561.4794244,424.90196,136.5774644,11.51367911,8.380582599,-19.89425632,1
-583.7644824,332.3960471,251.3684354,7.887355194,11.95011263,-19.83746285,1
-580.8235228,225.526419,355.2971038,3.920076196,15.00287339,-18.92294522,1
-552.7836323,108.9111972,443.872435,-0.216721183,17.40694699,-17.19022219,1
-500.8564891,-12.4103638,513.2668529,-4.3442749,19.05844701,-14.71416937,1
-427.2860035,-133.1956362,560.4816397,-8.284222352,19.88600777,-11.60178362,1
-335.2513523,-248.2251664,583.4765187,-11.86630791,19.85386816,-7.98755946,1
-228.7295979,-352.528222,581.2578199,-14.9357401,18.96341706,-4.027677164,1
-112.3238292,-441.5975901,553.9214193,-17.35988057,17.25313324,0.106746174,1
8.9357503,-511.5843458,502.6485955,-19.03397575,14.79692265,4.23705108,1
129.8091912,-559.464175,429.6549838,-19.88568352,11.70092471,8.184756048,1
245.0732299,-583.1680626,338.0948327,-19.87819931,8.098925754,11.7792702,1
349.7470002,-581.6717006,231.9247004,-19.01184653,4.146577784,14.86526498,1
439.3072697,-555.0397508,115.7324811,-17.32406258,0.014672304,17.30938629,1
509.8839003,-504.4230505,-5.460849789,-14.88778109,-4.118240023,19.00601713,1
558.4270879,-432.0088824,-126.4182055,-11.80828028,-8.073565021,19.88184152,1
582.839152,-340.9264556,-241.9126963,-8.218633581,-11.68038254,19.89901274,1
582.0651821,-235.1116845,-346.9534977,-4.273959175,-14.78283236,19.05678874,1
556.1386237,-119.1371072,-437.0015165,-0.144716952,-17.24684934,17.39156424,1
506.1798324,1.985705738,-508.1655381,3.990657534,-18.96595673,14.975298,1
434.3476607,123.0227148,-557.3703755,7.953463741,-19.86586729,11.9124033,1
343.7461681,238.7435883,-582.4897564,11.57245826,-19.90769346,8.335235956,1
238.2904865,344.147719,-582.4382055,14.6912547,-19.08962782,4.398374871,1
122.537637,434.6803135,-557.2179505,17.17508156,-17.44702113,0.271942279,1
1.489608545,506.4292172,-507.9188257,18.91660607,-15.05085479,-3.865747699,1
-119.6227909,556.2939687,-436.6711778,19.84057233,-12.00467351,-7.835894479,1
-235.565972,582.1197794,-346.5538074,19.90705329,-8.440110877,-11.46693747,1
-341.3297207,582.790647,-241.4609263,19.11317615,-4.511201128,-14.60196965,1
-432.3437039,558.2775816,-125.9338778,17.49324645,-0.387722899,-17.10551795,1
-504.6749646,509.6398582,-4.964893525,15.11726568,3.752137347,-18.86939741,1
-555.1978765,438.9792422,116.2186343,12.08790632,7.729485238,-19.81738611,1
-581.7292099,349.3491673,232.3800426,8.536075042,11.37244899,-19.90851898,1
-583.1224751,244.6227877,338.4996874,4.615255962,14.52360646,-19.13885794,1
-559.3174655,129.3256094,429.991856,0.494878123,17.04678775,-17.54166211,1
-511.3428589,8.439930766,502.9029282,-3.647005964,18.83295949,-15.18595062,1
-441.271766,-112.810456,554.0822221,-7.631414445,19.80493647,-12.17352007,1
-352.1321454,-229.1859987,581.3181441,-11.28617041,19.92071699,-8.634545615,1
-247.7759575,-335.6577999,583.4337574,-14.4533421,19.17529788,-4.721955814,1
-132.7127114,-427.6249294,560.3376408,-16.99606758,17.60089071,-0.60482412,1
-11.91459653,-501.1132424,513.027839,-18.80446891,15.26552982,3.538937211,1
109.3983787,-552.9471133,443.5487346,-19.80040024,12.27013241,7.530265185,1
225.9839575,-580.8866622,354.9027048,-19.94082472,8.744137595,11.19668386,1
332.8041661,-583.7245469,250.9203808,-19.21967422,4.839913028,14.37975748,1
425.2430189,-561.3381347,136.0951158,-17.66811157,0.726170675,16.94193694,1
499.3059866,-514.6948023,15.38881561,-15.35318393,-3.419323675,18.77250361,1
551.7926112,-445.8101322,-105.982479,-12.37492547,-7.417432147,19.79235379,1
580.4348055,-357.6608146,-222.773991,-8.862034679,-11.0953858,19.95741702,1
583.9948643,-254.0560164,-329.9388478,-4.966312917,-14.29425044,19.26056045,1
562.3189477,-139.4727771,-422.8461706,-0.856104697,-16.87579458,17.73189708,1
516.34373,-18.86254363,-497.4811864,3.290976939,-18.72846279,15.4374845,1
448.0559228,102.5627944,-550.6187171,7.295725549,-19.77219634,12.47647038,1
360.4064241,219.5561245,-579.9625486,10.98508528,-19.96189269,8.976807987,1
257.1828025,327.0618532,-584.2446557,14.19962908,-19.28935454,5.08972704,1
142.8456255,420.4343715,-563.2799971,16.80044794,-17.78364403,0.983198637,1
22.3357074,495.6388041,-517.9745115,18.67515356,-15.50982691,-3.165323214,1
-99.13939724,549.4253671,-450.2859699,19.74273493,-12.56616085,-7.176569856,1
-216.3304255,579.4697997,-363.1393743,19.95705901,-9.079849493,-10.87720466,1
-324.1732407,584.473802,-260.3005614,19.30886429,-5.201545618,-14.10731335,1
-418.0076674,564.2211377,-146.2134703,17.826161,-1.098841052,-16.72731437,1
-493.7788702,519.5869784,-25.80810825,15.57302071,3.05097543,-18.62399051,1
-548.2125733,452.500085,95.71248825,12.64680762,7.06857922,-19.71538136,1
-578.9565514,365.859461,213.0970904,9.173971204,10.78035897,-19.95432504,1
-584.6822754,263.4090786,321.2731969,5.304581978,14.02591881,-19.33049619,1
-565.1423214,149.5760917,415.5662297,1.20584657,16.66500947,-17.87085214,1
-521.181063,29.27952718,491.9015358,-2.945117735,18.58358882,-15.63846803,1
-454.6981831,-92.28227999,546.9804631,-6.968936703,19.69874997,-12.72981114,1
-368.5665843,-209.8563202,578.4229045,-10.69173039,19.96230385,-9.270572321,1
-266.5082423,-318.3619059,584.8701482,-13.95262695,19.36286161,-5.410234519,1
-152.9333702,-413.1102215,566.0435917,-16.61071435,17.92632676,-1.315613246,1
-32.74984073,-490.0069399,522.7567807,-18.55112954,15.71477583,2.836351977,1
88.84889553,-545.7291491,456.8802535,-19.69002202,12.82377585,6.866243644,1
206.6082332,-577.8689438,371.2607106,-19.97817718,9.378254636,10.59991937,1
315.4394775,-585.0374779,269.5980004,-19.40314308,5.527102374,13.87603706,1
410.6397403,-566.9249799,156.2852396,-17.98976846,1.436737631,16.5530269,1
488.0951647,-524.3141391,36.21897444,-15.799129,-2.716084015,18.51520901,1
544.4586953,-459.0462836,-85.41241176,-12.92588806,-6.751908055,19.67779224,1
577.2947139,-373.9418112,-203.3529027,-9.494206037,-10.49633576,19.99053826,1
585.1842886,-272.678313,-312.5059756,-5.652375041,-13.78756041,19.43993243,1
567.7864897,-159.6316545,-408.1548352,-1.566410824,-16.4833594,18.04976789,1
525.8531227,-39.68688318,-486.1662395,2.587121221,-18.46724005,15.88011732,1
461.1962399,81.97286791,-543.1691078,6.628735912,-19.65347357,13.02473708,1
376.6098376,200.0903567,-576.7001943,10.38378431,-19.99079964,9.60701573,1
275.7491197,309.5614118,-585.3105315,13.69000079,-19.46464147,5.774642089,1
162.9725464,405.6554972,-568.6280436,16.40451492,-18.09773574,1.69322321,1
43.15349403,484.2201314,-527.3736254,18.41002532,-15.94915008,-2.460871949,1
-78.53033688,541.8603273,-463.3299904,19.61986855,-13.11173056,-6.508133892,1
-196.8206638,576.0852983,-379.2646345,19.98176407,-9.708089642,-10.27366967,1
-306.6058464,585.4160923,-278.8102459,19.48007342,-5.885307686,-13.59476048,1
-403.1417746,569.4495008,-166.3077263,18.13647598,-1.808577271,-16.32789316,1
-482.2568735,528.8754828,-46.61860932,16.00903219,2.34593524,-18.35496179,1
-540.532369,465.4473497,75.08501927,13.18967458,6.398702311,-19.58837137,1
-575.4500217,381.9060002,193.5440214,9.800235102,10.1745931,-19.97482299,1
-585.5009466,281.8614785,303.6394681,5.987180475,13.51044131,-19.49761709,1
-570.2508166,169.6369751,400.6138415,1.915282957,16.26209609,-18.17737502,1
-530.3586305,50.08200969,480.2766208,-2.239499903,18.31065112,-16.071148,1
-467.5482358,-71.63712903,539.1853648,-6.297628863,19.56758288,-13.26995173,1
-384.5338371,-190.2606328,574.7944699,-10.08374135,19.97857605,-9.894833387,1
-284.9027078,-300.6624638,585.5651716,-13.43422935,19.52587051,-6.091640857,1
-172.9601744,-398.071865,571.0320393,-16.20430933,18.22902891,-2.02472025,1
-53.54357206,-478.2795163,531.8230884,-18.27427877,16.14409125,2.130185934,1
68.18678957,-537.8194316,469.6326421,-19.55468875,13.36115325,6.1935331,1
186.9706172,-574.1187324,387.1481152,-19.99020934,10.0004731,9.989733165,1
297.6749453,-585.6088293,287.933884,-19.56202054,6.207274775,13.35474218,1
395.5159446,-571.7932045,176.2772599,-18.28862551,2.145472489,16.14314912,1
476.265645,-533.2688679,57.00322289,-16.22505103,-2.009412434,18.23445946,1
536.4346368,-471.7005589,-64.73407788,-13.46046966,-6.077836327,19.53830208,1
573.4228574,-389.7488081,-183.6740493,-10.11434632,-9.883991734,19.99833445,1
585.6319473,-290.954969,-294.6769784,-6.331275906,-13.26340452,19.59467731,1
572.5343193,-179.5881866,-392.9461326,-2.274734961,-16.07004122,18.34477373,1
534.6959566,-60.46091648,-474.2350401,1.879982575,-18.18261959,16.30263536,1
473.7519558,61.27903474,-535.0309906,5.953340293,-19.50984945,13.55650841,1
392.3358696,180.3709593,-572.7068289,9.769317559,-19.99437765,10.22506032,1
293.9659039,291.6685779,-585.6344818,13.16301583,-19.61526641,6.452251813,1
182.8928871,390.3624238,-573.255311,15.98778438,-18.38889812,2.401115966,1
63.91658029,472.187673,-536.1042533,18.12155742,-16.3682674,-1.75328687,1
-57.82173339,533.6084384,-475.786705,19.47212895,-13.64069108,-5.831433903,1
-177.061417,571.9705651,-394.9091481,19.98113718,-10.32403497,-9.65709756,1
-288.649806,585.6163233,-296.9665173,19.62658652,-6.561620595,-13.06496075,1
-387.7648689,573.9560436,-186.1911746,18.42379804,-2.516031895,-15.90776064,1
-470.1235797,537.4935975,-67.37001785,16.42474746,1.637910486,-18.06265231,1
-532.166999,477.8046247,54.36237425,13.71581907,5.720703648,-19.43651716,1
-571.2140653,397.4684447,173.7456206,10.41407291,9.555919239,-19.96998687,1
-585.5774509,299.9565978,285.6208531,6.662186214,12.97782739,-19.64000881,1
-574.6364756,189.4828308,385.1536448,2.622288026,15.83855836,-18.46084224,1
-538.8639282,70.82100956,468.0429186,-1.531046888,18.01449236,-16.48344211,1
-479.8056356,-50.90117247,530.7068081,-5.618341852,19.41160149,-13.79325718,1
-400.0136641,-170.4237755,570.4374395,-9.462973954,19.96951297,-10.50653754,1
-302.9360374,-282.5819092,585.5179466,-12.89880639,19.66411799,-6.765311117,1
-192.7677384,-382.528922,575.2966604,-15.77736768,18.50861348,-2.731246306,1
-74.26943288,-465.945837,540.2152699,-17.97426751,16.55293189,1.421334178,1
47.43825165,-529.2279871,481.7897355,-19.39457198,13.88158347,5.512986242,1
167.0960018,-569.640782,402.5447801,-19.97690595,10.61000431,9.366898671,1
279.5330875,-585.437877,305.9047895,-19.6961052,6.879568078,12.81653362,1
379.8908024,-575.9366377,196.0458352,-18.56430388,2.851476893,15.71282313,1
463.8324225,-541.5476379,77.71521536,-16.63041013,-1.300204676,17.9306108,1
527.7306066,-483.7569178,-43.97368873,-13.97799265,-5.396071386,19.37406009,1
568.8241439,-405.0617686,-163.7623752,-10.72166946,-9.259129903,19.98079569,1
585.3372731,-308.8628174,-276.4744558,-7.002154948,-12.72244716,19.72459889,1
576.556418,-199.317077,-377.2393411,-2.980179249,-15.63636396,18.61654063,1
542.8610228,-81.15831087,-461.7027119,1.170457359,-17.87496218,16.70450303,1
485.7071551,40.50752586,-526.214681,5.270394815,-19.34150601,14.0711103,1
407.564586,160.4229282,-567.9875142,9.142463903,-19.97262217,10.83015833,1
311.810064,273.4060321,-585.2160961,12.61934221,-19.74103841,7.121697269,1
202.5813972,374.5745366,-577.1559338,15.55078456,-18.65676207,3.105979575,1
84.5986474,459.556681,-544.1553284,17.81011552,-16.76664761,-1.043464918,1
-37.03983649,524.6801605,-487.640324,19.2997034,-14.15237188,-5.147327682,1
-157.0777314,567.1308159,-410.0530845,19.95517914,-10.92690469,-9.028269898,1
-270.3278801,585.0742413,-314.7463612,19.74821789,-7.229627049,-12.51858574,1
-371.8964419,577.7350536,-205.8386116,18.687763,-3.220308154,-15.46744938,1
-457.3943686,545.4303984,-88.03602984,16.81963956,0.927798659,-17.74743259,1
-523.1270669,489.5562462,33.57082071,14.22457418,5.035442664,-19.26001125,1
-566.2540518,412.5270678,153.726984,11.01470653,8.925121635,-19.93982283,1
-584.9116914,317.6714994,267.240192,7.32874358,12.4287522,-19.75749089,1
-578.2937393,209.0885028,369.2052366,3.325965599,15.39493317,-18.72089449,1
-546.686175,91.47023853,455.2159364,-0.8206567,17.69548797,-16.87482777,1
-491.4548454,-30.10069469,521.5555401,-4.931936712,19.23100352,-14.2990642,1
-414.9864435,-150.3708929,565.3573364,-8.830215067,19.93512614,-11.10490942,1
-320.5853727,-264.1431605,584.7285331,-12.34703676,19.77742881,-7.430391392,1
-212.3309547,-366.5010945,578.8320492,-15.33043056,18.76472608,-3.434295863,1
-94.90115159,-453.0215359,547.9226875,-17.65147605,16.94077955,0.71069521,1
26.62958211,-519.9657059,493.3361237,-19.20987467,14.38440684,4.825465691,1
147.0095795,-564.4407684,417.4311889,-19.93828385,11.20607563,8.732205358,1
261.0369002,-584.5248376,323.4879374,-19.8052271,7.543130117,12.26209355,1
363.7841198,-579.3500274,215.5659076,-18.81645414,3.553855945,15.26259438,1
450.8112571,-549.1399549,98.32869781,-17.01469247,-0.589359696,17.60404817,1
518.3576377,-495.2000781,-23.15755967,-14.47780101,-4.707477401,19.18527445,1
563.5044025,-419.8612826,-143.6431199,-11.31540561,-8.622542309,19.93794418,1
584.3006395,-326.3791586,-257.9214809,-7.664161771,-12.16537402,19.82953248,1
579.8476878,-218.7933177,-361.0543701,-3.681849477,-15.1828773,18.86472408,1
550.3379714,-101.7528308,-448.5851405,0.459444956,-17.54465779,17.0852109,1
497.0466837,19.68467072,-516.7313544,4.580765168,-19.14865664,14.56789041,1
422.2766833,140.2715489,-562.5482322,8.504017937,-19.92556075,11.42154271,1
329.2589812,254.7969235,-584.0559047,12.05966906,-19.84179803,7.78212986,1
222.01312,358.3118478,-580.3249678,15.09406939,-18.90098805,3.806920545,1
105.1734793,446.3431662,-551.5166455,17.47609441,-17.1437857,-0.33230587,1
-16.21098882,515.0868107,-498.8758219,19.10281047,-14.64612436,-4.456682408,1
-136.894938,561.5721855,-424.6772475,19.90392285,-11.51593462,-8.387983794,1
-251.6632932,583.7905334,-332.1272402,19.84481335,-7.888480283,-11.95632805,1
-355.556608,580.7817406,-225.2251326,18.92803626,-3.920513309,-15.00751753,1
-444.0853754,552.675825,-108.5904496,17.19320796,0.216499899,-17.40970224,1
-513.4240316,500.6873181,12.73671353,14.71529501,4.343787995,-19.05907739,1
-560.5762684,427.0627817,133.5134866,11.60137465,8.282999883,-19.88436913,1
-583.504512,334.9837284,248.5207836,7.986007666,11.86391174,-19.84991442,1
-581.2179719,228.4291393,352.7888326,4.025423717,14.93178285,-18.95720217,1
-553.8154556,112.0035221,441.8119335,-0.109229809,17.35404233,-17.24480888,1
-502.4810989,-9.262061888,511.7431608,-4.239283509,19.02601793,-14.78673164,1
-429.4331961,-130.1274038,559.5605999,-8.186266752,19.87545914,-11.68919056,1
-337.8283416,-245.3695901,583.1979318,-11.77961987,19.86565936,-8.086038667,1
-231.6250255,-350.0086989,581.6337244,-14.86406449,18.99704209,-4.132977773,1
-115.4125759,-439.5229955,554.9355714,-17.30631354,17.30714261,-0.000830203,1
5.787157528,-510.0443285,504.257171,-19.00083092,14.86898601,4.131842911,1
126.7368114,-558.5252833,431.7884719,-19.87439201,11.78793154,8.086457725,1
242.2098288,-582.8708686,340.6610397,-19.88924791,8.197119795,11.69212477,1
347.2163131,-582.0290468,234.8127337,-19.04475665,4.251719344,14.79303354,1
437.2186542,-556.0361953,118.8175411,-17.37741093,0.12222147,17.25518548,1
508.3276112,-506.0155345,-2.312076716,-14.9592612,-4.012927201,18.97218442,1
557.4703765,-434.1285903,-123.3417862,-11.89480216,-7.975035858,19.86983423,1
582.5233604,-343.4817893,-239.0415711,-8.316457226,-11.59289121,19.90934504,1
582.4039565,-237.9922212,-344.4117354,-4.37885622,-14.71015606,19.08900947,1
557.1173248,-122.2183713,-434.8989535,-0.252153366,-17.19212508,17.44427637,1
507.7561678,-1.163136128,-506.5930317,3.885325516,-18.93154575,15.04621902,1
436.4535129,119.9423649,-556.3958778,7.854788945,-19.85325305,11.99846383,1
346.2905375,235.8648406,-582.1553781,11.48470584,-19.91741753,8.432712416,1
241.1634243,341.5949717,-582.7583959,14.61821781,-19.12126645,4.503050358,1
125.6149957,432.5638776,-558.1788733,17.11991748,-17.4992036,0.379288804,1
4.638407474,504.8405495,-509.478957,18.88169974,-15.12132263,-3.760373548,1
-116.5386198,555.3017198,-438.7630999,19.82743329,-12.09037808,-7.737050882,1
-232.6797039,581.7668268,-349.0871229,19.91625047,-8.537345131,-11.3789004,1
-338.7660791,583.0922429,-244.3261638,19.14431325,-4.615759777,-14.52854811,1
-430.2134704,559.2206931,-129.0072227,17.54497912,-0.495084154,-17.04988936,1
-503.0701924,511.1837309,-8.113538473,15.18735956,3.646616384,-18.83397031,1
-554.187912,441.0571613,113.1307507,12.1733336,7.63036794,-19.80369609,1
-581.3576963,351.8713402,229.4863561,8.633145345,11.28402201,-19.91716229,1
-583.4054665,247.4802246,335.9252419,4.71977577,14.4496945,-19.16946576,1
-560.2427331,132.3948329,427.8479002,0.602332004,16.99058827,-17.59291649,1
-512.8704195,11.58831139,501.2821081,-3.541260228,18.79690455,-15.25564139,1
-443.3356095,-109.7189682,553.0545777,-7.531945259,19.79058763,-12.25864038,1
-354.6430876,-226.2849951,580.9280827,-11.19727495,19.92869782,-8.731421881,1
-250.625494,-333.0726407,583.6981347,-14.37886063,19.20526705,-4.826406429,1
-135.7777061,-425.4673262,561.2450323,-16.9392175,17.6515567,-0.712340173,1
-15.06260275,-499.4764311,514.5390339,-18.76770571,15.33470675,3.432997096,1
106.3033947,-551.9018248,445.5984301,-19.7853114,12.35483449,7.430474283,1
223.0757381,-580.4780663,357.4023282,-19.94806112,8.840708147,11.10734972,1
330.2083834,-583.9703002,253.7619168,-19.24892202,4.944182513,14.3047358,1
423.0718435,-562.2276175,139.155774,-17.71810574,0.833636859,16.88446492,1
497.6532408,-516.1895777,18.53633689,-15.42176293,-3.313301165,18.73506009,1
550.7297145,-447.8456071,-102.8841074,-12.45912468,-7.317431296,19.77655214,1
580.0076886,-360.1490307,-219.858658,-8.958214472,-11.00572438,19.96393538,1
584.221984,-256.8894513,-327.3325327,-5.070315963,-14.21879944,19.28911247,1
563.1904897,-142.5289905,-420.6614992,-0.963435597,-16.8178109,17.78124428,1
517.8220325,-22.0094685,-495.812564,3.184957386,-18.69044854,15.50548978,1
450.0771044,99.46114501,-549.5382494,7.19559988,-19.75579069,12.56019037,1
362.8831443,216.6337812,-579.5169255,10.89518134,-19.96780104,9.07262025,1
260.0080355,324.4450981,-584.4531336,14.123833,-19.31731804,5.193486595,1
145.8972857,418.2362816,-564.1335672,16.74203623,-17.83245079,1.090417081,1
25.4819242,493.9543646,-519.4362888,18.63665149,-15.57736432,-3.059283749,1
-96.03458017,548.3273671,-452.292787,19.72580742,-12.64950692,-7.076296293,1
-213.4011755,579.0056867,-365.6045112,19.96243869,-9.175399093,-10.78703476,1
-321.5461385,584.6636316,-263.117493,19.33631985,-5.305166265,-14.03114828,1
-415.7962372,565.0567067,-149.2604695,17.87450715,-1.206051495,-16.66845009,1
-492.0786736,521.0321796,-28.95350603,15.64016944,2.944811566,-18.58497537,1
-547.0970804,454.4924675,92.60461295,12.7298584,6.968053083,-19.69790599,1
-578.4739657,368.3129285,210.1610372,9.269336328,10.68981809,-19.95914927,1
-584.8534505,266.2176102,318.6358404,5.408141618,13.94927922,-19.35741623,1
-565.9598605,152.6183233,413.3415372,1.313126786,16.6055865,-17.91870937,1
-522.6096379,32.42399571,490.1856422,-2.838751659,18.54395383,-15.70519908,1
-456.6760615,-89.17145537,545.8475168,-6.868079982,19.6806192,-12.81253707,1
-371.0082966,-206.9135665,577.9218631,-10.60074016,19.96646431,-9.365722984,1
-269.3082757,-315.7143874,585.0226631,-13.875434,19.38913704,-5.513702878,1
-155.9707277,-410.8723447,566.8430724,-16.55065324,17.97358526,-1.422932828,1
-35.89327007,-488.2754093,524.1686794,-18.51079453,15.78097875,2.729814066,1
85.73523034,-544.5787888,458.8435585,-19.67115494,12.90606591,6.765086519,1
203.6588819,-577.349464,373.6905821,-19.98159218,9.473079393,10.50850963,1
312.7818894,-585.1713267,272.3894373,-19.42869144,5.630367717,13.79832009,1
408.388757,-567.7063734,159.3176164,-18.03634503,1.543984713,16.49235639,1
486.3480571,-525.7093113,39.3612542,-15.86471993,-2.609486103,18.47420202,1
543.2909607,-460.9949454,-82.29601534,-13.00765784,-6.650562169,19.65821613,1
576.7568131,-376.3597557,-200.3970574,-9.588620029,-10.4046178,19.99323428,1
585.2994658,-275.4610545,-309.8384113,-5.755352222,-13.70943024,19.46477943,1
568.5497678,-162.6589433,-405.8908245,-1.673500128,-16.4221897,18.09568748,1
527.2315184,-42.82790209,-484.4036163,2.480548555,-18.42567061,15.94512053,1
463.1301891,78.85385064,-541.9840397,6.527286319,-19.63329719,13.10601027,1
379.0157692,197.1281221,-576.1438912,10.29184285,-19.99288468,9.701042208,1
278.5230669,306.8839658,-585.4070327,13.61154163,-19.4888943,5.877354051,1
165.9946396,403.3785394,-569.3731791,16.34292965,-18.14310482,1.80017753,1
46.29314063,482.4420552,-528.7351958,18.36797635,-16.01367135,-2.35430172,1
-75.40880941,540.657968,-465.2491586,19.59917407,-13.19261239,-6.406557605,1
-193.852145,575.5106131,-381.6584682,19.98331949,-9.801833369,-10.18148138,1
-303.9186138,585.4939148,-281.575301,19.50381267,-5.987858881,-13.51594855,1
-400.8519507,570.1764681,-169.3245174,18.18137437,-1.915500902,-16.26586793,1
-480.4634077,530.2201806,-49.7567729,16.0731507,2.239263148,-18.3124082,1
-539.3127618,467.3516701,71.9610917,13.27024361,6.296894863,-19.56713294,1
-574.8569754,384.2876522,190.5693231,9.893774198,10.08205318,-19.97582216,1
-585.5600884,284.6175447,300.9425437,6.089648713,13.43117135,-19.52081535,1
-570.9595908,172.6483584,398.3112324,2.022253556,16.19952507,-18.22177458,1
-531.686409,53.21858027,478.4678288,-2.132648282,18.26748641,-16.1348349,1
-469.4376419,-68.51091084,537.9485527,-6.195512416,19.54569328,-13.35017855,1
-386.9032244,-187.2798592,574.1830836,-9.990771655,19.97891097,-9.988137975,1
-287.6496887,-297.9559421,585.6056309,-13.35442273,19.548419,-6.193995943,1
-175.9660447,-395.7565511,571.7225958,-16.1411133,18.27282011,-2.131707462,1
-56.67843997,-476.4554613,533.1339013,-18.23042305,16.20723635,2.023185134,1
65.05839004,-536.5654577,471.5070677,-19.53206731,13.44092709,6.091137838,1
183.9838726,-573.4890273,389.5051547,-19.98979858,10.09343197,9.896363549,1
294.9589207,-585.6306041,290.6716834,-19.58383705,6.309405184,13.2744283,1
393.1880068,-572.4655183,179.2775115,-18.3317254,2.25236463,16.07935688,1
474.4263904,-534.5626684,60.13627806,-16.28757071,-1.902374138,18.18994084,1
535.1635444,-473.5599375,-61.60360688,-13.53970633,-5.975273768,19.51497618,1
572.7748546,-392.0934161,-180.6814385,-10.2068748,-9.790333396,19.99720458,1
585.635036,-293.6834897,-291.9515463,-6.433096657,-13.18269411,19.61578763,1
573.188366,-182.5827135,-390.6056525,-2.381446891,-16.00576294,18.38720736,1
535.9726982,-63.59204795,-472.3806503,1.772991918,-18.13754755,16.36455396,1
475.596221,58.14660313,-533.7428241,5.850695406,-19.48592782,13.63523165,1
394.6679627,177.3725883,-572.040551,9.675455146,-19.99263663,10.3171817,1
296.685049,288.933835,-585.618884,13.08199308,-19.63577772,6.55378585,1
185.8815828,388.0094845,-573.8910673,15.92310364,-18.4307719,2.507670451,1
67.04567696,470.318214,-537.363891,18.07601488,-16.42969065,-1.6463211,1
-54.6874523,532.303244,-477.6157917,19.44769376,-13.71900602,-5.728683785,1
-174.0573921,571.2860362,-397.2286441,19.97886639,-10.41585389,-9.563007861,1
-285.9058493,585.5820402,-299.6761909,19.6465794,-6.662972242,-12.98360199,1
-385.399554,574.5734877,-189.1739337,18.4651918,-2.622533076,-15.84265322,1
-468.2391181,538.7360874,-70.49696936,16.48575449,1.530865484,-18.01661434,1
-530.8448233,479.6184691,51.22635423,13.79380426,5.617744041,-19.41154274,1
-570.5113103,399.7752624,170.7360479,10.50566744,9.4614977,-19.96715985,1
-585.5244845,302.6567051,282.8677794,6.763433196,12.89602764,-19.65945603,1
-575.2355866,192.4595488,382.7760378,2.728813448,15.7729187,-18.50172798,1
-540.0892273,73.94570635,466.143521,-1.423845129,17.96785276,-16.54400425,1
-481.6041745,-47.76352342,529.3676979,-5.515095086,19.3859809,-13.87088333,1
-402.307723,-167.4087604,569.7164834,-9.368142605,19.96602203,-10.59787792,1
-305.626484,-279.819815,585.446299,-12.81648723,19.68291106,-6.866423325,1
-195.7383113,-380.139106,575.8774173,-15.71111679,18.54888198,-2.837765671,1
-77.39176569,-464.0315697,541.4233354,-17.92694663,16.61293923,1.314005984,1
44.29908327,-527.8719891,483.5729058,-19.36822483,13.95874008,5.4094825,1
164.0756497,-568.9016495,404.8259998,-19.97266991,10.70097956,9.271687397,1
276.7620691,-585.3475501,308.585481,-19.71416218,6.980434198,12.73372449,1
377.4888609,-576.4990196,199.0101587,-18.60387244,2.957878702,15.64598989,1
461.9033521,-542.7384266,80.83507454,-16.68977927,-1.192861571,17.88263684,1
526.3577676,-485.5246563,-40.83311125,-14.05459573,-5.292422055,19.34701384,1
568.0668603,-407.3300682,-160.7367921,-10.81219511,-9.163649798,19.97584122,1
585.2282693,-311.5336588,-273.6946106,-7.10269017,-12.63925872,19.74194566,1
577.1004043,-202.2750461,-374.8253582,-3.086378505,-15.56905847,18.65543437,1
544.034492,-84.27558596,-459.7589061,1.063184365,-17.82644457,16.76325839,1
487.4593986,37.3656505,-524.8250491,5.166684778,-19.31386935,14.14718365,1
409.8198846,157.3922213,-567.212106,9.046799553,-19.9670572,10.92025769,1
314.4709604,270.6174586,-585.088419,12.5358586,-19.7577821,7.221924541,1
205.5329069,372.1485982,-577.6815051,15.48309038,-18.69508737,3.211999022,1
87.71322776,457.5982089,-545.3114366,17.76113717,-16.82489487,-0.936239332,1
-33.89677473,523.2737853,-489.3770106,19.2715585,-14.22802057,-5.043534114,1
-154.0420083,566.337311,-412.2953026,19.94908505,-11.01668232,-8.932398196,1
-267.5306774,584.927896,-317.3972187,19.76443909,-7.329650574,-12.43478343,1
-369.4586341,578.2421918,-208.7835578,18.72559968,-3.326251785,-15.39934243,1
-455.4212998,546.5691055,-91.14780564,16.87745784,0.820516539,-17.69796874,1
-521.7039988,491.2773154,30.42668339,14.2998767,4.93146151,-19.23133262,1
-565.4424789,414.7561271,150.6863517,11.10424044,8.828938259,-19.93317335,1
-584.7466838,320.3122252,264.4344586,7.428641002,12.34452645,-19.77316254,1
-578.7824276,212.0267822,366.7556454,3.431910848,15.32630817,-18.75821473,1
-547.8074415,94.57910074,453.2283408,-0.713240658,17.64543271,-16.93218852,1
-493.1602372,-26.955592,520.1158292,-4.827690468,19.20168452,-14.37399142,1
-417.2022662,-147.3254581,564.5277242,-8.733642236,19.92781386,-11.19416994,1
-323.2158745,-261.3289948,584.5448694,-12.26230937,19.79244274,-7.530132691,1
-215.2624648,-364.0398057,579.3022705,-15.26120876,18.80142094,-3.540212496,1
-98.0069915,-451.0194828,549.0264743,-17.60074996,16.99757317,0.603175532,1
23.48362401,-518.5094025,495.0257785,-19.17983516,14.45884851,4.720984531,1
143.9594485,-563.5931457,419.6336972,-19.93022787,11.29495205,8.635272976,1
258.2144005,-584.3225236,326.1081231,-19.81950162,7.642604196,12.17689401,1
361.3112192,-579.8017645,218.4905454,-18.85244118,3.659632653,15.19280472,1
448.7948162,-550.2262226,101.4314064,-17.07083579,-0.481847746,17.55267955,1
516.8847924,-496.8739357,-20.01085663,-14.55167338,-4.602872579,19.15454198,1
562.6387982,-422.0503984,-140.5883998,-11.40381364,-8.525361363,19.92917126,1
584.0796814,-328.9889351,-255.0907463,-7.763283995,-12.07981289,19.84309356,1
580.2809241,-221.7109796,-358.5699445,-3.787401411,-15.11262981,18.9000285,1
551.4066807,-104.8522982,-446.5543826,0.352025634,-17.49275601,17.14072841,1
498.7046844,16.53733418,-515.2420186,4.476121475,-19.11733987,14.64121731,1
424.4523287,137.2123479,-561.6646767,8.406672946,-19.91617879,11.50950571,1
331.8582558,251.9580542,-583.8163101,11.97383045,-19.85475277,7.880923186,1
224.9237024,355.8159854,-580.7396878,15.02344762,-18.93571618,3.91227043,1
108.2695954,444.2981634,-552.5677587,17.42374237,-17.19878303,-0.224956521,1
-13.06313045,513.5810376,-500.5179071,19.07099158,-14.7190108,-4.351977091,1
-133.8313647,560.6707103,-426.8393457,19.89401322,-11.60355704,-8.290451752,1
-248.8163901,583.5323115,-334.7159214,19.85724235,-7.987048795,-11.87018854,1
-353.0493974,581.1779303,-228.1285329,18.96226793,-4.025764993,-14.93649753,1
-442.0262005,553.7093058,-111.6831052,17.24776421,0.109116752,-17.35687534,1
-511.9018748,502.3134305,9.58844434,14.78781946,4.238917201,-19.02673105,1
-559.6569062,429.2112571,130.4456491,11.68873446,8.185176693,-19.87390575,1
-583.2276724,337.5617254,245.6659471,8.084428933,11.77736686,-19.8617908,1
-581.595618,231.3252557,350.2703623,4.130654534,14.86025961,-18.99090973,1
-554.8312682,115.0926091,439.7386592,-0.001735607,17.30063495,-17.29889568,1
-504.091182,-6.113492206,510.2046742,-4.134169892,18.99303779,-14.8588651,1
-431.5679738,-127.0554095,558.6233832,-8.088074819,19.86433489,-11.77625823,1
-340.3955644,-242.5069202,582.9024847,-11.69259161,19.87687523,-8.184282764,1
-234.5137569,-347.4790571,581.992814,-14.7919595,19.0301169,-4.238157555,1
-118.497986,-437.4356943,555.9336803,-17.25224651,17.36065062,-0.108405213,1
2.638397447,-508.4895659,505.8511684,-18.9671371,14.94061849,4.026516634,1
123.6607677,-557.5702447,433.909477,-19.86252627,11.87459657,7.987926968,1
239.3394255,-582.5568238,343.2173983,-19.89972184,8.295075845,11.60464267,1
344.675588,-582.3695666,237.6939786,-19.07711651,4.356736974,14.72037579,1
435.1173988,-557.0165649,121.8991661,-17.43025723,0.22976609,17.20048717,1
506.7566264,-507.5933896,0.836763193,-15.03030917,-3.90749938,18.93780457,1
556.4975487,-436.2357476,-120.2618011,-11.98098048,-7.876277151,19.85725384,1
582.1907281,-346.0271929,-236.1635351,-8.414040772,-11.50506574,19.91910311,1
582.7258937,-240.8658775,-341.8600162,-4.483627002,-14.63705551,19.12067968,1
558.0799196,-125.296102,-432.7838176,-0.35958282,-17.13690481,17.49648553,1
509.3178241,-4.311944357,-505.0058798,3.779880843,-18.89658848,15.11670639,1
438.5467472,116.8585476,-555.4052948,7.755886738,-19.84006587,12.08417883,1
348.8248958,232.979274,-581.8041698,11.39662106,-19.92656679,8.52994643,1
244.02939,339.0323489,-583.0617389,14.54475799,-19.1523533,4.607597006,1
128.688723,430.4349363,-559.1236593,17.06425815,-17.55088119,0.486625707,1
7.787072304,503.2372869,-511.0243592,18.84624722,-15.19135433,-3.654889342,1
-113.4510796,554.2934171,-440.8423375,19.81372071,-12.17573414,-7.637982266,1
-229.7867092,581.3970555,-351.6103464,19.92487154,-8.634333585,-11.29053303,1
-336.1926438,583.3769816,-247.1843379,19.17489657,-4.720185998,-14.45470521,1
-428.0707995,560.1476376,-132.0768381,17.59620423,-0.602432109,-16.99376653,1
-501.4508765,512.7128253,-11.26194887,15.25701403,3.540988985,-18.79799739,1
-553.1619259,443.1223294,110.0395966,12.25840862,7.531029037,-19.7894322,1
-580.9693757,354.3833405,226.5860352,8.729965736,11.1952678,-19.92522846,1
-583.6715918,250.330507,333.3410848,4.824158799,14.37536378,-19.19951806,1
-561.1518042,135.4602289,425.6915754,0.709768143,16.93389657,-17.64366092,1
-514.383153,14.73635701,499.646796,-3.435412443,18.76030517,-15.32488978,1
-445.3866362,-106.6243084,552.0109446,-7.432258655,19.77566562,-12.34340496,1
-357.1437772,-223.3774496,580.5212268,-11.10805611,19.93610151,-8.828044381,1
-253.4677849,-330.4778523,583.9456373,-14.3039638,19.23467999,-4.930716171,1
-138.8387754,-423.2974228,562.1361982,-16.88187803,17.70171138,-0.81983429,1
-18.21017352,-497.82518,516.0353535,-18.73040026,15.40343935,3.326959075,1
103.2053374,-550.8405809,447.6352435,-19.7696509,12.43917838,7.330469909,1
220.1610697,-580.0526889,359.8916192,-19.95472116,8.937022104,11.01769582,1
327.6030544,-584.1991709,256.5961165,-19.27761366,5.04830805,14.22930191,1
420.8884371,-563.1008464,142.2124093,-17.767588,0.94107793,16.82650612,1
495.9861079,-517.6694302,21.68332228,-15.48989642,-3.207183878,18.69707629,1
549.6508963,-449.8681348,-99.7827615,-12.54296402,-7.21721991,19.76018009,1
579.5638038,-362.6268349,-216.9369689,-9.054135614,-10.9157458,19.96987793,1
584.432214,-259.7154595,-324.7167544,-5.174172755,-14.14293838,19.3171082,1
564.0457498,-145.5810834,-418.4646664,-1.070738975,-16.75934203,17.83007877,1
519.2853648,-25.15575707,-494.1296077,3.078845427,-18.65189497,15.57304814,1
452.0852744,96.35662026,-548.4418947,7.095265857,-19.73881491,12.64354859,1
365.3493736,213.705175,-579.0545486,10.80496209,-19.97313313,9.168171564,1
262.8257518,321.8189633,-584.6447152,14.04762828,-19.3447241,5.297097347,1
148.9447279,416.0261005,-564.9708284,16.68314018,-17.88074302,1.197605343,1
28.62740432,492.255645,-520.8830493,18.59761031,-15.64445241,-2.9531545,1
-92.92698674,547.2135151,-454.2865283,19.70830932,-12.73248832,-6.975816815,1
-210.4657562,578.5248348,-368.0590786,19.96724094,-9.270684445,-10.69655167,1
-318.9097405,584.8365585,-265.926818,19.36321607,-5.408634552,-13.95457622,1
-413.5727863,565.8759399,-152.3031536,17.92233623,-1.313228083,-16.60910258,1
-490.3642511,522.4623179,-32.09806677,15.70686568,2.838561556,-18.5454216,1
-545.965771,456.4717106,89.49406044,12.81254082,6.867324489,-19.67985981,1
-577.9746563,370.755748,207.2189082,9.364433147,10.59896716,-19.96339515,1
-585.0077176,269.0184454,315.9892722,5.511544581,13.87223535,-19.38377531,1
-566.7610378,155.6561426,411.1048951,1.420368711,16.54568246,-17.96604723,1
-524.0231043,35.56752688,488.4555775,-2.732303845,18.50378171,-15.77147476,1
-458.6407374,-86.0580528,544.6987902,-6.767025034,19.66191846,-12.89489125,1
-373.4392831,-203.964831,577.4041141,-10.5094438,19.97004654,-9.460601547,1
-272.1005234,-313.0577417,585.1582651,-13.79784024,19.41485093,-5.617010497,1
-159.0035761,-408.6225895,567.6261657,-16.49011399,18.02032313,-1.530209934,1
-39.03566174,-486.5297627,525.5654245,-18.46992471,15.84672444,2.623198575,1
82.61908655,-543.4126848,460.7935983,-19.6517195,12.98798185,6.663735155,1
200.7036429,-576.8132931,376.1096502,-19.98442985,9.567629274,10.41679743,1
310.115259,-585.2882583,275.1729994,-19.45367846,5.733469277,13.72020555,1
406.1259673,-568.4713547,162.3453874,-18.08240049,1.651186149,16.43121043,1
484.5868893,-527.0892854,42.50239603,-15.92985253,-2.502813761,18.43266229,1
542.1075196,-462.9302798,-79.17723975,-13.0890519,-6.549025027,19.63807304,1
576.2022384,-378.7668197,-197.4354186,-9.682757145,-10.31260006,19.99535364,1
585.397722,-278.2358324,-307.1618896,-5.858163345,-13.63090474,19.48906504,1
569.2966092,-165.6815296,-403.6150795,-1.78054138,-16.36054625,18.14108526,1
528.5946718,-45.96768284,-482.626989,2.373903847,-18.38356949,16.0096641,1
465.0507492,75.73255371,-540.7833029,6.425647695,-19.61255423,13.18690591,1
381.4107434,194.1601885,-575.5709319,10.19960352,-19.99439273,9.794789569,1
281.288962,304.1976479,-585.4866099,13.53268864,-19.51258472,5.979897437,1
169.011934,401.08992,-570.101854,16.28087158,-18.18795039,1.907081145,1
49.4314489,480.6500317,-530.0814806,18.32539603,-16.07773069,-2.24766209,1
-72.28510189,539.4399784,-467.1548765,19.57791265,-13.27311382,-6.304794767,1
-190.8780219,574.91929,-384.0412681,19.98429686,-9.895294736,-10.0889974,1
-301.222595,585.5548108,-284.3322158,19.52698773,-6.090237977,-13.43674453,1
-398.5505383,570.8869517,-172.3364134,18.22574681,-2.022370166,-16.20337111,1
-478.6560518,531.5495499,-52.89349802,16.1368042,2.132525309,-18.26932387,1
-538.077563,469.2424793,68.83508373,13.35042867,6.194904363,-19.54532749,1
-574.2473101,386.6581946,187.5891155,9.987026938,9.98922079,-19.9762425,1
-585.6023018,287.3653827,298.2369191,6.19194057,13.35151209,-19.54344793,1
-571.6518587,175.6547506,395.9971081,2.129165363,16.13648471,-18.26564601,1
-532.9988166,56.35361232,476.6452043,-2.025735334,18.22379258,-16.198054,1
-471.3134766,-65.38271199,536.6961886,-6.093217186,19.5232376,-13.43001807,1
-389.2614264,-184.2936714,573.5550978,-9.897513457,19.97866729,-10.08115247,1
-290.3883538,-295.2408065,585.6291604,-13.27423036,19.57040135,-6.296170624,1
-178.9668278,-393.429796,572.3966238,-16.07745096,18.31608204,-2.238631709,1
-59.81166932,-474.617632,534.4293013,-18.18604061,16.26991189,1.916127181,1
61.92810968,-535.2959718,473.3678621,-19.50888154,13.52031135,5.988567819,1
180.991809,-572.8427426,391.8509336,-19.98881024,10.18609803,9.802709168,1
292.2343689,-585.6354484,293.4010795,-19.60508773,6.41135218,13.19373199,1
390.8487019,-573.1212823,182.2725803,-18.37429566,2.359190647,16.01510113,1
472.5734201,-535.8410148,63.26759468,-16.34961984,-1.795281853,18.14489769,1
533.8769804,-475.4056255,-58.47135493,-13.61855189,-5.872539473,19.49108744,1
572.1102929,-394.4266888,-177.6836041,-10.29910854,-9.696393029,19.99549793,1
585.621194,-296.4035201,-289.2176739,-6.534731757,-13.1016036,19.63633221,1
573.8258418,-185.5719618,-388.25388,-2.488090302,-15.94102294,18.42911075,1
537.233945,-66.72134097,-470.512604,1.665949677,-18.09195217,16.42600079,1
477.4267368,55.01249051,-532.4392273,5.747881049,-19.46144387,13.71356203,1
396.9886461,174.3690894,-571.3577354,9.581312688,-19.99031864,10.40900613,1
299.3956171,286.190739,-585.586356,13.00059181,-19.65572237,6.655131754,1
188.8649046,385.6453278,-574.5102324,15.85796225,-18.47211385,2.614153776,1
70.17283534,468.4351581,-538.6079935,18.02994943,-16.49063993,-1.539306399,1
-51.55159022,530.9826608,-479.4310706,19.422696,-13.79692536,-5.625766716,1
-171.0483353,570.5849915,-399.5366562,19.97601768,-10.5073727,-9.468640359,1
-283.153627,585.530828,-302.377201,19.66600397,-6.764132271,-12.90186655,1
-383.0230972,575.174321,-192.1512238,18.5060514,-2.728959449,-15.77708645,1
-466.3411197,539.9630026,-73.62188283,16.5462846,1.423775218,-17.97005418,1
-529.507301,481.4184477,48.08885325,13.87139034,5.514621017,-19.38600579,1
-569.7920619,402.0705226,167.7215392,10.59695793,9.366801622,-19.96375426,1
-585.4545906,305.3480626,280.106528,6.86448432,12.81385406,-19.67833355,1
-575.8180675,195.4307029,380.3873647,2.835259652,15.70682204,-18.5420775,1
-541.2989125,77.06826539,464.2306471,-1.316602536,17.92069271,-16.60408677,1
-483.3887902,-44.62449352,528.0132837,-5.411689208,19.35979885,-13.94810714,1
-404.5901513,-164.3889055,568.9790568,-9.273040752,19.96195286,-10.68891058,1
-308.308095,-277.0496311,585.3577261,-12.73379787,19.70113409,-6.967335689,1
-198.7032254,-377.7383003,576.4415257,-15.64441203,18.58861323,-2.944201661,1
-80.51186111,-462.1038873,542.6157484,-17.87910781,16.67246528,1.206641138,1
41.1586342,-526.5007304,485.3420962,-19.34131807,14.03549213,5.305823705,1
161.0505542,-568.1460703,407.0955161,-19.96785679,10.79164443,9.176209415,1
273.9830495,-585.2403009,311.2572514,-19.73164955,7.081097507,12.65054856,1
375.0760062,-577.044735,201.9687289,-18.6429035,3.064193992,15.57870567,1
459.9609281,-543.9135249,83.95259679,-16.74866625,-1.085484988,17.83414723,1
524.9697117,-487.2783584,-37.69135329,-14.13079282,-5.188620728,19.3194096,1
567.2931541,-409.5865919,-157.7065622,-10.90240851,-9.067905781,19.97031059,1
585.1023466,-314.1954937,-270.9068529,-7.203020382,-12.55570588,19.75872302,1
577.6277067,-205.2271674,-372.4005393,-3.192488863,-15.50130388,18.69379013,1
545.1922333,-87.39042464,-457.8018087,0.955880306,-17.77741261,16.82153046,1
489.1975497,34.22269491,-523.4202446,5.062825045,-19.28567534,14.22284934,1
412.0633355,154.3569643,-566.4202998,8.950873334,-19.96091599,11.01004267,1
317.1227654,267.8210617,-584.9438271,12.45201225,-19.7739556,7.321944363,1
208.4784746,369.711901,-578.1903756,15.41494827,-18.7328732,3.317926945,1
90.82527235,455.6265076,-546.4517799,17.71164502,-16.88265673,-0.828985345,1
-30.75273302,521.8522824,-491.0995494,19.24285614,-14.30325893,-4.939593403,1
-151.0018319,565.5274333,-414.5256014,19.9424139,-11.10614246,-8.836266926,1
-264.7257404,584.7646406,-320.0389002,19.78008858,-7.429463206,-12.35062029,1
-367.0101452,578.7326132,-211.722468,18.76289467,-3.43210026,-15.33078896,1
-453.4350649,547.6920113,-94.25694638,16.93478785,0.713209692,-17.64799192,1
-520.2658482,492.9841818,27.28166643,14.3747655,4.827336782,-19.20209668,1
-564.614559,416.9731959,147.6413631,11.19345299,8.732498633,-19.92594627,1
-584.5647713,322.9436908,261.6210805,7.528323335,12.25994282,-19.78826123,1
-579.2543833,214.958932,364.2954513,3.537756554,15.25723909,-18.79499133,1
-548.912871,97.68522869,451.2276423,-0.605804323,17.59486631,-16.98905844,1
-494.8513719,-23.80971001,518.6610819,-4.723304982,19.1718094,-14.44850175,1
-419.4060276,-144.275764,563.6817916,-8.636817243,19.91992446,-11.28310552,1
-325.8370323,-258.5072741,584.3443064,-12.17722781,19.80688347,-7.629654962,1
-218.1877517,-361.5679925,579.7557442,-15.19154609,18.83757125,-3.646025449,1
-101.109998,-449.0043907,550.1143888,-17.54951537,17.05387438,0.49563975,1
20.336987,-517.0381092,496.7011222,-19.1492415,14.53287118,4.616368221,1
140.9051556,-562.7292296,421.824074,-19.92159604,11.38350093,8.538092283,1
255.3844358,-584.1033168,328.718881,-19.83320349,7.741856323,12.09134376,1
358.8278731,-580.2367397,221.4088666,-18.88788352,3.765302556,15.12257717,1
446.7654007,-551.2965833,104.5311825,-17.12648593,-0.374322871,17.50080481,1
515.3970039,-498.5334288,-16.86357509,-14.62512538,-4.498135694,19.1232571,1
561.7569282,-424.2273129,-137.5296153,-11.49189232,-8.427934955,19.91982353,1
583.8418376,-331.5892006,-252.252637,-7.86218211,-11.99390354,19.85608231,1
580.6973845,-224.6222318,-356.0751527,-3.892844179,-15.04194641,18.93478786,1
552.459449,-107.9487342,-444.5107148,0.244595808,-17.44034952,17.19575173,1
500.3482676,13.38951956,-513.7377872,4.37134805,-19.08547143,14.71412228,1
426.6157033,134.1491802,-560.7648834,8.309084592,-19.90622205,11.5971373,1
334.4479366,249.1119009,-583.5598375,11.88764535,-19.86713451,7.979490007,1
227.8277823,353.3098363,-581.1376186,14.95239119,-18.96989789,4.017508544,1
111.3625814,442.240316,-553.6028974,17.37088628,-17.25328415,-0.117599336,1
-9.91489443,512.0604168,-502.1455224,19.03862101,-14.79147272,-4.247144628,1
-130.7639223,559.7530263,-428.989104,19.88352813,-11.69084502,-8.192678702,1
-245.9622937,583.2572197,-337.2949259,19.86909694,-8.085387407,-11.78370454,1
-350.5319801,581.5573181,-231.025338,18.99595108,-4.130901298,-14.86504438,1
-439.9542467,554.7267789,-114.7725322,17.3018215,0.001729446,-17.30354534,1
-510.3649191,503.9250211,6.439897938,14.85991607,4.133922857,-18.99383331,1
-558.7213644,431.3473241,127.3740403,11.77575603,8.087115866,-19.86286648,1
-582.9339719,340.1299635,242.8040084,8.182616154,11.69048049,-19.87309163,1
-581.9564502,234.2146845,347.7417657,4.235765606,14.78830576,-19.02406694,1
-555.8310407,118.1783687,437.6526721,0.105758319,17.24672641,-17.35248104,1
-505.686692,-2.964745773,508.6514378,-4.028937083,18.95950755,-14.93056765,1
-433.6902749,-123.979742,557.6700168,-7.989649387,19.85263537,-11.86298411,1
-342.9529465,-239.6372395,582.5901859,-11.60522565,19.88751545,-8.282288923,1
-237.3957085,-344.9393697,582.3350781,-14.71942719,19.06264055,-4.34321348,1
-121.5799704,-435.3357469,556.9157173,-17.19768106,17.41365573,-0.215975757,1
-0.510438913,-506.9201029,507.4305418,-18.93289528,15.01181804,3.921075282,1
120.5811489,-556.5990868,436.0179378,-19.85008662,11.9609173,7.889166611,1
236.462103,-582.2259374,345.7638344,-19.90962081,8.392791081,11.51682641,1
342.1248984,-582.6932501,240.5683517,-19.10892519,4.461627648,14.6472938,1
433.0035643,-557.9808312,124.977267,-17.48259996,0.337303064,17.14529292,1
505.1709913,-509.1565702,3.985578903,-15.10092295,-3.801959597,18.90287855,1
555.5086326,-438.3302934,-117.1783393,-12.06681277,-7.777291746,19.84410071,1
581.8412647,-348.562593,-233.2786718,-8.511381397,-11.41690867,19.92828665,1
583.0309843,-243.7325704,-339.2984139,-4.58826849,-14.5635328,19.15179845,1
559.0263805,-128.3702104,-430.65617,-0.467002205,-17.08119012,17.5481902,1
510.8647561,-7.460627918,-503.4041282,3.674326568,-18.86108591,15.18675807,1
440.6273033,113.7713519,-554.3986551,7.656759983,-19.82630612,12.16954581,1
351.3491695,230.0869721,-581.4361416,11.30820649,-19.93514099,8.626935174,1
246.8883009,336.4599248,-583.3482257,14.47087735,-19.18288746,4.712011778,1
131.7587299,428.2935513,-560.0522812,17.00810515,-17.60205239,0.593949871,1
10.93551201,501.6194759,-512.5549879,18.81024952,-15.26094786,-3.549298144,1
-110.3602596,553.2690899,-442.9088304,19.799435,-12.2607392,-7.538691506,1
-226.8870713,581.0104761,-354.1234048,19.93291625,-8.731073425,-11.20183792,1
-333.6094892,583.6448551,-250.0353659,19.20492521,-4.824476763,-14.3804431,1
-425.9157532,561.0583883,-135.1426352,17.64692031,-0.70976365,-16.93715107,1
-499.8170637,514.2270973,-14.41003369,15.3262271,3.435258214,-18.76147969,1
-552.1199481,445.1746869,106.9452611,12.34312893,7.43147141,-19.77459488,1
-580.5642594,356.8850957,223.6791637,8.826533417,11.10618894,-19.93271726,1
-583.9208432,253.1735523,330.7472909,4.928402036,14.30061647,-19.22901397,1
-562.0446525,138.5217087,423.5229438,0.817183435,16.87671432,-17.69389394,1
-515.8810158,17.88397661,497.9970392,-3.329465668,18.72316244,-15.3936938,1
-447.4247869,-103.5265661,550.9513529,-7.332357511,19.76017091,-12.42781136,1
-359.6341418,-220.4634463,580.0975881,-11.01851647,19.94292784,-8.924410333,1
-256.3027482,-327.8735099,584.1762581,-14.22865377,19.26353585,-5.034882037,1
-141.8958309,-421.1152819,563.0111128,-16.82405084,17.7513533,-0.927303378,1
-21.35721783,-496.1595367,517.5167546,-18.69255364,15.47172563,3.220826201,1
100.1042965,-549.7634123,449.6591158,-19.75341919,12.52316165,7.230254941,1
217.2400364,-579.6105422,362.3705058,-19.96080464,9.03307669,10.92772472,1
324.9882544,-584.4111525,259.4228981,-19.30574831,5.152286639,14.15345799,1
418.6928629,-563.9577961,145.2649332,-17.81655693,1.048490793,16.76806219,1
494.3046361,-519.1343169,24.82968079,-15.55758242,-3.100974875,18.65855329,1
548.5561878,-451.8776569,-96.67853087,-12.62644108,-7.116800877,19.7432381,1
579.1031638,-365.0941556,-214.0090082,-9.149795328,-10.82545265,19.97524448,1
584.625548,-262.5339594,-322.0915887,-5.27788029,-14.06666946,19.34454679,1
564.8847035,-148.6289676,-416.2557359,-1.178011723,-16.70038966,17.87839913,1
520.7336846,-28.30131838,-492.4323663,2.972644133,-18.61280317,15.64015762,1
454.0803747,93.24930986,-547.3296845,6.994726385,-19.72126948,12.72654261,1
367.8050407,210.7703906,-578.5754313,10.71443015,-19.9778888,9.263459156,1
265.6358698,319.1835248,-584.8193947,13.97101712,-19.3715719,5.400556289,1
151.9878642,413.8038921,-565.7917563,16.6237615,-17.92851933,1.30476031,1
31.77205682,490.5426942,-522.3147511,18.55803115,-15.71108922,-2.846938548,1
-89.81670681,546.0838431,-456.2671363,19.69024112,-12.81510261,-6.875134339,1
-207.5242523,578.0272577,-370.5030054,19.97146561,-9.365702785,-10.60575802,1
-316.2641229,584.992578,-268.7284551,19.38955218,-5.511947477,-13.87759941,1
-411.3373791,566.6788138,-155.3414347,17.96964684,-1.420367707,-16.54927357,1
-488.6356522,523.8773518,-35.24169957,15.77310752,2.732228482,-18.50533036,1
-544.8186778,458.4377571,86.38092067,12.89485252,6.766396361,-19.66124337,1
-577.4586377,373.1878491,204.2707886,9.459258916,10.50780881,-19.96706256,1
-585.1450722,271.8115034,313.3335688,5.614787879,13.79478944,-19.40957267,1
-567.54583,158.689462,408.856368,1.527569247,16.48529908,-18.01286437,1
-525.4214213,38.7100298,486.7113915,-2.625777366,18.46307366,-15.83729317,1
-460.592154,-82.9421623,543.5343163,-6.665774779,19.64264829,-12.97687131,1
-375.8594735,-201.0101989,576.8696724,-10.41784393,19.97305043,-9.555205277,1
-274.8849047,-310.3920455,585.2769503,-13.71984792,19.44000253,-5.720154401,1
-162.0318278,-406.3610212,568.392849,-16.42909833,18.06653904,-1.637441474,1
-42.17692489,-484.7700506,526.9469755,-18.42852124,15.912011,2.516508575,1
79.50055425,-542.2308708,462.7303166,-19.63171625,13.06952131,6.56219247,1
197.7426015,-576.2604466,378.5178451,-19.98669009,9.661901556,10.32478541,1
307.4396631,-585.3882693,277.9486063,-19.47810339,5.836404083,13.64169569,1
403.8514365,-569.2199015,165.368465,-18.12793353,1.758338848,16.36959076,1
482.8117122,-528.4540213,45.6423091,-15.99452493,-2.396070063,18.39059099,1
540.9084062,-464.852231,-76.05617518,-13.17006788,-6.447299554,19.61736354,1
575.6310057,-381.1629336,-194.4680721,-9.776614659,-10.22028518,19.99689627,1
585.4790545,-281.0025665,-304.476488,-5.960805436,-13.55198617,19.51278854,1
570.0269922,-168.6993261,-401.3276661,-1.887531483,-16.29843082,18.18595991,1
529.9425437,-49.10613466,-480.836409,2.267190185,-18.34093792,16.07374616,1
466.9578647,72.60906738,-539.5669321,6.32382298,-19.59124527,13.26742164,1
383.7946911,191.1866418,-574.9813329,10.107069,-19.99532375,9.888255089,1
284.0467251,301.5025357,-585.5492608,13.4534441,-19.53571204,6.082269272,1
172.0243423,398.7897052,-570.8140475,16.2183425,-18.23227114,2.013930953,1
52.56832811,478.8441126,-531.4124408,18.2822856,-16.14132621,-2.140956155,1
-69.15930461,538.2063937,-469.0470891,19.5560849,-13.35323253,-6.202848333,1
-187.8983806,574.3113461,-386.4129655,19.98469617,-9.98847103,-9.996220422,1
-298.5178679,585.5987785,-287.0809106,19.54959795,-6.192442004,-13.35715073,1
-396.2376038,571.580931,-175.3433272,18.26959203,-2.129181963,-16.14040453,1
-476.834858,532.863552,-56.02869401,16.19999086,2.02572482,-18.22571004,1
-536.8268086,471.1197228,65.70708575,13.43022744,6.092733769,-19.52295567,1
-573.6210434,389.0175587,184.6034846,10.07999063,9.89609861,-19.976084,1
-585.6275854,290.1049129,295.5226725,6.294053094,13.27146583,-19.56551418,1
-572.3276002,178.6560645,393.6715356,2.236015291,16.07297685,-18.30898806,1
-534.2958153,59.4870152,474.8088001,-1.918764149,18.17957091,-16.26080349,1
-473.1756857,-62.25262293,535.4283086,-5.990746128,19.50021651,-13.50946801,1
-391.6083749,-181.3021557,572.9105306,-9.803969449,19.97784503,-10.1738742,1
-293.1186238,-292.5171356,585.6357594,-13.19365457,19.59181691,-6.398161959,1
-181.962437,-391.0916669,573.0541039,-16.01332415,18.35881346,-2.345489913,1
-62.94316953,-472.7660816,535.7092511,-18.14113275,16.33211607,1.809015158,1
58.79603898,-534.0110105,475.2149715,-19.48513208,13.59930374,5.885825996,1
177.9945129,-572.179897,394.1853841,-19.98724436,10.27846861,9.708772716,1
289.5013686,-585.623362,296.1219934,-19.62577195,6.513112826,13.11265558,1
388.4980977,-573.7604773,185.2623796,-18.41633505,2.465947461,15.95038371,1
470.7067878,-537.10387,66.39708224,-16.41119663,-1.688138665,18.09933129,1
532.5749822,-477.2375696,-55.33741258,-13.69700407,-5.769636403,19.46663654,1
571.4291915,-396.7485586,-174.680633,-10.39104484,-9.602173339,19.99321454,1
585.5904218,-299.1149815,-286.4754403,-6.636178263,-13.02013532,19.65631042,1
574.4467285,-188.5558453,-385.8908831,-2.594662107,-15.87582309,18.47048269,1
538.4796603,-69.84870508,-468.6309553,1.558858948,-18.04583474,16.48697408,1
479.2434502,51.8767875,-531.1202377,5.644900195,-19.43639828,13.79149727,1
399.2978525,171.3605495,-570.658402,9.486892911,-19.98742373,10.50053097,1
302.0975296,283.4393692,-585.5368988,12.91881436,-19.67509978,6.756286582,1
191.8427664,383.2700222,-575.1127886,15.79236208,-18.51292278,2.720562849,1
73.29796503,466.5385599,-539.8365249,17.98336241,-16.55111346,-1.432245874,1
-48.41423778,529.6467269,-481.2324892,19.39713642,-13.87444682,-5.522685682,1
-168.0343334,569.8674513,-401.8331178,19.97259115,-10.59858874,-9.373997797,1
-280.3932188,585.4626882,-305.0694694,19.68485968,-6.865097748,-12.81975679,1
-380.6355672,575.758526,-195.1229588,18.54637566,-2.835307926,-15.71106225,1
-464.4296395,541.1743074,-76.7446679,16.60633603,1.316642792,-17.92297319,1
-528.1544706,483.2045086,44.94996203,13.94857508,5.411337569,-19.35990707,1
-569.0563408,404.3541591,164.7021817,10.68794174,9.271833753,-19.95977018,1
-585.3677713,308.0305926,277.3371787,6.965336667,12.73130904,-19.69664086,1
-576.3839017,198.3962071,377.9876946,2.941623564,15.64027029,-18.58188965,1
-542.4929489,80.1885964,462.3043525,-1.209322204,17.87301358,-16.66368795,1
-485.1594313,-41.48417352,526.6436048,-5.308127204,19.33305611,-14.02492638,1
-406.860883,-161.3642981,568.2251811,-9.177671142,19.9573056,-10.7796329,1
-310.9807929,-274.2714378,585.2522306,-12.65074071,19.71878657,-7.068045307,1
-201.6623951,-375.3265742,576.9889692,-15.57725531,18.62780609,-3.050551213,1
-83.62962895,-460.1628455,543.7924745,-17.83075244,16.73150834,1.09924273,1
38.01699524,-525.1142505,487.0972553,-19.31385248,14.11183743,5.202012843,1
158.0208027,-567.3740659,409.3532632,-19.96246672,10.88199633,9.080467472,1
271.1961092,-585.1161324,313.9200233,-19.74856681,7.181555106,12.56700823,1
372.6523081,-577.5737682,204.9214601,-18.68139592,3.170419699,15.51097238,1
458.0052067,-545.0728987,87.06769197,-16.80706934,-0.978078021,17.78514336,1
523.5664789,-489.0179732,-34.54850569,-14.20658172,-5.084670396,19.29124816,1
566.5030474,-411.8312745,-154.671773,-10.99230704,-8.971900608,19.96420395,1
584.9595087,-316.8482454,-268.1112634,-7.303142681,-12.47179106,19.77493049,1
578.1383099,-208.1733556,-369.9649543,-3.29850725,-15.43310215,18.73160676,1
546.3342131,-90.50273686,-455.8314763,0.848548289,-17.7278677,16.87931755,1
490.9215582,31.07874997,-522.0003082,4.958818621,-19.25692478,14.29810518,1
414.2948736,151.3172448,-565.6121184,8.854688021,-19.95419871,11.09951068,1
319.7654025,265.016922,-584.7823245,12.3678056,-19.78955844,7.42175383,1
211.4180152,367.2645155,-578.6825307,15.34636018,-18.77011847,3.423760269,1
93.93469118,453.6416342,-547.5763254,17.6616405,-16.93993151,-0.721706071,1
-27.60780225,520.4156928,-492.8078906,19.21359713,-14.37808479,-4.835508568,1
-147.95729,564.7012063,-416.7439163,19.9351659,-11.19528252,-8.739878879,1
-261.9131501,584.5844796,-322.6713295,19.7951659,-7.52906205,-12.26609879,1
-364.5510462,579.2063035,-214.6552574,18.79964691,-3.53785051,-15.26179095,1
-451.4357212,548.7990834,-97.36336217,16.99162797,0.605881229,-17.59750357,1
-518.8126569,494.6767961,24.13586075,14.44923839,4.723071499,-19.17230429,1
-563.7703163,419.17821,144.5921062,11.28234162,8.635805555,-19.91814181,1
-584.3659591,325.5658202,258.8001389,7.6277877,12.17500375,-19.80278652,1
-579.7095929,217.8848674,361.8247254,3.643499659,15.18772792,-18.83122326,1
-550.0024315,100.7885326,449.2138989,-0.498350799,17.54379025,-17.04543589,1
-496.5282005,-20.66313967,517.1913402,-4.618783271,19.14137902,-14.52259306,1
-421.597664,-141.221899,562.819563,-8.539742886,19.91145819,-11.37171357,1
-328.4487702,-255.67808,584.1268502,-12.09179452,19.82075059,-7.728955339,1
-221.1067308,-359.0857264,580.1924572,-15.12144456,18.87317597,-3.751731676,1
-104.2100815,-446.976318,551.1863995,-17.49777375,17.10968157,0.388090959,1
17.18976204,-515.5518683,498.3621063,-19.11809455,14.6064727,4.511619773,1
137.8467891,-561.849045,424.0022559,-19.9123886,11.47171971,8.440666074,1
252.547088,-583.8672237,331.3201356,-19.84633231,7.840883637,12.00544528,1
356.3341533,-580.6549403,224.3207869,-18.92278015,3.870862609,15.05191375,1
444.7230693,-552.351006,107.6279367,-17.18164126,-0.26678817,17.44842544,1
513.8943154,-500.1785094,-13.71580603,-14.69815489,-4.393269765,19.09142068,1
560.8588177,-426.3919629,-134.4668548,-11.5796391,-8.330265892,19.90990123,1
583.5871151,-334.1798799,-249.4072351,-7.960853255,-11.90764844,19.86849835,1
581.0970571,-227.5269903,-353.5700668,-3.998174729,-14.97082916,18.96900113,1
553.4962458,-111.0420494,-442.4541963,0.137158587,-17.38743982,17.25027923,1
501.9773858,10.24131786,-512.2187037,4.266447925,-19.05305223,14.78660317,1
428.7667444,131.0821342,-559.8488786,8.211255699,-19.89569082,11.68443494,1
337.0279484,246.2585458,-583.2864942,11.80111626,-19.8789429,8.077827461,1
230.7252757,350.7934732,-581.5187488,14.88090217,-19.00353218,4.122631832,1
114.4523479,440.1696834,-554.6220314,17.31752768,-17.30728748,-0.010237432,1
-6.766371774,510.5249925,-503.7586207,19.00569972,-14.86350802,-4.142188061,1
-127.6926996,558.8191599,-431.1264603,19.87246788,-11.77779601,-8.094667484,1
-243.1010867,582.965266,-339.8641793,19.88037681,-8.183493267,-11.69687856,1
-348.0044291,581.9198932,-233.9154642,19.02908474,-4.235919174,-14.79316017,1
-437.8695739,555.7282149,-117.8586411,17.35537828,-0.105658906,-17.24971377,1
-508.8132087,505.5220433,3.291165352,14.93158276,4.028808005,-18.96038514,1
-557.76967,433.4709209,124.2987492,11.86243683,7.988820246,-19.85125166,1
-582.6234188,342.6883685,239.9350502,8.280566492,11.60325515,-19.88381663,1
-582.3004582,237.0973423,345.2031159,4.3407539,14.71592339,-19.05667284,1
-556.8147442,121.2607117,435.5540325,0.213248863,17.19231827,-17.40556343,1
-507.2675826,0.18408638,507.0834962,-3.923588122,18.92542821,-15.00183724,1
-435.8000381,-120.9004902,556.7005283,-7.890993299,19.84036092,-11.94936572,1
-345.5004137,-236.7606308,582.2610446,-11.51752451,19.89757974,-8.380054324,1
-240.270797,-342.3897101,582.6605071,-14.64646968,19.09461211,-4.448142525,1
-124.6584399,-433.223214,557.8816539,-17.14261874,17.46615642,-0.323538739,1
-3.659260519,-505.3359849,508.9952454,-18.89810643,15.0825826,3.81552189,1
117.4980442,-555.6118376,438.1137934,-19.83707344,12.04689125,7.790179498,1
233.5779443,-581.8782188,348.3002745,-19.91894451,8.490262688,11.42867851,1
339.564318,-583.0000881,243.4357701,-19.14018175,4.566388342,14.57378968,1
430.8772116,-558.9289664,128.0517548,-17.53443758,0.444829292,17.08960432,1
503.5707518,-510.7050311,7.134279384,-15.17110048,-3.696310894,18.86740738,1
554.5036569,-440.412167,-114.0914898,-12.15229653,-7.678082495,19.83037521,1
581.4749804,-351.0879161,-230.3870643,-8.608476282,-11.32842253,19.93689538,1
583.3192196,-246.5922171,-336.7270025,-4.692777656,-14.48959006,19.18236485,1
559.9566799,-131.4406077,-428.5160722,-0.574408413,-17.0249826,17.59938887,1
512.396919,-10.60909578,-501.7878232,3.568665745,-18.82503906,15.25637203,1
442.6951208,110.6808671,-553.3759879,7.557411548,-19.81197418,12.25456229,1
353.8632858,227.1880183,-581.0513042,11.21946467,-19.94313986,8.723675832,1
249.7400743,333.8777736,-583.6178479,14.39657804,-19.21286804,4.816291644,1
134.8249276,426.1397843,-560.9647119,16.95146014,-17.65271571,0.701258181,1
14.08363556,499.987163,-514.0707986,18.7737077,-15.33010118,-3.443603019,1
-107.266249,552.2287678,-444.9625188,19.78457656,-12.3453908,-7.439181487,1
-223.9808742,580.6070997,-356.6262256,19.94038439,-8.827561843,-11.11281765,1
-331.01669,583.8958554,-252.8791654,19.23439832,-4.928629045,-14.30576394,1
-423.7483937,561.9529189,-138.2045253,17.6971259,-0.817075666,-16.88004465,1
-498.1688012,515.7265031,-17.55770192,15.39499677,3.329427137,-18.72441828,1
-551.0620085,447.2141745,103.8478339,12.42749207,7.331697947,-19.75918455,1
-580.142359,359.3765334,220.7658256,8.922845602,11.016788,-19.9396285,1
-584.1532135,256.0092784,328.1439351,5.03250247,14.22545474,-19.25795266,1
-562.9212521,141.5791839,421.3420683,0.92457478,16.81904317,-17.74361411,1
-517.3639645,21.0310792,496.3328853,-3.223422962,18.68547743,-15.46205147,1
-449.4500025,-100.4258308,549.8758333,-7.232244714,19.74410393,-12.51185716,1
-362.1141094,-217.5430694,579.6571788,-10.9286586,19.94917664,-9.020516966,1
-259.1303017,-325.2596887,584.3899905,-14.15293272,19.29183382,-5.13890103,1
-144.9487843,-418.9209666,563.8697509,-16.76573759,17.80048104,-1.034744341,1
-24.50364472,-494.4795496,518.9831943,-18.65416695,15.53956363,3.114601529,1
97.00036157,-548.67035,451.6699885,-19.73661673,12.60678189,7.129832264,1
214.3127227,-579.151639,364.8389163,-19.96631137,9.128869138,10.83743902,1
322.364059,-584.6062389,262.2421799,-19.33332516,5.256115282,14.0772062,1
416.4851843,-564.7984418,148.3132575,-17.86501111,1.155872351,16.70913482,1
492.608874,-520.5841954,27.97532148,-15.62481898,-2.994677216,18.61949219,1
547.4456205,-453.8741152,-93.57150528,-12.70955343,-7.016177092,19.72572666,1
578.625782,-367.5509215,-211.0748606,-9.245190845,-10.73484753,19.98003487,1
584.8019807,-265.3448694,-319.4571112,-5.381435564,-13.98999486,19.37142745,1
565.7073264,-151.6725549,-414.0347715,-1.285250739,-16.64095547,17.92620393,1
522.1669501,-31.44606149,-490.7208886,2.866356576,-18.57317427,15.70681625,1
456.0623475,90.13930365,-546.2016512,6.893984373,-19.70315491,12.80917003,1
370.2500746,207.8295129,-578.0795875,10.62358813,-19.98206791,9.358480258,1
268.4383084,316.5388588,-584.9771671,13.89400173,-19.39786067,5.503860417,1
155.0266065,411.5697207,-566.5963272,16.5639019,-17.97577832,1.411878872,1
34.9157908,488.815562,-523.7313528,18.51791515,-15.77727282,-2.740638976,1
-86.7038303,544.938384,-458.2345537,19.67160336,-12.89734742,-6.774251789,1
-204.5767489,577.51297,-372.9362211,19.97511259,-9.460451355,-10.51465644,1
-313.6093621,585.1316853,-271.5223232,19.41532741,-5.615102045,-13.80022009,1
-409.0900802,567.4653051,-158.3752248,18.01643764,-1.52746726,-16.48896482,1
-486.892927,525.2772405,-38.38431355,15.83889303,2.625815428,-18.46470282,1
-543.655834,460.3905504,83.26528363,12.9767911,6.665271625,-19.64205721,1
-576.9259249,375.6091614,201.3167635,9.553810896,10.41634569,-19.9701514,1
-585.2655103,274.5967034,310.6688069,5.717868532,13.71694372,-19.4348076,1
-568.3142146,161.7181937,406.5960209,1.634725298,16.42443812,-18.05915945,1
-526.8045484,41.85141363,484.9531348,-2.519175298,18.42183085,-15.9026524,1
-462.530255,-79.82387393,542.3541289,-6.564332139,19.62280926,-13.0584749,1
-378.2687979,-198.0497556,576.3185535,-10.32594321,19.97547591,-9.649531453,1
-277.6613391,-307.717376,585.3787151,-13.64145927,19.46459114,-5.823131622,1
-165.0553951,-404.0877049,569.1431001,-16.36760803,18.11223166,-1.744624362,1
-45.31696872,-482.9963238,528.3132926,-18.38658533,15.97683655,2.409747137,1
76.3797236,-541.033381,464.6536574,-19.61114578,13.15068194,6.460461388,1
194.7758435,-575.6909405,380.915097,-19.98837285,9.755893522,10.23247621,1
304.7551791,-585.4713568,280.7161777,-19.50196554,5.939169167,13.56279276,1
401.5652304,-569.9519922,168.3867618,-18.17294281,1.865439723,16.30749917,1
481.022577,-529.8034796,48.78090266,-16.05873526,-2.289258087,18.34798934,1
539.6936552,-466.7607434,-72.93291183,-13.25070343,-6.345388681,19.59608822,1
575.0431315,-383.5480281,-191.4951034,-9.870189855,-10.12767583,19.9978621,1
585.5434608,-283.7611769,-301.7822839,-6.063275522,-13.47267681,19.53594925,1
570.7408959,-171.7122455,-399.0286504,-1.99446734,-16.23584519,18.23031013,1
531.275095,-52.24316682,-479.0319282,2.160410656,-18.29777709,16.13736485,1
468.8514806,69.48348194,-538.3349625,6.221815122,-19.56937092,13.34755513,1
386.1675433,188.2075679,-574.3751112,10.01424195,-19.9956777,9.981436055,1
286.7962765,298.798707,-585.5949835,13.37381029,-19.55827557,6.184466582,1
175.0317773,396.4779614,-571.5097387,16.15534424,-18.2760658,2.120723851,1
55.70368758,477.0243503,-532.7280379,18.23864631,-16.20445609,-2.034187012,1
-66.03150796,536.9572495,-470.9257416,19.53369147,-13.43296619,-6.100721262,1
-184.9133071,573.6867988,-388.7734917,19.98451739,-10.08135955,-9.903153143,1
-295.8045106,585.6258166,-289.8213059,19.57164267,-6.294468,-13.27716947,1
-393.9132141,572.2583859,-178.3451718,18.31290875,-2.235933196,-16.07697002,1
-474.999879,534.1621492,-59.16227022,16.26270886,1.918864776,-18.181568,1
-535.5605345,472.9833463,62.57718817,13.50963762,5.990386045,-19.50001812,1
-572.9781933,391.3656764,181.6125169,10.17266259,9.802689345,-19.97534668,1
-585.6359387,292.8360563,292.7998824,6.395983335,13.19103491,-19.58701349,1
-572.9867957,181.6522136,391.3345821,2.342800253,16.00900333,-18.35179948,1
-535.5773676,62.61869833,472.9586692,-1.811737814,18.13482268,-16.32308157,1
-475.0242153,-59.12073414,534.1449495,-5.8881022,19.47663067,-13.58852608,1
-393.9440021,-178.3053985,572.2494006,-9.710142332,19.97644423,-10.26630048,1
-295.8404198,-289.7850079,585.6254277,-13.11269767,19.61266509,-6.499967011,1
-184.9527857,-388.7422313,573.6950171,-15.94873471,18.40101313,-2.452278997,1
-66.07285006,-470.9008635,536.9737136,-18.09570075,16.3938471,1.701852149,1
55.66226849,-532.710611,477.0483425,-19.46081964,13.67790199,5.782915327,1
174.9920711,-571.5005099,396.5084388,-19.98510097,10.37054105,9.614556897,1
286.7599989,-585.5943453,298.8343464,-19.64588912,6.614684188,13.03120139,1
386.136262,-574.3830851,188.246823,-18.45784234,2.572631994,15.88520648,1
468.8265474,-538.3511976,69.52465027,-16.4722993,-1.580947664,18.05324296,1
531.2575873,-479.0557168,-52.20187045,-13.77506059,-5.666567522,19.44162418,1
570.7315702,-399.0589584,-171.6726118,-10.48268107,-9.507677042,19.99035446,1
585.5427202,-301.8177954,-283.7249247,-6.737433241,-12.93829163,19.67572169,1
575.051008,-191.5342777,-383.5167302,-2.701159224,-15.81016526,18.51132195,1
539.7098083,-72.97404986,-466.7357585,1.45172283,-17.99919661,16.54747204,1
481.0463087,48.73958475,-529.7858935,5.541755826,-19.41079178,13.86903512,1
401.5955153,168.3470556,-569.9425709,9.392198547,-19.98395197,10.59175356,1
304.7907085,280.6798053,-585.4705138,12.83666311,-19.69390937,6.857247399,1
194.815082,380.8836363,-575.6987183,15.72630503,-18.55319749,2.826894583,1
76.42097568,464.6284741,-541.0494498,17.93625518,-16.61110949,-1.325142631,1
-45.2754857,528.2954811,-483.0199954,19.37101574,-13.95156817,-5.419443677,1
-165.0154737,569.1334362,-404.1179625,19.96858688,-10.68949936,-9.279082923,1
-277.6247045,585.3776227,-307.7529182,19.70314597,-6.965865745,-12.7372751,1
-378.2370331,576.326086,-198.0890529,18.58616343,-2.941575423,-15.64458253,1
-462.5047327,542.369967,-79.8652343,16.66590705,1.209471313,-17.87537273,1
-526.7863714,484.9766001,41.8097713,14.02535624,5.30789669,-19.33324735,1
-568.3041685,406.6261058,161.6780627,10.77861623,9.176596848,-19.95520777,1
-585.2640291,310.7042175,274.5598116,7.065987325,12.64839496,-19.71437743,1
-576.9330726,201.3559756,375.577097,3.047902112,15.5732654,-18.62116329,1
-543.6713018,83.30660918,460.3646926,-1.102007234,17.82481675,-16.72280607,1
-486.9160464,-38.34265421,525.2587006,-5.204412064,19.30575348,-14.10133886,1
-409.1198523,-158.3350257,567.4548781,-9.082036528,19.95208039,-10.87004228,1
-313.6445003,-271.4853153,585.1298156,-12.56731814,19.735868,-7.168549277,1
-204.6157347,-372.9039974,577.5197321,-15.50964858,18.66645943,-3.156811262,1
-86.74497907,-458.2085005,544.9534795,-17.7818819,16.7900667,0.991813854,1
34.87425721,-523.7125897,488.8383325,-19.28582886,14.18777376,5.098052901,1
154.9864829,-566.5856588,411.599176,-19.95649987,10.97203264,8.984464324,1
268.4013286,-584.9750483,316.5737198,-19.76491346,7.281804098,12.4831059,1
370.2178366,-578.0861037,207.868267,-18.71934858,3.276552762,15.44279199,1
456.0362445,-546.2165145,90.18027003,-16.86498687,-0.870643766,17.73562664,1
22.37356851,-52.33591,29.96234149,-2538.569494,-24902.44154,27441.01084,2
32.32668798,-52.01483909,19.68815111,4203.956384,-28113.5054,23909.54888,2
40.68177626,-49.12077688,8.439000625,10738.87558,-29934.2449,19195.36925,2
47.02564104,-43.79684626,-3.228794775,16743.01036,-30274.61723,13531.60686,2
51.04455299,-36.30633677,-14.73821622,21919.43242,-29117.78964,7198.35727,2
52.53976094,-27.01968385,-25.52007708,26012.14711,-26520.97184,508.8248351,2
51.43732089,-16.39614941,-35.04117148,28818.75343,-22612.58678,-6206.166489,2
47.79175288,-4.961109436,-42.83064345,30200.45355,-17585.91964,-12614.5337,2
41.7833447,6.719927916,-48.50327262,30088.91688,-11689.55907,-18399.35758,2
33.70923599,18.06928893,-51.77852492,28489.65937,-5215.103517,-23274.55561,2
23.96872347,28.52570262,-52.49442608,25481.77063,1517.259475,-26999.02986,2
13.04351416,37.57205776,-50.61557193,21214.00271,8174.587814,-29388.59029,2
1.473903054,44.76097616,-46.23487921,15897.41367,14427.65017,-30325.06363,2
-10.16794666,49.73693722,-39.56899056,9794.929946,19967.20778,-29762.13755,2
-21.30629928,52.25385989,-30.94756062,3208.343596,24519.3075,-27727.65098,2
-31.39031904,52.18727234,-20.7969533,-3536.612534,27858.82994,-24322.21734,2
-39.92131113,49.54046756,-9.619156432,-10106.37358,29820.62243,-19714.24885,2
-46.47738413,44.44434055,2.033043572,-16176.03877,30307.66655,-14131.62784,2
-50.73431419,37.15091502,13.58339917,-21445.43906,29295.87604,-7850.437102,2
-52.48157924,28.0208798,24.46069943,-25653.98169,26835.28795,-1181.306444,2
-51.63277009,17.5057514,34.12701869,-28593.5375,23047.58813,5545.949137,2
-48.22986374,6.125544657,42.10431908,-30118.73381,18120.09339,11998.64014,2
-42.44114745,-5.556944018,47.99809147,-30154.1436,12296.48792,17857.65537,2
-34.55289624,-16.96396917,51.51686542,-28698.01572,5864.772131,22833.24326,2
-24.95521549,-27.53140812,52.48662361,-25822.36149,-856.9800795,26679.34124,2
-14.12274864,-36.73665905,50.85940769,-21669.39344,-7536.351366,29205.74449,2
-2.591204225,-44.12448575,46.71568998,-16444.49234,-13843.02029,30287.51234,2
9.069137066,-49.32953087,40.2603938,-10406.05032,-19465.09702,29871.14708,2
20.28162503,-52.09438426,31.81275924,-3852.692322,-24124.54753,27977.23965,2
30.49175758,-52.28231297,21.79055539,2891.492063,-27590.94349,24699.45128,2
39.19460309,-49.88402318,10.68942009,9492.976121,-29692.85785,20199.88164,2
45.95977127,-45.01811987,-0.9416514,15625.29024,-30326.3426,14701.05234,2
50.45269766,-37.92524129,-12.52745637,20985.16711,-29460.06939,8474.90232,2
52.4511892,-28.95615849,-23.4950307,25307.53954,-27136.87888,1829.339447,2
51.85641252,-18.55442825,-33.30198427,28378.64902,-23471.66207,-4906.986795,2
48.69778167,-7.234457463,-41.46332421,30046.61699,-18645.67849,-11400.93831,2
43.13150349,4.443936341,-47.57543983,30228.95581,-12897.59219,-17331.36339,2
35.43285252,15.90321018,-51.3360627,28916.64807,-6511.668873,-22404.97895,2
25.98255761,26.57665744,-52.55921505,26174.59262,196.2821888,-26370.87455,2
15.24797336,35.93643374,-51.1844071,22138.39496,6894.526172,-29032.92089,2
3.759967599,43.51966094,-47.27962854,17007.6611,13251.80831,-30259.46919,2
-7.913332186,48.95131833,-41.03798615,11036.12621,18953.73574,-29989.86177,2
-19.19463497,51.96278886,-32.76815389,4519.106387,23718.32551,-28237.43176,2
-29.52603553,52.40514333,-22.87910779,-2221.105855,27309.94973,-25088.8438,2
-38.3966051,50.25650554,-11.85990044,-8851.180257,29550.98832,-20699.80804,2
-45.36765879,45.62313414,-0.255475353,-15043.23331,30330.61301,-15287.37975,2
-50.09445032,38.73416775,11.36028257,-20491.04341,29610.26827,-9119.224975,2
-52.3432211,29.93029309,22.412928,-24925.19471,27425.57801,-2500.383475,2
-52.00276049,19.64689673,32.35586376,-28126.40083,23884.58384,4241.816761,2
-49.08990563,8.392533431,40.6973722,-29936.34941,19162.40199,10773.94716,2
-43.7487088,-3.276223846,47.02493264,-30265.53133,13492.5631,16772.96793,2
-36.24331339,-14.78230872,51.02562211,-29097.66722,7155.463221,21942.20368,2
-26.94489105,-25.55669961,52.50159066,-26490.51262,464.4971241,26026.01517,2
-16.3132857,-35.06656012,51.37984581,-22573.00169,-6249.440346,28822.44171,2
-4.874272473,-42.84158987,47.71586234,-17538.87091,-12654.31831,30193.18892,2
6.806443972,-48.49728278,41.69083881,-11637.07805,-18433.39012,30070.4679,2
18.1512058,-51.75394239,33.60273659,-5159.49021,-23300.85772,28460.34771,2
28.59896945,-52.45051396,23.85154451,1573.550144,-27016.00549,25442.45519,2
37.63305151,-50.55254928,12.91949777,8229.067421,-29395.10464,21166.03712,2
44.80668072,-46.15391025,1.347229533,14477.91985,-30320.49924,15842.57936,2
49.7650926,-39.47212707,-10.29296553,20011.07684,-29746.42488,9735.348062,2
52.26307398,-30.83764046,-21.42543351,24554.90181,-27701.27179,3146.370072,2
52.17708973,-20.67746011,-31.49962962,27884.68454,-24286.18093,-3598.503468,2
49.51139211,-9.494047294,-40.01734481,29835.75406,-19670.04211,-10165.71176,2
44.39781043,2.159533778,-46.55734421,30311.62221,-14081.14172,-16230.48027,2
37.0892316,13.70696722,-50.79619882,29288.75542,-7795.873084,-21492.8821,2
27.94709386,24.57718657,-52.52428043,26817.73851,-1125.067707,-25692.67055,2
17.42351222,34.23261628,-51.65612851,23020.77307,5601.376593,-28622.14942,2
6.038919577,42.19575699,-48.23467657,18085.63411,12050.81043,-30136.44431,2
-5.64367077,48.07279975,-42.42912898,12256.38385,17904.28367,-30160.66734,2
-17.04650833,51.57310143,-34.5265931,5821.301863,22872.31883,-28693.62055,2
-27.60567753,52.5235582,-24.91788067,-901.3714949,26709.22683,-25807.85525,2
-36.7989855,50.87716617,-14.07818067,-7579.173332,29225.25733,-21646.08397,2
-44.17178668,46.71534596,-2.543559276,-13881.85983,30295.98263,-16414.12283,2
-49.35946678,40.24391608,9.115550696,-19497.73812,29868.4511,-10370.71309,2
-52.10547443,31.78291444,20.32255998,-24149.08071,27963.80589,-3814.725341,2
-52.27400865,21.75077116,30.52323749,-27605.86026,24676.23926,2929.620779,2
-49.85673479,10.64361556,39.21311923,-29697.12528,20168.33444,9528.790577,2
-44.97319664,-0.989259431,45.96245607,-30319.45443,14663.02523,15656.4289,2
-37.86490458,-12.57256194,50.43746652,-29442.07106,8432.571036,21009.4997,2
-28.88339191,-23.53345167,52.41684359,-27108.36528,1785.092564,25323.27238,2
-18.47283012,-33.3298691,51.80269923,-23433.7481,-4950.665971,28384.41375,2
-7.148062854,-41.4773425,48.62540536,-18599.94396,-11441.59455,30041.53821,2
4.530855151,-47.57294697,43.04209182,-12846.00368,-17366.69099,30212.6944,2
15.98635499,-51.31523065,35.32887566,-6456.482463,-22432.93571,28889.41795,2
26.65191669,-52.51912278,25.8672061,252.6324789,-26389.78281,26137.15016,2
36.00008583,-51.12508614,15.12500031,6949.548754,-29041.55048,22092.00161,2
43.56855831,-47.20206137,3.633503059,13303.07725,-30257.09826,16954.02097,2
48.98304308,-40.94405765,-8.038985429,18999.01073,-29976.3125,10977.30179,2
51.97577236,-32.66055815,-19.31521421,23755.66266,-28213.07917,4457.416591,2
52.39874377,-22.76121483,-29.63752894,27337.79769,-25054.59716,-2283.200402,2
50.23103968,-11.73558955,-38.49545013,29568.26502,-20657.06594,-8911.1989,2
45.57986166,-0.128943292,-45.45091837,30336.75917,-15237.96091,-15098.79804,2
38.67522891,11.48472917,-50.15995808,29605.27504,-9065.278335,-20539.99647,2
29.85860293,22.53108559,-52.38968852,27409.98742,-2444.281883,-24965.70529,2
19.56600089,32.46383974,-52.02984063,23859.462,4297.593872,-28157.05563,2
8.306432817,40.79177747,-49.09821029,19129.28635,10826.9364,-29956.22252,2
-3.363270941,47.10304916,-43.73977822,13453.38643,16820.84377,-30274.23001,2
-14.8659972,51.08553735,-36.21954015,7112.458049,21982.89345,-29095.35135,2
-25.63289046,52.54229215,-26.90940169,420.085277,26057.8016,-26477.88678,2
-35.13148512,51.40127124,-16.26978612,-6292.767474,28844.04781,-22551.2803,2
-42.89203794,47.71890262,-4.826864675,-12694.12298,30203.84115,-17509.71819,2
-48.5307588,41.67729403,6.853464768,-18467.40879,30069.93442,-11602.52572,2
-51.76879055,33.57522699,18.19356356,-23327.113,28448.94986,-5121.83701,2
-52.44599968,23.81338089,28.63261879,-27032.90394,25421.05158,1611.852152,2
-50.52889553,12.87451777,37.65437776,-29401.51554,21135.98119,8265.534097,2
-46.11228653,1.299607846,44.81267869,-30315.81055,15805.65243,14510.15783,2
-39.41459156,-10.33892363,49.75351518,-29730.57347,9693.671231,20036.90192,2
-30.76703824,-21.46550505,52.23254329,-27674.74659,3102.299343,24572.44691,2
-20.59728245,-31.52988281,52.12716526,-24249.99872,-3642.493715,27892.49211,2
-9.408259032,-40.03433345,49.44259248,-19625.69728,-10207.15113,29832.8481,2
2.246690354,-46.55827813,44.31158777,-14030.53232,-16267.02453,30297.55658,2
13.79118215,-50.77908188,36.98789973,-7741.206998,-21522.4291,29263.63586,2
24.65429536,-52.48800922,27.83371386,-1068.753434,-25713.46421,26782.21746,2
34.29880589,-51.60054691,17.30174103,5656.849034,-28632.86652,22976.01737,2
42.24775435,-48.16058351,5.912829162,12102.99264,-30136.26,18033.2673,2
48.10803366,-42.33823888,-5.769794775,17950.88997,-30149.29587,12198.4059,2
51.58982971,-34.42145112,-17.16837859,22911.33927,-28671.32945,5759.990242,2
52.52095385,-24.80173683,-27.71921702,26739.02661,-25775.45205,-963.5744406,2
50.85535827,-13.95482911,-36.90052916,29244.65765,-21604.87632,-7639.781159,2
46.67541326,-2.417150652,-44.25826261,30304.31895,-16365.85377,-13938.46497,2
40.18783371,9.240714504,-49.42854821,29865.60606,-10317.47491,-19548.13092,2
31.71345616,20.44223861,-52.15569477,27950.21507,-3758.856066,-24191.35876,2
21.67137224,30.63346178,-52.30483402,24652.86966,2985.652991,-27638.5224,2
10.55820287,39.31038754,-49.8685904,20136.63664,9582.509504,-29719.14591,2
-1.076461617,46.04390743,-44.96744581,14624.86168,15705.47272,-30330.33419,2
-12.65724085,50.50102213,-37.84378128,8390.123926,21051.73778,-29441.86154,2
-23.61141932,52.46130959,-28.84989028,1740.755921,25356.91064,-27097.66645,2
-33.3972694,51.82782581,-18.43055641,-4994.404684,28408.08341,-23413.67868,2
-41.53084196,48.63189906,-7.101057099,-11482.27745,30054.36348,-18572.08604,2
-47.60989954,43.03158058,4.578318958,-17402.01132,30214.33575,-12812.32451,2
-51.33380861,35.30382836,16.02998025,-22460.85193,28880.08896,-6419.237173,2
-52.5184071,25.83081042,26.68759668,-26408.61954,26117.60692,291.0124181,2
-51.10511193,15.08100512,36.02410681,-29050.08136,22063.50534,6986.575776,2
-47.16381616,3.586032994,43.57778317,-30254.60662,16918.27563,13336.33071,2
-40.88943254,-8.085633929,48.97506647,-29962.62678,10936.36985,19026.25661,2
-32.59225429,-19.35678538,51.94903967,-28188.58139,4413.616998,23774.96407,2
-22.68260984,-29.67001817,52.35262801,-25020.20407,-2327.40689,27347.61063,2
-11.65057048,-38.51530199,50.16587246,-20614.18366,-8953.331408,29567.51475,2
-0.04171439,-45.45520243,45.49691682,-15188.41538,-15136.47827,30324.89336,2
11.56985436,-50.14651387,38.57665951,-9011.225023,-20571.06631,29582.29108,2
22.60989757,-52.35723235,29.74733478,-2388.099204,-24988.33355,27376.43256,2
32.53244122,-51.97802906,19.44558783,4353.422193,-28169.82859,23816.40626,2
40.84677612,-49.02765713,8.180881014,10879.94415,-29958.21386,19078.26964,2
47.14172535,-43.65202419,-3.489701157,16868.70423,-30265.04661,13396.34237,2
51.10597866,-36.11697666,-14.989002,22023.53444,-29075.15274,7051.618347,2
52.54348796,-26.79515258,-25.74833538,26089.50796,-26447.37722,357.86937,2
51.3831627,-16.14755319,-35.2356095,28865.54623,-22511.67399,-6353.872075,2
47.68238554,-4.700744599,-42.98164094,30214.36313,-17462.67922,-12751.68371,2
41.6241746,6.979183038,-48.60335763,30069.25429,-11550.08574,-18519.16832,2
33.50813246,18.31461089,-51.82274334,28437.39593,-5066.294789,-23371.10089,2
23.73562962,28.744957,-52.48058662,25399.4899,1668.044417,-27067.53407,2
12.78995515,37.75439931,-50.54435446,21105.77272,8319.892057,-29425.66454,2
1.212416116,44.89738511,-46.10980122,15768.58575,14560.28784,-30328.87339,2
-10.42443221,49.82066535,-39.39623313,9651.874081,20080.61942,-29732.49333,2
-21.54510148,52.28076425,-30.73566277,3058.13339,24607.88446,-27666.01773,2
-31.59963044,52.15602015,-20.55638971,-3686.549664,27918.19173,-24231.642,2
-40.0907827,49.4526021,-9.361819398,-10248.62372,29847.83338,-19599.20966,2
-46.59863709,44.30420486,2.294432227,-16303.56816,30301.38097,-13997.81287,2
-50.80135437,36.96543711,13.83591726,-21551.94194,29256.40477,-7704.462957,2
-52.49109349,27.79923004,24.69186344,-25734.19214,26764.58301,-1030.391055,2
-51.58429015,17.25888899,34.32540117,-28643.48987,22949.14616,5694.343477,2
-48.1257894,5.865675659,42.26011375,-30135.95883,17998.78274,12137.17581,2
-42.28662786,-5.816970302,48.10359817,-30137.79049,12158.30787,17979.48231,2
-34.35557527,-17.21129567,51.56687094,-28648.89429,5716.556245,22932.33772,2
-24.7248537,-27.7538058,52.47865951,-25742.90206,-1007.901937,26750.80367,2
-13.87074061,-36.92313173,50.79387234,-21563.52667,-7682.515511,29246.04186,2
-2.330015,-44.26581387,46.59582887,-16317.45484,-13977.19832,30294.65287,2
9.326588378,-49.41872745,40.09213907,-10264.12566,-19580.6533,29844.77871,2
20.52260417,-52.12704044,31.60443626,-3702.900317,-24215.76735,27918.66746,2
30.70434492,-52.25681601,21.55247109,3041.742527,-27653.31566,24611.57299,2
39.36828308,-49.80163627,10.43335319,9636.253489,-29723.29782,20087.04424,2
46.08595249,-44.88291963,-1.203032859,15754.5078,-30323.34499,14568.83716,2
50.52513769,-37.74391617,-12.78122151,21093.93348,-29423.78244,8329.849007,2
52.46630332,-28.73767799,-23.72862533,25390.4747,-27069.09713,1678.622531,2
51.81345102,-18.30959935,-33.50385167,28431.65044,-23375.7376,-5055.912691,2
48.59886691,-6.975390185,-41.62347673,30067.06246,-18526.35513,-11540.70714,2
42.98152494,4.704427836,-47.68595277,30215.83314,-12760.77096,-17455.06195,2
35.23922494,16.1522413,-51.39146624,28870.60517,-6364.116133,-22506.48879,2
25.75485441,26.80191035,-52.55676476,26097.90541,347.2693756,-26445.17453,2
14.99745311,36.12676652,-51.12421963,22034.85486,7041.480889,-29076.33551,2
3.499017248,43.66565864,-47.16467589,16882.3875,13387.46306,-30269.85035,2
-8.171809861,49.04575852,-40.87394866,10895.31332,19071.38186,-29966.695,2
-19.43785948,52.00099884,-32.56313936,4369.716887,23812.14494,-28181.86169,2
-29.74198072,52.38523121,-22.64325048,-2371.685132,27375.30272,-25003.61751,2
-38.57459388,50.17945379,-11.60485991,-8995.50364,29584.6429,-20589.13925,2
-45.49889117,45.49275104,0.006140128,-15174.16451,30330.90484,-15156.74038,2
-50.17243859,38.55689899,11.6155396,-20602.10843,29577.18291,-8975.074601,2
-52.36411069,29.71490306,22.64920763,-25010.90202,27360.75167,-2349.849829,2
-51.96552059,19.40403507,32.56148552,-28182.51293,23791.22244,4391.290263,2
-48.99638017,8.134208359,40.86217181,-29960.09241,19045.12261,10914.96953,2
-43.60352522,-3.537239384,47.14076461,-30255.73211,13357.16568,16898.56613,2
-36.05365388,-15.03310873,51.0867626,-29054.81147,7008.643704,22046.16744,2
-26.72013727,-25.78488329,52.50502055,-26416.7208,313.5163177,26103.20415,2
-16.06455488,-35.26084512,51.3254,-22471.92417,-6397.115841,28869.03969,2
-4.613867596,-42.99237029,47.60623789,-17415.50744,-12791.38536,30206.8925,2
7.065642589,-48.59710419,41.5314616,-11497.53052,-18553.0702,30050.60047,2
18.39637749,-51.79787048,33.40149298,-5010.660884,-23397.23218,28407.89285,2
28.81798726,-52.43637856,23.61839131,1724.300001,-27084.30824,25360.00808,2
37.81508187,-50.4810517,12.66596984,8374.281557,-29431.95782,21057.67616,2
44.94271924,-46.02858859,1.085869354,14610.41577,-30324.08033,15713.66452,2
49.84840938,-39.29918123,-10.54922815,20124.30104,-29716.55676,9592.255755,2
52.28954641,-30.62562556,-21.66392085,24643.25381,-27639.43158,2996.177853,2
52.1454064,-20.43686338,-31.70854302,27943.79393,-24195.42686,-3748.366925,2
49.42311762,-9.236769451,-40.18634817,29862.69656,-19554.86233,-10307.83405,2
44.25730804,2.420767066,-46.67807511,30305.06434,-13947.23233,-16357.8318,2
36.90344747,13.95923468,-50.86268214,29249.02042,-7649.856431,-21599.16375,2
27.72521348,24.80801031,-52.53322379,26746.79036,-974.1648953,-25772.62521,2
17.17650621,34.4305789,-51.60708511,22922.11936,5749.702819,-28671.82194,2
5.77900109,42.3510662,-48.13006729,17964.15259,12189.22475,-30153.37712,2
-5.90364998,48.17777263,-42.27412265,12118.0812,18025.94095,-30144.02196,2
-17.29369352,51.62254441,-34.32885088,5673.016617,22971.20263,-28644.21911,2
-27.82784666,52.51502386,-24.6871772,-1052.307113,26780.44696,-25728.13976,2
-36.98515369,50.81107432,-13.82592063,-7725.296028,29265.29167,-21539.99561,2
-44.31274943,46.59496285,-2.282213422,-14015.94433,30302.85132,-16286.90703,2
-49.44825518,40.07519289,9.373062289,-19613.15448,29841.81446,-10228.66008,2
-52.13769979,31.57419294,20.56350685,-24240.12221,27904.98121,-3664.859157,2
-52.24807957,21.5123712,30.73570837,-27668.0256,24588.13565,3079.889737,2
-49.77393581,10.3873247,39.38661111,-29727.34122,20055.30898,9672.031983,2
-44.83762477,-1.250768823,46.08839359,-30316.22774,14530.66747,15785.55997,2
-37.68326664,-12.82635945,50.50962609,-29405.56238,8287.426597,21118.13547,2
-28.66467287,-23.76698826,52.43166113,-27040.38118,1634.339417,25406.04144,2
-18.22784877,-33.53159771,51.75944647,-23337.65175,-5099.572483,28437.22391,2
-6.888936741,-41.6372891,48.52622584,-18480.48877,-11581.29041,30061.77888,2
4.791308947,-47.68320381,42.89189486,-12709.09825,-17490.26767,30199.36565,2
16.23525374,-51.37034736,35.13509362,-6308.89838,-22534.28187,28843.18003,2
26.8769491,-52.51637587,25.63942677,403.5955179,-26463.88647,26060.29078,2
36.1901209,-51.0646137,14.8744928,7096.423957,-29084.74692,21988.32285,2
43.71419579,-47.08685627,3.372660474,13438.59998,-30267.25125,16828.65122,2
49.07707837,-40.77981949,-8.297258881,19116.47778,-29952.91993,10836.44216,2
52.01355277,-32.45541141,-19.55814137,23849.26374,-28157.29789,4308.034222,2
52.37839866,-22.52530708,-29.85309158,27402.9028,-24969.18577,-2433.716893,2
50.15357295,-11.48058962,-38.67298332,29601.65337,-20546.24839,-9055.404802,2
45.44910207,0.132535801,-45.58163787,30336.7785,-15107.21756,-15229.56073,2
38.4976408,11.73975399,-50.23739479,29571.92333,-8921.074955,-20650.84813,2
29.64296648,22.7670419,-52.41000838,27344.91297,-2293.749907,-25051.16281,2
19.32297791,32.66905631,-51.99203422,23765.88192,4447.01004,-28212.89172,2
8.048039513,40.95610327,-49.00414278,19011.82749,10967.84753,-29979.67479,2
-3.624258253,47.21835538,-43.59409712,13317.85652,16946.28126,-30264.13758,2
-15.11667391,51.14611937,-36.02944546,6965.558506,22086.65392,-29052.21227,2
-25.86086188,52.54515171,-26.68428983,269.0797979,26134.75367,-26403.83337,2
-35.3254794,51.34626467,-16.02078526,-6440.412139,28890.3859,-22449.97373,2
-43.04246357,47.60874796,-4.566284389,-12831.10629,30217.27366,-17386.1674,2
-48.63017887,41.5174366,7.11274226,-18586.95744,30049.79706,-11462.83971,2
-51.8122906,33.37357014,18.43872046,-23423.31591,28396.2385,-4972.922738,2
-52.43143073,23.57989509,28.85153564,-27101.00457,25338.37301,1762.631351,2
-50.45698032,12.62074757,37.83623275,-29438.14711,21027.42419,8410.722663,2
-45.98658381,1.038100939,44.94848287,-30319.16256,15676.58558,14642.57669,2
-39.24132007,-10.59523694,49.83655701,-29700.48121,9550.477398,20150.00349,2
-30.55476922,-21.70395131,52.25872053,-27612.69931,2952.060032,24660.63895,2
-20.3565157,-31.73867215,52.09518785,-24159.066,-3792.348573,27951.41425,2
-9.15090367,-40.20314267,49.35404634,-19510.37715,-10349.21062,29859.58746,2
2.507904822,-46.67876118,44.17085636,-13896.5289,-16394.26324,30290.79187,2
14.04333538,-50.84528267,36.80194729,-7595.148361,-21628.55457,29223.7027,2
24.88491511,-52.49665609,27.61174098,-917.863828,-25793.22812,26711.09176,2
34.49648484,-51.5512145,17.05472966,5805.106446,-28682.32422,22877.21766,2
42.40271425,-48.05571375,5.652999504,12241.28487,-30152.96562,17911.68069,2
48.21260886,-42.18302025,-6.029588605,18072.37685,-30132.42324,12060.04639,2
51.6388463,-34.22356205,-17.41528425,23010.01172,-28621.71299,5611.701336,2
52.51198551,-24.57096597,-27.94101954,26810.00381,-25695.54549,-1114.458197,2
50.78884625,-13.70259125,-37.086255,29284.42842,-21498.63135,-7785.796895,2
46.55464461,-2.155922208,-44.39872241,30310.91541,-16238.52465,-14072.39055,2
40.01877865,9.498012497,-49.51679115,29838.70091,-10175.35854,-19663.34214,2
31.50447289,20.68287949,-52.18735238,27891.13781,-3608.980682,-24282.15688,2
21.43279355,30.84554265,-52.2783362,24564.54081,3135.875461,-27700.41603,2
10.30182517,39.48341791,-49.78524308,20023.42336,9725.649963,-29749.0731,2
-1.337961684,46.16932801,-44.83136632,14492.36174,15834.4523,-30326.81384,2
-12.91093332,50.57262811,-37.66169479,8244.888905,21160.17793,-29405.06668,2
-23.84476035,52.47555754,-28.63079719,1589.967195,25439.44857,-27029.41566,2
-33.59872161,51.78400885,-18.18528724,-5143.291085,28460.63729,-23317.34616,2
-41.69044498,48.53218185,-6.841736871,-11621.89958,30074.33431,-18452.43475,2
-47.71976263,42.8808923,4.838870334,-17525.46536,30200.7359,-12675.27061,2
-51.38850086,35.10961888,16.27888198,-22562.03368,28833.59099,-6271.557458,2
-52.51522602,25.60268193,26.91254409,-26482.52621,26040.51034,442.0156729,2
-51.04421708,14.83023722,36.21397986,-29093.05906,21959.62288,7133.43593,2
-47.04822129,3.325024907,43.72319638,-30264.531,16792.7447,13471.78601,2
-40.72485653,-8.34397657,49.0688331,-29939.0081,10795.39845,19143.60934,2
-32.38683833,-19.59968876,51.98652709,-28132.58877,4264.176723,23868.41172,2
-22.44651482,-29.88547199,52.33198682,-24934.60763,-2477.925625,27412.53293,2
-11.39547449,-38.69265346,50.08812796,-20503.21756,-9097.484853,29600.7021,2
0.219764798,-45.58568307,45.36591828,-15057.56839,-15267.13746,30324.70557,2
11.82478332,-50.22367315,38.39888983,-8866.969135,-20681.76963,29548.73852,2
22.84566678,-52.37725667,29.53158989,-2237.569508,-25073.60629,27311.1756,2
32.73738872,-51.9399304,19.20254168,4502.780336,-28225.45366,23722.67319,2
41.01076418,-48.93332187,7.922557693,11020.74332,-29981.44039,18960.697,2
47.25664186,-43.50611984,-3.750522023,16993.98027,-30254.72595,13260.74567,2
51.16613829,-35.92672101,-15.23941728,22127.09089,-29031.79528,6904.704444,2
52.54591332,-26.56995678,-25.97595654,26166.22247,-26373.12717,206.9048131,2
51.32773158,-15.89855632,-35.42917527,28911.62389,-22410.20331,-6501.42042,2
47.57183699,-4.440262782,-43.13157421,30227.52415,-17339.00603,-12888.51792,2
41.46397343,7.238265682,-48.70223911,30048.84674,-11410.32617,-18638.52034,2
33.306199,18.55947944,-51.86567844,28384.42796,-4917.360506,-23467.06721,2
23.50194803,28.96349949,-52.46544752,25316.57993,1818.788021,-27135.3677,2
12.53607966,37.9358057,-50.47188536,20997.0199,8464.990112,-29462.00978,2
0.950899616,45.03268188,-45.98358149,15639.36727,14692.56468,-30331.93174,2
-10.68065894,49.90315928,-39.22250034,9508.579242,20193.53341,-29702.11249,2
-21.78336926,52.30637345,-30.52300419,2907.847618,24695.85157,-27603.69907,2
-31.80815824,52.12347588,-20.31531765,-3836.395209,27976.86163,-24140.46636,2
-40.25926025,49.36351157,-9.104251323,-10390.61965,29874.30462,-19483.68497,2
-46.71873475,44.16297169,2.555763052,-16430.69328,30294.34444,-13863.65122,2
-50.86713508,36.77904359,14.08809149,-21657.91048,29216.20846,-7558.298099,2
-52.49930639,27.57689183,24.92241457,-25813.7646,26693.21477,-879.4503536,2
-51.53453135,17.01159934,34.52293201,-28692.73216,22850.13545,5842.596474,2
-48.02052191,5.605661778,42.41486013,-30152.43678,17877.02602,12275.41048,2
-42.13105983,-6.076851944,48.20791177,-30120.69028,12019.82651,18100.86346,2
-34.15740241,-17.45819514,51.61559755,-28599.06265,5568.198689,23030.86363,2
-24.49387869,-27.9755152,52.46939389,-25662.80444,-1158.798817,26821.60293,2
-13.61838834,-37.10868888,50.72707722,-21457.12528,-7828.489264,29285.61423,2
-2.068767547,-44.4060445,46.47481204,-16190.01272,-14111.02997,30301.04239,2
9.583809038,-49.50669883,39.92288979,-10121.9464,-19695.72433,29817.67048,2
20.76307521,-52.15840429,31.39532908,-3553.016323,-24306.38704,27859.40316,2
30.91617183,-52.23002352,21.31385169,3191.917833,-27715.00251,24523.08453,2
39.54098792,-49.71801468,10.17702676,9779.292271,-29753.00117,19973.70881,2
46.21099207,-44.7466066,-1.46438547,15883.33515,-30319.59589,14436.26071,2
50.59632606,-37.56165518,-13.03467088,21202.17731,-29386.7663,8184.589036,2
52.48011768,-28.51848481,-23.96163286,25472.78085,-27000.64454,1527.863791,2
51.76920594,-18.06431621,-33.70488973,28483.94748,-23279.23381,-5204.713512,2
48.49874824,-6.716149557,-41.78259868,30086.76302,-18406.57264,-11680.19018,2
42.83048168,4.964803226,-47.79528491,30201.96188,-12623.6335,-17578.32815,2
35.04472454,16.40087261,-51.44559715,28823.84701,-6216.405674,-22607.44109,2
25.52651343,27.02649952,-52.55301294,26020.57165,498.2479562,-26518.81936,2
14.74656166,36.31620448,-51.06276614,21930.7689,7188.261102,-29119.02976,2
3.237980667,43.81057468,-47.04855534,16756.69574,13522.78604,-30279.48157,2
-8.430084535,49.13898371,-40.70889918,10754.23064,19188.55535,-29942.78581,2
-19.68060179,52.03792058,-32.3573188,4220.219319,23905.37424,-28125.59343,2
-29.95718835,52.36402133,-22.40683299,-2522.205409,27439.97728,-24917.7718,2
-38.7516262,50.10115896,-11.34953276,-9139.603869,29617.56431,-20477.96043,2
-45.62899548,45.36124099,0.26775449,-15304.71943,30330.44499,-15025.72562,2
-50.24918298,38.37867518,11.87050781,-20712.66265,29543.36456,-8830.702025,2
-52.38370209,29.49877711,22.88492498,-25095.98926,27295.24726,-2199.258172,2
-51.92699238,19.16069301,32.76629936,-28237.92637,23697.27142,4540.654715,2
-48.90163996,7.875682184,41.02595778,-29983.0927,18927.37125,11055.72118,2
-43.45726056,-3.798166779,47.25542734,-30245.18285,13221.43724,17023.74531,2
-35.86310038,-15.28353569,51.14663607,-29011.23545,6861.650497,22149.58463,2
-26.49472081,-26.01242746,52.50714827,-26342.27408,162.5277415,26179.74601,2
-15.81542545,-35.45425579,51.26968124,-22370.28951,-6544.6328,28914.92199,2
-4.353347893,-43.14208478,47.49543267,-17291.71216,-12928.1354,30219.84726,2
7.324666585,-48.69572077,41.37105418,-11357.69784,-18672.29049,30029.98808,2
18.64109377,-51.84051441,33.19942064,-4861.707159,-23493.0268,28354.73375,2
29.03629137,-52.42094318,23.38465182,1875.007349,-27151.93977,25276.93226,2
37.99617555,-50.4083026,12.41212705,8519.288381,-29468.08161,20948.79313,2
45.07764445,-45.90212575,0.824481297,14742.54984,-30326.90991,15584.36003,2
49.93049128,-39.12526098,-10.8052303,20237.02673,-29685.9522,9448.925506,2
52.31472347,-30.4128512,-21.90187227,24730.99532,-27576.90639,2845.911159,2
52.11243126,-20.19575969,-31.91667158,28002.21103,-24104.07317,-3898.137712,2
49.33361878,-8.979262216,-40.35435657,29888.89922,-19439.19793,-10449.7011,2
44.11570934,2.681940844,-46.79765018,30297.75566,-13812.97729,-16484.77815,2
36.71674926,14.21115667,-50.92790593,29208.56078,-7503.650196,-21704.91034,2
27.50264649,25.03821972,-52.54086621,26675.17958,-823.2379421,-25851.94139,2
16.92907499,34.62768873,-51.55676372,22822.89781,5897.886554,-28720.78413,2
5.518939869,42.50532632,-48.02426619,17842.22611,12327.33699,-30169.56288,2
-6.163482401,48.28155203,-42.11806963,11979.47845,18147.1515,-30126.62977,2
-17.54044965,51.67070853,-34.13025888,5524.591002,23069.51715,-28594.10802,2
-28.04932567,52.50518856,-24.45586289,-1203.21643,26851.0034,-25647.78689,2
-37.17040482,50.74372374,-13.57331892,-7871.22705,29304.60074,-21433.37366,2
-44.45261352,46.47342549,-2.020811975,-14149.68126,30308.96903,-16159.28781,2
-49.53581765,39.90547702,9.630340628,-19728.08456,29814.43827,-10086.35381,2
-52.16863258,31.36468943,20.80394315,-24330.56276,27845.46497,-3514.902372,2
-52.22085517,21.27343859,30.94741658,-27729.50505,24499.42268,3230.082146,2
-49.68990283,10.13077691,39.55912592,-29756.82023,19941.78649,9815.033471,2
-44.70094123,-1.512246736,46.21318796,-30312.24952,14397.9496,15914.29961,2
-37.50069433,-13.07983861,50.58053294,-29368.32474,8142.076775,21226.24764,2
-28.44524297,-23.99993535,52.44517832,-26971.72674,1483.545767,25488.18064,2
-17.98241519,-33.73249483,51.71491003,-23240.97681,-5248.352615,28489.3291,2
-6.62963942,-41.79620333,48.42584275,-18360.57535,-11720.69926,30081.27431,2
5.051644487,-47.79227846,42.74063398,-12571.87763,-17613.41091,30185.28827,2
16.48375062,-51.4241905,34.94043988,-6161.157726,-22635.06958,28796.22708,2
27.10131592,-52.51232699,25.41101108,554.5487774,-26537.3343,25982.78535,2
36.37925957,-51.00287528,14.6236157,7243.123515,-29127.22257,21884.09895,2
43.85875041,-46.97048375,3.11173334,13573.78989,-30276.65414,16702.8642,2
49.16989789,-40.61457022,-8.555327672,19233.4713,-29928.78504,10695.31376,2
52.05004465,-32.24945985,-19.80058479,23942.27401,-28100.8188,4158.544866,2
52.35675598,-22.28884061,-30.06791536,27467.32902,-24883.15559,-2584.173293,2
50.07486377,-11.22530469,-38.84955907,29634.30834,-20434.92165,-9199.386512,2
45.31721663,0.394012092,-45.71122872,30336.04624,-14976.09981,-15359.94622,2
38.31909911,11.99448836,-50.31358747,29537.83898,-8776.650488,-20761.18825,2
29.42659588,23.00243447,-52.42903035,27279.16107,-2143.161087,-25135.99973,2
19.07947655,32.87346374,-51.95294029,23671.7131,4596.315999,-28268.02885,2
7.789447242,41.11941456,-48.90886181,18893.89769,11108.48686,-30002.38432,2
-3.885155265,47.33249189,-43.44733662,13181.99678,17071.29878,-30253.29537,2
-15.36697552,51.20543435,-35.83845883,6818.486561,22189.86702,-29008.35343,2
-26.08819192,52.54670956,-26.45851763,118.0678728,26211.05806,-26329.12583,2
-35.51859776,51.28998609,-15.77138834,-6587.896973,28936.00802,-22348.11101,2
-43.19182201,47.49741391,-4.305591906,-12967.77139,30229.95731,-17262.18595,2
-48.72839328,41.35655076,7.371842515,-18706.04524,30028.91499,-11322.86984,2
-51.85450614,33.17108669,18.68341944,-23518.93812,28342.82341,-4823.885448,2
-52.41556191,23.34582541,29.0697365,-27168.43335,25255.0665,1913.366645,2
-50.38381417,12.36666508,38.01714909,-29474.04891,20918.34608,8555.702569,2
-45.85974094,0.776568788,45.08317215,-30321.76296,15547.13023,14774.63244,2
-39.06707561,-10.85128719,49.91836281,-29669.65267,9407.046881,20262.60547,2
-30.34174249,-21.94185921,52.28360171,-27549.96751,2801.747561,24748.21962,2
-20.11524397,-31.94667445,52.06191843,-24067.53433,-3942.109448,28009.64345,2
-8.893321044,-40.37095507,49.26427611,-19394.57328,-10491.01363,29885.58661,2
2.769057621,-46.79808694,44.02902932,-13762.18087,-16521.09566,30283.27626,2
14.29514106,-50.9102229,36.61508184,-7448.901275,-21734.14404,29183.04508,2
25.11491864,-52.50400148,27.38908284,-766.9512531,-25872.35281,26639.30388,2
34.69330937,-51.50060404,16.80729466,5953.220216,-28731.07111,22777.85077,2
42.55662378,-47.94965257,5.393028786,12379.27395,-30168.92397,17789.64995,2
48.31598971,-42.02675574,-6.289233972,18193.41607,-30114.80385,11921.38778,2
51.68658363,-34.02482435,-17.66175928,23108.11414,-28571.38721,5463.273137,2
52.50171627,-24.3395857,-28.16213057,26880.31681,-25615.00213,-1265.314556,2
50.72107605,-13.45001333,-37.27106273,29323.47368,-21391.8536,-7931.619901,2
46.43272271,-1.894639853,-44.53808286,30316.76091,-16110.79309,-14205.96761,2
39.84873232,9.755075588,-49.60380791,29811.05651,-10032.99,-19778.06627,2
31.29470935,20.92300828,-52.21771763,27831.36956,-3459.015858,-24372.35345,2
21.19368419,31.05685958,-52.25054377,24475.60343,3286.020216,-27761.6234,2
10.04519265,39.65547027,-49.70066291,19909.71408,9868.549396,-29778.26325,2
-1.59942811,46.29360488,-44.69417677,14359.50287,15963.03947,-30322.54213,2
-13.16430535,50.64298127,-37.47867592,8099.449777,21268.09369,-29367.54331,2
-24.07750997,52.4885055,-28.41099553,1439.139287,25521.35605,-26960.49523,2
-33.79934068,51.73890903,-17.93956836,-5292.0498,28512.48585,-23220.436,2
-41.84901434,48.43126239,-6.582248052,-11761.23346,30093.55983,-18332.32639,2
-47.82844263,42.72914181,5.099300825,-17648.48486,30186.3876,-12537.90281,2
-51.4419191,34.91453979,16.52737931,-22662.65606,28786.37846,-6123.722541,2
-52.510743,25.37391942,27.13682357,-26555.77637,25962.76842,593.0077513,2
-50.98205674,14.57910227,36.40295447,-29135.31554,21855.19622,7280.119078,2
-46.93145997,3.063934899,43.86752507,-30273.70512,16666.79761,13606.90723,2
-40.55927078,-8.602111945,49.16138273,-29914.64724,10654.15951,19260.48741,2
-32.18061927,-19.84210592,52.02272519,-28075.89873,4114.630771,23961.26763,2
-22.20986304,-30.1001847,52.31004774,-24848.39303,-2628.382951,27476.77565,2
-11.14009562,-38.86904556,50.00914118,-20391.74311,-9241.412839,29633.15564,2
0.481239022,-45.71503351,45.23379449,-14926.34803,-15397.4183,30323.76604,2
12.0794197,-50.29958728,38.22016757,-8722.49328,-20791.96041,29514.45345,2
23.08087031,-52.39598248,29.31511217,-2086.984137,-25158.25764,27245.24158,2
32.94152539,-51.90054406,18.95901867,4652.027111,-28280.37924,23628.352,2
41.17373638,-48.83777344,7.664037067,11161.26958,-30003.9239,18842.65425,2
47.37038772,-43.35913681,-4.011250907,17118.83538,-30243.6555,13124.82011,2
51.22503037,-35.73557452,-15.48945585,22230.0992,-28987.71835,6757.619204,2
52.54703694,-26.34410202,-26.20293492,26242.28874,-26298.22353,55.93490649,2
51.27102892,-15.64916495,-35.62186397,28956.98527,-22308.17724,-6648.807866,2
47.46010998,-4.179670443,-43.28043954,30239.93628,-17214.90313,-13025.03294,2
41.30274516,7.497169426,-48.79991459,30027.69472,-11270.28382,-18757.41066,2
33.10344061,18.80388853,-51.90732914,28330.75678,-4768.304359,-23562.45217,2
23.26768448,29.18132468,-52.44900917,25233.04277,1969.486551,-27202.52907,2
12.28189397,38.11627243,-50.3981664,20887.74694,8609.878385,-29497.6251,2
0.689360033,45.16686311,-45.85622314,15509.76144,14824.47739,-30334.23862,2
-10.9366205,49.98441698,-39.04779648,9365.048979,20305.94696,-29670.99578,2
-22.02109672,52.33068685,-30.30959014,2757.490006,24783.20666,-27540.69655,2
-32.01589727,52.08964035,-20.07374308,-3986.145456,28034.83821,-24048.69269,2
-40.42673958,49.27319817,-8.846458586,-10532.35785,29900.03551,-19367.67765,2
-46.83767411,44.02064454,2.817029575,-16557.41099,30286.55715,-13729.14622,2
-50.9316547,36.59173908,14.33991562,-21763.34207,29175.28809,-7411.946151,2
-52.50621776,27.35387068,25.15234708,-25892.69712,26621.18502,-728.4880791,2
-51.48349491,16.76388858,34.71960633,-28741.26315,22750.55846,5990.704456,2
-47.91406387,5.345509456,42.56855441,-30168.16726,17754.82628,12413.3407,2
-41.9744472,-6.336582506,48.3110297,-30102.84337,11881.04727,18221.7958,2
-33.95838255,-17.70466147,51.66304403,-28548.52203,5419.70314,23128.81857,2
-24.26229618,-28.19653081,52.45882699,-25582.07061,-1309.666979,26891.73726,2
-13.36569809,-37.29332591,50.659024,-21350.19191,-7974.269008,29324.4606,2
-1.807468343,-44.54517415,46.35264249,-16062.16915,-14244.5119,30306.68077,2
9.84079267,-49.59344283,39.75265016,-9979.516082,-19810.30725,29789.82308,2
21.00303216,-52.18847505,31.18544289,-3403.044055,-24396.40436,27799.44821,2
31.12723303,-52.20193616,21.07470312,3342.014256,-27776.00252,24433.98812,2
39.71271333,-49.63316047,9.920447146,9922.08892,-29781.96717,19859.87817,2
46.33488692,-44.60918416,-1.725702755,16011.7691,-30315.09539,14303.32627,2
50.66626101,-37.37846284,-13.28779817,21309.89592,-29349.02188,8039.12601,2
52.49263194,-28.2985844,-24.19404754,25554.45595,-26931.52281,1377.066966,2
51.72367838,-17.81858492,-33.90509346,28535.53883,-23182.15311,-5353.38557,2
48.39742813,-6.456742004,-41.94068613,30105.71817,-18286.334,-11819.38398,2
42.67837746,5.225056058,-47.90343352,30187.34236,-12486.18318,-17701.15895,2
34.84935613,16.64909794,-51.49845407,28776.37474,-6068.541157,-22707.83334,2
25.29754032,27.25041938,-52.5479597,25942.59326,649.2141888,-26591.8072,2
14.49530525,36.50474291,-51.00004816,21826.13967,7334.863171,-29161.0026,2
2.976864323,43.95440546,-46.93126978,16630.58893,13657.77389,-30288.36261,2
-8.688149808,49.2309916,-40.5428418,10612.88166,19305.2533,-29918.13479,2
-19.92285588,52.07355319,-32.15069731,4070.617385,23998.01111,-28068.62837,2
-30.17165308,52.34151423,-22.16986115,-2672.662958,27503.97181,-24831.30878,2
-38.92769768,50.02162299,-11.09392531,-9283.477375,29649.75172,-20366.27433,2
-45.75796852,45.22860727,0.529361252,-15434.89484,30329.23349,-14894.3387,2
-50.32468159,38.19950073,12.12518086,-20822.70334,29508.81405,-8686.110825,2
-52.40199481,29.28192059,23.12007422,-25180.45435,27229.06641,-2048.612233,2
-51.8871768,18.91687659,32.97030021,-28292.63978,23602.73314,4689.906417,2
-48.80568738,7.616961313,41.18872607,-30005.34971,18809.15082,11196.19862,2
-43.30991845,-4.058999564,47.36891801,-30233.88383,13085.38114,17148.50239,2
-35.67165763,-15.53358341,51.20524104,-28966.94023,6714.48724,22252.45267,2
-26.26864727,-26.23932651,52.50797378,-26267.17432,11.53513743,26255.63886,2
-15.5659036,-35.64678734,51.21269094,-22268.10025,-6691.987567,28960.0875,2
-4.092719821,-43.29072962,47.38344944,-17167.48812,-13064.56505,30232.05287,2
7.583509541,-48.79313006,41.20962052,-11217.58347,-18791.04804,30008.63125,2
18.88534855,-51.88187312,32.99652457,-4712.632727,-23588.23921,28300.87173,2
29.25387636,-52.4042082,23.15033184,2025.668451,-27218.89841,25193.2298,2
38.17632808,-50.33430378,12.1579757,8664.084299,-29503.47511,20839.39071,2
45.21145301,-45.77452485,0.563071845,14874.31878,-30328.98792,15454.66911,2
50.01133626,-38.95037063,-11.06096563,20349.25112,-29654.61195,9305.360867,2
52.33860453,-30.19932265,-22.13928188,24818.12416,-27513.69779,2695.573715,2
52.07816513,-19.95415501,-32.12401012,28059.93438,-24012.12212,-4047.812114,2
49.24289783,-8.721531972,-40.52136586,29914.36137,-19323.05178,-10591.3094,2
43.97301782,2.943048637,-46.91606646,30289.69635,-13678.37993,-16611.3162,2
36.5291416,14.46272695,-50.99186855,29167.3775,-7357.258003,-21810.11926,2
27.27939839,25.26780912,-52.54720751,26602.90795,-672.2905871,-25930.61711,2
16.68122472,34.82394087,-51.50516559,22723.11088,6045.924125,-28769.03476,2
5.258742357,42.65853354,-47.9172759,17719.85767,12465.14373,-30185.00118,2
-6.423161593,48.38413538,-41.96097378,11840.57905,18267.91233,-30108.49119,2
-17.78677059,51.71759261,-33.93082202,5376.028696,23167.25995,-28543.28851,2
-28.27010906,52.49405253,-24.22394346,-1354.095706,26920.89441,-25566.79862,2
-37.35473429,50.67511608,-13.32038179,-8016.962782,29343.18357,-21326.22077,2
-44.59137548,46.35073689,-1.759361411,-14283.0673,30314.33561,-16031.26835,2
-49.62215201,39.73477267,9.887379341,-19842.5255,29786.3232,-9943.797799,2
-52.19827201,31.15440911,21.0438629,-24420.40012,27785.25865,-3364.8587,2
-52.19233613,21.03397925,31.15835688,-27790.29706,24410.10256,3380.194283,2
-49.60463794,9.873978536,39.7306594,-29785.56156,19827.7698,9957.791496,2
-44.5631494,-1.77368669,46.3368361,-30307.51986,14264.87492,16042.64464,2
-37.31719218,-13.33299313,50.65018531,-29330.35906,7996.525173,21333.83356,2
-28.22510764,-24.23228719,52.45739483,-26902.40365,1332.715351,25569.68797,2
-17.73653549,-33.9325555,51.669091,-23143.72567,-5397.002681,28540.72803,2
-6.370177318,-41.95408128,48.3242586,-18240.2067,-11859.81764,30100.02404,2
5.311855316,-47.90016823,42.58831291,-12434.34522,-17736.11765,30170.4626,2
16.73183948,-51.47675875,34.74491927,-6013.264161,-22735.29634,28748.56027,2
27.32501158,-52.50697625,25.18196467,705.4885155,-26610.12446,25904.63578,2
36.56749716,-50.9398724,14.37237523,7389.643792,-29168.97638,21779.33248,2
44.00221859,-46.85294672,2.850728128,13708.64363,-30285.3067,16576.66302,2
49.26149934,-40.44831394,-8.813185404,19349.98839,-29903.90845,10553.92008,2
52.08524708,-32.0427086,-20.04253848,24034.69115,-28043.6433,4008.95223,2
52.33381624,-22.05182129,-30.28199495,27531.07475,-24796.50874,-2734.565872,2
49.99491409,-10.96974109,-39.025173,29666.22912,-20323.08848,-9343.14046,2
45.1842086,0.655479099,-45.8396877,30334.5624,-14844.61091,-15489.95126,2
38.13960825,12.24892596,-50.38853421,29503.02283,-8632.008515,-20871.01407,2
29.2094965,23.23725747,-52.44675397,27212.73334,-1992.519154,-25220.21394,2
18.83550283,33.07705697,-51.91255981,23576.95785,4745.50805,-28322.46565,2
7.530662411,41.2817073,-48.81236971,18775.49987,11248.85089,-30024.35054,2
-4.145955511,47.44545587,-43.29950036,13045.81058,17195.89323,-30241.70362,2
-15.61689581,51.26348082,-35.64658501,6671.24586,22292.5302,-28963.77591,2
-26.31487496,52.54696565,-26.23209069,-32.94675661,26286.71287,-26253.76602,2
-35.71083539,51.23243691,-15.52160152,-6735.218321,28980.91303,-22245.69468,2
-43.34010957,47.38490325,-4.044793681,-13104.11489,30241.89179,-17137.77693,2
-48.8253996,41.19464048,7.630759116,-18824.66924,30007.28874,-11182.61959,2
-51.89543611,32.96778167,18.92765444,-23613.97724,28288.70592,-4674.728832,2
-52.39839363,23.11117764,29.28721599,-27235.18861,25171.1341,2064.054299,2
-50.30939891,12.1122766,38.19712232,-29509.22005,20808.74957,8700.470222,2
-45.73176107,0.515017872,45.2167432,-30323.61169,15417.28958,14906.32182,2
-38.89186249,-11.10706805,49.99893054,-29638.08863,9263.383235,20374.70508,2
-30.12796335,-22.17922286,52.30718621,-27486.55273,2651.365656,24835.18675,2
-19.87347327,-32.15388455,52.02735782,-23975.40598,-4091.772629,28067.17829,2
-8.635517538,-40.5377665,49.17328404,-19278.28855,-10632.55665,29910.84489,2
3.030142277,-46.91625245,43.88611018,-13627.49156,-16647.51865,30275.00993,2
14.54659295,-50.97390097,36.42730802,-7302.469365,-21839.19488,29141.66401,2
25.34430023,-52.51004522,27.16574498,-616.0194498,-25950.83632,26566.85559,2
34.8892746,-51.44871679,16.55944218,6101.186673,-28779.10596,22677.91917,2
42.70947914,-47.8424026,5.132923454,12516.95647,-30184.13466,17667.17813,2
48.41817366,-41.86944922,-6.548724439,18314.00464,-30096.43814,11782.43351,2
51.73304053,-33.82524295,-17.90779757,23205.64411,-28520.35336,5314.709322,2
52.49014639,-24.10760176,-28.38254464,26949.96388,-25533.82397,-1416.13978,2
50.65204934,-13.1971016,-37.45494775,29361.79245,-21284.54571,-8077.246565,2
46.30965057,-1.633310064,-44.6763405,30321.85531,-15982.66226,-14339.19284,2
39.67769892,10.01189741,-49.68959632,29782.67354,-9890.372826,-19892.30047,2
31.08417072,21.16261903,-52.24678975,27770.9118,-3308.965312,-24461.94624,2
20.95405008,31.26740732,-52.2214574,24386.0597,3436.083536,-27822.14299,2
9.788311665,39.82654034,-49.61485201,19795.51161,10011.20426,-29806.71564,2
-1.860854417,46.41673496,-44.55588054,14226.28836,16091.23103,-30317.51919,2
-13.41735065,50.71207985,-37.2947292,7953.810147,21375.48237,-29329.29236,2
-24.30966241,52.50015314,-28.19049073,1288.275936,25602.63105,-26890.90688,2
-33.99912163,51.69252748,-17.69340585,-5440.677144,28563.6278,-23122.95061,2
-42.00654609,48.32914316,-6.32259707,-11900.27564,30112.03955,-18211.76393,2
-47.93593685,42.57633286,5.359603982,-17771.06677,30171.2912,-12400.22452,2
-51.494062,34.71859591,16.77546609,-22762.71658,28738.45252,-5975.736085,2
-52.50495815,25.14452857,27.36042957,-26628.36818,25884.38307,743.9849121,2
-50.91863247,14.3276065,36.59102597,-29176.84976,21750.22792,7426.621585,2
-46.81353508,2.80276944,44.01076565,-30282.12877,16540.43747,13741.69102,2
-40.39267939,-8.860033658,49.25271305,-29889.5448,10512.65654,19376.88794,2
-31.97360221,-20.08403087,52.05763308,-28018.51268,3964.982848,24053.52951,2
-21.97266037,-30.31415097,52.28681134,-24761.5624,-2778.775139,27540.33721,2
-10.88444018,-39.0444739,49.92891409,-20279.76309,-9385.111801,29664.87458,2
0.742701801,-45.84325054,45.10054874,-14794.75753,-15527.31755,30322.07479,2
12.33375722,-50.37425438,38.04049716,-8577.801039,-20901.63592,29479.43671,2
23.31550232,-52.4134093,29.09790699,-1936.346825,-25242.28551,27178.63214,2
33.14484617,-51.85987102,18.71502485,4801.15882,-28334.60396,23533.44501,2
41.33568867,-48.74101422,7.405325547,11301.51947,-30025.66385,18724.14431,2
47.4829601,-43.21107876,-4.271881343,17243.26647,-30231.83554,12988.56907,2
51.28265346,-35.54354193,-15.73911152,22332.55681,-28942.92303,6610.366273,2
52.5468588,-26.11759391,-26.42926488,26317.70488,-26222.66815,-95.03660761,2
51.21305613,-15.39938528,-35.81367085,29001.62925,-22205.59833,-6796.03076,2
47.34720727,-3.918974042,-43.42823323,30251.59921,-17090.37361,-13161.2254,2
41.1404938,7.755887852,-48.89638165,30005.79876,-11129.96217,-18875.83636,2
32.89986232,19.04783209,-51.94769442,28276.38371,-4619.130042,-23657.25343,2
23.03284479,29.39842717,-52.43127196,25148.8805,2120.136272,-27269.01652,2
12.02740439,38.29579503,-50.32319942,20777.95656,8754.553284,-29532.50961,2
0.427803847,45.29992547,-45.72772932,15379.77145,14956.02272,-30335.79396,2
-11.19231053,50.06443641,-38.87212588,9221.286849,20417.85728,-29639.14397,2
-22.25827795,52.35370385,-30.0954259,2607.064277,24869.94756,-27477.01172,2
-32.22284239,52.05451439,-19.83167201,-4135.796696,28092.12001,-23956.32325,2
-40.59321657,49.18166414,-8.588447573,-10673.83482,29925.0254,-19251.19058,2
-46.95545225,43.87722692,3.078225325,-16683.71815,30278.01928,-13594.30119,2
-50.99491163,36.40352822,14.59138341,-21868.23409,29133.64469,-7265.410737,2
-52.51182741,27.13017211,25.38165531,-25970.98774,26548.49552,-577.5079721,2
-51.4311821,16.51576285,34.91541925,-28789.08164,22650.41765,6138.663752,2
-47.80641792,5.08522514,42.72119278,-30183.14987,17632.18652,12550.96307,2
-41.81679386,-6.596155551,48.41294941,-30084.25023,11741.97359,18342.27633,2
-33.75852065,-17.95068856,51.70920921,-28497.27369,5271.073277,23226.20009,2
-24.03011191,-28.41684716,52.44695907,-25500.70257,-1460.502685,26961.20492,2
-13.11267613,-37.47703824,50.58971437,-21242.7292,-8119.851131,29362.58002,2
-1.546123864,-44.68319938,46.22932325,-15933.92731,-14377.64083,30311.56785,2
10.0975329,-49.67895731,39.58142441,-9836.838221,-19924.39922,29761.23719,2
21.24246909,-52.21725197,30.97478288,-3252.987229,-24485.81708,27738.80411,2
31.33752331,-52.17255463,20.83503131,3492.028078,-27836.31417,24344.28595,2
39.88345503,-49.54707575,9.663620723,10064.6399,-29810.1951,19745.55512,2
46.45763396,-44.47065572,-1.986978232,16139.80646,-30309.84362,14170.03714,2
50.73494082,-37.19434369,-13.54059713,21417.08664,-29310.55013,7893.463533,2
52.50384578,-28.0779822,-24.42586358,25635.49796,-26861.73365,1226.235792,2
51.67686946,-17.57241155,-34.10445791,28586.42323,-23084.4979,-5501.925178,2
48.2949091,-6.197173958,-42.09773514,30123.92746,-18165.64217,-11958.28509,2
42.52521605,5.48517988,-48.01039593,30171.97494,-12348.42343,-17823.55128,2
34.65312455,16.89691115,-51.5500357,28728.18954,-5920.526248,-22807.66305,2
25.06794076,27.4736644,-52.54160516,25863.97217,800.1643322,-26664.13626,2
14.24369008,36.69237715,-50.93606723,21720.96975,7481.283465,-29202.25298,2
2.715674686,44.09714743,-46.81282211,16504.07019,13792.42327,-30296.49325,2
-8.945999288,49.32177991,-40.37578063,10471.2699,19421.47282,-29892.74254,2
-20.16461576,52.10789576,-31.94328,3920.914792,24090.05326,-28010.96792,2
-30.3853696,52.31771046,-21.93234086,-2823.05405,27567.28473,-24744.23061,2
-39.10280396,49.94084783,-10.83804387,-9427.120592,29681.20433,-20254.08373,2
-45.88580708,45.09485315,0.790953936,-15564.68752,30327.27035,-14762.58288,2
-50.39893255,38.01938008,12.37955247,-20932.22778,29473.53224,-8541.304583,2
-52.4189884,29.06433886,23.35464954,-25264.29519,27162.21075,-1897.915746,2
-51.84607486,18.67259184,33.17348302,-28346.65181,23507.60991,4839.04167,2
-48.70852479,7.358052154,41.35047263,-30026.86289,18690.46425,11336.39837,2
-43.16150252,-4.319731278,47.4812338,-30221.83531,12949.00075,17272.83426,2
-35.47933036,-15.7832457,51.26257606,-28921.92693,6567.157582,22354.76902,2
-26.04192224,-26.4655748,52.50749704,-26191.42337,-139.4577527,26330.8808,2
-15.31599551,-35.83843499,51.1544305,-22165.3589,-6839.176491,29004.53508,2
-3.831989841,-43.43830114,47.27029098,-17042.83841,-13200.67093,30243.50904,2
7.842165039,-48.88932967,41.04716463,-11077.19088,-18909.3399,29986.53052,2
19.12913579,-51.9219456,32.79280981,-4563.441284,-23682.86705,28246.30812,2
29.47073686,-52.38617404,22.91543718,2176.279573,-27285.1825,25108.90277,2
38.35553499,-50.25905707,11.90352208,8808.66572,-29538.13744,20729.47162,2
45.3441416,-45.64578908,0.301647479,15005.71931,-30330.3143,15324.59496,2
50.09094232,-38.77451451,-11.31642781,20460.97143,-29622.53679,9161.565398,2
52.36118898,-29.98504521,-22.37614377,24904.63817,-27449.80732,2545.169246,2
52.04260886,-19.71205535,-32.33055351,28116.96256,-23919.57599,-4197.386424,2
49.15095699,-8.463585107,-40.68737188,29939.0824,-19206.42677,-10732.65544,2
43.82923703,3.204083975,-47.033321,30280.88661,-13543.44359,-16737.4428,2
36.34062914,14.7139393,-51.05456844,29125.47161,-7210.683479,-21914.78789,2
27.05547472,25.49677279,-52.55224751,26529.97725,-521.3265712,-26008.65043,2
16.43296153,35.01933048,-51.45229201,22622.76103,6193.811863,-28816.57265,2
4.998415001,42.81068406,-47.80909906,17597.05031,12602.64156,-30199.69165,2
-6.682681123,48.48552012,-41.802839,11701.38643,18388.22042,-30089.60667,2
-18.03265026,51.76319548,-33.73054522,5227.33338,23264.42861,-28491.76186,2
-28.49019138,52.48161604,-23.99142467,-1504.941204,26990.11826,-25485.17697,2
-37.53813754,50.60525305,-13.06711551,-8162.499614,29381.03921,-21218.53957,2
-44.72903188,46.22690009,-1.497868204,-14416.09915,30318.95093,-15902.85182,2
-49.70725614,39.56308408,10.14417206,-19956.47448,29757.46995,-9800.995574,2
-52.22661737,30.94335719,21.28326018,-24509.63206,27724.36375,-3214.73186,2
-52.16252316,20.79399912,31.36852404,-27850.40015,24320.1775,3530.222429,2
-49.51814324,9.616935938,39.9012073,-29813.56451,19713.26172,10100.30252,2
-44.42425272,-2.035082209,46.45933493,-30302.03889,14131.44672,16170.59187,2
-37.13276473,-13.58581676,50.71858149,-29291.66628,7850.775397,21440.89056,2
-28.00427234,-24.46403802,52.46831036,-26832.41363,1181.851908,25650.56139,2
-17.49021576,-34.13177476,51.62199052,-23045.90076,-5545.518995,28591.41944,2
-6.110556869,-42.11091902,48.22147589,-18119.38579,-11998.6421,30118.02759,2
5.571934985,-48.00687043,42.43493545,-12296.50445,-17858.38484,30154.88902,2
16.97951416,-51.52805079,34.54853663,-5865.221352,-22834.95965,28700.18078,2
27.54803054,-52.50032377,24.95229323,856.4109909,-26682.25516,25825.844,2
36.754829,-50.87560662,14.12077762,7535.981157,-29210.00731,21674.02604,2
44.14459676,-46.73424807,2.589651309,13843.15786,-30293.20872,16450.05081,2
49.35188045,-40.28105477,-9.070825683,19466.02616,-29878.29077,10412.26463,2
52.11915919,-31.83516277,-20.28399642,24126.51288,-27985.77282,3859.260021,2
52.30958003,-21.814255,-30.49532503,27594.13842,-24709.24738,-2884.890903,2
49.9137259,-10.71390516,-39.19982074,29697.41492,-20210.75166,-9486.663083,2
45.05008127,0.916930341,-45.96701162,30332.32701,-14712.75413,-15619.57266,2
37.95917269,12.50306047,-50.46223316,29467.47574,-8487.15262,-20980.32288,2
28.99167372,23.47150507,-52.46317879,27145.63144,-1841.827842,-25303.80335,2
18.5910628,33.27983095,-51.87089376,23481.61852,4894.582496,-28376.20078,2
7.271691432,41.44297745,-48.71466888,18656.63698,11388.93615,-30045.5729,2
-4.40665253,47.55724451,-43.15059198,12909.3013,17320.06152,-30229.36263,2
-15.8664286,51.32025734,-35.45382873,6523.84005,22394.64092,-28918.48083,2
-26.54090536,52.54591998,-26.00501462,-183.9603486,26361.71623,-26177.75579,2
-35.90218754,51.17361854,-15.271431,-6882.372533,29025.09983,-22142.72726,2
-43.48732258,47.27121875,-3.783896175,-13240.13342,30253.0768,-17012.94341,2
-48.92119543,41.03170978,7.889485649,-18942.8265,29984.91882,-11042.09242,2
-51.93507951,32.7636601,19.17141941,-23708.43094,28233.88737,-4525.456586,2
-52.3799263,22.8759576,29.50396871,-27301.26869,25086.57789,2214.69058,2
-50.23373639,11.85758842,38.37614797,-29543.65965,20698.63736,8845.022035,2
-45.60264738,0.253454671,45.34919271,-30324.7087,15287.06685,15037.64156,2
-38.71568506,-11.36257316,50.07825822,-29605.78987,9119.490019,20486.29953,2
-29.91343707,-22.41603637,52.32947345,-27422.45655,2500.918044,24921.53817,2
-19.63120957,-32.36029732,51.99150689,-23882.68325,-4241.334405,28124.01733,2
-8.377499543,-40.70357283,49.08107237,-19161.52584,-10773.83616,29935.36169,2
3.291152319,-47.03325479,43.74210247,-13492.4643,-16773.52907,30265.9931,2
14.79768482,-51.0363153,36.23863048,-7155.856261,-21943.70449,29099.56052,2
25.57305422,-52.51478715,26.94173293,-465.0721591,-26028.6767,26493.74868,2
35.08437567,-51.39555403,16.31117836,6249.002147,-28826.42761,22577.42534,2
42.86127654,-47.73396649,4.872689957,12654.32901,-30198.59731,17544.26825,2
48.51915817,-41.7111046,-6.80805357,18434.13956,-30077.32657,11643.18702,2
51.77821583,-33.62482281,-18.15339302,23302.59921,-28468.61271,5166.013576,2
52.47727616,-23.87501989,-28.60225627,27018.94328,-25452.01302,-1566.930128,2
50.58176783,-12.94386233,-37.6379055,29399.38378,-21176.71033,-8222.673275,2
46.18543124,-1.371939318,-44.81349192,30326.19848,-15854.13535,-14472.06292,2
39.50568268,10.26847158,-49.77415427,29753.5527,-9747.510541,-20006.04192,2
30.87286224,21.4017058,-52.27456804,27709.76603,-3158.832762,-24550.93302,2
20.71389715,31.47718066,-52.19107781,24295.91184,3586.0617,-27881.97329,2
9.531188584,39.9966239,-49.52781249,19680.81877,10153.61103,-29834.42957,2
-2.122234128,46.5387152,-44.41648108,14092.7215,16219.02381,-30311.74512,2
-13.67006296,50.77992214,-37.10985919,7807.973624,21482.34131,-29290.31478,2
-24.54121192,52.51050018,-27.96928827,1137.380879,25683.27156,-26820.65233,2
-34.19805953,51.64486534,-17.44680581,-5589.169433,28614.06187,-23024.89239,2
-42.16303633,48.22582669,-6.062790358,-12039.02269,30129.77303,-18090.75036,2
-48.04224261,42.42246925,5.619773357,-17893.20804,30155.44709,-12262.23914,2
-51.54492827,34.52179209,17.02313618,-22862.21277,28689.81438,-5827.601756,2
-52.49787162,24.91451505,27.58335656,-26700.29986,25805.35625,894.9434146,2
-50.85394582,14.07575613,36.77818969,-29217.66068,21644.72061,7572.939823,2
-46.69444957,2.541535,44.15291457,-30289.80174,16413.66742,13876.13403,2
-40.22508649,-9.11773532,49.34282181,-29863.7014,10370.89304,19492.80805,2
-31.76579228,-20.32545761,52.0912499,-27960.43205,3815.236663,24145.19506,2
-21.73491268,-30.52736551,52.26227819,-24674.1179,-2929.098462,27603.21604,2
-10.62851453,-39.21893415,49.84744868,-20167.28026,-9528.578177,29695.85813,2
1.004146653,-45.97033098,44.96618432,-14662.80016,-15656.832,30319.63187,2
12.58778955,-50.4476726,37.85988306,-8432.895999,-21010.79343,29443.68918,2
23.54955699,-52.42953672,28.87997973,-1785.661304,-25325.68781,27111.34892,2
33.34734602,-51.81791229,18.47056627,4950.171764,-28388.12648,23437.95459,2
41.49661704,-48.64304659,7.146429546,11441.4895,-30046.65968,18605.17012,2
47.59435622,-43.06194935,-4.53240687,17367.27044,-30219.26636,12851.99591,2
51.33900611,-35.35062801,-15.9883781,22434.46119,-28897.41043,6462.9493,2
52.54537889,-25.89043807,-26.65494082,26392.46902,-26146.46292,-246.005987,2
51.15381462,-15.1492235,-36.00459113,29045.55472,-22102.4691,-6943.085451,2
47.23313167,-3.65818004,-43.57495163,30262.51265,-16965.42054,-13297.09191,2
40.97722335,8.014414547,-48.9916379,29983.15941,-10989.36469,-18993.79449,2
32.69546918,19.29130408,-51.98677326,28221.31011,-4469.841252,-23751.46861,2
22.79743477,29.61480157,-52.41223633,25064.0952,2270.733451,-27334.8284,2
11.77261722,38.47436904,-50.24698626,20667.65147,8899.011223,-29566.66246,2
0.166237538,45.43186567,-45.59810321,15249.40054,15087.1974,-30336.59773,2
-11.44772272,50.14321561,-38.6954929,9077.296413,20529.2616,-29606.55785,2
-22.4949071,52.37542387,-29.88051678,2456.57416,24956.07213,-27412.64617,2
-32.42898847,52.01809888,-19.58911041,-4285.34522,28148.70562,-23863.36034,2
-40.75868707,49.08891175,-8.330224675,-10815.04704,29949.27367,-19134.22664,2
-47.07206623,43.7327224,3.339343831,-16809.61162,30268.73104,-13459.11949,2
-51.0569043,36.21441567,14.84248863,-21972.58393,29091.27929,-7118.69549,2
-52.51613521,26.90580166,25.61033355,-26048.63451,26475.14809,-426.5137735,2
-51.37759423,16.2672283,35.11036592,-28836.18645,22549.71551,6286.470697,2
-47.69758673,4.824815278,42.87277145,-30197.38426,17509.10979,12688.27418,2
-41.65810372,-6.855564649,48.51366837,-30064.9113,11602.60891,18462.30208,2
-33.55782165,-18.19627032,51.75409196,-28445.3189,5122.312784,23323.00579,2
-23.79733164,-28.63645879,52.43379044,-25418.70234,-1611.302195,27030.0042,2
-12.85932872,-37.65982132,50.51915004,-21134.73983,-8265.232023,29399.97154,2
-1.28474059,-44.82011678,46.10485737,-15805.29036,-14510.41344,30315.70351,2
10.35402338,-49.76324014,39.40921677,-9693.916358,-20037.99742,29731.91353,2
21.48138006,-52.24473434,30.76335429,-3102.849567,-24574.62298,27677.47235,2
31.54703745,-52.14187965,20.5948422,3641.95558,-27895.93597,24253.98024,2
40.0532088,-49.45976266,9.406553855,10206.94167,-29837.68426,19630.74251,2
46.57923014,-44.33102471,-2.248205425,16267.44405,-30303.84069,14036.39662,2
50.80236376,-37.00930229,-13.79306147,21523.74681,-29271.35198,7747.605217,2
52.51375893,-27.85668368,-24.65707525,25715.90489,-26791.27879,1075.374009,2
51.62878034,-17.32580222,-34.30297812,28636.59941,-22986.27059,-5650.328656,2
48.19119367,-5.937451853,-42.25374182,30141.39042,-18044.50016,-12096.89006,2
42.37100124,5.745168244,-48.11616948,30155.86001,-12210.35766,-17945.50213,2
34.45603465,17.14430609,-51.60034074,28679.29261,-5772.364613,-22906.92776,2
24.83772043,27.69622903,-52.53394946,25784.71033,951.0946454,-26735.80473,2
13.9917224,36.87910254,-50.87082494,21615.26175,7627.518354,-29242.77987,2
2.454418226,44.23879704,-46.69321527,16377.14266,13926.73084,-30303.87329,2
-9.203626584,49.41134638,-40.2077198,10329.39885,19537.21103,-29866.6097,2
-20.40587543,52.14094745,-31.73507202,3771.11525,24181.49839,-27952.61351,2
-30.59833262,52.29261061,-21.69427799,-2973.37496,27629.91446,-24656.53943,2
-39.27694069,49.8588355,-10.58189481,-9570.529961,29711.92138,-20141.39141,2
-46.01250801,44.95998194,1.052526062,-15694.09424,30324.55562,-14630.46144,2
-50.47193403,37.8383177,12.63361633,-21041.23324,29437.52,-8396.286886,2
-52.43468244,28.84603734,23.58864511,-25347.50969,27094.68195,-1747.172444,2
-51.80368756,18.42784481,33.37584275,-28399.96113,23411.90412,4988.05678,2
-48.6101546,7.098961122,41.51119348,-30047.63172,18571.31449,11476.31695,2
-43.01201647,-4.58035546,47.59237193,-30209.03761,12812.29945,17396.73785,2
-35.28612335,-16.03251635,51.31863971,-28876.19665,6419.665174,22456.53115,2
-25.81455136,-26.69116673,52.50571809,-26115.02312,-290.4471868,26405.46997,2
-15.06570737,-36.02919401,51.09490137,-22062.06803,-6986.195923,29048.26363,2
-3.571164416,-43.58479566,47.15596008,-16917.76611,-13336.44966,30254.21548,2
8.100626668,-48.9843172,40.88369053,-10936.52354,-19027.16314,29963.68642,2
19.37244944,-51.96073085,32.58828141,-4414.136527,-23776.90796,28191.04428,2
29.68686748,-52.36684114,22.67997366,2326.836982,-27350.79039,25023.95325,2
38.53379183,-50.18256434,11.64877251,8953.029062,-29572.06774,20619.03858,2
45.47570693,-45.51592161,0.040214681,15136.74819,-30330.88902,15194.1408,2
50.16930748,-38.59769699,-11.57161049,20572.18488,-29589.72751,9017.542663,2
52.38247628,-29.77002419,-22.61245209,24990.5352,-27385.23658,2394.701482,2
52.00576333,-19.4694667,-32.53629663,28173.29416,-23826.43708,-4346.856931,2
49.05779855,-8.205428017,-40.85237054,29963.06168,-19089.32576,-10873.73573,2
43.68437051,3.465040385,-47.1494109,30271.32665,-13408.17161,-16863.15482,2
36.15121655,14.96478747,-51.11600403,29082.84413,-7063.930257,-22018.91363,2
26.83088104,25.72510507,-52.5559861,26456.3893,-370.3496357,-26086.03941,2
16.18429156,35.2138527,-51.39814426,22521.85076,6341.546103,-28863.39662,2
4.737964251,42.9617741,-47.69973835,17473.80707,12739.82706,-30213.63391,2
-6.942034562,48.58570376,-41.6436692,11561.90404,18508.07282,-30069.97667,2
-18.27808256,51.80751601,-33.52943345,5078.508739,23361.02072,-28439.52933,2
-28.70956716,52.46787942,-23.75831226,-1655.749185,27058.67322,-25402.92396,2
-37.72061002,50.53413638,-12.81352636,-8307.833938,29418.16671,-21110.33275,2
-44.86557931,46.10191814,-1.236338833,-14548.77351,30322.81486,-15774.04139,2
-49.79112793,39.3904155,10.40071243,-20069.92867,29727.87924,-9657.950677,2
-52.25366794,30.73153889,21.52212905,-24598.25636,27662.78177,-3064.525572,2
-52.13141699,20.55350414,31.57791285,-27909.81281,24229.64972,3680.162869,2
-49.43042088,9.359655486,40.0707654,-29840.82839,19598.26511,10242.56302,2
-44.28425462,-2.296426816,46.58068143,-30295.80674,13997.6683,16298.13813,2
-36.94741657,-13.83830321,50.78571979,-29252.24736,7704.831059,21547.41597,2
-27.78274255,-24.69518209,52.47792464,-26761.75842,1030.959175,25730.79891,2
-17.2434621,-34.33014767,51.57360977,-22947.5045,-5693.897879,28641.40206,2
-5.850784506,-42.26671267,48.11749718,-17998.11561,-12137.16921,30135.28452,2
5.831877045,-48.11238243,42.28050538,-12158.35871,-17980.20945,30138.5679,2
17.22676852,-51.57806537,34.35129685,-5717.032968,-22934.05707,28651.08981,2
27.77036727,-52.49236974,24.72200246,1007.312463,-26753.72461,25746.41198,2
36.94125044,-50.81007955,13.86882911,7682.131983,-29250.31434,21568.18225,2
44.28588141,-46.61439076,2.328509356,13977.32925,-30300.35999,16323.0307,2
49.44103898,-40.11279686,-9.328242121,19581.58174,-29851.93263,10270.35092,2
52.15178014,-31.62682751,-20.52495263,24217.73691,-27927.20878,3709.47195,2
52.28404794,-21.57614761,-30.70790032,27656.51846,-24621.37366,-3035.144659,2
49.8313012,-10.45780323,-39.37349797,29727.86497,-20097.91396,-9629.950824,2
44.91483798,1.178359336,-46.09319731,30329.34013,-14580.53274,-15748.80718,2
37.77779688,12.75688561,-50.53468249,29431.1986,-8342.086393,-21089.11196,2
28.77313294,23.70517146,-52.4783044,27077.85702,-1691.090885,-25386.76589,2
18.34616252,33.48178065,-51.82794318,23385.69749,5043.535642,-28429.23289,2
7.012540721,41.60322102,-48.61576174,18537.31195,11528.73916,-30066.05088,2
-4.667239864,47.66785504,-43.00061518,12772.47231,17443.80059,-30216.2727,2
-16.11556771,51.37576249,-35.26019478,6376.272783,22496.19665,-28872.46929,2
-26.76627754,52.54357257,-25.77729503,-334.9691616,26436.06629,-26101.09704,2
-36.09264947,51.11353244,-15.02088297,-7029.355963,29068.56731,-22039.21131,2
-43.63345739,47.15636324,-3.522905851,-13375.82361,30263.51207,-16887.68849,2
-49.01577839,40.86776269,8.148015706,-19060.51408,29961.80581,-10901.29183,2
-51.97343535,32.55872704,19.41470831,-23802.29686,28178.36911,-4376.072408,2
-52.3601604,22.64017111,29.71998929,-27366.67196,25001.39999,2365.271756,2
-50.15682846,11.60260686,38.5542216,-29577.36687,20588.01219,8989.354427,2
-45.47240307,-0.008114333,45.4805174,-30325.05398,15156.46527,15168.58841,2
-38.53854768,-11.6177962,50.15634388,-29572.75718,8975.3708,20597.38606,2
-29.698169,-22.65229388,52.35046288,-27357.68054,2350.408453,25007.27176,2
-19.38845888,-32.56590765,51.95436653,-23789.36842,-4390.79107,28180.15917,2
-8.119273456,-40.86836994,48.9876434,-19044.28803,-10914.84868,29959.1364,2
3.552081276,-47.14909104,43.59700977,-13357.10245,-16899.12381,30256.22598,2
15.04841045,-51.09746435,36.0490539,-7009.065598,-22047.67028,29056.73565,2
25.80117492,-52.51822715,26.71705224,-314.1131228,-26105.87203,26419.98497,2
35.27860774,-51.34111709,16.06250935,6396.662977,-28873.03486,22476.37176,2
43.0120122,-47.62434695,4.612334747,12791.38816,-30212.31157,17420.92336,2
48.61894073,-41.5517258,-7.067214937,18553.81786,-30057.46962,11503.65177,2
51.82210842,-33.42356888,-18.39853954,23398.97703,-28416.16654,5017.189583,2
52.46310589,-23.64184586,-28.82126003,27087.2533,-25369.57131,-1717.681865,2
50.51023326,-12.69030181,-37.81993145,29436.24675,-21068.35015,-8367.896427,2
46.06006781,-1.110534096,-44.94953371,30329.79032,-15725.21553,-14604.57457,2
39.33268788,10.52479176,-49.85747964,29723.69471,-9604.406688,-20119.28779,2
30.66078913,21.64026266,-52.30105178,27647.93376,-3008.621929,-24639.31159,2
20.47323136,31.6861744,-52.15940576,24205.16209,3735.950994,-27941.11284,2
9.273829774,40.16571673,-49.4395465,19565.63842,10295.76616,-29861.40435,2
-2.383560767,46.65954258,-44.27598181,13958.80561,16346.41465,-30305.22007,2
-13.92243601,50.84650646,-36.92407045,7661.943819,21588.66787,-29250.61153,2
-24.77215276,52.51954636,-27.74739361,986.4578551,25763.27557,-26749.73332,2
-34.39614944,51.59592379,-17.19977436,-5737.52299,28663.78682,-22926.26378,2
-42.3184812,48.12131555,-5.802834349,-12177.47116,30146.75982,-17969.28867,2
-48.14735729,42.26755479,5.879802505,-18014.90566,30138.85566,-12123.95008,2
-51.59451666,34.32413322,17.27038344,-22961.14215,28640.46523,-5679.323224,2
-52.48948358,24.68388457,27.80559901,-26771.56962,25725.6899,1045.879518,2
-50.78799842,13.82355741,36.964441,-29257.7473,21538.67688,7719.070164,2
-46.57420638,2.280238051,44.29396833,-30296.72382,16286.4906,14010.23294,2
-40.05649623,-9.375210545,49.43170678,-29837.11769,10228.87252,19608.24486,2
-31.55719465,-20.56638016,52.12357481,-27901.65826,3665.395927,24236.26201,2
-21.49662587,-30.73982302,52.23644889,-24586.0617,-3079.349196,27665.41056,2
-10.37232499,-39.39242199,49.76474698,-20054.29742,-9671.808412,29726.10552,2
1.265567098,-46.09627168,44.83070459,-14530.47918,-15785.95843,30316.43733,2
12.8415104,-50.51984014,37.67832974,-8287.781751,-21119.43024,29407.21175,2
23.78302852,-52.44436433,28.6613358,-1634.93131,-25408.46248,27043.3936,2
33.54901992,-51.77466891,18.22564899,5099.062252,-28440.94548,23341.88309,2
41.6565175,-48.54387299,6.887355486,11581.1762,-30066.91089,18485.73463,2
47.70457331,-42.91175228,-4.792821027,17490.84424,-30205.94828,12715.10404,2
51.39408694,-35.15683754,-16.23724939,22535.80981,-28851.18169,6315.371939,2
52.54259727,-25.66264012,-26.87995715,26466.57932,-26069.60971,-396.9694895,2
51.09330588,-14.8986858,-36.19462008,29088.76059,-21998.79213,-7089.968296,2
47.11788599,-3.397294903,-43.72059108,30272.67634,-16840.04704,-13432.6291,2
40.81293786,8.272743101,-49.08568097,29959.77722,-10848.49487,-19111.28212,2
32.49026623,19.53429846,-52.02456469,28165.53734,-4320.441688,-23845.0954,2
22.56146024,29.83044252,-52.39190276,24978.68896,2421.274355,-27399.96307,2
11.51753877,38.65199004,-50.16952881,20556.83441,9043.248623,-29600.0828,2
-0.095332414,45.56268044,-45.46734802,15118.65193,15217.99818,-30336.64991,2
-11.70285072,50.22075262,-38.51790189,8933.08124,20640.15715,-29573.23822,2
-22.73097828,52.39584638,-29.6648681,2306.023382,25041.57822,-27347.60149,2
-32.6343304,51.9803947,-19.3460643,-4434.787323,28204.59364,-23769.80626,2
-40.923147,48.99494329,-8.071796288,-10955.99102,29972.77973,-19016.78872,2
-47.18751318,43.58713455,3.600378626,-16935.08829,30258.69268,-13323.60446,2
-51.11763118,36.02440611,15.09322506,-22076.38903,29048.19294,-6971.804043,2
-52.51914106,26.68076491,25.83837615,-26125.63551,26401.14454,-275.5092245,2
-51.32273261,16.01829109,35.30444152,-28882.57641,22448.45454,6434.121628,2
-47.587573,4.564286322,43.02328668,-30210.87006,17385.59915,12825.27063,2
-41.49838071,-7.114803373,48.61318409,-30044.82707,11462.95669,18581.87007,2
-33.35629052,-18.44140064,51.79769116,-28392.65894,4973.425347,23419.23327,2
-23.56396113,-28.85536027,52.41932141,-25336.07195,-1762.061774,27098.1334,2
-12.60566215,-37.84167061,50.44733277,-21026.22647,-8410.408084,29436.63424,2
-1.023325,-44.95592295,45.97924795,-15676.26149,-14642.82645,30319.08765,2
10.61025773,-49.84628924,39.23603152,-9550.754037,-20151.09903,29701.85282,2
21.71975914,-52.27092149,30.55116235,-2952.634788,-24662.81986,27615.45445,2
31.75577025,-52.109912,20.35414175,3791.793044,-27954.86644,24163.07325,2
40.22197044,-49.37122335,9.149252916,10348.99071,-29864.43397,19515.44319,2
46.69967245,-44.19029459,-2.509377856,16394.67872,-30297.08677,13902.40803,2
50.86852818,-36.82334324,-14.04518494,21629.87379,-29231.42842,7601.554676,2
52.52237114,-27.63469432,-24.88767682,25795.67473,-26720.15998,924.4853557,2
51.57941221,-17.07876304,-34.50064917,28686.06612,-22887.47364,-5798.592325,2
48.08628444,-5.677582127,-42.40870231,30158.10662,-17922.91096,-12235.19546,2
42.21573685,6.005014705,-48.22075155,30138.99797,-12071.98928,-18067.00846,2
34.25809133,17.39127663,-51.64936796,28629.68516,-5624.059926,-23005.62499,2
24.60688504,27.91810775,-52.52499279,25704.80971,1102.001388,-26806.81085,2
13.73940844,37.06491445,-50.8043229,21509.0183,7773.564214,-29282.58228,2
2.193101418,44.37935078,-46.5724522,16249.80949,14060.69327,-30310.50255,2
-9.461025316,49.4996888,-40.03866348,10187.27203,19652.46506,-29839.73691,2
-20.64662891,52.17270744,-31.52607853,3621.22247,24272.34424,-27893.56659,2
-30.81053687,52.26621529,-21.45567843,-3123.621963,27691.85946,-24568.23743,2
-39.45010357,49.77558802,-10.32548445,-9713.701931,29741.90209,-20028.20015,2
-46.13806815,44.823997,1.314071149,-15823.11181,30321.08938,-14497.97763,2
-50.54368421,37.65631807,12.88736614,-21149.71702,29400.77823,-8251.061329,2
-52.44907655,28.62702141,23.82205514,-25430.0958,27026.48168,-1596.386062,2
-51.76001597,18.18264158,33.57737439,-28452.5664,23315.61811,5136.948054,2
-48.51057926,6.839694637,41.67088463,-30067.65567,18451.70448,11615.95091,2
-42.861464,-4.840865654,47.70232966,-30195.49103,12675.28063,17520.21009,2
-35.09204139,-16.28138921,51.3734306,-28829.75052,6272.013671,22557.73653,2
-25.58654025,-26.91609671,52.50263696,-26037.97545,-441.429423,26479.40454,2
-14.81504538,-36.21905965,51.03410504,-21958.23018,-7133.04222,29091.27208,2
-3.310250012,-43.73020958,47.04045959,-16792.27433,-13471.89789,30264.17193,2
8.35888802,-49.0780903,40.71920228,-10795.58496,-19144.51484,29940.09954,2
19.61528347,-51.9982279,32.38294443,-4264.722158,-23870.35963,28135.08158,2
29.90226287,-52.34620999,22.44394713,2477.336946,-27415.72047,24938.38337,2
38.71109419,-50.10482748,11.39373329,9097.170745,-29605.26517,20508.09434,2
45.60614574,-45.38492567,-0.221220067,15267.40216,-30330.71207,15063.30988,2
50.2464298,-38.41992245,-11.82650735,20682.88872,-29556.18492,8873.296232,2
52.40246589,-29.55426492,-22.84820097,25075.81312,-27319.98717,2244.174151,2
51.96762944,-19.22639507,-32.74123437,28228.92777,-23732.70769,-4496.219933,2
48.96342482,-7.947067099,-41.01635772,29986.29863,-18971.75168,-11014.54675,2
43.53842187,3.725911399,-47.26433327,30261.01672,-13272.56734,-16988.44915,2
35.96090852,15.21526526,-51.17617379,29039.49613,-6917.001973,-22122.49392,2
26.60562289,25.95280029,-52.55842318,26382.14591,-219.3635222,-26162.78214,2
15.93522099,35.40750271,-51.3427237,22420.38256,6489.123184,-28909.5055,2
4.477396559,43.11179992,-47.58919648,17350.13101,12876.69683,-30226.82763,2
-7.201215483,48.6846838,-41.48346832,11422.13534,18627.46654,-30049.60169,2
-18.5230614,51.8505531,-33.3274917,4929.558459,23457.03389,-28386.59221,2
-28.92823096,52.45284299,-23.52461202,-1806.515913,27126.5576,-25320.04161,2
-37.90214722,50.46176782,-12.5596206,-8452.962154,29454.56516,-21001.60299,2
-45.00101438,45.97579416,-0.974779776,-14681.08711,30325.92733,-15644.84027,2
-49.87376529,39.2167712,10.65699409,-20182.88526,29697.5518,-9514.666651,2
-52.27942307,30.51895946,21.7604636,-24686.27085,27600.51423,-2914.243556,2
-52.0990184,20.31250027,31.78651813,-27968.53358,24138.52147,3830.011885,2
-49.34147304,9.102143555,40.23932949,-29867.35253,19482.7828,10384.56946,2
-44.14315856,-2.557714036,46.7008726,-30288.82356,13863.54299,16425.28027,2
-36.76115229,-14.09044625,50.85159853,-29212.10327,7558.695778,21653.40717,2
-27.56052376,-24.92571368,52.48623743,-26690.43977,880.0408916,25810.39854,2
-16.99628062,-34.52766933,51.52394995,-22848.53932,-5842.135653,28690.67465,2
-5.59086667,-42.42145837,48.01232504,-17876.39918,-12275.39553,30151.79441,2
6.091675054,-48.21670161,42.12502655,-12019.91144,-18101.58848,30121.49965,2
17.47359645,-51.62680124,34.1532048,-5568.702682,-23032.58612,28601.28858,2
27.99201627,-52.48311433,24.49109807,1158.18919,-26824.53103,25666.34168,2
37.12675686,-50.7432928,13.61653594,7828.092645,-29289.89648,21461.80373,2
44.42606901,-46.49337775,2.067308744,14111.15446,-30306.76036,16195.60586,2
49.52897272,-39.94354439,-9.585428335,19696.65226,-29824.83469,10128.18246,2
52.18310912,-31.41770799,-20.76540113,24308.36099,-27867.95263,3559.59173,2
52.2572206,-21.33750505,-30.91971555,27718.21332,-24532.88976,-3185.323416,2
49.74764204,-10.20144165,-39.54620038,29757.57851,-19984.5782,-9773.00013,2
44.77848206,1.439759605,-46.21824166,30325.60184,-14447.95,-15877.65162,2
37.59548533,13.01039508,-50.6058804,29394.1923,-8196.813428,-21197.37863,2
28.55387956,23.93825086,-52.49213042,27009.41177,-1540.312018,-25469.0995,2
18.10080805,33.68290107,-51.78370912,23289.19712,5192.363797,-28481.56067,2
6.753216698,41.76243403,-48.51565073,18417.52773,11668.25646,-30085.78397,2
-4.927711055,47.77728473,-42.84957368,12635.327,17567.10735,-30202.43416,2
-16.36430695,51.42999489,-35.06568794,6228.547716,22597.19486,-28825.74243,2
-26.99098591,52.53992348,-25.54893757,-485.9694538,26509.7612,-26023.79165,2
-36.28221646,51.0521801,-14.76996363,-7176.164969,29111.3144,-21935.1494,2
-43.77851037,47.04033955,-3.261829172,-13511.1821,30273.19733,-16762.01527,2
-49.10914615,40.70280327,8.406342884,-19177.72908,29937.95028,-10760.22129,2
-52.01050269,32.35298758,19.65751511,-23895.57268,28122.15252,-4226.579999,2
-52.33909641,22.40382402,29.93527239,-27431.39679,24915.60248,2515.794096,2
-50.07867706,11.34733823,38.73133882,-29610.34088,20476.8768,9133.463822,2
-45.34103136,-0.26968266,45.61071402,-30324.64751,15025.48808,15299.15913,2
-38.36045474,-11.87273085,50.2331856,-29538.99138,8831.029149,20707.96192,2
-29.48216445,-22.88798954,52.37015399,-27292.22633,2199.840612,25092.38539,2
-19.14522722,-32.77071044,51.91593766,-23695.46382,-4540.138922,28235.60242,2
-7.860845677,-41.03215377,48.89299944,-18926.57805,-11055.59069,29982.16844,2
3.812922681,-47.26375835,43.45083567,-13221.40936,-17024.29974,30245.70882,2
15.29876362,-51.15734661,35.85858299,-6862.101014,-22151.08968,29013.19046,2
26.02865667,-52.52036515,26.49170848,-163.1460827,-26182.42039,26345.5663,2
35.47196599,-51.28540732,15.81344133,6544.1655,-28918.92656,22374.76095,2
43.1616824,-47.51354669,4.351864281,12928.13053,-30225.27709,17297.14651,2
48.71751888,-41.39131677,-7.326202112,18673.03657,-30036.86776,11363.8312,2
51.86471721,-33.22148616,-18.64323106,23494.77519,-28363.01615,4868.241033,2
52.44763594,-23.40808546,-29.03955048,27154.89226,-25286.50087,-1868.391251,2
50.43744739,-12.43642631,-38.00102108,29472.38043,-20959.46784,-8512.912421,2
45.93356336,-0.849100876,-45.08446249,30332.63072,-15595.906,-14736.7245,2
39.15871879,10.78085158,-49.93957037,29693.10032,-9461.064816,-20232.03527,2
30.44795664,21.87828369,-52.32624033,27585.41654,-2858.336534,-24727.07975,2
20.23205867,31.89438335,-52.12644202,24113.8127,3885.747701,-27999.56016,2
9.016241612,40.33381462,-49.35005623,19449.9734,10437.66614,-29887.63931,2
-2.644827859,46.7792141,-44.13438624,13824.54401,16473.40038,-30297.9442,2
-14.17446355,50.91183116,-36.7373676,7515.724352,21694.45941,-29210.1836,2
-25.0024792,52.52729145,-27.52481225,835.5106032,25842.6411,-26678.1516,2
-34.59338645,51.54570405,-16.9523176,-5885.734138,28712.8014,-22827.06722,2
-42.47287684,48.01561232,-5.542735483,-12315.61763,30162.99949,-17847.38188,2
-48.25127829,42.11159331,6.139684986,-18136.1566,30121.51731,-11985.36079,2
-51.64282593,34.12562419,17.51720174,-23059.50229,28590.40631,-5530.904165,2
-52.47979426,24.45264284,28.02715142,-26842.1757,25645.38601,1196.789484,2
-50.72079189,13.57101659,37.1497753,-29297.10862,21432.09938,7865.008989,2
-46.45280849,2.018885068,44.43392342,-30302.89487,16158.91016,14143.98442,2
-39.8869128,-9.632452953,49.51936576,-29809.79433,10086.59851,19723.1955,2
-31.34781447,-20.80679255,52.15460702,-27842.19279,3515.464354,24326.72811,2
-21.25780584,-30.95151825,52.20932409,-24497.39597,-3229.523615,27726.91926,2
-10.11587793,-39.5649331,49.68081103,-19940.81736,-9814.798955,29755.61601,2
1.526956655,-46.22106954,44.69411288,-14397.79789,-15914.69364,30312.49126,2
13.09491349,-50.59075519,37.4958417,-8142.461892,-21227.54366,29370.00531,2
24.01591113,-52.45789176,28.44198063,-1484.160579,-25490.60747,26974.76786,2
33.74986286,-51.73014194,17.98027908,5247.826591,-28493.05963,23245.23291,2
41.81538609,-48.44349588,6.628109789,11720.57611,-30086.41697,18365.84079,2
47.81360864,-42.76049129,-5.053117357,17613.98479,-30191.88162,12577.89683,2
51.44789457,-34.96217533,-16.48571924,22636.60015,-28804.23794,6167.63785,2
52.53851398,-25.43420571,-27.10430827,26540.03393,-25992.11043,-547.9233731,2
51.0315314,-14.64777841,-36.38375299,29131.24579,-21894.56997,-7236.675654,2
47.00147308,-3.136325097,-43.86514799,30282.09001,-16714.25619,-13567.83362,2
40.64764141,8.530867112,-49.17850852,29935.65278,-10707.3562,-19228.29635,2
32.28425858,19.77680921,-52.06106779,28109.06677,-4170.935053,-23938.13147,2
22.32492707,30.04534467,-52.37027174,24892.66392,2571.755255,-27464.41893,2
11.26217537,38.82865362,-50.09082899,20445.50811,9187.261909,-29632.76979,2
-0.356899527,45.69236652,-45.335467,14987.52886,15348.42183,-30335.95048,2
-11.95768823,50.2970455,-38.33935728,8788.644902,20750.54118,-29539.18592,2
-4.803370499,136.2687598,-131.4653893,248.9511177,5056.539318,-18.98691971,2
-16.0209116,37.86765663,-21.84674503,-6977.890166,9047.501707,-18.72399773,2
-26.47716503,-62.33163803,88.80880306,-13873.28823,12608.74846,-17.56435718,2
-35.67567467,-159.5717267,195.2474014,-20109.85405,15571.1939,-15.56305749,2
-43.17970127,-249.2357131,292.4154143,-25391.47953,17794.18304,-12.81511951,2
-48.63295853,-327.0664092,375.6993677,-29467.39652,19172.16981,-9.451014019,2
-51.77652934,-389.3684641,441.1449935,-32144.08314,19639.72828,-5.630466993,2
-52.46115902,-433.1838167,485.6449757,-33294.45203,19174.65909,-1.534875975,2
-50.65434181,-456.4321425,507.0864843,-32863.88444,17799.04343,2.641302584,2
-46.44186423,-458.0096259,504.4514901,-30872.82344,15578.19463,6.699785989,2
-40.02373201,-437.8413692,477.8651012,-27415.80332,12617.55718,10.44787964,2
-31.70467391,-396.884948,428.5896219,-22656.96115,9057.700198,13.70762603,2
-21.87967342,-337.0849466,358.9646201,-16822.24367,5067.643408,16.32425407,2
-11.01521522,-261.2806304,272.2958456,-10188.6795,836.8321155,18.17352751,2
0.372863257,-173.0711391,172.6982758,-3071.225946,-3433.8575,19.16764362,2
11.74386342,-76.64460202,64.9007386,4192.184898,-7541.655862,19.25940194,2
22.55789754,23.42071133,-45.97860886,11256.691,-11291.52737,18.44444542,2
32.30152227,122.3737648,-154.6752871,17786.87418,-14505.43054,16.7614672,2
40.51211663,215.5163317,-256.0284483,23472.68559,-17030.77135,14.29037357,2
46.7998469,298.4260632,-345.2259101,28044.16657,-18747.64824,11.14849,2
50.86617571,367.1664592,-418.032635,31284.26619,-19574.545,7.484990636,2
52.5180364,418.4737703,-470.9918067,33039.14659,-19472.20113,3.473815604,2
51.67699967,449.9119586,-501.5889583,33225.48721,-18445.47582,-0.69458755,2
48.3829974,459.9883593,-508.3713567,31834.4407,-16543.11733,-4.822306196,2
42.79242664,448.2245515,-491.0169782,28932.05304,-13855.4484,-8.713359374,2
35.17072407,415.1790731,-450.3497972,24656.12772,-10510.0778,-12.18300285,2
25.87976316,362.4209021,-388.3006653,19209.6829,-6665.84156,-15.06650065,2
15.36067269,292.4549621,-307.8156348,12851.31222,-2505.261516,-17.22694661,2
4.112892243,208.6031906,-212.7160828,5882.907017,1774.120695,-18.5617646,2
-7.329540886,114.8468153,-107.5172744,-1364.677366,5969.122786,-19.00757878,2
-18.42334741,15.63732814,2.786019269,-8547.330327,9880.568783,-18.54322263,2
-28.6418006,-84.31486885,112.9566695,-15324.02417,13322.74577,-17.19074391,2
-37.49973495,-180.2641102,217.7638451,-21373.00586,16132.22142,-15.01435789,2
-44.57658149,-267.6547881,312.2313696,-26407.07368,18175.60366,-12.11739841,2
-49.53633617,-342.33765,391.8739861,-30187.21336,19355.87403,-8.637411668,2
-52.14351305,-400.7668019,452.9103149,-32533.94633,19616.99406,-4.739625622,2
-52.27432509,-440.1680656,492.4423907,-33335.85123,18946.56594,-0.60910507,2
-49.92256143,-458.6706947,508.5932562,-32554.85413,17376.42118,3.558035105,2
-45.1998823,-455.3961964,500.5960787,-30228.03628,14981.10922,7.563941348,2
-38.33051746,-430.5000418,468.8305592,-26465.87348,11874.35793,11.21841538,2
-29.6406199,-385.1642839,414.8049039,-21446.99078,8203.673853,14.34794471,2
-19.54278035,-321.5414354,341.0842157,-15409.68149,4143.338688,16.80394086,2
-8.51643768,-242.6522676,251.1687053,-8640.59313,-113.865482,18.46979428,2
2.91488449,-152.2423872,149.3275027,-1461.117631,-4365.809361,19.2664109,2
14.20843439,-54.60439653,40.39596214,5787.868164,-8410.613407,19.15596742,2
24.82800157,45.6259159,-70.45391747,12762.18711,-12056.23295,18.14370719,2
34.26937587,143.6896799,-177.9590558,19130.70306,-15129.57632,16.27769122,2
42.08428694,234.9308916,-277.0151785,24591.04301,-17484.72318,13.64651629,2
47.90168786,315.0174774,-362.9191653,28883.95356,-19009.85268,10.37510844,2
51.44537219,380.1469782,-431.5923504,31805.6101,-19632.55265,6.618791537,2
52.54708808,427.2270876,-479.7741757,33217.29426,-19323.2577,2.555912638,2
51.15452677,454.0224726,-505.1769993,33051.98019,-18096.65294,-1.620625853,2
47.33380615,459.2609055,-506.5947117,31317.5169,-16010.97678,-5.712525041,2
41.26633153,442.6936691,-483.9600007,28096.25558,-13165.25576,-9.525504652,2
33.24018266,405.107365,-438.3475477,23541.13961,-9694.602862,-12.87852733,2
23.63643587,348.2865665,-371.9230024,17868.44294,-5763.802433,-15.61239419,2
12.91107081,274.9290883,-287.8401591,11347.50154,-1559.486322,-17.59730344,2
1.573320831,188.5178958,-190.0912167,4287.925461,2718.727272,-18.73901332,2
-9.838505055,93.15573651,-83.31723145,-2975.101206,6867.711548,-18.98331663,2
-20.78258078,-6.629656253,27.41223703,-10096.73467,10690.47543,-18.31861446,2
-30.73928874,-106.1005367,136.8398255,-16738.8444,14005.51656,-16.77646688,2
-39.23589092,-200.534092,239.7699829,-22586.06733,16655.43896,-14.4300945,2
-45.86897418,-285.4466782,331.3156523,-27360.78112,18514.42603,-11.390902,2
-50.32360403,-356.8067007,407.1303047,-30836.28546,19494.21426,-7.803188714,2
-52.38827757,-411.226032,463.6143096,-32847.56566,19548.28396,-3.837297386,2
-51.96496543,-446.1208776,498.085843,-33299.12744,18674.06794,0.318473592,2
-49.07376624,-459.8344528,508.908219,-32169.53095,16913.0734,4.466810466,2
-43.85195225,-451.7156459,495.5675981,-29512.4087,14348.91123,8.410752447,2
-36.54745183,-422.1499326,458.6973845,-25453.91914,11103.32619,11.96304329,2
-27.50707794,-372.5410739,400.0481518,-20186.75671,7330.416561,14.95502207,2
-17.16006167,-305.2444661,322.4045277,-13961.00288,3209.31764,17.24463115,2
-5.997672664,-223.4553084,229.4529811,-7072.252403,-1064.303463,18.72316093,2
5.450106079,-131.0568972,125.6067911,152.4213144,-5287.537987,19.32041132,2
16.63974143,-32.43624888,15.79650745,7369.995448,-9259.869493,19.00802482,2
27.03995676,67.72419206,-94.76414882,14237.78426,-12792.69425,17.80083289,2
36.15695657,164.6688729,-200.8258295,20429.70958,-15718.27604,15.75615179,2
43.5578716,253.7949231,-297.3527947,25651.78281,-17897.71012,12.97106119,2
48.8913112,330.8706955,-379.7620067,29656.06331,-19227.51837,9.577794958,2
51.9040471,392.2366827,-444.1407298,32252.43042,-19644.56236,5.737462715,2
52.45303654,434.9792672,-487.4323037,33317.61033,-19129.04111,1.632400507,2
50.51221384,457.0690589,-507.5812727,32801.02896,-17705.43123,-2.542486422,2
46.173728,457.4572488,-503.6309768,30727.21327,-15441.32478,-6.588977591,2
39.64356748,436.125406,-475.7689734,27194.62668,-12444.22007,-10.31494867,2
31.23178005,394.0863524,-425.3181325,22370.99411,-8856.417679,-13.54349341,2
21.33775193,333.3360752,-354.6738271,16485.33849,-4848.264139,-16.12132305,2
10.43124511,256.758958,-267.1902031,9817.106938,-610.0639728,-17.92604435,2
-0.969906536,167.9908326,-167.0209261,2682.902751,3656.955829,-18.87197076,2
-12.32438375,71.24635222,-58.92196848,-4578.546685,7750.199938,-18.91419076,2
-23.09308333,-28.88111812,51.97420145,-11622.47247,11475.32378,-18.0507002,2
-32.76471442,-127.6375911,160.4023055,-18114.43357,14655.4609,-16.3224975,2
-40.88007427,-220.3341733,261.2142476,-23746.19589,17139.62046,-13.81163705,2
-47.05385087,-302.5696913,349.6235422,-28250.36702,18809.85617,-10.63733332,2
-50.99291734,-370.4396559,421.4325733,-31413.09184,19586.86632,-6.950300636,2
-52.51024936,-420.7216454,473.2318947,-33084.20622,19433.75899,-2.925597357,2
-51.533805,-451.0283034,502.5621084,-33184.36674,18357.80362,1.245685771,2
-48.10994524,-459.9206894,508.0306347,-31708.81786,16410.08586,5.365498486,2
-42.40123272,-446.9765988,489.3778316,-28727.61767,13683.08211,9.238234312,2
-34.67871343,-412.8106086,447.489322,-24382.31163,10306.26873,12.68001782,2
-25.30904759,-359.0448978,384.3539454,-18879.21206,6439.974637,15.52743491,2
-14.73710086,-288.2322275,302.9693283,-12479.60255,2267.768969,17.64529164,2
-3.464822438,-203.7347373,207.1995597,-5487.332428,-2012.254653,18.93303309,2
7.972587196,-109.5643132,101.591726,1765.609867,-6196.88348,19.32951769,2
19.03208724,-10.19210589,-8.839981345,8934.859333,-10087.43404,18.81592017,2
29.18857979,89.66375671,-118.8523365,15680.02465,-13499.18553,17.41662535,2
37.95984115,185.262183,-223.2220242,21680.84975,-16270.15018,15.19807041,2
44.92941752,272.0642219,-316.9936394,26652.41934,-18268.76439,12.26559046,2
49.7663979,345.9485686,-395.7149665,30358.68652,-19400.13525,8.758417284,2
52.2411256,403.4072426,-455.6483682,32623.68012,-19610.546,4.84306876,2
52.23610213,441.7121431,-493.9482452,33339.85972,-18890.00647,0.705442649,2
49.751566,459.0445784,-508.7961444,32473.22156,-17272.72741,-3.45800969,2
44.90548134,454.5816156,-499.487097,30064.91307,-14835.49618,-7.449610684,2
37.9279371,428.5351535,-466.4630906,26229.27916,-11694.03092,-11.07984215,2
29.15022255,382.141861,-411.2920835,21148.43324,-7997.486373,-14.1763435,2
18.98909784,317.6044616,-336.5935595,15063.61058,-3921.372063,-16.59209529,2
7.927006589,237.9871493,-245.9141559,8263.714595,340.7807468,-18.21239965,2
-3.510830314,147.0701022,-143.5592719,1071.599945,4586.607811,-18.96032602,2
-14.78135181,49.17000294,-34.38865113,-6171.256442,8614.520018,-18.80036377,2
-25.34944085,-51.06491541,76.41435626,-13120.96844,12233.27471,-17.74010827,2
-34.71333146,-148.8755639,183.5888954,-19447.56825,15271.05578,-15.82990019,2
-42.42843218,-239.6179564,282.0463886,-24850.67301,17583.63134,-13.16043542,2
-48.12843507,-318.983703,367.1121381,-29073.74681,19061.20181,-9.858458859,2
-51.54270769,-383.2045695,434.7472772,-31916.28086,19633.61311,-6.080746651,2
-52.50914262,-429.2313908,481.7405334,-33243.31349,19273.68753,-2.006662565,2
-50.98185416,-454.8788433,505.8606975,-32991.83805,17998.5141,2.170358086,2
-47.03335699,-458.9292027,505.9625597,-31173.79443,15868.63723,6.251992628,2
-40.85112322,-441.1901604,482.0412836,-27875.50218,12985.18211,10.04444726,2
-32.7286813,-402.5039547,435.232636,-23253.56206,9485.053303,13.36765825,2
-23.05167953,-344.7073815,367.759061,-17527.42081,5534.434669,16.06384126,2
-12.27957568,-270.5445846,282.8241603,-10968.95189,1320.899019,18.00498281,2
-0.923822275,-183.5367655,184.4605878,-3889.547167,-2955.497704,19.09891834,2
10.47641687,-87.81499898,77.33858212,3374.667822,-7091.714955,19.29370804,2
21.37986577,12.07590755,-33.45577332,10478.79285,-10891.36782,18.58010299,2
31.26883574,111.3931987,-142.6620344,17085.52868,-14174.05124,16.99198424,2
39.67380489,205.4213539,-245.0951588,22881.19177,-16783.90553,14.60475421,2
46.19571072,289.6959774,-335.8916881,27590.60779,-18597.0165,11.53175657,2
50.52489735,360.2157646,-410.740662,30990.17672,-19527.29881,7.918894834,2
52.45581779,413.632482,-466.0882997,32918.48923,-19530.58326,3.937704877,2
51.89679319,447.4099383,-499.3067315,33283.99029,-18606.71391,-0.222789424,2
48.87436565,459.9444019,-508.8187675,32069.32615,-16799.55546,-4.36505094,2
43.53203806,450.6407446,-494.1727826,29332.16826,-14194.91063,-8.292408226,2
36.12346064,419.940698,-456.0641586,25202.4751,-10916.44625,-11.81839335,2
27.00038784,369.3018804,-396.3022682,19876.32183,-7119.821679,-14.77559526,2
16.59597722,301.12859,-317.7245672,13606.59074,-2985.298194,-17.02360838,2
5.404223419,218.6576504,-224.0618738,6690.964588,1290.819719,-18.45569895,2
-6.043496356,125.8047284,-119.761232,-542.2071813,5505.504762,-19.00387267,2
-17.20365182,26.97842035,-9.774768535,-7749.498269,9458.646426,-18.64210305,2
-27.54636603,-73.12906462,100.6754307,-14588.71117,12962.55211,-17.38756713,2
-36.58057366,-169.7646881,206.3452618,-20735.12451,15850.85866,-15.2998299,2
-43.8773364,-258.3402534,302.2175898,-25896.91056,17986.43114,-12.47801621,2
-49.09020871,-334.6502501,383.7404588,-29828.99107,19267.87398,-9.056104389,2
-51.9716868,-395.0715291,447.0432159,-32344.67342,19634.34509,-5.196565027,2
-52.38495997,-436.7353273,489.1202873,-33324.51464,19068.44467,-1.082646994,2
-50.31040631,-457.6634745,507.9738808,-32721.99252,17597.04131,3.090323109,2
-45.84652429,-456.8623159,502.7088402,-30565.71441,15289.9963,7.124214925,2
-39.20525614,-434.3698899,473.5751461,-26958.05901,12256.84662,10.82750145,2
-30.70192499,-391.2541224,421.9560474,-22070.31545,8641.604276,14.02435259,2
-20.74026349,-329.5621221,350.3023855,-16134.55063,4615.918621,16.56298349,2
-9.793244893,-252.2229849,262.0162298,-9432.590821,370.9266052,18.32286117,2
1.619373456,-162.9087232,161.2893497,-2282.640728,-3891.822301,19.22042732,2
12.95572782,-65.8599199,52.90419208,4975.824655,-7969.935542,19.21306565,2
23.67757544,34.31561063,-57.99318607,11998.1781,-11669.78694,18.30112524,2
33.27584993,132.8615992,-166.1374491,18451.00281,-14815.70995,16.52790399,2
41.29483142,225.0991463,-266.3939777,24027.92285,-17258.33819,13.97759286,2
47.35378386,306.6488729,-354.0026568,28464.14968,-18881.69724,10.77127851,2
51.16503212,373.638851,-424.8038831,31549.05413,-19608.71107,7.061194232,2
52.54762057,422.8884399,-475.4360605,33136.16692,-19404.86153,3.023491978,2
51.43590479,452.059301,-503.4952058,33150.13296,-18279.82726,-1.15012121,2
47.88266833,459.7664208,-507.6490892,31590.28916,-16287.02415,-5.261485328,2
42.05661652,445.6438703,-487.7004868,28530.69588,-13521.0692,-9.115395917,2
34.23436651,410.3621789,-444.5965454,24116.62063,-10113.28815,-12.52887224,2
24.78731365,355.5964986,-380.3838122,18557.64082,-6225.480231,-15.33984511,2
14.16399785,283.9470682,-298.1110661,12117.69322,-2042.236037,-17.41485179,2
2.868807241,198.8157563,-201.6845636,5102.542348,2237.826716,-18.65537275,2
-8.561969863,104.2445424,-95.68257249,-2154.736984,6411.493428,-19.00250931,2
-19.5856076,4.723606207,14.86200139,-9309.573864,10280.60112,-18.43978008,2
-29.67871082,-95.02186264,124.7005735,-16022.26128,13661.44706,-16.99390353,2
-38.36206553,-190.256014,228.6180796,-21974.0852,16393.51089,-14.73352939,2
-45.22339172,-276.4571922,321.6805839,-26882.45688,18347.076,-11.76597918,2
-49.93691807,-349.5326212,399.4695393,-30514.33002,19429.38838,-8.232150711,2
-52.27884943,-406.012727,458.2915764,-32697.26565,19589.06055,-4.299828309,2
-52.13799244,-443.2158708,495.3538633,-33327.6194,18818.51137,-0.155716531,2
-49.5210349,-459.3756716,508.8967065,-32375.46249,17154.32604,4.003424444,2
-44.55222827,-453.7248724,498.2771006,-29886.00272,14675.51899,7.980120859,2
-37.4674883,-426.5317694,463.9992577,-25977.43802,11499.78237,11.58556131,2
-28.60319384,-379.0874737,407.6906676,-20835.34451,7777.898116,14.64856137,2
-18.38021587,-313.6446096,332.0248255,-14703.86545,3686.578865,17.02369135,2
-7.283934763,-233.3103617,240.5942965,-7874.119514,-579.9221887,18.59818119,2
4.15880524,-141.8989482,137.7401429,-670.3785947,-4819.034341,19.29727467,2
15.40471025,-43.75052346,28.34581321,6565.328356,-8829.487292,19.08777885,2
25.91983198,56.47488885,-82.39472083,13489.45466,-12420.86733,17.97964003,2
35.20491926,154.0186512,-189.2235705,19773.2473,-15422.65807,16.02547146,2
42.81912214,244.2494491,-287.0685712,25118.35586,-17692.33642,13.31805537,2
48.40092321,322.8831827,-371.2841059,29270.99805,-19122.13952,9.985937667,2
51.68530215,386.1863734,-437.8716756,32034.00912,-19644.18125,6.187324703,2
52.51631877,431.1534268,-483.6697456,33276.20309,-19233.67539,2.102571714,2
50.85451693,455.6493364,-506.5038533,32938.60139,-17910.11251,-2.074380319,2
46.77879787,458.5110523,-505.2898501,31037.23313,-15736.33449,-6.145212865,2
40.48267408,439.602702,-480.0853761,27662.37404,-12815.55092,-9.916645877,2
32.26508143,399.8220418,-432.0871232,22974.26023,-9286.43868,-13.2096146,2
22.51618586,341.0578316,-363.5740175,17195.48029,-5316.557743,-15.86777146,2
11.69885859,266.100158,-277.7990166,10600.40697,-1094.395472,-17.76490934,2
0.326699296,178.5079628,-178.8346621,3502.170036,3179.582611,-18.8109538,2
-11.0603493,82.44006642,-71.37971713,-3762.210812,7302.450804,-18.95623976,2
-21.92163752,-17.54228958,39.46392711,-10847.82749,11078.458,-18.1938696,2
-31.74147848,-116.6920079,148.4334863,-17418.25953,14328.32184,-16.56004058,2
-40.05363251,-210.3015241,250.3551566,-23161.54706,16897.74089,-14.13232629,2
-46.46344393,-293.9263192,340.3897631,-27805.00254,18664.72081,-11.02599347,2
-50.66657908,-363.5959421,414.2625212,-31128.15772,19545.36654,-7.388529235,2
-52.46347585,-416.0025244,468.4660003,-32973.23134,19497.86561,-3.392638462,2
-51.76881875,-448.6578355,500.4266542,-33252.6205,18524.47331,0.771956106,2
-48.61558968,-460.0114224,508.627012,-31953.06,16671.4057,4.90752178,2
-43.1535019,-449.5242241,492.677726,-29136.25213,14026.64523,8.817704143,2
-35.64189183,-417.6941661,453.3360579,-24935.93711,10715.76341,12.31684983,2
-26.43740585,-366.0325188,392.4699246,-19551.54316,6895.958759,15.23882124,2
-15.977067,-296.9921437,312.9692107,-13238.71782,2748.593138,17.44488462,2
-4.757525401,-213.8510331,218.6085585,-6297.189956,-1529.419225,18.83029707,2
6.688522382,-120.5566729,113.8681505,943.4612003,-5734.961073,19.32927967,2
17.81762541,-21.53861882,3.720993406,8139.454223,-9668.356006,18.9181406,2
28.10138107,78.50181618,-106.6031973,14949.12803,-13142.84898,17.61640005,2
37.05152331,174.8147771,-211.8663005,21049.16372,-15993.47331,15.48586336,2
44.24310516,262.8273872,-307.0704923,26149.93555,-18084.88322,12.6276866,2
49.33467497,338.3608647,-387.6955396,30009.26219,-19317.7799,9.177573709,2
52.08448829,397.8289291,-449.9134174,32443.9053,-19633.62622,5.29933336,2
52.36198575,438.4080753,-490.7700611,33338.2696,-19017.42599,1.177101451,2
50.15399194,458.1716319,-508.3256238,32649.89127,-17498.43601,-2.99340156,2
45.56534095,456.1812379,-501.7465789,30411.45404,-15148.77692,-7.014163337,2
38.81389895,432.531396,-471.345295,26729.23746,-12080.00901,-10.69428116,2
30.22022001,388.3449853,-418.5652053,21778.07079,-8437.835393,-13.85902586,2
20.19232641,325.719948,-345.9122744,15793.0322,-4395.184095,-16.35813786,2
9.206336012,247.6296802,-256.8360162,9058.287438,-143.997577,-18.07296138,2
-2.216143492,157.7818571,-155.5657136,1893.597813,4113.880586,-18.92207815,2
-13.5327802,60.44239518,-46.90961498,-5360.861864,8176.289106,-18.86517309,2
-24.20626757,-39.76709115,63.97335872,-12360.65456,11850.34746,-17.90494847,2
-33.72983535,-138.0887204,171.8185558,-18773.43465,14961.61376,-16.08699557,2
-41.65131074,-229.8542455,271.5055563,-24294.72752,17362.36709,-13.49763005,2
-47.59458723,-310.7066988,358.3012861,-28662.38575,18938.62124,-10.25979374,2
-51.27748195,-376.8072583,428.0847402,-31669.03577,19615.5367,-6.52721746,2
-52.52513343,-425.0175122,477.5426456,-33171.9238,19360.97397,-2.477121943,2
-51.27830403,-453.048469,504.3267731,-33099.69368,18187.01951,1.698196462,2
-47.59619241,-459.5692371,507.1654295,-31455.77487,16149.41194,5.800495905,2
-41.65362284,-444.2702145,485.9238374,-28318.21956,13344.89553,9.63500143,2
-33.7327447,-407.8777891,441.6105338,-23835.99684,9906.62692,13.01965276,2
-24.20963615,-352.1198494,376.3294855,-18221.91976,5997.852867,15.79374841,2
-13.53644823,-279.6437463,293.1801945,-11742.54103,1804.159433,17.82557568,2
-2.219936985,-193.8905982,196.1105352,-4705.497384,-2475.339533,19.01866428,2
9.202596954,-98.93190888,89.72931192,2555.096927,-6637.456195,19.3163667,2
20.18881907,0.723744697,-20.91256377,9694.513587,-10484.57595,18.70454778,2
30.21711065,100.3447767,-130.5618874,16373.77772,-13834.04004,17.21225586,2
38.8113349,195.2012453,-234.0125802,22275.7622,-16526.81809,14.91034354,2
45.56344362,280.7894268,-326.3528704,27120.24462,-18435.05872,11.90810368,2
50.15285105,353.0456499,-403.1985009,30677.2121,-19468.15993,8.34808025,2
52.36165508,408.5392359,-460.900891,32777.78213,-19577.07071,4.399300409,2
52.08498311,444.6353856,-496.7203687,33322.221,-18756.62006,0.249249222,2
49.33597135,459.620277,-508.9562483,32284.67911,-17045.76245,-3.905032013,2
44.24514107,452.7824373,-497.0275783,29714.41826,-14525.72826,-7.866301157,2
37.05420157,424.4465226,-461.5007242,25733.47278,-11316.16709,-11.44648016,2
28.10457398,375.9579039,-404.0624779,20530.85536,-7569.466823,-14.47558489,2
17.82118079,309.6187892,-327.43997,14353.5829,-3463.518344,-16.80979585,2
6.692270836,228.5789168,-235.2711876,7494.948296,806.7305776,-18.33828667,2
-4.75376248,136.6860071,-131.9322446,280.5950558,5038.531297,-18.98848603,2
-15.97346894,38.30307597,-22.32960703,-6946.94401,9030.960666,-18.72952332,2
-26.43414416,-61.8987189,88.33286306,-13844.51004,12594.46073,-17.57369438,2
-35.6391221,-159.1618613,194.8009834,-20084.61107,15559.83882,-15.57587764,2
-43.15135639,-248.8683603,292.0197167,-25370.97117,17786.30072,-12.83092859,2
-48.61417103,-326.7590095,375.3731805,-29452.59738,19168.13546,-9.469176063,2
-51.76819514,-389.1356114,440.9038066,-32135.69675,19639.73443,-5.650234336,2
-52.46367772,-433.0365655,485.5002432,-33292.87745,19178.70642,-1.555424722,2
-50.66759772,-456.3774828,507.0450806,-32869.19731,17806.94074,2.620833438,2
-46.46523187,-458.0501519,504.5153838,-30884.77239,15589.56794,6.680253674,2
-40.05610579,-437.9751554,478.0312612,-27433.8219,12631.86746,10.43009691,2
-31.74452064,-397.1056412,428.8501618,-22680.19473,9074.268978,13.69232258,2
-21.92510511,-337.3820672,359.3071723,-16849.59002,5085.684984,16.31204188,2
-11.06407869,-261.64007,272.7041487,-10218.8411,855.4908575,18.16487181,2
0.322884111,-173.4758305,173.1529464,-3102.77163,-3415.466525,19.16284076,2
11.69513768,-77.0753296,65.38019193,4160.75202,-7524.404875,19.25856538,2
22.51273477,22.98439949,-45.49713426,11226.86246,-11276.23446,18.44750028,2
32.26206289,121.9525857,-154.2146486,17760.06534,-14492.82084,16.76815386,2
40.48023023,215.1302839,-255.6105141,23450.16844,-17021.44258,14.30025997,2
46.77704354,298.0934773,-344.8705208,28027.00933,-18742.04236,11.16099217,2
50.85353418,366.9031273,-417.7566615,31273.28258,-19572.92721,7.499400419,2
52.51615301,418.2921964,-470.8083495,33034.85725,-19474.64725,3.489334274,2
51.68595995,449.820765,-501.506725,33228.0949,-18451.86875,-0.678811361,2
48.40237202,459.9918771,-508.3942491,31843.82073,-16553.15256,-4.807136077,2
42.82129183,448.3226148,-491.1439066,28947.75918,-13868.6485,-8.699630132,2
35.20770541,415.3670272,-450.5747326,24677.41337,-10525.81506,-12.17148087,2
25.92310092,362.6898242,-388.6129251,19235.53654,-6683.367821,-15.05784752,2
15.40830532,292.7920852,-308.2003906,12880.50548,-2523.743666,-17.2216877,2
4.162554274,208.9925096,-213.1550639,5914.052922,1755.561148,-18.56026411,2
-7.280211264,115.2698468,-107.9896355,-1333.058477,5951.368008,-19.01002246,2
-18.37669623,16.07398807,2.302708163,-8516.740576,9864.462731,-18.54960896,2
-28.60004673,-83.8853116,112.4853583,-15295.91681,13309.05412,-17.20088417,2
-37.46486472,-179.8620495,217.3269142,-21348.7163,16121.59522,-15.02788512,2
-44.55025443,-267.2993123,311.8495667,-26387.75606,18168.5484,-12.13378482,2
-49.51980615,-342.0456356,391.5654417,-30173.78573,19352.72566,-8.655993726,2
-52.1375688,-400.5521124,452.6896812,-32527.04711,19617.90303,-4.759635536,2
-52.27925274,-440.0408931,492.3201458,-33335.80887,18951.49007,-0.62970725,2
-49.93813092,-458.637076,508.575207,-32561.67152,17385.12764,3.53770438,2
-45.22535829,-455.4577265,500.6830848,-30241.39061,14993.18561,7.544732911,2
-38.36469425,-430.653798,469.0184923,-26485.13158,11889.23185,11.20112679,2
-29.68187871,-385.4029649,415.0848436,-21471.23917,8220.640058,14.33328237,2
-19.58916612,-321.8537074,341.4428735,-15437.76974,4161.592607,16.7924865,2
-8.565751943,-243.023303,251.5890549,-8671.188517,-95.1895608,18.46197732,2
2.86497925,-152.6545681,149.7895889,-1492.768381,-4347.597187,19.26248805,2
14.16030374,-55.03815179,40.87784804,5756.663929,-8393.728713,19.15601053,2
24.78392684,45.19118198,-69.97510882,12732.91007,-12041.47643,18.14759979,2
34.2314458,143.2746094,-177.5060552,19104.74239,-15117.64765,16.28513409,2
42.05429853,234.555193,-276.6094916,24569.63043,-17476.18775,13.65704165,2
47.88106105,314.6989899,-362.580051,28868.10484,-19005.11477,10.38810216,2
51.43508243,379.9008247,-431.3359071,31796.07685,-19631.83624,6.633522304,2
52.54762004,427.0649564,-479.6125764,33214.52823,-19326.59584,2.571566658,2
51.16585128,453.9520627,-505.117914,33056.11184,-18103.88617,-1.604906195,2
47.35538164,459.2855614,-506.640943,31328.34918,-16021.76069,-5.697600474,2
41.29712972,442.8122212,-484.1093509,28113.27329,-13179.07737,-9.512198146,2
33.27873739,405.3141858,-438.5929232,23563.5339,-9710.804961,-12.86758503,2
23.68091268,348.5718375,-372.2527502,17895.14966,-5781.614785,-15.60444997,2
12.95935408,275.2792662,-288.2386203,11377.25179,-1578.062238,-17.59284883,2
1.623114211,188.9163557,-190.5394699,4319.305835,2700.270735,-18.73837416,2
-9.789569616,93.5835609,-83.79399128,-2943.581501,6850.251665,-18.98663761,2
-20.7368306,-6.192778912,26.92960951,-10066.57305,10674.84215,-18.32585222,2
-30.6988999,-105.6753479,136.3742478,-16711.47379,13992.45313,-16.78739209,2
-39.20278495,-200.1407781,239.343563,-22562.78816,16645.56658,-14.44430275,2
-45.84472681,-285.1039123,330.9486391,-27342.69954,18508.2144,-11.407833,2
-50.30937042,-356.5307559,406.8401263,-30824.26085,19491.95928,-7.822152898,2
-52.3847374,-411.0300088,463.4147462,-32842.16982,19550.09367,-3.857508638,2
-51.97229069,-446.0140817,497.9863724,-33300.61745,18679.85738,0.297860602,2
-49.09161301,-459.8219537,508.9135667,-32177.83693,16922.56866,4.446660147,2
-43.87947708,-451.7980358,495.6775129,-29527.13717,14361.66246,8.391907248,2
-36.58335175,-422.3232985,458.9066502,-25474.37168,11118.72894,11.94628369,2
-27.54965233,-372.7971832,400.3468355,-20211.96313,7347.740481,14.94102956,2
-17.20729302,-305.5711576,322.7784507,-13989.76727,3227.741176,17.23395581,2
-6.047322351,-223.83707,229.8843924,-7103.209925,-1045.654078,18.71619537,2
5.400391496,-131.4756017,126.0752102,120.7396236,-5269.547244,19.31737202,2
16.59231848,-32.87201533,16.27969685,7339.092935,-9243.39061,19.00894184,2
26.99707316,67.29205482,-94.28912797,14209.12727,-12778.50867,17.80554846,2
36.1206445,164.2608837,-200.3815282,20404.65786,-15707.0563,15.76432779,2
43.52985126,253.4304542,-296.9603054,25631.52493,-17889.98796,12.98219521,2
48.87290908,330.5670529,-379.439962,29641.56021,-19223.65948,9.59124414,2
51.89613303,392.0082843,-443.9044173,32244.36982,-19644.74897,5.752474297,2
52.45598239,434.8369585,-487.2929409,33316.37406,-19133.2634,1.648147545,2
50.52587585,457.0195978,-507.5454737,32806.67485,-17713.48774,-2.526865782,2
46.19745361,457.502985,-503.7004386,30739.47237,-15452.83204,-6.574339199,2
39.67622632,436.2641691,-475.9403954,27212.91606,-12458.63075,-10.30210173,2
31.27181763,394.3115553,-425.5833729,22394.44452,-8873.046598,-13.53316207,2
21.38326338,333.6370266,-355.0202899,16512.83565,-4866.320795,-16.114112,2
10.48006569,257.1213701,-267.6014358,9847.344418,-628.6900786,-17.92241014,2
-0.920098681,168.3974997,-167.477401,2714.444017,3638.645599,-18.87220009,2
-12.27595736,71.67796706,-59.4020097,-4547.200069,7733.075912,-18.9183869,2
-23.04834154,-28.44504704,51.49338858,-11592.8097,11460.19997,-18.05877806,2
-32.72578544,-127.2177669,159.9435523,-18087.86389,14643.05634,-16.3341877,2
-40.84881031,-219.9505278,260.7993381,-23723.9817,17130.52508,-13.82649869,2
-47.03174022,-302.2404385,349.2721787,-28233.5639,18804.50278,-10.65477489,2
-50.98101367,-370.1804273,421.161441,-31402.49847,19585.51007,-6.969608155,2
-52.50912175,-420.5447477,473.0538694,-33080.32645,19436.46524,-2.945968231,2
-51.54351088,-450.9421344,502.4856453,-33187.38566,18364.44485,1.225104627,2
-48.13002766,-459.9293392,508.0593669,-31718.593,16420.34772,5.345570147,2
-42.43074208,-447.0796555,489.5103975,-28743.6858,13696.47834,9.219790863,2
-34.71625253,-413.0031778,447.7194303,-24403.91072,10322.16426,12.66382085,2
-25.35283798,-359.3178353,384.6706732,-18905.31748,6457.615726,15.51413936,2
-14.7850673,-288.5725731,303.3576404,-12508.97571,2286.318997,17.63541469,2
-3.514691398,-204.1263304,207.6410218,-5518.579584,-1993.675458,18.92692961,2
7.923179574,-109.9885601,102.0653805,1733.971431,-6179.156277,19.32736341,2
18.98548291,-10.62886234,-8.35662057,8904.330913,-10071.39954,18.81770331,2
29.1469876,89.23522885,-118.3822165,15652.05484,-13485.60406,17.42214719,2
37.92523199,184.8622312,-222.7874632,21656.76565,-16259.66562,15.20695473,2
44.90343072,271.7118367,-316.6152674,26633.36358,-18261.87357,12.27730139,2
49.75026341,345.6604825,-395.4107459,30345.56297,-19397.16437,8.772284765,2
52.23560558,403.1971347,-455.4327403,32617.11101,-19611.63514,4.858320338,2
52.24145479,441.5899906,-493.8314453,33340.15606,-18895.10296,0.721240163,2
49.7675333,459.0161821,-508.7837154,32480.36841,-17281.5883,-3.442530314,2
44.93130128,454.6483251,-499.5796264,30078.57022,-14847.69978,-7.43529841,2
37.96237988,428.6938025,-466.6561824,26248.7973,-11708.99686,-11.06749052,2
29.19164895,382.3849183,-411.5765673,21172.88478,-8014.503097,-14.16665296,2
19.03553709,317.9203883,-336.9559254,15091.8337,-3939.630664,-16.58563995,2
7.976249889,238.3609465,-246.3371964,8294.368412,322.1481463,-18.20959998,2
-3.461124892,147.4840235,-144.0228986,1103.22815,4568.486843,-18.96142893,2
-14.73354813,49.60439686,-34.87084873,-6140.156412,8597.772024,-18.80543088,2
-25.3058125,-50.63067238,75.93648488,-13091.87408,12218.69585,-17.74901296,2
-34.67595376,-148.4620881,183.1380419,-19421.86181,15259.3392,-15.84233364,2
-42.39908369,-239.2448782,281.6439619,-24829.57589,17575.33432,-13.17592125,2
-48.10851313,-318.6687347,366.7772478,-29058.26157,19056.71925,-9.876375766,2
-51.53316206,-382.9626644,434.4958264,-31907.14361,19633.15881,-6.100357898,2
-52.51043041,-429.0740331,481.5844635,-33240.95893,19277.28403,-2.027150963,2
-50.99391811,-454.8135031,505.8074212,-32996.37885,18005.99161,2.149851379,2
-47.0556282,-458.958981,506.0146092,-31185.01588,15879.64169,6.232327329,2
-40.88254815,-441.3136422,482.1961903,-27892.87236,12999.192,10.02644314,2
-32.76777181,-402.7152758,435.4830476,-23276.25714,9501.404418,13.35205622,2
-23.09658351,-344.9965074,368.0930909,-17554.36411,5552.351636,16.05126819,2
-12.328165,-270.8977866,283.2259516,-10998.86504,1339.53212,17.99592176,2
-0.973793842,-183.9372725,184.9110664,-3921.010779,-2937.032188,19.09368561,2
10.42743179,-88.24379404,77.81636225,3343.146737,-7074.292785,19.2924382,2
21.33418908,11.63918463,-32.97337371,10448.71002,-10875.81522,18.58274244,2
31.22863225,110.9692844,-142.1979167,17058.31154,-14161.10567,16.99829378,2
39.64097955,205.0303767,-244.6713563,22858.13168,-16774.18066,14.6143204,2
46.17181816,289.3565018,-335.52832,27572.79877,-18590.9731,11.54401135,2
50.5110681,359.94391,-410.4549781,30978.46344,-19525.22285,7.933142483,2
52.45270457,413.441157,-465.8938616,32913.42696,-19532.57234,3.953155078,2
51.90453992,447.3082282,-499.2127681,33285.81851,-18612.67261,-0.206984085,2
48.89260064,459.937137,-508.8297376,32077.95717,-16809.1999,-4.349754734,2
43.55989163,450.728271,-494.2881626,29347.19141,-14207.78193,-8.278461241,2
36.15960645,420.1188613,-456.2784677,25223.17622,-10931.93232,-11.80657161,2
27.04310582,369.5622227,-396.6053285,19901.71716,-7137.186285,-14.76657388,2
16.64323525,301.4587516,-318.1019869,13635.47365,-3003.715905,-17.01792951,2
5.453773853,219.0419568,-224.4957306,6721.962865,1272.224334,-18.45374602,2
-5.994010033,126.2249341,-120.230924,-510.5661962,5487.615567,-19.00585221,2
-17.15658307,27.41457551,-10.25799245,-7718.717747,9442.313757,-18.64803489,2
-27.50395354,-72.69766715,100.2016207,-14560.25343,12948.5524,-17.39728341,2
-36.54483502,-169.3585296,205.9033646,-20710.34157,15839.85757,-15.31298309,2
-43.84997235,-257.9786168,301.8285891,-25876.97999,17978.95198,-12.49409558,2
-49.07252235,-334.3503044,383.4228268,-29814.86003,19264.2728,-9.074460275,2
-51.96452176,-394.8475144,446.8120361,-32337.01373,19634.79385,-5.216439677,2
-52.38866033,-436.5978783,488.9865386,-33323.69085,19072.92304,-1.103210535,2
-50.32480026,-457.619116,507.9439163,-32728.04461,17605.33762,3.069933263,2
-45.87093229,-456.9131529,502.7840852,-30578.35591,15301.71761,7.104853121,2
-39.23852321,-434.5135074,473.7520306,-26976.69059,12271.43739,10.80997323,2
-30.74247551,-391.4837004,422.2261759,-22094.05337,8658.372707,14.00937644,2
-20.78617603,-329.866759,350.652935,-16162.26871,4634.069528,16.55115674,2
-9.842343436,-252.5882157,262.4305591,-9462.973899,389.5991628,18.31463162,2
1.56941619,-163.3172056,161.7477894,-2314.247111,-3873.513686,19.21607198,2
12.90727989,-66.29225826,53.38497837,4944.494741,-7952.859182,19.2126776,2
23.63293323,33.87994466,-57.51287789,11968.6113,-11654.75264,18.30460919,2
33.23712914,132.443292,-165.6804212,18424.60206,-14803.43057,16.53498083,2
41.26386661,224.71806,-265.9819266,24005.94077,-17249.39576,13.98781288,2
47.33204135,306.3231025,-353.6551439,28447.62909,-18876.51539,10.78404278,2
51.15354032,373.3838651,-424.5374054,31538.77853,-19607.53486,7.075783039,2
52.54692123,422.7163462,-475.2632675,33132.62331,-19407.74583,3.039098974,2
51.44602725,451.9782717,-503.424299,33153.48873,-18286.63416,-1.134350708,2
47.90312808,459.7803043,-507.6834324,31600.38409,-16297.4295,-5.246413759,2
42.08643827,445.7520087,-487.8384469,28547.0498,-13534.57799,-9.101852528,2
34.27213046,410.559439,-444.8315695,24138.45618,-10129.25802,-12.51761372,2
24.8312229,355.8735159,-380.7047388,18583.92039,-6243.151981,-15.33151964,2
14.21196374,284.2906913,-298.5026551,12147.1682,-2060.769652,-17.40996831,2
2.918548505,199.2096714,-202.1282199,5133.812405,2219.312168,-18.65427676,2
-8.512818793,104.6700479,-96.15722908,-2123.157406,6393.877974,-19.00536647,2
-19.53938427,5.16050062,14.37888365,-9279.18502,10264.72209,-18.44656836,2
-29.63761375,-94.59432157,124.2319353,-15994.50689,13648.05936,-17.00441425,2
-38.32804989,-189.8581244,228.1861743,-21950.2839,16383.25113,-14.7473771,2
-45.19807641,-276.1078444,321.3059209,-26863.73961,18340.43226,-11.78262002,2
-49.92150894,-349.2484008,399.1699098,-30501.58635,19426.67707,-8.250908183,2
-52.27408197,-405.8071274,458.0812094,-32691.10152,19590.41137,-4.319925409,2
-52.14409688,-443.0986525,495.2427494,-33328.32835,18823.86117,-0.176312648,2
-49.5377253,-459.3523988,508.8901241,-32383.01173,17163.42176,3.98319362,2
-44.57871606,-453.7966488,498.3753649,-29900.03469,14687.92974,7.9611023,2
-37.50251973,-426.6951861,464.1977058,-25997.28738,11514.91988,11.56854443,2
-28.64510953,-379.3347704,407.9798799,-20860.06969,7795.044618,14.63424057,2
-18.42702957,-313.9640435,332.3910731,-14732.29341,3704.921228,17.01263302,2
-7.333427662,-233.6867653,241.0201929,-7904.901372,-561.2538822,18.5907968,2
4.108979148,-142.3144486,138.2054695,-702.0537276,-4800.925482,19.2938013,2
15.3569128,-44.18539197,28.82847917,6534.262986,-8812.79671,19.08826788,2
25.87632867,56.04130079,-81.91762947,13460.47314,-12406.38652,17.98395469,2
35.16777173,153.6069313,-188.774703,19747.72477,-15411.0736,16.03329338,2
42.79009025,243.8791467,-286.669237,25097.50325,-17684.19734,13.32889965,2
48.38138149,322.5718809,-370.9532624,29255.80455,-19117.83131,9.999175913,2
51.67617455,385.9488537,-437.6250283,32025.19523,-19643.90749,6.202214865,2
52.51803479,431.0009678,-483.5190026,33274.18641,-19237.44811,2.118293315,2
50.8669912,455.5891779,-506.4561691,32943.4768,-17917.75162,-2.058687225,2
46.80143425,458.5460518,-505.347486,31048.76827,-15747.47632,-6.130406865,2
40.51439393,439.731199,-480.2455929,27680.02034,-12829.66549,-9.903543433,2
32.30437482,400.0379365,-432.3423114,22997.17899,-9302.854884,-13.19895129,2
22.5611833,341.3508748,-363.9120581,17222.58248,-5334.495178,-15.86016704,2
11.74741975,266.4564374,-278.2038571,10630.40489,-1113.001513,-17.76083832,2
0.37651464,178.9105636,-179.2870782,3533.638554,3161.192334,-18.81072293,2
-11.01164885,82.8698747,-71.85822585,-3730.766686,7285.150416,-18.95997346,2
-21.87636811,-17.10567964,38.98204775,-10817.90158,11063.06988,-18.20150403,2
-31.70179335,-116.269325,147.9711183,-17391.27357,14315.57757,-16.57132671,2
-40.02141976,-209.9128358,249.9342555,-23138.78321,16888.24653,-14.1468417,2
-46.44023689,-293.5900789,340.0303158,-27787.54248,18658.92811,-11.04316241,2
-50.65348348,-363.3281131,413.9815966,-31116.83132,19543.55151,-7.407649951,2
-52.46111733,-415.8158217,468.2769391,-32968.57724,19500.11538,-3.41291653,2
-51.77731318,-448.5611225,500.3384357,-33254.86056,18530.68204,0.751370065,2
-48.63453762,-460.0092897,508.6438273,-31962.08874,16681.27956,4.887491773,2
-43.1820076,-449.6167718,492.7987794,-29151.64174,14039.71639,8.799067785,2
-35.67860573,-417.8769988,453.5556046,-24956.95778,10731.41222,12.30037857,2
-26.48058868,-366.2969546,392.7775433,-19577.19771,6913.4432,15.22518374,2
-16.02467235,-297.3256261,313.3502985,-13267.78908,2767.084021,17.434615,2
-4.80729687,-214.2377273,219.0450242,-6328.298504,-1510.798867,18.82376955,2
6.638944031,-120.9782177,114.3392737,911.7914985,-5717.094357,19.3266908,2
17.77059024,-21.97499837,4.20440813,8108.726149,-9652.090265,18.91949995,2
28.05911842,78.07132214,-106.1304406,14920.79965,-13128.95553,17.62152971,2
37.01603589,174.4106094,-211.4266453,21024.57918,-15982.61085,15.49440644,2
44.21607402,262.4687366,-306.6848106,26130.26124,-18077.56651,12.63912413,2
49.31737964,338.064761,-387.3821406,29995.43134,-19314.35537,9.191249298,2
52.07774607,397.6094323,-449.6871784,32436.57373,-19634.2555,5.314484377,2
52.36611289,438.2756082,-490.6417211,33337.78453,-19022.07824,1.192895211,2
50.1687886,458.1324852,-508.3012738,32656.27484,-17506.88937,-2.977828254,2
45.59010072,456.2372714,-501.8273722,30424.4023,-15160.62907,-6.999663209,2
38.84744238,432.6799506,-471.5273929,26748.13476,-12094.69625,-10.68165597,2
30.26095059,388.5790089,-418.8399595,21802.01902,-8454.659412,-13.84898835,2
20.2383064,326.0283305,-346.2666369,15820.89344,-4413.345135,-16.3512779,2
9.25537845,247.997781,-257.2531594,9088.73798,-162.6323971,-18.06971795,2
-2.166370993,158.1922003,-156.0258293,1925.191008,4095.657721,-18.92271854,2
-13.48464469,60.87549911,-47.39085442,-5329.626916,8159.344372,-18.86978018,2
-24.16205835,-39.33178872,63.49384708,-12331.26175,11835.48635,-17.91341678,2
-33.69165533,-137.6718862,171.3635415,-18747.28041,14949.54283,-16.09903629,2
-41.62097656,-229.4756692,271.0966458,-24273.0545,17353.66043,-13.51278475,2
-47.57354302,-310.3843538,357.9578969,-28646.22385,18933.69321,-10.27745615,2
-51.26673074,-376.5564481,427.8231788,-31659.15323,19614.62224,-6.546662218,2
-52.52518957,-424.8501439,477.3753335,-33168.7907,19364.11746,-2.497539065,2
-51.28916872,-452.9724879,504.2616566,-33103.45966,18194.07267,1.677663133,2
-47.61735367,-459.5882495,507.2056032,-31466.262,16160.04085,5.78070805,2
-41.68407984,-444.3833166,486.0673964,-28334.93078,13358.59652,9.616785342,2
-33.77105523,-408.0796095,441.8506647,-23858.13961,9922.750423,13.00376011,2
-24.25398513,-352.4008046,376.6547898,-18248.44361,6015.634323,15.78082056,2
-13.58473386,-279.9904956,293.5752295,-11772.18751,1822.755556,17.81611323,2
-2.269870584,-194.2866769,196.5565475,-4736.85977,-2456.81071,19.01300331,2
9.153382328,-99.35851021,90.20512788,2523.506825,-6619.873441,19.3146628,2
20.14265622,0.286876719,-20.42953294,9664.194771,-10468.77312,18.70676866,2
30.17618749,99.91838555,-130.094573,16346.16883,-13820.76647,17.21818289,2
38.77759056,194.8055769,-233.5831674,22252.17322,-16516.70304,14.91958214,2
45.53847637,280.4432684,-325.9817448,27101.79466,-18428.58148,11.92010204,2
50.13784245,352.7654382,-402.9032807,30664.77628,-19465.62706,8.362155537,2
52.35731386,408.3382765,-460.6955903,32771.95002,-19578.60152,4.414671178,2
52.09151152,444.5232209,-496.6147324,33323.26863,-18762.14089,0.265072531,2
49.35305554,459.6022339,-508.9552894,32292.55586,-17055.01021,-3.889620587,2
44.27196602,452.8593736,-497.1313396,29728.74928,-14538.26291,-7.852146476,2
37.08948977,424.6147867,-461.7042765,25753.57675,-11331.39253,-11.43436741,2
28.1466461,376.2095079,-404.356154,20555.7769,-7586.659185,-14.4662023,2
17.86803541,309.9417884,-327.8098238,14382.13788,-3481.860384,-16.80370202,2
6.741679441,228.9579765,-235.6996559,7525.780054,788.1106934,-18.33588404,2
-4.70414965,137.1031311,-132.3989815,312.2388518,5020.518594,-18.99000179,2
-15.92601134,38.73846071,-22.81244938,-6915.991477,9014.411341,-18.7349986,2
-26.39109893,-61.46574399,87.85684291,-13815.71925,12580.1615,-17.5829823,2
-35.60253686,-158.7518523,194.3543892,-20059.34987,15548.46957,-15.58865032,2
-43.12297207,-248.500783,291.6237551,-25350.43981,17778.40222,-12.84669266,2
-48.59533916,-326.4513151,375.0466542,-29437.77156,19164.08369,-9.487296146,2
-51.75981373,-388.9024077,440.6622215,-32127.28126,19639.72273,-5.669963165,2
-52.46614858,-432.8889237,485.3550722,-33291.27273,19182.73631,-1.575938649,2
-50.68080741,-456.3224116,507.003219,-32874.48043,17814.82185,2.600395342,2
-46.48855707,-458.0902648,504.5788219,-30896.69338,15600.92705,6.660748745,2
-40.08844292,-438.1085467,478.1969896,-27451.81563,12646.1662,10.41233818,2
-31.78433822,-397.3259762,429.1103144,-22703.40774,9090.829435,13.67704019,2
-21.9705165,-337.6788835,359.6494,-16876.92105,5103.721835,16.29984839,2
-11.11293166,-261.9992736,273.1122053,-10248.99337,874.1486901,18.15623313,2
0.272905199,-173.8803655,173.6074603,-3134.314405,-3397.072608,19.15805403,2
11.64640191,-77.50598771,65.8595858,4129.3155,-7507.147238,19.25774485,2
22.46755223,22.54806687,-45.01561909,11197.0239,-11260.93152,18.4505719,2
32.22257492,121.5312966,-153.7538715,17733.2406,-14480.19821,16.77485879,2
40.44830784,214.744042,-255.1923499,23427.63024,-17012.0986,14.31016687,2
46.7541985,297.7606224,-344.5148209,28009.82691,-18736.41972,11.17351767,2
50.8408473,366.6394644,-417.4803117,31262.27088,-19571.29189,7.51383683,2
52.51422277,418.1102452,-470.624468,33030.53821,-19477.07594,3.504883188,2
51.69487414,449.7291656,-501.4240398,33230.67272,-18458.24517,-0.663001171,2
48.42170351,459.9949799,-508.4166834,31853.17214,-16563.173,-4.791928234,2
42.85011891,448.4202736,-491.2703925,28963.43931,-13881.83623,-8.685859657,2
35.24465552,415.5546065,-450.7992621,24698.67686,-10541.54297,-12.15991454,2
25.96641581,362.9584191,-388.9248349,19261.37295,-6700.888191,-15.04914743,2
15.45592457,293.1289442,-308.5848688,12909.68722,-2542.223678,-17.21637987,2
4.212213074,209.3816401,-213.5938531,5945.193603,1736.999879,-18.5587135,2
-7.230874552,115.6927743,-108.4618997,-1301.438274,5933.607724,-19.01241562,2
-18.33002795,16.51063344,1.819394508,-8486.143032,9848.347643,-18.55594518,2
-28.55826653,-83.45567873,112.0139453,-15267.79555,13295.35033,-17.21097554,2
-37.42996018,-179.4598266,216.8897868,-21324.40738,16110.95433,-15.04136541,2
-44.52388665,-266.9435955,311.4674821,-26368.41452,18161.47661,-12.15012692,2
-49.50323093,-341.7533128,391.2565437,-30160.33078,19349.55969,-8.674534608,2
-52.13157701,-400.3370616,452.4686386,-32520.11844,19618.79417,-4.779607791,2
-52.28413272,-439.9133237,492.1974564,-33335.73633,18956.39697,-0.650275496,2
-49.95365484,-458.6030437,508.5566985,-32568.45943,17393.81829,3.517403826,2
-45.25079295,-455.5188458,500.7696388,-30254.71756,15005.24835,7.525551031,2
-38.39883592,-430.8071658,469.2060017,-26504.36568,11904.0949,11.18386146,2
-29.72311022,-385.6412982,415.3644084,-21495.46808,8237.59871,14.31864047,2
-19.63553369,-322.1656891,341.8012228,-15465.84396,4179.842636,16.78105035,2
-8.615057955,-243.3941191,252.0091771,-8701.775971,-76.51369133,18.45417706,2
2.815071949,-153.0666114,150.2515395,-1524.417673,-4329.38123,19.25858119,2
14.11216085,-55.47185745,41.3596966,5725.454613,-8376.836585,19.15606971,2
24.73983028,44.75640724,-69.49623752,12703.62165,-12026.7092,18.15150937,2
34.19348538,142.8594096,-177.052895,19078.7646,-15105.70548,16.29259562,2
42.02427271,234.1792829,-276.2035556,24548.19579,-17467.63669,13.66758804,2
47.86039157,314.3802186,-362.2406101,28852.23019,-19000.35985,10.40111986,2
51.4247468,379.6543283,-431.0790751,31786.51503,-19631.10226,6.648280429,2
52.54810511,426.9024398,-479.450545,33211.73236,-19329.91668,2.587251699,2
51.17713016,453.8812434,-505.0583735,33060.21379,-18111.1032,-1.589151752,2
47.37691494,459.3098029,-506.6867178,31339.15331,-16032.53028,-5.682637431,2
41.32789119,442.9303738,-484.258265,28130.26576,-13192.88723,-9.498849726,2
33.31726262,405.5206409,-438.8379035,23585.90704,-9726.998438,-12.85659778,2
23.72536865,348.856794,-372.5821626,17921.84034,-5799.42206,-15.59645834,2
13.00762618,275.6291958,-288.6368219,11406.99188,-1596.636869,-17.58834502,2
1.67290665,189.3146451,-190.9875517,4350.682424,2681.811625,-18.73768478,2
-9.740624824,94.01130083,-84.27067601,-2912.05903,6832.785466,-18.98990813,2
-20.69106119,-5.755896037,26.44695722,-10036.40224,10659.19911,-18.33304012,2
-30.65848284,-105.2500637,135.9085466,-16684.088,13979.37693,-16.79826883,2
-39.16964308,-199.7472837,238.9169268,-22539.48852,16635.67904,-14.45846466,2
-45.82043757,-284.7608893,330.5813268,-27324.59319,18501.98593,-11.4247204,2
-50.2950909,-356.2544896,406.5495805,-30812.20833,19489.68658,-7.841076711,2
-52.38114945,-410.8336148,463.2147643,-32836.74425,19551.8856,-3.877683095,2
-51.97956854,-445.9068836,497.8864522,-33302.0773,18685.62983,0.277280656,2
-49.10941497,-459.8090399,508.9184549,-32186.11378,16932.04852,4.426539128,2
-43.9069618,-451.8800182,495.78698,-29541.8389,14374.4006,8.373087788,2
-36.61921814,-422.4962834,459.1155016,-25494.80113,11134.12152,11.92954663,2
-27.59220134,-373.0529562,400.6451576,-20237.1512,7365.057636,14.92705687,2
-17.25450832,-305.8975737,323.152082,-14018.51893,3246.161663,17.22329823,2
-6.096966061,-224.2186297,230.3155958,-7134.160928,-1027.003888,18.70924623,2
5.350672564,-131.8941877,126.5435151,89.05793472,-5251.551885,19.31434859,2
16.54488108,-33.30775218,16.7628711,7308.183913,-9226.903527,19.00987501,2
26.95416572,66.85985683,-93.81402255,14180.45759,-12764.31169,17.81028127,2
36.08430038,163.8527463,-199.9370466,20379.58786,-15695.82253,15.77252286,2
43.50179218,253.0657566,-296.5675488,25611.24403,-17882.24981,12.99335081,2
48.85446341,330.2631121,-379.1175755,29627.03048,-19219.78338,9.604717963,2
51.88817268,391.7795323,-443.667705,32236.28024,-19644.918,5.76751398,2
52.45888145,434.6942575,-487.153139,33315.10785,-19137.46856,1.663926385,2
50.53949281,456.9697245,-507.5092173,32812.29125,-17721.52842,-2.511209577,2
46.22113807,457.5483085,-503.7694465,30751.70385,-15464.3255,-6.559661592,2
39.70884991,436.4025386,-476.1113885,27231.18101,-12473.03033,-10.28921222,2
31.31182752,394.5364025,-425.84823,22417.87485,-8889.667651,-13.52278524,2
21.42875606,333.937677,-355.366433,16540.31803,-4884.3732,-16.10685313,2
10.52887735,257.4835503,-268.0124276,9877.573126,-647.3157547,-17.91872648,2
-0.870289474,168.8040147,-167.9337253,2745.982946,3620.33195,-18.87237912,2
-12.22751937,72.10951719,-59.88199782,-4515.849241,7715.944773,-18.9225327,2
-23.00357844,-28.00895036,51.0125288,-11563.13636,11445.06568,-18.06680637,2
-32.68682642,-126.797828,159.4846544,-18061.27778,14630.63843,-16.34582991,2
-40.81750898,-219.5666839,260.3841929,-23701.74599,17121.4141,-13.84131458,2
-47.00958661,-301.9109131,348.9204997,-28216.7352,18799.13229,-10.67217359,2
-50.96906349,-369.9208648,420.8899283,-31391.87667,19584.13601,-6.988876122,2
-52.50794625,-420.3674707,472.875417,-33076.41673,19439.15382,-2.966303184,2
-51.55316974,-450.8555587,502.4087285,-33190.37453,18371.06938,1.204555639,2
-48.15006615,-459.9375742,508.0876403,-31728.33943,16430.59464,5.325670246,2
-42.46021264,-447.1823088,489.6425215,-28759.7279,13709.86209,9.201372355,2
-34.75375979,-413.1953745,447.9491343,-24425.4877,10338.05034,12.64764572,2
-25.39660498,-359.5904486,384.9870536,-18931.40574,6475.250853,15.50086307,2
-14.83301988,-288.9126584,303.7456783,-12538.33748,2304.866827,17.62555508,2
-3.564556666,-204.5177395,208.0822962,-5549.821651,-1975.094602,18.92084232,2
7.873765327,-110.4127078,102.5389425,1702.331543,-6161.423637,19.32522495,2
18.93886197,-11.06560925,-7.873252728,8873.794571,-10055.35609,18.81950272,2
29.10536965,88.80662045,-117.9119901,15624.07102,-13472.01057,17.42768657,2
37.89058915,184.4621126,-222.3527017,21632.66214,-16249.16653,15.21585858,2
44.87740394,271.3592065,-316.2366104,26614.28391,-18254.96641,12.28903449,2
49.73408457,345.3720845,-395.106169,30332.41217,-19394.17612,8.786177573,2
52.23003897,402.9866631,-455.2167021,32610.51259,-19612.70673,4.873600772,2
52.24676085,441.4674396,-493.7142005,33340.42244,-18900.18254,0.737070263,2
49.78345623,458.9873717,-508.770828,32487.48607,-17290.43374,-3.427014599,2
44.95708122,454.7146244,-499.6717056,30092.20035,-14859.89013,-7.420946197,2
37.99678894,428.8520649,-466.8488538,26268.29187,-11723.95237,-11.05509568,2
29.23304955,382.6276307,-411.8606803,21197.31734,-8031.512729,-14.15691642,2
19.0819597,318.2360281,-337.3179878,15120.04333,-3957.885847,-16.57913642,2
8.025486517,238.7345286,-246.7600151,8325.014857,303.5151179,-18.20675066,2
-3.411415825,147.8978118,-144.4863959,1134.85547,4550.361617,-18.96248152,2
-14.68573064,50.038746,-35.35301536,-6109.050734,8581.016137,-18.81044781,2
-25.26216079,-50.19638374,75.45854453,-13062.76779,12204.10582,-17.75786842,2
-34.63854426,-148.0484785,182.6870228,-19396.13773,15247.60872,-15.85471958,2
-42.36969644,-238.8715843,281.2412808,-24808.45626,17567.0213,-13.19136198,2
-48.08854726,-318.353479,366.4420263,-29042.75001,19052.21936,-9.894250549,2
-51.52356942,-382.7204138,434.2439833,-31897.97746,19632.68667,-6.119930429,2
-52.5116703,-428.9162884,481.4279587,-33238.57427,19280.863,-2.047604321,2
-51.00593554,-454.7477527,505.7536882,-33000.88978,18013.45274,2.129375942,2
-47.07785644,-458.9883453,506.0662018,-31196.20909,15890.63169,6.212689617,2
-40.91393569,-441.4367259,482.3506616,-27910.21728,13013.19003,10.00846319,2
-32.80683224,-402.9262338,435.733066,-23298.93111,9517.746826,13.33647536,2
-23.14146613,-345.2853223,368.4267884,-17581.29146,5570.263457,16.03871384,2
-12.37674269,-271.2507443,283.627487,-11028.76815,1358.163875,17.98687767,2
-1.023764008,-184.3376137,185.3613778,-3952.470744,-2918.564159,19.08846886,2
10.37843783,-88.67250956,78.29407173,3311.622748,-7056.864371,19.29118415,2
21.28849367,11.20245115,-32.49094482,10418.61787,-10860.25295,18.58539832,2
31.18840111,110.5452701,-141.7336712,17031.07911,-14148.14746,17.00462119,2
39.60811897,204.6392146,-244.2473335,22835.05109,-16764.44081,14.6239066,2
46.14788448,289.0167652,-335.1646497,27554.96498,-18584.91308,11.5562889,2
50.49719381,359.6717307,-410.1689245,30966.72234,-19523.12942,7.947416166,2
52.44954455,413.2494591,-465.6990036,32908.33512,-19534.54394,3.9686349,2
51.91224035,447.2061145,-499.1183549,33287.61681,-18618.61466,-0.191145375,2
48.91079204,459.9294571,-508.8402492,32086.55937,-16818.82932,-4.33442142,2
43.58770644,450.8153908,-494.4030973,29362.18821,-14220.64055,-8.264473608,2
36.19572016,420.2966456,-456.4923657,25243.8547,-10947.40867,-11.79470604,2
27.08579992,369.8222316,-396.9080315,19927.09466,-7154.544591,-14.757506,2
16.6904788,301.7886414,-318.4791202,13664.34438,-3022.131043,-17.01220211,2
5.50331989,219.4260656,-224.9293855,6752.95519,1253.627664,-18.45174327,2
-5.94451778,126.6450259,-120.7005081,-478.9246398,5469.721285,-19.00778144,2
-17.10949832,27.8507059,-10.74120758,-7687.930151,9425.972433,-18.65391673,2
-27.46151571,-72.26620417,99.72771987,-14531.78244,12934.54088,-17.40695083,2
-36.50906289,-168.9522184,205.4612813,-20685.53985,15828.84206,-15.32608929,2
-43.82256822,-257.6167475,301.4393157,-25857.02597,17971.45645,-12.51013051,2
-49.05479121,-334.0500571,383.1048484,-29800.702,19260.65411,-9.092774812,2
-51.95730933,-394.6231434,446.5804528,-32329.32476,19635.22477,-5.236276459,2
-52.39231291,-436.4600355,488.8523484,-33322.83688,19077.38407,-1.12373992,2
-50.33914829,-457.5743448,507.9134931,-32734.06707,17613.61792,3.049573807,2
-45.89529839,-456.9635777,502.8588761,-30590.96972,15313.42499,7.085518065,2
-39.27175436,-434.656733,473.9284874,-26995.29773,12286.01696,10.79246841,2
-30.78299777,-391.7129252,422.495923,-22117.77126,8675.133192,13.99442081,2
-20.83206929,-330.1710984,351.0031677,-16189.9721,4652.216118,16.53934821,2
-9.891432579,-252.9532186,262.8446512,-9493.348331,408.2712318,18.30641869,2
1.51945803,-163.7255407,162.2060827,-2345.851295,-3855.201714,19.21173245,2
12.85882083,-66.72453688,53.86571605,4913.160478,-7935.775785,19.21230536,2
23.58827023,33.44424808,-57.03251831,11939.03382,-11639.70797,18.30810977,2
33.1983789,132.0248653,-165.2232442,18398.18481,-14791.13797,16.54207589,2
41.23286511,224.336771,-265.5696361,23983.93715,-17240.43792,13.99805342,2
47.31025666,305.9970558,-353.3073124,28431.08294,-18871.31665,10.79683047,2
51.14200291,373.1285423,-424.2705452,31528.47459,-19606.34109,7.0903986,2
52.54617503,422.5438712,-475.0900462,33129.04993,-19410.61276,3.054736363,2
51.45610382,451.8968347,-503.3529385,33156.8147,-18293.42471,-1.11854605,2
47.92354514,459.7937731,-507.7173182,31610.45062,-16307.82029,-5.231304325,2
42.11622257,445.8597449,-487.9759675,28563.37807,-13548.07471,-9.088267798,2
34.30986401,410.7563288,-445.0661928,24160.27006,-10145.2189,-12.50631077,2
24.87511027,356.1502121,-381.0253224,18610.18331,-6260.818236,-15.32314722,2
14.25991734,284.6340579,-298.8939753,12176.63233,-2079.301545,-17.405036,2
2.968287659,199.6034068,-202.5716945,5165.077942,2200.795481,-18.65313082,2
-8.463659522,105.0954589,-96.6317994,-2091.575803,6376.256614,-19.00817337,2
-19.49314279,5.597390327,13.89575246,-9248.787696,10248.83367,-18.45330689,2
-29.59648944,-94.16669522,123.7631847,-15966.73796,13634.65922,-17.01487651,2
-38.29399915,-189.4600637,227.7540628,-21926.46269,16372.97645,-14.7611784,2
-45.17271981,-275.7582477,320.9309675,-26844.99801,18333.77184,-11.79921712,2
-49.90605425,-348.9638655,398.8699197,-30488.81506,19423.94811,-8.269625101,2
-52.26926684,-405.6011618,457.8704286,-32684.90778,19591.74439,-4.339985502,2
-52.15015378,-442.9810346,495.1311884,-33329.00712,18829.19384,-0.196875497,2
-49.5543705,-459.3287117,508.8830822,-32390.53165,17172.50186,3.96299231,2
-44.60516312,-453.868016,498.4731791,-29914.03959,14700.32711,7.942109666,2
-37.53751681,-426.8582179,464.3957347,-26017.11318,11530.04686,11.55155023,2
-28.68699886,-379.5817249,408.2687238,-20884.77595,7812.183952,14.61993967,2
-18.47382612,-314.2831943,332.7570205,-14760.70797,3723.260111,17.00159243,2
-7.382913424,-234.062958,241.4458715,-7935.675988,-542.5852064,18.58342874,2
4.059149871,-142.7298208,138.6706709,-733.7281166,-4782.812429,19.29034362,2
15.30910201,-44.62022067,29.31111866,6503.191833,-8796.098315,19.08877277,2
25.83280255,55.60766214,-81.44046469,13431.47959,-12391.89465,17.98828622,2
35.13059299,153.1950728,-188.3256658,19722.18455,-15399.47536,16.04113393,2
42.76102028,243.5086244,-286.2696447,25076.62811,-17676.04245,13.33976499,2
48.36179665,322.260288,-370.6220847,29240.58477,-19113.50599,10.01243823,2
51.66700086,385.7109859,-437.3779867,32016.35256,-19643.61614,6.217132518,2
52.51970395,430.8481199,-483.3678239,33272.13983,-19241.20362,2.134046089,2
50.8794201,455.5286083,-506.4080284,32948.3226,-17925.3747,-2.042959192,2
46.82402893,458.5806376,-505.4046665,31060.2755,-15758.60408,-6.115562255,2
40.54607775,439.8592993,-480.405377,27697.64179,-12843.76863,-9.890398978,2
32.3436396,400.2534704,-432.59711,23020.07712,-9319.262834,-13.18824299,2
22.60616091,341.64361,-364.2497709,17249.66923,-5352.427938,-15.85251523,2
11.79597083,266.8124763,-278.6084471,10660.39334,-1131.606687,-17.7567182,2
0.426330166,179.313003,-179.7393331,3565.103995,3142.799068,-18.81044202,2
-10.96293794,83.29960818,-72.33667023,-3699.319085,7267.843319,-18.96365698,2
-21.83107845,-16.66905432,38.50013277,-10787.9658,11047.67165,-18.20908898,2
-31.6620791,-115.8465373,147.5086164,-17364.27181,14302.82025,-16.58256484,2
-39.98917039,-209.5239582,249.5131286,-23115.99837,16878.7368,-14.1613113,2
-46.41698743,-293.2535738,339.6705612,-27770.05725,18653.11845,-11.06028833,2
-50.64034166,-363.0599564,413.700298,-31105.47674,19541.71871,-7.426730925,2
-52.45871097,-415.628744,468.087455,-32963.8933,19502.34742,-3.433158461,2
-51.78576038,-448.4640049,500.2497653,-33257.07052,18536.87391,0.730816403,2
-48.65344116,-460.0067422,508.6601833,-31971.08854,16691.13824,4.867490414,2
-43.21047382,-449.708914,492.9193879,-29167.00495,14052.77475,8.780456545,2
-35.71528693,-418.0594547,453.7747417,-24977.95582,10747.05122,12.28392927,2
-26.52374711,-366.56106,393.0848071,-19602.8345,6930.921267,15.21156556,2
-16.07226272,-297.6588403,313.7311031,-13296.84826,2785.572272,17.4243627,2
-4.85706348,-214.6242283,219.4812918,-6359.401234,-1492.177284,18.81725809,2
6.589360212,-121.3996535,114.8102933,880.1210848,-5699.222621,19.32411755,2
17.72353957,-22.41135816,4.687818592,8077.990871,-9635.815954,18.92087527,2
28.01683097,77.64075762,-105.6575886,14892.45793,-13115.05038,17.62667651,2
36.9805156,174.0062843,-210.9867999,20999.97579,-15971.7341,15.50296857,2
44.18900351,262.1098492,-306.2988527,26110.56346,-18070.23363,12.65058329,2
49.30004035,337.7683523,-387.0683926,29981.57355,-19310.91356,9.204949632,2
52.07095741,397.3895768,-449.4605342,32429.21301,-19634.86721,5.329663634,2
52.37019331,438.1427458,-490.5129391,33337.26949,-19026.71347,1.208720927,2
50.18354053,458.0929251,-508.2764657,32662.62907,-17515.32708,-2.962219232,2
45.61481989,456.2928934,-501.9077132,30437.32323,-15172.46768,-6.985123737,2
38.88095128,432.8281148,-471.709066,26767.00805,-12109.37272,-10.66898812,2
30.30165439,388.8126818,-419.1143362,21825.9477,-8471.475941,-13.83890532,2
20.28426867,326.3364188,-346.6206874,15848.74052,-4431.50233,-16.34437016,2
9.30441306,248.365658,-257.6700711,9119.180435,-181.2672074,-18.06642521,2
-2.116596019,158.6024007,-156.4858047,1956.782576,4077.431025,-18.92330885,2
-13.43649648,61.30854807,-47.87205159,-5298.38705,8142.392142,-18.87433723,2
-24.11782682,-38.89645087,63.01427769,-12301.8577,11820.61443,-17.92183591,2
-33.65344441,-137.2549278,170.9083722,-18721.10914,14937.45828,-16.11102947,2
-41.59060432,-229.096886,270.6874903,-24251.35947,17344.93799,-13.52789426,2
-47.55245538,-310.0617289,357.6141843,-28630.036,18928.74796,-10.29507628,2
-51.25593277,-376.3052983,427.561231,-31649.24201,19613.68995,-6.56606806,2
-52.52519781,-424.6823924,477.2075902,-33165.62757,19367.24335,-2.517920927,2
-51.29998663,-452.8960983,504.1960849,-33107.19567,18201.10928,1.657161296,2
-47.63847147,-459.6068474,507.2453189,-31476.72063,16170.65506,5.760947985,2
-41.71449872,-444.4960178,486.2105165,-28351.61634,13372.28531,9.598593582,2
-33.80933477,-408.2810618,442.0903966,-23880.26074,9938.864839,12.98788874,2
-24.2983117,-352.6814421,376.9797538,-18274.95089,6033.410215,15.76791148,2
-13.63300672,-280.3369924,293.9699991,-11801.82326,1841.349897,17.80666772,2
-2.319801616,-194.6825804,197.002382,-4768.217772,-2438.279808,19.00735819,2
9.104159968,-99.78502197,90.680862,2491.914557,-6602.284853,19.31297447,2
20.09647573,-0.14999157,-19.94648416,9633.867348,-10452.96098,18.70900566,2
30.13523763,99.49190417,-129.6271418,16318.54531,-13807.48057,17.22412739,2
38.74381175,194.4097327,-233.1535445,22228.56427,-16506.57322,14.92884028,2
45.51346857,280.0968571,-325.6103257,27083.32036,-18422.08775,11.93212264,2
50.12278916,352.4849083,-402.6076974,30652.31291,-19463.07678,8.376256266,2
52.35292594,408.1369486,-460.4898745,32766.08845,-19580.1148,4.430070949,2
52.09799346,444.4106552,-496.5086486,33324.28631,-18767.64494,0.280928583,2
49.37009573,459.5837761,-508.9538718,32300.40359,-17064.24272,-3.874172673,2
44.29875155,452.9359013,-497.2346529,29743.05358,-14550.78458,-7.837951734,2
37.12474504,424.7826677,-461.9074127,25773.65761,-11346.60788,-11.42221137,2
28.18869336,376.4607725,-404.6494658,20580.68001,-7603.84484,-14.45677369,2
17.91487443,310.2645079,-328.1793823,14410.67999,-3500.19942,-16.79756006,2
6.791082485,229.3368296,-236.1279121,7556.605133,769.4899616,-18.33343191,2
-4.654532055,137.5201314,-132.8655993,343.8824767,5002.501226,-18.99146745,2
-15.87853885,39.17381046,-23.29527161,-6885.032595,8997.853749,-18.74042401,2
-26.34802937,-61.03271368,87.38074305,-13786.91589,12565.85079,-17.5922214,2
-35.56591899,-158.3417003,193.9076192,-20034.07046,15537.08616,-15.60137597,2
-43.09454832,-248.1329817,291.22753,-25329.88548,17770.48755,-12.86241219,2
-48.57646293,-326.1433262,374.7197892,-29422.91907,19160.0145,-9.50537471,2
-51.7513851,-388.6688533,440.4202384,-32118.83668,19639.69318,-5.689653921,2
-52.46857159,-432.7408914,485.209463,-33289.63787,19186.74876,-1.596418197,2
-50.69397086,-456.2669289,506.9608997,-32879.73378,17822.68676,2.579987856,2
-46.51183982,-458.1299645,504.6418044,-30908.58638,15612.27195,6.641270762,2
-40.12074336,-438.2415428,478.3622861,-27469.78448,12660.45341,10.39460301,2
-31.8241266,-397.5459529,429.3700795,-22726.60016,9107.381555,13.66177841,2
-22.01590755,-337.9753952,359.9913027,-16904.23675,5121.753946,16.28767314,2
-11.16177408,-262.358241,273.5200151,-10279.13629,892.8055976,18.14761102,2
0.22292656,-174.2847437,174.0618172,-3165.854242,-3378.675762,19.15328296,2
11.59765616,-77.93657596,66.3389198,4097.875365,-7489.882966,19.25693989,2
22.42234993,22.11171386,-44.53406379,11167.17536,-11245.61856,18.45365982,2
32.18305841,121.1098978,-153.2929562,17706.39996,-14467.56265,16.78158153,2
40.41634949,214.3576064,-254.7739559,23405.07103,-17002.73942,14.32009379,2
46.73131182,297.4274989,-344.1588107,27992.61934,-18730.78031,11.18606602,2
50.82811508,366.3754707,-417.2035857,31251.23109,-19569.63906,7.528299397,2
52.51224569,417.9279168,-470.4401625,33026.1895,-19479.48721,3.520461873,2
51.70374221,449.6371606,-501.3409028,33233.22068,-18464.60509,-0.647157451,2
48.44099185,459.9976677,-508.4386595,31862.49494,-16573.17864,-4.77668314,2
42.87890785,448.5175279,-491.3964358,28979.09343,-13895.01157,-8.67204842,2
35.28157436,415.741811,-451.0233853,24719.91819,-10557.26151,-12.1483043,2
26.00970781,363.2266866,-389.2363944,19287.19209,-6718.402653,-15.04040084,2
15.50353039,293.4655388,-308.9690692,12938.85743,-2560.701532,-17.21102359,2
4.261868595,209.7705816,-214.0324502,5976.329031,1718.436907,-18.55711323,2
-7.181530796,116.1155973,-108.9340665,-1269.816787,5915.841951,-19.01475871,2
-18.28334262,16.94726387,1.336078743,-8455.537723,9832.223535,-18.56223175,2
-28.51646006,-83.02597063,111.5424307,-15239.66041,13281.63441,-17.22101847,2
-37.39502135,-179.0574419,216.4524632,-21300.07911,16100.29878,-15.05479923,2
-44.49747819,-266.5876379,311.085116,-26349.04908,18154.3883,-12.16642514,2
-49.48661055,-341.4606817,390.9472922,-30146.8485,19346.37613,-8.693034757,2
-52.12553767,-400.1216498,452.2471875,-32513.16033,19619.66747,-4.799542827,2
-52.28896501,-439.7853575,492.0743226,-33335.63361,18961.28663,-0.67081025,2
-49.96913317,-458.5685977,508.5377309,-32575.21785,17402.49311,3.497133003,2
-45.27618628,-455.5795543,500.8557406,-30268.0171,15017.29741,7.506395264,2
-38.43294242,-430.9601451,469.3930875,-26523.57577,11918.94708,11.16661894,2
-29.76431439,-385.8792837,415.6435981,-21519.67749,8254.549795,14.30401854,2
-19.68188304,-322.4773802,342.1592633,-15493.90412,4198.088757,16.76963197,2
-8.664355676,-243.7647158,252.4290715,-8732.355466,-57.83788947,18.44639305,2
2.765162629,-153.4785167,150.7133541,-1556.06548,-4311.161504,19.25468984,2
14.06400575,-55.90551313,41.84150738,5694.240243,-8359.937038,19.1561445,2
24.69571192,44.32159207,-69.017304,12674.32189,-12011.93125,18.15543547,2
34.15549463,142.444081,-176.5995756,19052.7697,-15093.74982,16.30007535,2
41.99420951,233.8031614,-275.7973709,24526.73912,-17459.07001,13.67815499,2
47.83967944,314.0611635,-361.900843,28836.32962,-18995.58793,10.41416106,2
51.4143653,379.4074895,-430.8218548,31776.92464,-19630.35071,6.66306544,2
52.54854331,426.7395382,-479.2880815,33208.90663,-19333.22022,2.602967287,2
51.1883634,453.8100146,-504.998378,33064.28602,-18118.30403,-1.573362997,2
47.39840603,459.33363,-506.732036,31349.92928,-16043.28555,-5.667636385,2
41.3586159,443.0481268,-484.4067427,28147.23297,-13206.68532,-9.485459861,2
33.35575832,405.7267302,-439.0824885,23608.25902,-9743.183278,-12.84556607,2
23.76980374,349.1414357,-372.9112395,17948.51497,-5817.22424,-15.58841977,2
13.05588707,275.9788766,-289.0347637,11436.72179,-1615.210196,-17.58379248,2
1.7226981,189.7127636,-191.4354617,4382.055199,2663.349959,-18.73694563,2
-9.691670725,94.43895591,-84.74728518,-2880.533823,6815.312966,-18.99312866,2
-20.64527259,-5.319008021,25.96428061,-10006.22226,10643.54632,-18.34017862,2
-30.61803761,-104.8246847,135.4427223,-16656.68705,13966.28799,-16.80909756,2
-39.13646537,-199.3536092,238.4900746,-22516.16845,16625.77636,-14.47258066,2
-45.79610647,-284.4176095,330.2137159,-27306.46207,18495.74065,-11.44156463,2
-50.28076549,-355.9779019,406.2586674,-30800.1279,19487.39617,-7.859960592,2
-52.37751373,-410.6368504,463.0143641,-32831.28895,19553.65977,-3.897821198,2
-51.98679898,-445.7992834,497.7860823,-33303.50701,18691.38529,0.256733316,2
-49.12717212,-459.7957114,508.9228835,-32194.36148,16941.51298,4.40644697,2
-43.9344064,-451.9615931,495.8959995,-29556.51387,14387.12563,8.354293626,2
-36.65505098,-422.6688874,459.3239383,-25515.20748,11149.50392,11.91283166,2
-27.63472494,-373.3083928,400.9431178,-20262.32091,7382.368011,14.91310357,2
-17.30170754,-306.2237138,323.5254213,-14047.25783,3264.579086,17.21265796,2
-6.146603751,-224.5999872,230.746591,-7165.105385,-1008.352907,18.70231306,2
5.300949326,-132.3126548,127.0117054,57.37627584,-5233.551926,19.31134059,2
16.49742928,-33.74345904,17.24602976,7277.26841,-9210.408258,19.01082388,2
26.91123449,66.42759848,-93.33883297,14151.77522,-12750.10334,17.81503085,2
36.04792423,163.444461,-199.4923852,20354.49957,-15684.57474,15.78073655,2
43.47369438,252.7008307,-296.1745251,25590.94015,-17874.49567,13.00452752,2
48.83597418,329.9588733,-378.7948475,29612.47413,-19215.89008,9.618215956,2
51.88016605,391.5504268,-443.4305929,32228.1617,-19645.06945,5.782581293,2
52.46173371,434.5511644,-487.0128981,33313.8117,-19141.6566,1.679736554,2
50.5530647,456.9194389,-507.4725036,32817.87817,-17729.55325,-2.495518279,2
46.24478136,457.5932192,-503.8380005,30763.90771,-15475.80515,-6.544945242,2
39.74143819,436.5405145,-476.2819527,27249.4215,-12487.41879,-10.2762806,2
31.35180968,394.7608937,-426.1127034,22441.28506,-8906.280821,-13.51236338,2
21.47422994,334.2380261,-355.712256,16567.78559,-4902.421335,-16.09954692,2
10.57768002,257.8454981,-268.4231781,9907.793036,-665.9409833,-17.91499384,2
-0.820478962,169.2103775,-168.3898985,2777.519509,3602.014899,-18.87250831,2
-12.17906983,72.54100222,-60.36193239,-4484.494228,7698.806538,-18.92662861,2
-22.95879407,-27.57282846,50.53162254,-11533.45248,11429.92093,-18.07478557,2
-32.64783739,-126.3777748,159.0256122,-18034.67528,14618.20719,-16.35742455,2
-40.78617031,-219.1826421,259.9688124,-23679.48879,17112.28755,-13.85608518,2
-46.98739008,-301.5811154,348.5685055,-28199.88094,18793.7447,-10.68952985,2
-50.95706682,-369.6609686,420.6180355,-31381.22644,19582.74416,-7.008104977,2
-52.50672287,-420.1898146,472.6965375,-33072.47707,19441.82473,-2.986602656,2
-51.56278158,-450.7685764,502.331358,-33193.33336,18377.6772,1.184038369,2
-48.17006069,-459.9453943,508.115455,-31738.05712,16440.82659,5.305798342,2
-42.48964439,-447.2845589,489.7742033,-28775.74394,13723.23332,9.182978348,2
-34.79123518,-413.3871985,448.1784337,-24447.04252,10353.92697,12.63149197,2
-25.44034856,-359.8627377,385.3030863,-18957.47681,6492.880002,15.48760559,2
-14.88095856,-289.2524833,304.1334418,-12567.68782,2323.41244,17.61571237,2
-3.614418198,-204.9089642,208.5233824,-5581.058602,-1956.512101,18.91477075,2
7.824344498,-110.836756,103.0124115,1670.690229,-6143.685577,19.32310185,2
18.89222448,-11.50234623,-7.389878251,8843.250336,-10039.3037,18.82131795,2
29.06372596,88.37793189,-117.4416578,15596.07321,-13458.40506,17.43324301,2
37.85591265,184.0618275,-221.9177402,21608.53921,-16238.65292,15.22478149,2
44.8513372,271.0063314,-315.8576686,26595.18034,-18248.04292,12.30078929,2
49.71786138,345.0833748,-394.8012362,30319.23411,-19391.17053,8.800095239,2
52.22442577,402.775828,-455.0002537,32603.88486,-19613.76077,4.88890959,2
52.2520203,441.3444905,-493.5965108,33340.65886,-18905.24521,0.752932478,2
49.79933478,458.9581473,-508.7574821,32494.57454,-17299.26371,-3.411463014,2
44.98282112,454.7805135,-499.7633346,30105.80344,-14872.06722,-7.406554514,2
38.03116425,429.0099403,-467.0411046,26287.76286,-11738.89744,-11.04265809,2
29.2744243,382.8699979,-412.1444222,21221.73089,-8048.515253,-14.14713434,2
19.12836561,318.5513809,-337.6797465,15148.23942,-3976.137598,-16.57258516,2
8.074716425,239.1078954,-247.1826118,8355.653903,284.8816793,-18.20385215,2
-3.361703161,148.3114665,-144.9497634,1166.481877,4532.23215,-18.96348423,2
-14.63789939,50.47304994,-35.83515055,-6077.939434,8564.252374,-18.815415,2
-25.21848578,-49.76204987,74.98053566,-13033.64961,12189.50465,-17.7666751,2
-34.60110299,-147.6347354,182.2358384,-19370.39605,15235.86435,-15.86705845,2
-42.34027044,-238.498075,280.8383454,-24787.31414,17558.69231,-13.20675805,2
-48.0685375,-318.0379362,366.1064738,-29027.21214,19047.70216,-9.912083649,2
-51.51392979,-382.4778182,433.9917479,-31888.78243,19632.19667,-6.139464684,2
-52.51286232,-428.7581569,481.2710192,-33236.15952,19284.42445,-2.068023078,2
-51.01790644,-454.6815921,505.6994985,-33005.37083,18020.89748,2.108931338,2
-47.1000417,-459.0172957,506.1173374,-31207.37405,15901.60722,6.193079052,2
-40.9452858,-441.5594115,482.5046973,-27927.53691,13027.17618,9.990506957,2
-32.84586256,-403.1368284,435.9826909,-23321.58396,9534.080512,13.32091521,2
-23.18632737,-345.5738257,368.760153,-17608.20284,5588.170117,16.02617777,2
-12.42530869,-271.6034574,284.0287661,-11058.6612,1376.794269,17.9778501,2
-1.073732731,-184.7377887,185.8115214,-3983.927033,-2900.093635,19.08326764,2
10.32943503,-89.10114514,78.77171011,3280.095881,-7039.429727,19.28994545,2
21.24277957,10.76570752,-32.00848709,10388.51644,-10844.68101,18.58807018,2
31.14814236,110.1211559,-141.2692982,17003.83144,-14135.17663,17.01096599,2
39.57522318,204.2478677,-243.8230909,22811.95001,-16754.68597,14.63351234,2
46.12390969,288.6767679,-334.8006776,27537.10646,-18578.83643,11.56858876,2
50.48327449,359.3992269,-409.8825014,30954.95341,-19521.01852,7.961715411,2
52.44633774,413.0573883,-465.503726,32903.2137,-19536.49805,3.984143872,2
51.91989448,447.1035974,-499.0234919,33289.3852,-18624.54005,-0.175273764,2
48.92893985,459.9213624,-508.8503022,32095.13273,-16828.4437,-4.31905147,2
43.61548244,450.9021039,-494.5175864,29377.15862,-14233.48648,-8.250445795,2
36.23180175,420.4740507,-456.7058525,25264.51052,-10962.87528,-11.78279711,2
27.12847011,370.0819069,-397.210377,19952.45428,-7171.896579,-14.74839209,2
16.73770781,302.1182588,-318.8559666,13693.20289,-3040.543592,-17.00642664,2
5.552861482,219.8099764,-225.3628378,6783.941534,1235.029726,-18.44969116,2
-5.895019647,127.0650034,-121.1699838,-447.2825413,5451.821932,-19.00966081,2
-17.06239762,28.28681111,-11.22441349,-7657.135511,9409.622471,-18.65974903,2
-27.41905259,-71.83467604,99.25372863,-14503.29824,12920.51755,-17.41656983,2
-36.47325731,-168.5457548,205.0190121,-20660.71936,15817.81214,-15.33914896,2
-43.79512404,-257.2546458,301.0497699,-25837.04852,17963.94458,-12.52612145,2
-49.0370153,-333.7495086,382.7865239,-29786.51697,19257.01791,-9.11104844,2
-51.95004951,-394.3984166,446.3484661,-32321.60651,19635.63784,-5.256075813,2
-52.39591771,-436.3217991,488.7177168,-33321.95275,19081.82775,-1.144235588,2
-50.35345039,-457.529161,507.8826114,-32740.05989,17621.88218,3.029244302,2
-45.91962258,-457.0135905,502.9332131,-30603.55583,15325.11842,7.066209318,2
-39.30494957,-434.7995666,474.1045162,-27013.88041,12300.5853,10.77498655,2
-30.82349175,-391.9417968,422.7652885,-22141.46908,8691.885715,13.97948525,2
-20.87794325,-330.47514,351.3530833,-16217.66078,4670.358375,16.52755746,2
-9.94051228,-253.3179934,263.2585057,-9523.714089,426.9427963,18.29822195,2
1.469499018,-164.1337282,162.6642292,-2377.453253,-3836.8864,19.20740829,2
12.8103507,-67.15675537,54.34640467,4881.821894,-7918.685367,19.21194848,2
23.54358646,33.00852128,-56.55210774,11909.44568,-11624.65293,18.31162652,2
33.15959923,131.6063194,-164.7659186,18371.75107,-14778.83216,16.54918871,2
41.20182694,223.9552795,-265.1571065,23961.91201,-17231.46466,14.00831402,2
47.28842981,305.6707329,-352.9591627,28414.51126,-18866.10102,10.8096411,2
51.13041988,372.8728829,-424.0033028,31518.14232,-19605.12978,7.105040448,2
52.54538194,422.371015,-474.9163969,33125.44678,-19413.46232,3.070403676,2
51.46613449,451.81499,-503.2811245,33160.11087,-18300.19889,-1.102707705,2
47.94391949,459.806827,-507.7507465,31620.48875,-16318.1965,-5.216157496,2
42.14596941,445.9670789,-488.1130483,28579.68069,-13561.55934,-9.074642196,2
34.34756713,410.952848,-445.3004151,24182.06227,-10161.17076,-12.49496388,2
24.91897573,356.426587,-381.3455628,18636.42955,-6278.478981,-15.31472831,2
14.30785859,284.9771677,-299.2850263,12206.08559,-2097.831698,-17.40005533,2
3.018024654,199.9969621,-203.0149867,5196.33893,2182.276673,-18.65193539,2
-8.414492098,105.5207751,-97.10628302,-2059.992203,6358.629367,-19.01093045,2
-19.4468832,6.034274931,13.41260827,-9218.381918,10232.93587,-18.4599961,2
-29.55533791,-93.73898399,123.2943219,-15938.95452,13621.24663,-17.02529076,2
-38.25991335,-189.061832,227.3217454,-21902.62159,16362.68686,-14.77493373,2
-45.14732195,-275.4084022,320.5557242,-26826.23207,18327.09474,-11.81577092,2
-49.89055404,-348.6790154,398.5695694,-30476.01615,19421.20148,-8.288301902,2
-52.26440404,-405.3948304,457.6592344,-32678.68445,19593.0596,-4.360009026,2
-52.15616311,-442.8630171,495.0191802,-33329.65571,18834.5094,-0.217405516,2
-49.57097047,-459.3046103,508.8755808,-32398.02224,17181.56633,3.942820077,2
-44.63156942,-453.9389739,498.5705433,-29928.01739,14712.71109,7.923142517,2
-37.57247952,-427.0208647,464.5933442,-26036.9154,11545.1633,11.53457825,2
-28.72886179,-379.8283371,408.5571989,-20909.46327,7829.316102,14.60565824,2
-18.52060549,-314.6020617,333.1226672,-14789.1091,3741.5955,16.99056916,2
-7.432392008,-234.4389397,241.8713317,-7966.443336,-523.9161773,18.57607657,2
4.009317451,-143.1450642,139.1357468,-765.4017337,-4764.695198,19.28690119,2
15.26127793,-45.05500918,29.79373125,6472.114923,-8779.392123,19.08929309,2
25.78925364,55.17397327,-80.96322691,13402.47404,-12377.39174,17.99263417,2
35.09338309,152.7830761,-187.8764592,19696.62665,-15387.86336,16.04899265,2
42.73191226,243.1378823,-285.8697946,25055.73047,-17667.87174,13.35065094,2
48.3421687,321.9484045,-370.2905732,29225.33873,-19109.16356,10.02572414,2
51.65778108,385.47277,-437.1305511,32007.48113,-19643.30721,6.232077193,2
52.52132625,430.6948834,-483.2162096,33270.06334,-19244.9419,2.149829568,2
50.89180363,455.4676279,-506.3594315,32953.13879,-17932.98175,-2.027196689,2
46.84658189,458.6148097,-505.4613916,31071.75483,-15769.71777,-6.100679504,2
40.57772552,439.9870027,-480.5647283,27715.23836,-12857.86032,-9.877212977,2
32.38287572,400.4686431,-432.8515189,23042.9546,-9335.662514,-13.17749017,2
22.65111865,341.936037,-364.5871557,17276.74054,-5370.356007,-15.8448165,2
11.84451179,267.1682745,-279.0127863,10690.37229,-1150.210977,-17.75254945,2
0.476145825,179.7152805,-180.1914264,3596.56633,3124.402831,-18.81011152,2
-10.91421663,83.72926646,-72.81504983,-3667.868036,7250.529531,-18.96729079,2
-21.78576857,-16.23241401,38.01818259,-10758.02018,11032.26331,-18.21662489,2
-31.62233578,-115.4236451,147.0459809,-17337.25428,14290.0499,-16.5937554,2
-39.95688443,-209.1348916,249.0917761,-23093.19258,16869.21171,-14.1757355,2
-46.39369559,-292.9168043,339.3104998,-27752.54685,18647.29182,-11.07737166,2
-50.62715364,-362.7914722,413.4186258,-31094.09399,19539.86815,-7.445772593,2
-52.45625677,-415.4412915,467.8975483,-32959.17952,19504.56174,-3.453364691,2
-51.79416035,-448.3664829,500.1606433,-33259.25037,18543.04893,0.710294684,2
-48.67230031,-460.0037797,508.6760801,-31980.05939,16700.98173,4.847517265,2
-43.23890055,-449.8006506,493.0395512,-29182.34173,14065.8203,8.761869983,2
-35.75193539,-418.2415336,453.9934689,-24998.93123,10762.68039,12.26750149,2
-26.56688109,-366.8248349,393.391716,-19628.4535,6948.392947,15.19796625,2
-16.11983807,-297.9917861,314.1116242,-13325.89533,2804.057873,17.41412728,2
-4.906825192,-215.0105358,219.917361,-6390.498117,-1473.55449,18.81076226,2
6.539770968,-121.8209798,115.2812088,848.4499871,-5681.34588,19.32155945,2
17.67647343,-22.84769779,5.17122436,8047.248417,-9619.533088,18.92226611,2
27.97451877,77.21012301,-105.1846418,14864.10289,-13101.13353,17.63184001,2
36.94496247,173.6018022,-210.5467647,20975.35357,-15960.84309,15.51154931,2
44.16189366,261.7507254,-305.912619,26090.84225,-18062.88459,12.66206362,2
49.28265711,337.4716388,-386.754296,29967.68883,-19307.45447,9.218674246,2
52.06412229,397.1693628,-449.2334851,32421.82315,-19635.46135,5.344870664,2
421.5760811,-30.65059676,-390.9254844,13.72656202,-22039.43532,8621.15392,2
355.2519525,-21.39325049,-333.858702,16.11275971,-16528.19722,4875.246238,2
274.2676303,-11.25254087,-263.0150895,17.82754278,-10334.77361,928.0356416,2
181.9650458,-0.646938432,-181.3181074,18.80014866,-3714.744758,-3057.590712,2
82.15319383,9.985901823,-92.13909566,18.99044177,3058.704597,-6917.160388,2
-21.04905021,20.20720089,0.841849317,18.39056975,9706.058616,-10491.40285,2
-123.3829017,29.59516259,93.78773911,17.02528749,15953.00496,-13632.82201,2
-220.6254115,37.76237957,182.8630319,14.95093564,21541.75466,-16211.78279,2
-308.7637316,44.37182021,264.3919114,12.25311557,26241.68016,-18121.8608,2
-384.1607114,49.15073671,335.0099747,9.043156932,29858.83247,-19284.23399,2
-443.7049892,51.9019204,391.8030688,5.453523504,32243.94476,-19650.9354,2
-484.9393873,52.51183982,432.4275475,1.632346869,33298.59203,-19206.83259,2
-506.1623107,50.9553258,455.2069849,-2.262686436,32979.25279,-17970.25208,2
-506.4979659,47.29661005,459.2013559,-6.070842076,31299.10501,-15992.22309,2
-485.9325016,41.68667455,444.2458271,-9.634970843,28327.48234,-13354.37173,2
-445.3145804,34.35702113,410.9575593,-12.80799364,24187.01292,-10165.55263,2
-386.3203574,25.61011814,360.7102393,-15.4589709,19048.55901,-6557.356851,2
-311.3843116,15.80691872,295.5773929,-17.478506,13124.16607,-2678.681624,2
-223.5987835,5.351965574,218.2468179,-18.78325966,6658.312446,1310.414108,2
-126.5863654,-5.323303082,131.9096685,-19.31938904,-82.17940321,5245.314745,2
-24.35041013,-15.7783574,40.12876753,-19.06476966,-6819.153673,8963.641124,2
78.89017298,-25.581755,-53.30841798,-18.0299084,-13274.59972,12311.95132,2
178.8750172,-34.32894499,-144.5460722,-16.25750991,-19182.12456,15152.07265,2
271.4781084,-41.65896239,-229.819146,-13.82071433,-24297.94594,17366.80353,2
352.8780507,-47.26932383,-305.6087269,-10.82007907,-28410.95236,18864.75002,2
419.7157621,-50.9285099,-368.7872522,-7.379429195,-31351.41486,19584.09726,2
469.2330911,-52.48551922,-416.7475718,-3.640747568,-32997.99116,19495.16039,2
499.3866359,-51.87609962,-447.5105363,0.241684247,-33282.733,18601.60952,2
508.9320685,-49.12539967,-459.8066688,4.107652633,-32193.89011,16940.31826,2
497.4754833,-44.34693086,-453.1285525,7.797623361,-29776.39512,14579.84214,2
465.4896523,-37.73788337,-427.7517689,11.15932499,-26130.00932,11617.58948,2
414.2945154,-29.5709888,-384.7235266,14.05403256,-21405.20593,8175.80179,2
346.0027114,-20.18326545,-325.819446,16.36229227,-15796.96055,4396.509235,2
263.4323969,-9.962110834,-253.4702861,17.98885092,-9536.705259,435.6696013,2
169.9909512,0.670684818,-170.661636,18.86658665,-2882.778226,-3543.267533,2
69.53436583,11.27634435,-80.81071018,18.95927881,3890.23696,-7376.105773,2
-33.79187792,21.4172104,12.37466752,18.26310269,10502.84237,-10904.6777,2
-135.7238784,30.67480598,105.0490725,16.8067873,16682.15962,-13983.37185,2
-232.0552695,38.66710347,193.388166,14.6504299,22173.19054,-16485.14164,2
-318.8108017,45.06428955,273.7465122,11.88301593,26749.34009,-18306.74802,2
-392.4103871,49.60237539,342.8080118,8.618746931,30221.76707,-19373.01987,2
-449.8168361,52.09409055,397.7227455,4.992327876,32447.17692,-19639.95598,2
-488.6611913,52.4366109,436.2245804,1.153408358,33333.735,-19096.54087,2
-507.3404863,50.61580185,456.7246844,-2.739592904,32844.85625,-17765.19932,2
-505.0838939,46.70680162,458.3770923,-6.52602543,31000.71494,-15700.87098,2
-481.9845355,40.87092054,441.1136149,-10.04963645,27877.41211,-12988.74325,2
-438.9956384,33.34898438,405.646654,-13.16501888,23603.83523,-9740.735855,2
-377.8911993,24.45139632,353.439803,-15.74361177,18356.3394,-6090.882355,2
-301.1927784,14.54532773,286.6474506,-17.67900555,12351.46985,-2189.799043,2
-212.0654428,4.039566346,208.0258765,-18.89133312,5837.025906,1801.530436,2
-114.1871565,-6.632352939,120.8195095,-19.33056576,-918.1648149,5718.398305,2
-11.59700362,-17.0300385,28.62704212,-18.97857757,-7635.339946,9399.169548,2
91.47149013,-26.72441534,-64.74707479,-17.84989347,-14037.30588,12691.95201,2
190.7650595,-35.31543148,-155.449628,-15.99108985,-19859.87658,15460.86442,2
282.1862168,-42.44856667,-239.7376501,-13.47887248,-24862.77552,17591.64375,2
361.9623403,-47.82946214,-314.1328782,-10.41691117,-28839.55111,18996.36043,2
426.8013571,-51.23606775,-375.5652893,-6.931561669,-31626.09615,19617.04686,2
474.0275946,-52.52780517,-421.4997894,-3.16665144,-33107.41998,19428.08955,2
501.6921962,-51.65136906,-450.0408272,0.72245559,-33222.39371,18437.2861,2
508.6535436,-48.6429268,-460.0106168,4.575270343,-31966.27279,16685.52338,2
494.624367,-43.62662597,-450.997741,8.232801392,-29390.89281,14245.09035,2
460.1836,-36.80947123,-423.3741288,11.54411596,-25602.53041,11216.69487,2
406.7524889,-28.472782,-378.2797069,14.37256839,-20757.51766,7725.307909,2
336.535943,-18.9605834,-317.5753596,16.60143899,-15055.79078,3915.006434,2
252.4315462,-8.665409607,-243.7661366,18.13875065,-8732.63948,-56.97214859,2
157.9099837,1.987894666,-159.8978784,18.92106441,-2048.997433,-4026.718598,2
56.87181974,12.55970594,-69.43152568,18.91609735,4719.325546,-7830.415784,2
-46.5134649,22.61376365,23.89970125,18.1240548,11293.02516,-11311.09883,2
-147.9795322,31.73517307,116.2443591,16.57762185,17400.82852,-14325.1325,2
-243.3392431,39.54752649,203.7917167,14.34061455,22790.68859,-16748.13847,2
-328.6574463,45.72843625,282.9290101,11.50534649,27240.18527,-18480.12802,2
-400.413367,50.02283845,350.3905286,8.188819312,30565.70387,-19449.62819,2
-455.645897,52.25351859,403.3923784,4.527894483,32630.01222,-19616.63119,2
-492.0757887,52.32842453,439.7473642,0.673645526,33347.92375,-18974.24541,2
-508.1997121,50.24446515,457.9552469,-3.214876248,32689.81284,-17548.97979,2
-503.3522907,46.08763794,457.2646527,-6.977205211,30682.83735,-15399.64991,2
-477.7335602,40.02948016,437.7040801,-10.45808326,27409.81793,-12614.95085,2
-432.4007134,32.31999013,400.0807232,-13.51386675,23005.82027,-9309.797117,2
-369.2244733,23.27731071,345.9471626,-16.01845417,17652.5815,-5620.580475,2
-290.8118957,13.27460067,277.537295,-17.86848987,11571.01047,-1699.5416,2
-200.3987849,2.724635776,197.6741492,-18.9876292,5012.071689,2291.51237,2
-101.7161643,-7.93722495,109.6533892,-19.32968896,-1753.571073,6187.885027,2
1.163690217,-18.27100496,17.10731474,-18.88055323,-8446.724133,9828.787118,2
103.9952978,-27.85026642,-76.14503142,-17.65875587,-14791.18519,13063.97174,2
202.5351688,-36.27970774,-166.255461,-15.71471571,-20525.14122,15759.93449,2
292.7169178,-43.21147628,-249.5054415,-13.12865592,-25411.97252,17805.4227,2
370.8190691,-48.35952295,-322.4595462,-10.00729353,-29250.01717,19116.02646,2
433.6186285,-51.51140643,-382.1072221,-6.479435554,-31880.89292,19637.66186,2
478.5240845,-52.53705986,-425.9870247,-2.690663632,-33196.03301,19348.80291,2
503.6823509,-51.39415824,-452.2881926,1.202673628,-33141.16635,18261.36977,2
508.0552366,-48.12986501,-459.9253715,5.039912578,-31718.5571,16420.23688,2
491.4622884,-42.87888579,-448.5834026,8.662704549,-28986.9112,13901.38118,2
454.5882375,-35.85790958,-418.7303279,11.92155032,-25058.95386,10808.74676,2
398.9547431,-27.35666678,-371.5980763,14.68196943,-20096.7777,7269.955493,2
326.8575989,-17.72597304,-309.1316258,16.83004968,-14305.15385,3431.040547,2
241.2719942,-7.363252401,-233.9087418,18.27714788,-7923.081769,-549.5798941,2
145.7297385,3.303863008,-149.0336015,18.96354786,-1213.926558,-4507.639971,2
44.17351622,13.83517977,-58.00869599,18.86092471,5545.449125,-8279.804808,2
-59.20581338,23.79610838,35.409705,17.97351368,12076.11021,-11710.41076,2
-160.142158,32.77559722,127.3665608,16.33793537,18108.55984,-14657.88907,2
-254.4702385,40.40309514,214.0671434,14.02168454,23393.86057,-17000.60794,2
-338.2974751,46.36384277,291.9336323,11.12034486,27713.90709,-18641.89181,2
-408.1646197,50.41186154,357.7527582,7.753644529,30890.42664,-19514.0108,2
-461.1885073,52.38010429,408.808403,4.060515468,32792.33571,-19580.97569,2
-495.181033,52.18734872,442.9936843,0.193360155,33341.14936,-18840.0231,2
-508.7394479,49.84154916,458.8978987,-3.688237502,32514.22003,-17321.72945,2
-501.304245,45.43950827,455.8647367,-7.424097608,30345.67211,-15088.74925,2
-473.1822484,39.16288241,434.019366,-10.86005434,26924.99375,-12233.22955,2
-425.5339515,31.2706853,394.2632662,-13.85431779,22393.34402,-8873.007337,2
-360.3256278,22.08859944,338.2370284,-16.28332515,16937.72775,-5146.746879,2
-280.2481897,11.99553641,268.2526533,-18.0468397,10783.27858,-1208.217507,2
-188.6061444,1.408000525,187.1981439,-19.0720872,4183.968422,2780.051871,2
-89.18122889,-9.237098777,98.41832766,-19.31675903,-2587.872978,6653.479757,2
13.92364903,-19.50047663,5.576827602,-18.77075812,-9252.796137,10252.22375,2
116.4537227,-28.95860045,-87.49512223,-17.4566156,-15535.76371,13427.77665,2
214.1779455,-37.22116755,-176.9567779,-15.42856106,-21177.50026,16049.09484,2
303.063591,-43.9472116,-259.1163794,-12.77028465,-25945.19167,18008.00598,2
379.4426691,-48.85917301,-330.5834961,-9.591483498,-29642.09251,19223.67287,2
440.1632905,-51.75435285,-388.4089376,-6.023334928,-32115.645,19645.92931,2
482.719734,-52.51327749,-430.2064565,-2.213083218,-33263.77454,19257.35031,2
505.3558486,-51.10462888,-454.2512198,1.682036625,-33039.10199,18073.97112,2
507.1375235,-47.58653685,-459.5509867,5.501287395,-31450.89876,16144.62555,2
487.9912353,-42.10418042,-445.8870549,9.087062727,-28564.70428,13548.93073,2
448.7070824,-34.88379667,-413.8232858,12.29139095,-24499.62139,10394.00163,2
390.9061802,-26.22334483,-364.6828354,14.98204133,-19423.40143,6810.030813,2
316.9737635,-16.48021054,-300.4935529,17.04798078,-13545.52169,2944.915833,2
229.9607567,-6.056457858,-223.9042988,18.40395577,-7108.541077,-1041.843943,2
133.4578729,4.617762518,-138.0756354,18.99401045,-378.0905928,-4985.729306,2
31.44743839,15.10196397,-46.54940237,18.79379574,6368.088332,-8723.990321,2
-71.86094398,24.96350129,46.89744269,17.81157413,12851.60521,-12102.36243,2
-172.2041096,33.79542435,138.4086853,16.08787871,18804.90866,-14981.43238,2
-265.4412578,41.23327153,224.2079862,13.69384052,23982.32731,-17242.39134,2
-347.7248274,46.97010966,300.7547178,10.72825325,28170.20774,-18791.93768,2
-415.6592722,50.7692001,364.8900721,7.31349633,31195.73124,-19566.12721,2
-466.4411825,52.47376806,413.9674144,3.590484828,32934.04534,-19533.0119,2
-497.9749718,52.01347217,445.9614996,-0.287145645,33313.41608,-18693.9583,2
-508.9593544,49.40730717,459.5520473,-4.159378909,32318.1882,-17083.59114,2
-498.9410444,44.76282006,454.1782244,-7.866421505,29989.43116,-14768.36445,2
-468.3334613,38.2716721,430.0617892,-11.2552968,26423.24437,-11843.8193,2
-418.3996698,30.20172953,388.1979402,-14.18615778,21766.7915,-8430.641114,2
-351.2002574,20.8860098,330.3142476,-16.53805802,16212.22757,-4669.679453,2
-269.5083016,10.70893906,258.7993625,-18.21394273,9988.769417,-716.1356459,2
-176.694935,0.090488324,176.6044467,-19.14465384,3353.236712,3266.841808,2
-76.59023074,-10.53115723,87.12138797,-19.29178392,-3420.546025,7114.889788,2
26.67485094,-20.71768058,-5.957170355,-18.64926108,-10053.0492,10669.21323,2
128.8389323,-30.04872065,-98.79021167,-17.24359958,-16270.57332,13783.13801,2
225.68607,-38.13921905,-187.546851,-15.13280565,-21816.54357,16328.16369,2
313.2197318,-44.6553101,-268.5644217,-12.4039838,-26462.09777,18199.26624,2
387.8277188,-49.32809821,-338.4996206,-9.169742323,-30015.53062,19319.23199,2
446.4312286,-51.96475428,-394.4664743,-5.563546363,-32330.20478,19641.84401,2
486.6119053,-52.45647302,-434.1554323,-1.734210279,-33310.60199,19153.78925,2
506.7116374,-50.78296299,-455.9286745,2.160243381,-32916.26478,17875.20798,2
505.9009814,-47.01328392,-458.8876975,5.959104901,-31163.46604,15858.86266,2
484.2133901,-41.3029969,-442.9103932,9.505609307,-28124.53746,13187.96057,2
442.5438322,-33.88774489,-408.6560873,12.65340549,-23924.88467,9972.720227,2
382.6118602,-25.07352864,-357.5383316,15.27259561,-18737.8122,6345.823015,2
306.8906506,-15.22407909,-291.6665715,17.25509546,-12777.37184,2456.937908,2
218.5049447,-4.745847534,-213.7590972,18.51909477,-6289.529489,-1533.454819,2
121.102102,5.928767173,-127.0308692,19.01243321,457.9849903,-5460.686039,2
18.70158686,16.35926215,-35.060849,18.71475281,7186.72599,-9162.693074,2
-84.47090069,26.11520844,58.35569225,17.63833812,13619.02262,-12486.70743,2
-184.1578039,34.79401331,149.3637906,15.82760924,19489.43718,-15295.55902,2
-276.2454037,42.03753374,234.20787,13.35728878,24555.71883,-17473.33666,2
-356.9335767,47.54685574,309.3867209,10.32931831,28608.80036,-18930.17131,2
-422.8926128,51.09462945,371.7979833,6.868651592,31481.42573,-19605.94465,2
-471.4006203,52.53445102,418.8661693,3.118098225,33055.05202,-19472.76996,2
-500.4558487,51.80690418,448.6489446,-0.767569626,33264.74135,-18536.14286,2
-508.8592935,48.94201217,459.9172813,-4.628004108,32101.8406,-16834.71459,2
-496.2641746,44.05799873,452.2061758,-8.303898656,29614.33848,-14438.69694,2
-463.1902473,37.35640949,425.8338378,-11.643562,25904.88524,-11446.96493,2
-411.0023533,29.11379486,381.8885584,-14.50917794,21126.55663,-7982.976552,2
-341.8540989,19.67029783,322.1838011,-16.78249247,15476.53706,-4189.678117,2
-258.5989833,9.415617469,249.1833658,-18.36969375,9187.982467,-223.6053767,2
-164.672645,-1.227072542,165.8997176,-19.20528336,2520.398822,3751.576147,2
-63.95108553,-11.81858676,75.76967228,-19.25477917,-4251.066733,7571.825043,2
39.40927954,-21.92185158,-17.48742797,-18.51613834,-10846.98022,11079.49341,2
141.1431405,-31.11994169,-110.0231988,-17.01984155,-16995.15208,14129.83243,2
237.0523075,-39.03328509,-198.0190224,-14.82763523,-22441.86941,16596.9656,2
323.1789551,-45.33532662,-277.8436285,-12.02998349,-26962.36583,18379.08323,2
395.9689468,-49.76600376,-346.2029431,-8.742334976,-30370.09675,19402.64375,2
452.4185022,-52.14247845,-400.2760238,-5.100358755,-32524.4374,19625.40852,2
490.1981516,-52.36668215,-437.8314694,-1.254345705,-33336.48591,19038.18484,2
507.748865,-50.4293628,-457.3195022,2.636993426,-32772.73196,17665.20531,2
504.3463877,-46.4104666,-457.9359211,6.413077445,-30856.43966,15563.12785,2
480.1311277,-40.47583892,-439.6552887,9.918081324,-27666.68748,12818.69763,2
436.1023615,-32.87038046,-403.231981,13.00736653,-23335.105,9545.167395,2
374.0769976,-23.90794109,-350.1690565,15.55344976,-18040.44102,5877.623935,2
296.6145992,-13.9583684,-282.6562308,17.45126366,-12001.18724,1967.413554,2
206.9117603,-3.432245386,-203.4795149,18.62249266,-5466.561899,-2024.103456,2
108.6701936,7.23605277,-115.9062464,19.01880471,1293.774569,-5932.211574,2
5.943974634,17.60628385,-23.55025848,18.62384576,8000.847441,-9595.637262,2
-97.02775595,27.25050579,69.77725016,17.45391472,14377.87999,-12863.20414,2
-195.9957259,35.77073629,160.2249897,15.55729076,20161.71507,-15600.07151,2
-286.875884,42.81537614,244.0605078,13.01224107,25113.67465,-17693.29871,2
-365.9179335,48.09371844,317.824215,9.923791011,29029.40921,-19056.50579,2
-429.860094,51.38794502,378.472149,6.419390143,31747.33049,-19633.43811,2
-476.063703,52.562115,423.501588,2.643652803,33155.27967,-19400.28775,2
-502.6221041,51.56777461,451.0543295,-1.247609591,33195.15577,-18366.67599,2
-508.4393279,48.44595668,459.9933712,-5.09381832,31865.31323,-16575.25625,2
-493.2753184,43.32548737,449.949831,-8.736253866,29220.62986,-14099.95396,2
-457.7558396,36.41766999,421.3381697,-12.02460569,25370.24222,-11042.91593,2
-403.3466525,28.00756524,375.3390873,-14.82317503,20473.04191,-7530.295086,2
-332.2930281,18.44222782,313.8508003,-17.01647466,14731.11873,-3707.044636,2
-247.5270933,8.116384717,239.4107085,-18.51399467,8381.421166,269.0636598,2
-152.5468326,-2.543853759,155.0906864,-19.25393745,1685.978333,4233.950148,2
-51.27173918,-13.098578,64.37031718,-19.20576789,-5078.912975,8023.998258,2
52.11892902,-23.1122326,-29.00669642,-18.37147342,-11634.09008,11482.80637,2
153.3586118,-32.17159013,-121.1870216,-16.78548202,-17709.04446,14467.64194,2
248.2695123,-39.90280358,-208.3667087,-14.5132415,-23053.08465,16855.33156,2
332.9349998,-45.98683365,-286.9481662,-11.64851868,-27445.68137,18547.3439,2
403.8612349,-50.17261436,-353.6886205,-8.309529995,-30705.56798,19473.85571,2
458.1213475,-52.28741364,-405.8339338,-4.634063131,-32698.22074,19596.63319,2
493.4762182,-52.24396135,-441.2322569,-0.77379101,-33341.41003,18910.60975,2
508.4668791,-50.04405063,-458.4228285,3.111987201,-32608.59376,17444.09512,2
502.4747196,-45.77846388,-456.6962557,6.862919788,-30530.01263,15257.60706,2
475.7470145,-39.6232265,-436.123788,10.32421963,-27191.44217,12441.37407,2
429.3867199,-31.83234296,-397.5543769,13.35305171,-22730.65317,9111.611929,2
365.306958,-22.72731495,-342.5796431,15.82442738,-17331.72632,5405.727921,2
286.1520697,-12.68387418,-273.4681955,17.63636224,-11217.45585,1476.650526,2
195.1884918,-2.116477251,-193.0720145,18.71408461,-4640.15569,-2513.481394,2
96.16996337,8.538797441,-104.7087608,19.01312111,2128.7527,-6400.009473,2
-6.81737786,18.84224511,-12.02486725,18.52113193,8809.940862,-10022.5507,2
-109.5236155,28.36867958,81.15493594,17.25842005,15127.70024,-13231.61586,2
-207.7104334,36.72497925,170.9854542,15.27709337,20821.31968,-15894.7784,2
-297.3260154,43.56630972,253.7597057,12.65891446,25655.84401,-17902.13919,2
-374.6722496,48.61035395,326.0618956,9.511926468,29431.76986,-19170.86169,2
-436.5573355,51.64896239,384.9083731,5.96599459,31993.27836,-19648.59028,2
-480.4274989,52.55674261,427.8707562,2.167447,33234.66529,-19315.61084,2
-504.472376,51.29623378,453.1761423,-1.726963586,33104.70307,-18185.66422,2
-507.6997217,47.91945255,459.7802691,-5.556528535,31608.75479,-16305.37923,2
-489.9763548,42.5657465,447.4106083,-9.163215157,28808.55283,-13752.34847,2
-452.033655,35.45604376,416.5776112,-12.39818815,24819.65143,-10631.9263,2
-395.4373805,26.88373612,368.5536444,-15.12795149,19806.65817,-7072.881305,2
-322.5230558,17.20257182,305.320484,-17.23985734,13976.44121,-3222.08243,2
-236.2995921,6.812057594,229.4875345,-18.64675461,7569.592576,761.5617352,2
-140.325121,-3.859027503,144.1841485,-19.29058538,850.4998276,4713.660557,2
-38.5601629,-14.37032626,52.93048917,-19.14478071,-5903.564305,8471.125165,2
64.7958091,-24.28807529,-40.50773382,-18.21535711,-12413.88394,11878.89854,2
165.4776666,-33.20300483,-132.2746618,-16.54066818,-18411.80166,14796.35417,2
259.3306323,-40.7472279,-218.5834044,-14.18982195,-23649.80503,17103.09916,2
342.4817326,-46.60942162,-295.872311,-11.25982902,-27911.74052,18703.94249,2
411.4996213,-50.54767439,-360.951947,-7.871599308,-31021.73342,19532.8231,2
463.536179,-52.39946873,-411.1367102,-4.164952479,-32851.44554,19555.5361,2
496.4440443,-52.08838777,-444.3556565,-0.292848144,-33325.37126,18771.14419,2
508.8652284,-49.62726872,-459.2379597,3.584926254,-32423.95338,17212.01642,2
500.2871539,-45.1176731,-455.1694808,7.308349289,-30184.39017,14942.49236,2
471.0638068,-38.74569567,-432.3181111,10.72376906,-26699.10032,12056.2271,2
422.4011294,-30.774285,-391.6268444,13.69024386,-22111.90919,8672.326397,2
356.307255,-21.53239247,-334.7748625,16.08535829,-16612.11364,4930.431646,2
275.5096395,-11.4013977,-264.1082418,17.81027498,-10426.67039,984.9573545,2
183.3425094,-0.799370328,-182.5431391,18.79381318,-3810.830405,-3001.280971,2
83.60926984,9.836182177,-93.44545202,18.99538615,2962.39445,-6863.78564,2
-19.57444786,20.06636889,-0.49192103,18.40667605,9613.497594,-10443.16501,2
-121.9506236,29.46902686,92.48159672,17.05197717,15868.01197,-13591.71098,2
-219.2945616,37.65614227,181.6384193,14.9871934,21467.83632,-16179.49442,2
-307.5892284,44.28986238,263.299366,12.29753126,26181.88606,-18099.72682,2
-383.1910214,49.09643746,334.0945839,9.093983774,29815.62935,-19273.16712,2
-442.980127,51.87751746,391.1026096,5.508750134,32219.11471,-19651.39165,2
-484.4892645,52.51833722,431.9709273,1.689780359,33293.15895,-19218.79246,2
-506.0055013,50.99245241,455.0130489,-2.205330087,32993.44014,-17993.22135,2
-506.6409399,47.36283078,459.2781091,-6.015843691,31332.32658,-16025.25321,2
-486.3693579,41.77925373,444.5901042,-9.584513945,28378.36645,-13396.09901,2
-446.0272906,34.47213534,411.5551553,-12.76407434,24253.45902,-10214.25444,2
-387.2795097,25.74301403,361.5364956,-15.42331555,19127.82436,-6611.022772,2
-312.5503242,15.95210917,296.598215,-17.4524999,13212.97893,-2735.09638,2
-224.9235383,5.503456093,219.4200822,-18.76788995,6753.007076,1253.579229,2
-128.0151936,-5.17176696,133.1869606,-19.31520393,14.48854851,5190.40579,2
-25.82434818,-15.63303203,41.4573802,-19.07185582,-6724.502284,8912.924666,2
77.43195013,-25.44864042,-51.98330972,-18.04788738,-13185.87156,12267.52092,2
177.4926861,-34.21353736,-143.2791487,-16.28555375,-19102.98187,15115.76247,2
270.2287138,-41.56602718,-228.6626866,-13.85757973,-24231.6554,17340.11264,2
351.8131517,-47.20269912,-304.6104526,-10.86415872,-28360.25029,18848.78053,2
418.8793041,-50.89094806,-367.988356,-7.428818068,-31318.39429,19579.50885,2
468.6595926,-52.47857328,-416.1810193,-3.693321551,-32984.01549,19502.14309,2
499.0997641,-51.90005922,-447.1997049,0.1881807,-33288.37969,18619.87585,2
508.9436626,-49.17927908,-459.7643835,4.055513423,-32218.9269,16969.11512,2
497.7850658,-44.42850967,-453.3565561,7.749086083,-29819.78956,14617.98186,2
466.0844487,-37.84379812,-428.2406506,11.1164786,-26189.97144,11663.49885,2
415.1499816,-29.69687175,-385.4531099,14.01873116,-21479.26206,8227.58697,2
347.0835464,-20.32392487,-326.7596215,16.33607861,-15882.05539,4452.033917,2
264.6939994,-10.11174522,-254.5822542,17.97289272,-9629.328009,492.6431585,2
171.3812604,0.518247344,-171.8995077,18.86162842,-2979.107424,-3487.195516,2
70.99600967,11.12739133,-82.12340101,18.96561114,3794.175727,-7323.248509,2
-32.31921528,21.27788561,11.04132967,18.28055023,10411.01246,-10857.21574,2
-134.3009675,30.55085584,103.7501117,16.83471603,16598.34977,-13943.26311,2
-230.7408277,38.56363996,192.1771878,14.68777325,22100.85854,-16454.04057,2
-317.6590705,44.98557924,272.6734913,11.92831882,26691.47007,-18285.93738,2
-391.4688932,49.55166338,341.9172299,8.670225842,30180.74637,-19363.35776,2
-449.1244306,52.07346653,397.0509641,5.047944401,32424.69757,-19641.84045,2
-488.2464464,52.44692296,435.7995234,1.210953344,33330.7239,-19109.89347,2
-507.220516,50.65662146,456.5638946,-2.682408192,32861.43691,-17789.46836,2
-505.263648,46.7764413,458.4872067,-6.471474865,31036.20238,-15735.05429,2
-482.4565953,40.96650351,441.4900918,-9.999885205,27930.34116,-13031.42953,2
-439.7405227,33.46656328,406.2739594,-13.12203409,23672.02094,-9790.162918,2
-378.8781685,24.5861161,354.2920524,-15.70908134,18436.96725,-6145.009848,2
-302.3811028,14.691626,287.6894768,-17.6542685,12441.21188,-2246.392642,2
-213.4060837,4.191402896,209.2146808,-18.87732436,5932.178031,1744.806822,2
-115.6247895,-6.481246848,122.1060363,-19.32777747,-821.5299243,5663.886132,2
-13.07230171,-16.88590147,29.95820317,-18.9870389,-7541.210809,9349.119014,2
90.01940806,-26.59319838,-63.42620969,-17.86916936,-13949.56762,12648.42919,2
189.3961166,-35.20255244,-154.1935641,-16.02029896,-19782.15057,15425.66603,2
280.9569053,-42.35868665,-238.5982187,-13.51672356,-24798.26999,17566.22298,2
360.9233905,-47.76629317,-313.1570974,-10.46175635,-28790.92871,18981.76698,2
425.9956436,-51.20221957,-374.7934241,-6.981464478,-31595.3641,19613.88362,2
473.4883673,-52.52467758,-420.9636897,-3.219466687,-33095.84724,19436.48774,2
501.441708,-51.67909411,-449.7626139,0.668993274,-33230.45858,18456.89982,2
508.7021322,-48.70036338,-460.0017688,4.523453025,-31993.6432,16715.54393,2
494.9700283,-43.71140687,-451.2586214,8.184853251,-29436.44003,14284.27956,2
460.8120707,-36.91810085,-423.8939699,11.50210151,-25664.37563,11263.43623,2
407.6378353,-28.60078057,-379.0370547,14.33830726,-20833.10949,7777.673245,2
337.641631,-19.10267189,-318.5389591,16.57643087,-15142.01056,3970.835493,2
253.7119489,-8.815727526,-244.8962214,18.12411339,-8825.929978,0.017445408,2
159.3122645,1.835547403,-161.1478119,18.91748787,-2145.509633,-3970.919547,2
58.33811254,12.41161316,-70.74972569,18.92381497,4623.573608,-7778.109225,2
-45.04366778,22.47603361,22.56763417,18.14283394,11201.98407,-11264.44259,2
-146.566883,31.6134864,114.9533966,16.60677338,17318.25448,-14286.05123,2
-242.0420359,39.44690177,202.5951341,14.37902133,22719.98838,-16718.24424,2
-327.5292112,45.65302289,281.8761883,11.55150943,27184.27569,-18460.65379,2
-399.5006611,49.97574551,349.5249156,8.240919245,30526.89136,-19441.3769,2
-454.9863835,52.23668642,402.7496971,4.583867251,32609.89769,-19619.94268,2
-491.6966825,52.34254474,439.3541377,0.731267144,33347.3365,-18988.98234,2
-508.1166564,50.28895206,457.8277043,-3.15789781,32708.77637,-17574.53334,2
-503.5687121,46.16065274,457.4080594,-6.923135447,30720.56835,-15434.96491,2
-478.2405268,40.1280068,438.11252,-10.40906764,27464.75863,-12658.56929,2
-433.1773035,32.43995977,400.7373437,-13.47184218,23075.70272,-9359.918349,2
-370.2386389,23.41376964,346.8248693,-15.98506906,17734.52116,-5675.135501,2
-292.0217849,13.42191473,278.5998702,-17.84503612,11661.62523,-1756.278453,2
-201.754469,2.876722856,198.8777462,-18.97498889,5107.621477,2234.935692,2
-103.1616981,-7.786643932,110.948342,-19.32829792,-1657.030007,6133.803916,2
-0.312040408,-18.12814694,18.44018734,-18.8903831,-8353.176437,9779.433983,2
102.5502694,-27.72102962,-74.82923983,-17.67931525,-14704.49199,13021.38389,2
201.1804747,-36.16942829,-165.0110464,-15.74507041,-20448.88077,15725.87004,2
291.5084623,-43.12470801,-248.3837543,-13.16746756,-25349.29256,17781.28805,2
369.8067218,-48.29984947,-321.5068723,-10.05287474,-29203.50503,19102.81822,2
432.8441662,-51.48129325,-381.362873,-6.529819614,-31852.46873,19635.92579,2
478.0194675,-52.53775263,-425.4817149,-2.743685625,-33186.87048,19358.61131,2
503.4684038,-51.42563136,-452.0427724,1.149287467,-33151.64432,18282.31856,2
508.1407892,-48.19082269,-459.9499665,4.988451042,-31748.24393,16451.46226,2
491.8438112,-42.96681553,-448.8769957,8.615377002,-29034.58258,13941.59527,2
455.2499874,-35.96918583,-419.2808016,11.88039553,-25122.6433,10856.29074,2
399.869413,-27.48670056,-372.3827125,14.64877143,-20173.85771,7322.868075,2
327.9874447,-17.86940132,-310.1180434,16.80626414,-14392.44437,3487.138895,2
242.5703922,-7.514159395,-235.0562328,18.26384207,-8016.981375,-492.6100811,2
147.1431093,3.151701686,-150.294811,18.96135657,-1310.561096,-4452.148955,2
45.64353615,13.68804027,-59.33157643,18.87002408,5450.066668,-8228.081826,2
-57.7398058,23.66005964,34.07974616,17.99361391,11985.91518,-11664.58955,2
-158.7406587,32.65625048,126.0844082,16.36829269,18027.27351,-14619.85985,2
-253.1910813,40.30537242,212.8857089,14.06113191,23324.8366,-16971.93935,2
-337.1934452,46.29177374,290.9016715,11.16734013,27659.99309,-18623.76622,2
-407.2812756,50.36841723,356.9128584,7.80633404,30853.84671,-19507.17551,2
-460.5623004,52.36707451,408.1952259,4.116810603,32774.59863,-19585.71211,2
-494.8378037,52.20526816,442.6325355,0.251023493,33342.98632,-18856.13507,2
-508.693359,49.88967536,458.8036837,-3.631499846,32535.55449,-17348.55143,2
-501.5571976,45.51585224,456.0413454,-7.370541325,30385.62292,-15125.17372,2
-473.723803,39.26429072,434.4595123,-10.81180384,26981.91155,-12277.75271,2
-426.3417592,31.3929702,394.948789,-13.81327853,22464.87926,-8923.791219,2
-361.3663523,22.22671168,339.1396406,-16.25110503,17020.92769,-5201.69513,2
-281.478883,12.14377361,269.3351094,-18.02468267,10874.70911,-1265.061934,2
-189.9760195,1.560242475,188.415777,-19.06082196,4279.855792,2723.657708,2
-90.63375483,-9.087137546,99.72089238,-19.31676481,-2491.486441,6599.863718,2
12.44841364,-19.35898747,6.910573833,-18.78194904,-9159.888704,10203.59905,2
115.0166564,-28.8314251,-86.18523134,-17.47844422,-15450.17007,13386.15053,2
212.8383519,-37.11355707,-175.7247948,-15.46004096,-21102.75332,16016.18575,2
301.8767512,-43.86360968,-258.0131416,-12.81003114,-25884.3767,17985.17262,2
378.4575607,-48.80303259,-329.6545281,-9.637770769,-29597.71987,19211.85817,2
439.4205662,-51.72799363,-387.6925726,-6.074167251,-32089.54653,19645.6215,2
482.2500445,-52.51779023,-429.7322542,-2.266277314,-33257.02799,19268.56277,2
505.1785771,-51.13983032,-454.0387468,1.628761493,-33051.98649,18096.24182,2
507.2599863,-47.65097736,-459.609009,5.450215304,-31482.88337,16177.03614,2
488.4083799,-42.19520376,-446.2131761,9.040386839,-28614.46985,13590.14442,2
449.4016956,-34.99764963,-414.404046,12.251123,-24565.11503,10442.31835,2
391.8495987,-26.3553321,-365.4942666,14.94992863,-19501.92119,6863.457386,2
318.1270569,-16.62488847,-301.5021684,17.02543409,-13633.82808,3001.248212,2
231.2763336,-6.207859101,-225.0684745,18.3919911,-7202.990771,-984.9297162,2
134.8814452,4.465882753,-139.347328,18.99320711,-474.7867294,-4930.581201,2
32.92026132,14.95587022,-47.87613154,18.80427245,6273.135308,-8672.883424,2
-70.39964756,24.82921933,45.57042823,17.83298413,12762.31292,-12057.40506,2
-170.8146412,33.67849253,137.1361487,16.11942405,18724.96113,-14944.4791,2
-264.1809547,41.1385122,223.0424425,13.734305,23915.02295,-17214.96639,2
-346.645697,46.90143021,299.7442668,10.7760526,28118.32321,-18775.17212,2
-414.8058452,50.72943169,364.0764135,7.366743605,31161.40688,-19560.71221,2
-465.8486759,52.46454881,413.3841271,3.647068249,32918.69685,-19539.17025,2
-497.6678352,52.03517953,445.6326557,-0.229475529,33317.67609,-18711.4352,2
-508.9502613,49.45904235,459.491219,-4.102916395,32341.88017,-17111.66469,2
-499.2303691,44.84244517,454.387924,-7.813411062,30031.57667,-14805.87549,2
-468.9092635,38.37589828,430.5333652,-11.20784045,26482.10347,-11889.2192,2
-419.2381871,30.32625278,388.9119343,-14.14612834,21839.93455,-8482.055708,2
-352.2668864,21.02568848,331.2411979,-16.50702184,16296.63548,-4724.986374,2
-270.7590254,10.85800616,259.9010192,-18.19309505,10080.95822,-773.051901,2
-178.0781398,0.242789389,177.8353504,-19.13476945,3449.401371,3210.665623,2
-78.04883562,-10.3819101,88.43074573,-19.2931852,-3324.374624,7061.772538,2
25.20103824,-20.57764928,-4.623388958,-18.6618047,-9960.84045,10621.34755,2
127.4107317,-29.92368675,-97.48704495,-17.26668241,-16186.13309,13742.49982,2
224.3624191,-38.03434524,-186.3280739,-15.16538964,-21743.35715,16296.43066,2
312.0552538,-44.57492713,-267.4803267,-12.44463884,-26403.18603,18177.74854,2
386.8704687,-49.27552619,-337.5949425,-9.216705245,-29973.3254,19308.81827,2
445.7207093,-51.94216565,-393.7785437,-5.614793684,-32306.44847,19642.96467,2
486.1774386,-52.46480292,-433.7126357,-1.787541726,-33306.27566,19166.39872,2
506.571153,-50.82187067,-455.7492823,2.107114081,-32931.54773,17898.7866,2
506.0602775,-47.08116679,-458.9791107,5.908455673,-31197.72833,15892.43809,2
484.6658941,-41.39705666,-443.2688374,9.45961573,-28176.36596,13230.14796,2
443.2708719,-34.00410304,-409.2667689,12.61405102,-23992.14134,10021.77932,2
383.5834342,-25.20738648,-358.3760477,15.24158971,-18817.72235,6399.730001,2
308.0666665,-15.36991577,-292.6967507,17.2338031,-12866.63861,2513.468914,2
219.8368735,-4.89764789,-214.9392256,18.50848006,-6384.469903,-1476.631949,2
122.5349808,5.777264403,-128.3122453,19.01301962,361.2880349,-5405.915504,2
20.17628685,16.21430594,-36.3905928,18.72660158,7092.262084,-9112.234381,2
-83.01523411,25.98277764,57.03245647,17.66104574,13530.6892,-12442.64215,2
-182.7812399,34.67956986,148.1016701,15.86032408,19410.87871,-15259.7049,2
-275.0047471,41.94579732,233.0589498,13.39874624,24490.17638,-17447.17259,2
-355.880024,47.48160901,308.398415,10.37789301,28558.9779,-18914.77631,2
-422.0696394,51.0585619,371.0110775,6.922424465,31449.3785,-19601.95334,2
-470.8421865,52.52904804,418.3131384,3.174935667,33042.10175,-19480.34637,2
-500.184998,51.83238575,448.3526122,-0.70992768,33271.42171,-18554.97367,2
-508.8872018,48.99732377,459.8898781,-4.571850925,32127.87517,-16864.02204,2
-496.5896895,44.14085486,452.4488346,-8.251466072,29658.65217,-14477.27094,2
-463.7999349,37.46338798,426.3365469,-11.59692832,25965.64863,-11493.213,2
-411.8710531,29.24047812,382.630575,-14.47018217,21201.2615,-8034.989525,2
-342.9459619,19.8114551,323.1345068,-16.75265844,15562.09985,-4245.308928,2
-259.8689512,9.565420709,250.3035305,-18.35016721,9280.871574,-280.557667,2
-166.0683099,-1.074808157,167.1431181,-19.19678472,2616.780301,3695.653268,2
-65.41485234,-11.67014762,77.08499996,-19.25757377,-4155.170941,7519.239986,2
37.93781611,-21.78336622,-16.15444989,-18.53002547,-10755.52814,11032.41685,2
139.7247034,-30.99712789,-108.7275755,-17.04416277,-16911.91834,14090.20771,2
235.7454315,-38.93121392,-196.8142175,-14.86130153,-22370.28952,16566.42858,2
322.0375711,-45.25821318,-276.7793579,-12.07152022,-26905.39438,18358.89473,2
395.0401567,-49.71703323,-345.3231235,-8.789942717,-30330.08548,19393.63756,2
451.7406347,-52.12367465,-399.6169601,-5.151987547,-32503.03818,19627.95696,2
489.7991808,-52.37882404,-437.4203567,-1.307779667,-33334.58255,19052.18341,2
507.6452559,-50.47195231,-457.1733036,2.584044664,-32790.40376,17690.07703,2
504.5424169,-46.4817492,-458.0606677,6.362884228,-30892.9581,15597.84703,2
480.6187067,-40.57287602,-440.0458307,9.87280028,-27720.54632,12861.83221,2
436.8613707,-32.98917068,-403.8722,12.96895158,-23404.08243,9594.938032,2
375.0761163,-24.04358538,-351.0325309,15.52357147,-18121.69133,5931.977455,2
297.8125983,-14.10527218,-283.7073262,17.43124033,-12091.35827,2024.107658,2
208.2592037,-3.584349467,-204.6748542,18.61323589,-5561.933358,-1967.407655,2
110.1114782,7.085022194,-117.1965004,19.0207818,1197.137574,-5877.853032,2
7.419624607,17.46255628,-24.88218089,18.63706046,7906.932027,-9545.858485,2
-95.57863433,27.12000935,68.45862498,17.47790699,14290.56097,-12820.05865,2
-194.6329318,35.65885312,158.9740786,15.59115583,20084.59503,-15565.33908,2
-285.6556539,42.72672028,242.9289336,13.05466675,25049.93532,-17668.41194,2
-364.890621,48.0319454,316.8586756,9.973111839,28981.68014,-19042.49101,2
-429.0680916,51.35560095,377.7124907,6.473656114,31717.58053,-19630.87298,2
-475.5396929,52.56053165,422.9791613,2.70070984,33144.73577,-19409.27745,2
-502.3877094,51.59701434,450.7906951,-1.190030747,33204.25228,-18386.84886,2
-508.5042202,48.50480987,459.9994103,-5.038008464,31893.67403,-16605.77916,2
-493.6368189,43.41152239,450.2252965,-8.684430798,29267.08386,-14139.56667,2
-458.3990295,36.52733349,421.871696,-11.9788227,25432.87168,-11089.98309,2
-404.2449888,28.13632882,376.1086599,-14.78523615,20549.26161,-7582.873728,2
-333.4094386,18.58477488,314.8246637,-16.98786023,14817.78261,-3762.964353,2
-248.8155068,8.266829873,240.548677,-18.49580025,8474.952166,212.1111492,2
-153.9540802,-2.391721824,156.345802,-19.24682861,1782.516029,4178.315743,2
-52.73974767,-12.95104021,65.69078788,-19.20995274,-4983.353091,7971.978465,2
50.65073993,-22.97538029,-27.67535964,-18.38669402,-11543.45217,11436.54853,2
151.9508299,-32.05107369,-119.8997562,-16.81102505,-17627.06956,14429.05562,2
246.9802327,-39.80359928,-207.1766334,-14.54796764,-22983.1563,16826.00977,2
331.8174274,-45.91303827,-285.9043891,-11.69090968,-27390.68602,18528.49731,2
402.9614887,-50.12727615,-352.8342126,-8.357751319,-30667.77584,19466.26272,2
457.4765578,-52.27240654,-405.2041513,-4.686039633,-32679.19208,19600.60781,2
493.1129942,-52.25990763,-440.8530865,-0.82729259,-33341.93085,18925.98864,2
508.4002106,-50.09029524,-458.3099153,3.059253571,-32628.64331,17470.24432,2
502.7073587,-45.85310144,-456.8542572,6.813215443,-30568.76427,15293.44817,2
476.269362,-39.72317998,-436.546182,10.27968089,-27247.29752,12485.42873,2
430.1772214,-31.95349063,-398.2237307,13.31560173,-22801.30801,9162.062829,2
366.3329933,-22.86466046,-343.4683328,15.79569679,-17414.26572,5460.493814,2
287.3712989,-12.83175276,-274.5395461,17.61762182,-11308.47447,1533.472094,2
196.5506027,-2.268789478,-194.2818132,18.7061929,-4735.898247,-2456.948296,2
97.61874752,8.388333965,-106.0070815,19.01648896,2032.236408,-6346.097088,2
-5.341705602,18.69983648,-13.35813088,18.53570554,8716.632973,-9973.483127,2
-108.0819499,28.24019951,79.84175037,17.28368319,15041.45049,-13189.41726,2
-206.3622658,36.61572666,169.7465391,15.31208869,20745.68654,-15861.18948,2
-296.1269789,43.48079009,252.6461888,12.702283,25593.94785,-17878.54538,2
-373.6718231,48.55209338,325.1197297,9.561963714,29386.16416,-19158.23594,2
-435.7968021,51.6203621,384.17644,6.020720846,31965.84437,-19647.45294,2
-479.938242,52.55897984,427.3792622,2.224689065,33226.53436,-19326.00816,2
-504.2745847,51.32921324,452.9453715,-1.669482738,33116.21,-18207.16647,2
-507.8015571,47.9818103,459.8197468,-5.501095788,31639.42398,-16337.09842,2
-490.3736136,42.65490627,447.7187073,-9.112032882,28857.11793,-13792.97498,2
-452.7099427,35.56832327,417.1416194,-12.35328332,24884.10759,-10679.78295,2
-396.3647884,27.01449903,369.3502893,-15.09109203,19884.34478,-7125.99255,2
-323.6633119,17.34641901,306.3168929,-17.21247919,14064.15167,-3278.255886,2
-237.6056414,6.963050038,230.6425913,-18.62990244,7663.706659,704.6448193,2
-141.7430665,-3.707123706,145.4501902,-19.28486949,947.1330373,4658.349612,2
-40.03149016,-14.22378262,54.25527278,-19.15035188,-5808.400415,8419.703348,2
63.3318174,-24.15294211,-39.17887529,-18.23190031,-12324.11719,11833.48852,2
164.0814251,-33.08486156,-130.9965635,-16.56741564,-18331.13714,14758.83052,2
258.0597598,-40.65095287,-217.4088069,-14.22558479,-23581.5722,17075.01104,2
341.3886743,-46.53899073,-294.8496836,-11.30304635,-27858.75586,18686.44965,2
410.6294848,-50.50599705,-360.1234878,-7.920402597,-30986.18416,19526.64809,2
462.9248726,-52.38826781,-410.5366048,-4.21724271,-32834.79942,19560.93441,2
496.1167954,-52.10812847,-444.008667,-0.346382404,-33328.31594,18787.89374,2
508.8355424,-49.67713939,-459.158403,3.532442211,-32446.36808,17239.42668,2
500.5562566,-45.19561874,-455.3606379,7.259166367,-30225.35066,14979.43288,2
471.6205944,-38.84850274,-432.7720917,10.68000193,-26756.91706,12101.17415,2
423.2226262,-30.89771399,-392.3249122,13.6537837,-22184.19704,8723.425854,2
357.3595618,-21.67135291,-335.6882089,16.05779475,-16695.89026,4985.575492,2
276.7493323,-11.55015816,-265.1991742,17.79283056,-10518.47938,1041.870677,2
184.7184315,-0.95179499,-183.7666365,18.7872928,-3906.883881,-2944.946106,2
85.06464282,9.686380346,-94.75102317,19.00014394,2866.059528,-6810.353295,2
-18.09968102,19.92536869,-1.825687668,18.42260071,9520.855878,-10394.83947,2
-120.5173202,29.34264388,91.17467637,17.0784966,15782.88571,-13550.48579,2
-217.961868,37.5495889,180.4122791,15.02329826,21393.73762,-16147.07012,2
-306.4121392,44.20753271,262.2046065,12.34181669,26121.87197,-18077.44078,2
-382.2181098,49.04172595,333.1763838,9.144707281,29772.1757,-19261.93832,2
-442.2515406,51.85267887,390.3988618,5.563903574,32194.01392,-19651.68279,2
-484.0350685,52.52439358,431.5106749,1.747172769,33287.4461,-19230.59085,2
-505.8444377,51.02915081,454.8152869,-2.14798207,33007.35023,-18016.03944,2
-506.7796543,47.42865383,459.3510005,-5.960821601,31365.28486,-16058.14871,2
-486.8021252,41.87148216,444.930643,-9.534003337,28429.0121,-13437.71376,2
-446.736251,34.58696024,412.1492908,-12.72007461,24319.70134,-10262.87049,2
-388.235406,25.87569401,362.359712,-15.38755739,19206.92903,-6664.633222,2
-313.7137091,16.09716602,297.6165431,-17.42637394,13301.68083,-2791.48825,2
-226.2464021,5.654900854,220.5915013,-18.75238932,6847.645062,1196.7337,2
-129.4429456,-5.020186845,134.4631324,-19.3108833,111.15651,5135.453088,2
-27.29806919,-15.4875747,42.7856439,-19.0788085,-6629.794228,8862.133164,2
75.9730762,-25.31531137,-50.65776483,-18.06574149,-13097.03242,12222.98728,2
176.1088627,-34.09784158,-142.0110211,-16.31348753,-19023.67845,15079.32509,2
268.9770472,-41.47274199,-227.5043053,-13.89435549,-24165.16101,17313.27585,2
350.7452947,-47.13567704,-303.6096177,-10.90817389,-28309.30965,18832.65246,2
418.0393242,-50.85295785,-367.1863664,-7.47817134,-31285.11029,19574.75573,2
468.0821538,-52.47118563,-415.6109681,-3.745891337,-32969.76238,19508.96172,2
498.8086961,-51.92358197,-446.8851142,0.134648717,-33293.74639,18637.98553,2
508.9509777,-49.23274452,-459.7182332,4.003313264,-32243.69267,16997.76921,2
498.090463,-44.50971444,-453.5807486,7.700456805,-29862.93317,14655.99857,2
466.6753264,-37.94939418,-428.7259323,11.07351189,-26249.71325,11709.31005,2
416.0019574,-29.82250452,-386.1794529,13.98328504,-21553.13746,8279.302868,2
348.1614632,-20.46441291,-327.6970503,16.30970075,-15967.01658,4507.521058,2
265.9533765,-10.26129408,-255.6920824,17.95675657,-9721.869671,549.6124642,2
172.7701287,0.365806026,-173.1359347,18.85648478,-3075.411444,-3431.094291,2
72.45705654,10.97834528,-83.43540182,18.97175718,3698.082726,-7270.329785,2
-30.846281,21.13838243,9.707898565,18.29781724,10319.09515,-10809.66261,2
-132.8769276,30.42664935,102.4502782,16.86247637,16514.4005,-13903.03724,2
-229.4244461,38.45985274,190.9645934,14.72496627,22028.34085,-16422.80127,2
-316.5046686,44.90649123,271.5981774,11.9734946,26633.37577,-18264.97311,2
-390.5241082,49.50053527,341.0235729,8.721605024,30139.47205,-19353.53296,2
-448.4282493,52.05240523,396.375844,5.103491651,32401.94574,-19643.55989,2
-487.8275967,52.4567946,435.3708021,1.268461316,33327.4327,-19123.08551,2
-507.0962814,50.69701569,456.3992658,-2.62522776,32877.74142,-17813.58794,2
-505.4391543,46.84568822,458.5934661,-6.416896722,31071.42902,-15769.10542,2
-482.924599,41.06174258,441.8628564,-9.950076719,27983.03552,-13074.00636,2
-440.48171,33.58386134,406.8978487,-13.0789658,23740.00777,-9839.507781,2
-379.8619524,24.72062969,355.1413227,-15.67444566,18517.44023,-6199.085787,2
-303.5668851,14.83780126,288.7290838,-17.62940986,12530.84944,-2302.967465,2
-214.7449304,4.34320472,210.4017257,-18.86318372,6027.280413,1688.068428,2
-117.0614504,-6.330085755,123.3915361,-19.3248535,-724.8879953,5609.32623,2
-14.54748997,-16.74162196,31.28911193,-18.99536742,-7447.018139,9298.989768,2
88.56656908,-26.46175732,-62.10481175,-17.88832184,-13861.71194,12604.79993,2
188.0255813,-35.08937692,-152.9362043,-16.0494002,-19704.25811,15390.33785,2
279.7252317,-42.26845,-237.4567817,-13.55448782,-24733.55583,17540.65442,2
359.8814062,-47.7027221,-312.1786841,-10.5065404,-28742.06412,18967.01383,2
425.1863486,-51.16794041,-374.0184082,-7.031335405,-31564.36629,19610.55537,2
472.9451592,-52.52110788,-420.4240513,-3.27228168,-33083.9961,19444.7224,2
501.187004,-51.70638417,-449.4806198,0.615498523,-33238.24392,18476.35826,2
508.7464439,-48.75739001,-459.9890539,4.471570867,-32020.7445,16745.42384,2
495.3115281,-43.79581976,-451.5157083,8.136809488,-29481.73964,14323.34858,2
461.4366671,-37.02641957,-424.4102475,11.45996354,-25726.00494,11310.08278,2
408.5197544,-28.72853818,-379.7912162,14.30389878,-20908.52603,7829.973082,2
338.7444801,-19.24459927,-319.4998809,16.55125658,-15228.1029,4026.631058,2
254.9902185,-8.965970815,-246.0242477,18.10929694,-8919.14614,57.00692964,2
160.7132058,1.683185219,-162.3963911,18.91372549,-2242.003663,-3915.08722,2
59.80391477,12.26341654,-72.06733131,18.93134669,4527.782929,-7725.737381,2
-43.57349205,22.33811512,21.23537693,18.16143374,11110.84894,-11217.69175,2
-145.1530016,31.49153445,113.6614672,16.63575849,17235.53497,-14246.84997,2
-240.7427938,39.34594591,201.3968479,14.41728042,22649.09729,-16688.20957,2
-326.3982224,45.57722623,280.8209962,11.59754845,27128.13769,-18441.02446,2
-398.5845965,49.92823291,348.6563636,8.292923098,30487.82233,-19432.96228,2
-454.3230448,52.21941559,402.1036293,4.639774687,32589.50912,-19623.08932,2
-491.3134424,52.3562254,438.957217,0.788855824,33346.46902,-19003.55973,2
-508.0293289,50.33301669,457.6963122,-3.100919612,32727.46503,-17599.93925,2
-503.7808999,46.23327996,457.5476199,-6.869034266,30758.0412,-15470.15024,2
-478.7434727,40.22619657,438.5172762,-10.35999129,27519.46855,-12702.08142,2
-433.9502518,32.55965719,401.3905946,-13.42973113,23145.3913,-9409.960999,2
-371.2496919,23.55003224,347.6996596,-15.95157634,17816.31185,-5729.642924,2
-293.229219,13.56911646,279.6601026,-17.82145913,11752.14209,-1813.00065,2
-203.108457,3.028786263,200.0796707,-18.96221582,5203.128455,2178.340114,2
-104.6063647,-7.635996938,112.2423616,-19.32677117,-1560.474878,6079.671126,2
-1.787768495,-17.98513599,19.77290448,-18.90008094,-8259.55838,9729.998519,2
101.1043788,-27.59155924,-73.51281956,-17.69975276,-14617.67503,12978.68644,2
199.8240891,-36.05884424,-163.7652449,-15.77531951,-20372.44826,15691.67326,2
290.2975559,-43.03757667,-247.2599792,-13.20619528,-25286.39934,17757.00379,2
368.7912652,-48.23976941,-320.5514958,-10.09839821,-29156.74723,19089.44928,2
432.0660647,-51.45074673,-380.615318,-6.580175547,-31823.7766,19634.02451,2
477.5108315,-52.53800318,-424.9728283,-2.796711323,-33177.42879,19368.25684,2
503.2502237,-51.45667161,-451.7935521,1.095864874,-33161.84344,18303.11353,2
508.2220695,-48.25137471,-459.9706948,4.936920798,-31777.66372,16482.54922,2
492.2211988,-43.05438352,-449.1668153,8.567950255,-29082.00973,13981.69204,2
455.9079098,-36.08015915,-419.8277506,11.83911409,-25186.12139,10903.74334,2
400.780721,-27.61650273,-373.1642183,14.6154235,-20250.76799,7375.718981,2
329.1145329,-18.01267884,-311.101854,16.78231055,-14479.61376,3543.207815,2
243.8667506,-7.665002703,-236.2017479,18.25035595,-8110.813448,-435.636236,2
148.555243,2.999514379,-151.5547573,18.95897911,-1407.184485,-4396.620617,2
47.11317226,13.54078621,-60.65395847,18.87893805,5354.638521,-8176.289777,2
-56.27331286,23.52381249,32.74950036,18.0135361,11895.6195,-11618.67039,2
-157.3378248,32.5366297,124.8011951,16.39848564,17945.83576,-14581.70782,2
-251.9097955,40.20731134,211.7024841,14.10043431,23255.61665,-16943.12818,2
-336.0865805,46.21931602,289.8672645,11.21421475,27605.84668,-18605.48416,2
-406.3945074,50.32454997,356.0699575,7.858931167,30817.00752,-19500.17633,2
-459.9322215,52.35360496,407.5786165,4.173044375,32756.58613,-19590.28396,2
-494.4904142,52.2227492,442.267665,0.308657971,33344.54309,-18872.08863,2
-508.6429935,49.93738262,458.7056109,-3.574758407,32556.61554,-17375.22767,2
-501.8059335,45.59181406,456.2141194,-7.316949822,30425.3184,-15161.47113,2
-474.2613749,39.36536944,434.8960055,-10.76348918,27038.60263,-12322.17277,2
-427.1459825,31.51499168,395.6309908,-13.77214989,22536.22576,-8974.500184,2
-362.4040387,22.36463757,340.0394011,-16.21877503,17103.98466,-5256.599758,2
-282.70721,12.29190922,270.4153008,-18.00240085,10966.04835,-1321.895836,2
-191.3442974,1.71247182,189.6318255,-19.04942321,4375.707311,2667.240536,2
-92.08551887,-8.937099404,101.0226183,-19.31663492,-2395.078826,6546.192082,2
10.9730735,-19.21733504,8.244261538,-18.79300879,-9066.904128,10154.88845,2
113.5786231,-28.70400684,-84.87461628,-17.50015263,-15364.44642,13344.41177,2
211.4969688,-37.00563405,-174.4913347,-15.49141762,-21027.82883,15983.14189,2
300.6873734,-43.77963847,-256.9077349,-12.84969667,-25823.34398,17962.18795,2
377.4692703,-48.74648135,-328.722789,-9.684003745,-29553.09826,19199.88184,2
438.6741475,-51.70119901,-386.9729485,-6.124975238,-32063.17814,19645.14841,2
481.7763004,-52.52186091,-429.2544394,-2.319479086,-33250.00169,19279.61311,2
504.9970583,-51.1746013,-453.822457,1.57544594,-33064.59298,18118.36027,2
507.3781844,-47.71501675,-459.6631676,5.399070664,-31514.60316,16209.31062,2
488.8214181,-42.28587184,-446.5355463,8.993608218,-28663.99472,13631.24374,2
450.0925303,-35.11120784,-414.9813225,12.21072533,-24630.40201,10490.54717,2
392.7897227,-26.48709728,-366.3026254,14.91766352,-19580.27685,6916.826146,2
319.2776755,-16.76942612,-302.5082494,17.00271754,-13722.01972,3057.555249,2
232.589966,-6.359207641,-226.2307583,18.37984507,-7297.379774,-928.0073182,2
136.3038834,4.313965953,-140.6178494,18.99221736,-571.4787432,-4875.391751,2
34.39280738,14.80965125,-49.20245863,18.81456435,6178.129675,-8621.70372,2
-68.93775935,24.69472913,44.24303022,17.85421748,12672.91347,-12012.34643,2
-169.4237367,33.56127806,135.8624587,16.15080715,18644.85631,-14907.40028,2
-262.9184307,41.04340751,221.8750232,13.7746273,23847.51766,-17187.39682,2
-345.5636522,46.83235695,298.7312953,10.82373465,28066.20241,-18758.24882,2
-413.9489309,50.68923729,363.2596936,7.419902234,31126.82066,-19555.13287,2
-465.2522528,52.45488897,412.7973638,3.703594297,32903.07173,-19545.16444,2
-497.3565147,52.05644991,445.3000648,-0.171830192,33321.65611,-18728.75488,2
-508.9368894,49.51036222,459.4265272,-4.046446094,32365.30036,-17139.59448,2
-499.5154967,44.92169377,454.5938029,-7.760361635,30073.46982,-14843.26215,2
-469.4811234,38.47980234,431.001321,-11.16031657,26540.74006,-11934.51925,2
-420.0731799,30.45052157,389.6226583,-14.10600667,21912.89412,-8533.3991,2
-353.3305538,21.16519091,332.1653629,-16.47587359,16380.9065,-4780.25368,2
-272.0074729,11.00698248,261.0004904,-18.17212111,10173.0624,-829.9617662,2
-179.4598474,0.395088924,179.0647585,-19.12475089,3545.53716,3154.462336,2
-79.5067844,-10.23257519,89.73935959,-19.29445098,-3228.175143,7008.595808,2
23.72701358,-20.43744446,-3.289569115,-18.67421812,-9868.547823,10573.39246,2
125.9814598,-29.79840076,-96.18305904,-17.28964677,-16101.55664,13701.74598,2
223.0368818,-37.92915115,-185.1077307,-15.19787284,-21669.98778,16264.5605,2
310.8881523,-44.49416889,-266.3939834,-12.48521596,-26344.05218,18156.07791,2
385.9099658,-49.22253937,-336.6874264,-9.263617369,-29930.86804,19298.24209,2
445.0064427,-51.91913981,-393.0873029,-5.666020489,-32282.42041,19643.92007,2
485.7388842,-52.47269122,-433.266193,-1.840884833,-33301.66919,19178.84695,2
506.4264095,-50.86035056,-455.5660589,2.053940378,-32946.55368,17922.21463,2
506.2153189,-47.14865332,-459.0666655,5.857730085,-31231.7282,15925.8798,2
485.1143233,-41.49076788,-443.6235554,9.413515938,-28227.95743,13272.224,2
443.9941847,-34.12017479,-409.8740099,12.57456381,-24059.19617,10070.75405,2
384.5517832,-25.34103187,-359.2107513,15.21042899,-18897.47416,6453.583073,2
309.2400923,-15.51562271,-293.7244696,17.21233917,-12955.79707,2569.978679,2
221.166954,-5.049406558,-216.1175475,18.49768306,-6479.356509,-1419.796773,2
123.9668294,5.625713572,-129.5925429,19.0134195,264.588173,-5351.099629,2
21.65081713,16.06921393,-37.72003107,18.73826623,6997.738681,-9061.699187,2
-81.55886967,25.8501289,55.70874077,17.6835782,13442.24216,-12398.47238,2
-181.4031393,34.56483536,146.8383039,15.8928789,19332.15718,-15223.72259,2
-273.7617786,41.85370877,231.9080698,13.44006438,24424.42818,-17420.86194,2
-354.8234795,47.41596359,307.4075159,10.4263538,28508.91547,-18899.22239,2
-421.2431177,51.02206559,370.2210521,6.976112468,31417.067,-19597.79734,2
-470.2797942,52.52320394,417.7565902,3.231719747,33028.87382,-19487.75911,2
-499.909942,51.85743206,448.05251,-0.652306432,33277.82249,-18573.64859,2
-508.9108319,49.05222394,459.858608,-4.51568597,32153.63977,-16893.18781,2
-496.9110295,44.22334039,452.6876891,-8.19899078,29702.71663,-14515.72334,2
-464.4057233,37.57005202,426.8356713,-11.55022381,26026.19384,-11539.36455,2
-412.7362903,29.36691605,383.3693743,-14.43109141,21275.78824,-8086.935054,2
-344.0349416,19.95244631,324.0824953,-16.72271022,15647.53194,-4300.904156,2
-261.1367343,9.715144039,251.4215903,-18.33051306,9373.682783,-337.5077079,2
-167.4625786,-0.922534225,168.3851129,-19.18815135,2713.13991,3639.699209,2
-66.87806927,-11.52160985,78.39967912,-19.26023312,-4059.240084,7466.591604,2
36.46603363,-21.64469721,-14.82133642,-18.54378347,-10663.98549,10985.24742,2
138.3050914,-30.87405298,-107.4310385,-17.06836736,-16828.54228,14050.46443,2
234.4365733,-38.82881493,-195.6077584,-14.89486955,-22298.52142,16535.75217,2
320.8934795,-45.18071872,-275.7127608,-12.11298212,-26848.19658,18338.55177,2
394.1080452,-49.6676442,-344.440401,-8.837503207,-30289.81908,19384.4682,2
451.0589691,-52.10443212,-398.954537,-5.203599674,-32481.36556,19630.34026,2
489.3960919,-52.39052505,-437.0055669,-1.361229282,-33332.39881,19066.0217,2
507.5373788,-50.51411697,-457.0232618,2.531047532,-32807.79974,17714.79992,2
504.7342041,-46.5526405,-458.1815636,6.312610872,-30929.21668,15632.43497,2
481.1022449,-40.6695715,-440.4326734,9.82740959,-27774.17198,12904.85854,2
437.6167069,-33.10768304,-404.5090238,12.93040095,-23472.86297,9644.627892,2
376.0720815,-24.17902701,-351.8930545,15.49353602,-18202.78916,5986.280992,2
299.0080935,-14.25205687,-284.7560367,17.4110438,-12181.42751,2080.784634,2
209.6048961,-3.736422902,-205.8684732,18.60379599,-5657.257924,-1910.695423,2
111.5518369,6.933932563,-118.4857694,19.02257235,1100.490646,-5823.445182,2
8.895212114,17.31868241,-26.21389452,18.65009182,7812.950268,-9495.999561,2
-94.12870923,26.98928542,67.13942381,17.50172568,14203.12193,-12776.80548,2
-193.2685013,35.54667067,157.7218306,15.62486319,20007.30627,-15530.47589,2
-284.4330222,42.6377057,241.7953165,13.09695604,24985.98552,-17643.37675,2
-363.8602408,47.96976903,315.8904718,10.02232219,28933.70753,-19028.31624,2
-428.2724821,51.32282563,376.9496564,6.527841029,31687.56405,-19628.14292,2
-475.0116849,52.55850692,422.453178,2.757717544,33133.91333,-19418.10407,2
-502.149091,51.62582078,450.5232702,-1.132468523,33213.06976,-18406.86726,2
-508.5648373,48.56325578,460.0015816,-4.982182876,31921.76682,-16636.16258,2
-493.9941692,43.49719294,450.4969763,-8.63256134,29313.29194,-14179.06062,2
-459.0383656,36.6366904,422.4016752,-11.93296562,25495.28746,-11136.95712,2
-405.1399264,28.26485635,376.8750701,-14.74719958,20625.30867,-7635.388727,2
-334.5230461,18.7271662,315.7958799,-16.95912959,14904.32203,-3818.852542,2
-250.1018286,8.417206036,241.6846226,-18.47747694,8568.412045,155.156746,2
-155.3600334,-2.239569271,157.5996027,-19.23958457,1879.038869,4122.6461,2
-54.20731285,-12.80339302,67.01070587,-19.2140027,-4887.751178,7919.891538,2
49.18212492,-22.83833431,-26.34379061,-18.40178666,-11452.71707,11390.19443,2
150.5417705,-31.93028727,-118.6114832,-16.83645335,-17544.94632,14390.34789,2
245.6888766,-39.70405981,-205.9848168,-14.58259808,-22913.0346,16796.5464,2
330.6970651,-45.83885636,-284.8582088,-11.73322901,-27335.46025,18509.49482,2
402.0583546,-50.081516,-351.9768386,-8.405928986,-30629.72572,19458.50595,2
456.8279219,-52.25695945,-404.5709624,-4.738003345,-32659.88854,19604.41753,2
492.7456243,-52.27541403,-440.4702102,-0.880813821,-33342.17121,18941.2083,2
508.3292676,-50.1361182,-458.1931494,3.006467617,-32648.4184,17496.24654,2
502.9357713,-45.92735299,-457.0084183,6.763427214,-30607.25878,15329.16059,2
476.7877053,-39.82279899,-436.9649063,10.23502913,-27302.92365,12529.3783,2
430.9641061,-32.07436914,-398.889737,13.2780132,-22871.77102,9212.436592,2
367.3559485,-23.00181323,-344.3541353,15.76680679,-17496.65859,5515.213689,2
288.5881119,-12.97952296,-275.608589,17.59870668,-11399.39788,1590.280661,2
197.911061,-2.421082119,-195.4899789,18.69811733,-4831.600857,-2400.39465,2
99.06671087,8.237800474,-107.3045113,19.01967033,1935.703162,-6292.131458,2
-3.86598852,18.55727115,-14.69128263,18.55009672,8623.25193,-9924.331808,2
-106.6393756,28.11148253,78.52789312,17.30877442,14955.07441,-13147.10788,2
-205.0123633,36.50616674,168.5061965,15.34692868,20669.87912,-15827.46733,2
-294.9254528,43.39490541,251.5305474,12.74551815,25531.83665,-17854.80136,2
-372.668255,48.49342512,324.1748299,9.611893979,29340.31154,-19145.44922,2
-435.0326048,51.59132832,383.4412765,6.075369897,31938.14176,-19646.15052,2
-479.4449503,52.5607757,426.8841746,2.281885841,33218.12421,-19336.24311,2
-504.0725539,51.36176165,452.7107922,-1.612014439,33127.43864,-18228.51575,2
-507.8991233,48.04376515,459.8553581,-5.445643374,31669.82729,-16368.68036,2
-490.7667497,42.74370794,448.0230417,-9.06080058,28905.44055,-13833.48564,2
-453.3824244,35.68030426,417.7021202,-12.30830121,24948.35467,-10727.54993,2
-397.2888638,27.14503532,370.1438285,-15.05413228,19961.86434,-7179.043994,2
-324.800847,17.49012088,307.3107261,-17.1849829,14151.74402,-3334.401889,2
-238.9096931,7.11398445,231.7957086,-18.61292021,7757.756441,647.72187,2
-143.1598203,-3.555188232,146.7150086,-19.27901805,1043.758415,4602.999392,2
-41.50248094,-14.07711888,55.57959982,-19.15578862,-5713.187562,8368.210634,2
61.86729315,-24.01760535,-37.8496878,-18.24831681,-12234.24669,11787.9789,2
162.683804,-32.96643962,-129.7173644,-16.59405038,-18250.31836,14721.18269,2
256.7867175,-40.55433555,-216.232382,-14.2612546,-23513.14099,17046.77925,2
340.2927458,-46.46816806,-293.8245777,-11.34619521,-27805.53686,18668.7996,2
409.7558959,-50.46389459,-359.2920013,-7.969165864,-30950.37426,19520.30881,2
462.3096741,-52.37662593,-409.9330482,-4.269524052,-32817.87711,19566.16817,2
495.7853754,-52.12743056,-443.6579448,-0.399940316,-33330.98028,18804.48522,2
508.8015783,-49.7265919,-459.0749864,3.479901907,-32468.50986,17266.69188,2
500.8211509,-45.2731839,-455.547967,7.209895853,-30266.05691,15016.24735,2
472.1734169,-38.95098268,-433.2224342,10.63611845,-26814.50872,12146.01935,2
424.0405648,-31.02088271,-393.0196821,13.61718219,-22256.29824,8774.45186,2
358.408864,-21.81013063,-336.5987334,16.03006965,-16779.52639,5040.677313,2
277.9866983,-11.69882101,-266.2878773,17.77520999,-10610.19981,1098.77513,2
186.0928005,-1.104211141,-184.9885893,18.78058792,-4002.90438,-2888.586591,2
86.51930055,9.536497589,-96.05579814,19.00471543,2769.70064,-6756.863802,2
-16.6247621,19.78420148,-3.15943938,18.43834394,9428.134248,-10346.42664,2
-119.0830038,29.21601471,89.86698905,17.10484589,15697.62689,-13509.14679,2
-216.6273421,37.44272034,179.1846218,15.05925028,21319.45919,-16114.51018,2
-305.2324739,44.12483187,261.1076421,12.3859718,26061.63839,-18055.00286,2
-381.2419848,48.98660263,332.2553821,9.195327358,29728.47186,-19250.54769,2
-441.5192361,51.82740485,389.6918313,5.61898369,32168.64259,-19651.80883,2
-483.5768031,52.53000886,431.0467942,1.804523944,33281.45352,-19242.22768,2
-505.6791214,51.0654207,454.6137007,-2.090642538,33020.98295,-18038.70618,2
-506.9141082,47.49407864,459.4200295,-5.905775938,31397.97957,-16090.90932,2
-487.2307998,41.96335908,445.2674408,-9.483439114,28479.41887,-13479.21565,2
-447.4414556,34.70149486,412.7399608,-12.67599446,24385.73933,-10311.40035,2
-389.1880384,26.00815695,363.1798814,-15.3516964,19285.87234,-6718.187748,2
-314.8744566,16.24208804,298.6323685,-17.40012801,13390.27103,-2847.856761,2
-227.5673639,5.806298582,221.7610653,-18.73675756,6942.225608,1139.878001,2
-130.8696094,-4.868564013,135.7381734,-19.30642684,207.8236676,5080.457101,2
-28.77156079,-15.34198666,44.11354745,-19.08562731,-6535.030302,8811.267045,2
74.51356345,-25.18176897,-49.33179447,-18.08347024,-13008.08303,12178.35076,2
174.7235585,-33.98185861,-140.7416999,-16.34131068,-18944.21495,15042.76084,2
267.7231192,-41.37910761,-226.3440116,-13.93104096,-24098.46332,17286.2934,2
349.6744888,-47.06825817,-302.6062306,-10.95212388,-28258.13087,18816.36595,2
417.1958297,-50.81453958,-366.3812901,-7.527488266,-31251.56313,19569.83791,2
467.5007795,-52.46335632,-415.0374232,-3.798456155,-32955.23194,19515.61622,2
498.5134344,-51.94666767,-446.5667667,0.081089079,-33298.83303,18655.9384,2
508.9540137,-49.28579552,-459.6682182,3.951052926,-32268.18723,17026.28027,2
498.3916726,-44.59054449,-453.8011281,7.651736265,-29905.82558,14693.89195,2
467.2622806,-38.05467068,-429.2076099,11.03042557,-26309.23422,11755.02269,2
416.8504356,-29.94788605,-386.9025496,13.94769485,-21626.83153,8330.949049,2
349.2364528,-20.60472839,-328.6317244,16.28315926,-16051.84339,4562.970195,2
267.2105174,-10.41075616,-256.7997613,17.94044293,-9814.329466,606.5770399,2
174.1575443,0.213362141,-174.3709064,18.85115608,-3171.689476,-3374.964328,2
73.91749414,10.82920744,-84.74670158,18.9777172,3601.958765,-7217.350046,2
-29.37308747,20.99870205,8.37438542,18.3149039,10227.09121,-10762.0187,2
-131.4517705,30.30218757,101.149583,16.89006844,16430.31252,-13862.6946,2
-228.1061358,38.35574268,189.7503931,14.76200898,21955.6381,-16391.42401,2
-315.3476059,44.82702618,270.5205797,12.0185432,26575.05769,-18243.85539,2
-389.5760399,49.44899151,340.1270484,8.772884373,30097.94448,-19343.54556,2
-447.7282979,52.03090681,395.6973911,5.158969488,32378.92163,-19645.11428,2
-487.4046457,52.46622572,434.93842,1.32593212,33323.86144,-19136.11689,2
-506.9677836,50.73698421,456.2307994,-2.568051759,32893.76964,-17837.55787,2
-505.6104113,46.9145418,458.6958695,-6.362291131,31106.39456,-15803.02408,2
-483.3885427,41.15663693,442.2319058,-9.900211078,28035.49474,-13116.47338,2
-441.2191942,33.70087754,407.5183166,-13.03581406,23807.79513,-9888.770029,2
-380.8425428,24.85493596,355.9876068,-15.6397047,18597.75765,-6253.109717,2
-304.7501153,14.98385228,289.766263,-17.60442949,12620.38178,-2359.523035,2
-216.0819718,4.494970538,211.5870013,-18.84891098,6122.332252,1631.315733,2
-118.4971272,-6.178870933,124.6759981,-19.32179356,-628.2398413,5554.719059,2
-16.02255602,-16.59720118,32.6197572,-19.00356274,-7352.762728,9248.782233,2
87.11298539,-26.33009329,-60.78289211,-17.90735042,-13773.73959,12561.06458,2
186.6534651,-34.97590589,-151.6775592,-16.07839299,-19626.19986,15354.88016,2
278.4912062,-42.17785747,-236.3133487,-13.5921646,-24668.63361,17514.93827,2
358.8363962,-47.63874946,-311.1976467,-10.5512626,-28692.95776,18952.1011,2
424.3734787,-51.13323055,-373.2402482,-7.081173703,-31533.10297,19607.06213,2
472.3979747,-52.5170961,-419.8808786,-3.325095644,-33071.86669,19452.79347,2
500.9280861,-51.733239,-449.1948471,0.561972114,-33245.74969,18495.66125,2
508.7864782,-48.8140062,-459.972472,4.419624633,-32047.57645,16775.16285,2
495.6488635,-43.87986394,-451.7689995,8.088670836,-29526.79126,14362.29706,2
462.0573839,-37.13442648,-424.9229574,11.41770275,-25787.41784,11356.63414,2
409.3982388,-28.85605375,-380.5421851,14.26934356,-20983.76665,7882.20698,2
339.8444812,-19.38636434,-320.4581169,16.52591667,-15314.06708,4082.39266,2
256.2663441,-9.116138214,-247.1502059,18.09430178,-9012.287186,113.9958255,2
162.1127959,1.530809393,-163.6436053,18.90977762,-2338.478713,-3859.222087,2
61.26921413,12.11511732,-73.38433145,18.93869278,4431.954314,-7673.300693,2
-42.10295006,22.20000933,19.90294073,18.17985438,11019.62053,-11170.84672,2
-143.7379,31.36931826,112.3685818,16.66457727,17152.67068,-14207.52903,2
-239.4415278,39.24465977,200.196868,14.45539183,22578.0159,-16658.03471,2
-325.2644895,45.50104689,279.7634427,11.64346349,27071.77175,-18421.2402,2
-397.665181,49.88030106,347.7848799,8.344830764,30448.49711,-19424.38438,2
-453.6558866,52.20170624,401.4541804,4.695616652,32568.84669,-19626.07109,2
-490.9260718,52.36946639,438.5566054,0.846411408,33345.32131,-19017.97745,2
-507.9377303,50.37665865,457.5610716,-3.043941804,32745.87866,-17625.19729,2
-503.9888523,46.30551899,457.6833333,-6.814901795,30795.25558,-15505.20562,2
-479.2423937,40.32404866,438.9183451,-10.3108543,27573.94723,-12745.48686,2
-434.7195518,32.67908137,402.0404705,-13.38753362,23214.88541,-9459.924645,2
-372.2576237,23.68609735,348.5715264,-15.91797596,17897.95288,-5784.102284,2
-294.434188,13.71620462,280.7179834,-17.79775875,11842.56027,-1869.707714,2
-204.4607374,3.180824714,201.2799127,-18.94930979,5298.591818,2121.726113,2
-106.0501519,-7.485285236,113.5354371,-19.32510837,-1463.906499,6025.487112,2
-3.263481638,-17.84197333,21.10545496,-18.90964632,-8165.870752,9680.481142,2
99.65763803,-27.46185638,-72.19578165,-17.72006792,-14530.73504,12935.87978,2
198.4660235,-35.94795652,-162.5180669,-15.80546244,-20295.84435,15657.34445,2
289.0842088,-42.95008298,-246.1341258,-13.24483841,-25223.29341,17732.57013,2
367.7727081,-48.17928326,-319.5934248,-10.14386322,-29109.74416,19075.91973,2
431.2843306,-51.41976713,-379.8645635,-6.630502603,-31794.81679,19631.95806,2
476.9981807,-52.53781151,-424.4603692,-2.849739951,-33167.70804,19377.73943,2
503.0278125,-51.48727874,-451.5405338,1.042406627,-33171.76363,18323.75452,2
508.299077,-48.31152054,-459.9875565,4.885322607,-31806.81621,16513.4975,2
492.594448,-43.14158902,-449.452859,8.520425035,-29129.19223,14021.67114,2
456.5619991,-36.19082863,-420.3711705,11.79770667,-25249.3876,10951.10416,2
401.6886594,-27.74607221,-373.9425872,14.58192626,-20327.50787,7428.507768,2
330.238854,-18.15580442,-312.0830496,16.75818942,-14566.66128,3599.246837,2
245.1610587,-7.815781059,-237.3452776,18.23668996,-8204.577199,-378.6588374,2
149.9661275,2.847302362,-152.8134299,18.95641582,-1503.795913,-4341.055424,2
48.58241218,13.39341882,-61.975831,18.88766686,5259.165485,-8124.429096,2
-54.80634689,23.38736808,31.41897881,18.03328042,11805.22395,-11572.65366,2
-155.9336683,32.41673588,123.5169324,16.4285143,17864.24725,-14543.4333,2
-250.6263919,40.10891274,210.5174791,14.13959173,23186.20132,-16914.17467,2
-334.9768903,46.14647023,288.8304201,11.26096866,27551.4683,-18587.04579,2
-405.5043226,50.28026012,355.2240625,7.911435797,30779.90936,-19493.01332,2
-459.2982758,52.33969577,406.95858,4.229216639,32738.29836,-19594.69123,2
-494.1388674,52.23979169,441.8990757,0.366263432,33345.81965,-18887.88363,2
-508.5883517,49.98467056,458.6036811,-3.518013334,32577.403,-17401.75794,2
-502.0504505,45.66739307,456.3830575,-7.263323222,30464.75822,-15197.64119,2
-474.7949596,39.4661177,435.3288419,-10.71511045,27095.06651,-12366.48933,2
-427.9466147,31.63674871,396.309866,-13.73093188,22607.38292,-9025.133807,2
-363.4386783,22.50237594,340.9363023,-16.18633508,17186.89796,-5311.4603,2
-283.9331602,12.439942,271.4932182,-17.97999409,11057.29552,-1378.718732,2
-192.7109667,1.864687276,190.8462794,-19.03789071,4471.522171,2610.800831,2
-93.53650879,-8.786985615,102.3234944,-19.31636904,-2298.650944,6492.4653,2
9.497641027,-19.07552054,9.577879509,-18.80393695,-8973.843193,10106.09238,2
112.1396348,-28.57634675,-83.56328808,-17.52174031,-15278.59345,13302.5607,2
210.1538075,-36.89739941,-173.2564081,-15.52269044,-20952.72741,15949.96355,2
299.4954674,-43.69529868,-255.8001687,-12.88928057,-25762.09402,17939.05214,2
376.4778064,-48.68951977,-327.7882866,-9.730181707,-29508.22805,19187.74398,2
437.9240406,-51.6739692,-386.2500714,-6.175758132,-32036.54006,19644.51005,2
481.2985057,-52.52548951,-428.7730162,-2.37268776,-33242.69572,19290.50126,2
504.8112937,-51.20894152,-453.6023521,1.52209074,-33076.92135,18140.32629,2
507.4921166,-47.77865446,-459.7134621,5.347854233,-31546.05786,16241.4487,2
489.2303465,-42.3761839,-446.8541626,8.946727587,-28713.27847,13672.22835,2
450.7795809,-35.22447035,-415.5551106,12.17019861,-24695.48178,10538.68768,2
393.7265443,-26.61863926,-367.107905,14.8852466,-19658.46777,6970.136644,2
320.4256098,-16.91382227,-303.5117875,16.97983165,-13810.09587,3113.836471,2
233.9016428,-6.510502208,-227.3911406,18.36751813,-7391.707296,-871.0772269,2
137.7251756,4.162013392,-141.887189,18.99104155,-668.1658219,-4820.161421,2
35.8650642,14.66330827,-50.52837247,18.82467168,6083.07223,-8570.451639,2
-67.47529164,24.56003183,42.91525981,17.87527434,12583.4076,-11967.18692,2
-168.031408,33.44378194,134.587626,16.18202808,18564.59487,-14870.19624,2
-261.6536963,40.94795826,220.705738,13.8148074,23779.812,-17159.68286,2
-344.4787023,46.76289046,297.7158118,10.87129931,28013.84578,-18741.16792,2
-413.0885364,50.64861723,362.4399192,7.472972098,31091.97288,-19549.38923,2
-464.6519182,52.44478864,412.2071296,3.760062825,32887.17011,-19550.99442,2
-497.0410127,52.07728314,444.9637296,-0.114209792,33325.35612,-18745.91722,2
-508.9192387,49.56126635,459.3579724,-3.989968151,32388.44857,-17167.38028,2
-499.7964247,45.00056521,454.7958595,-7.707273341,30115.11025,-14880.52413,2
-470.0490363,38.58338339,431.4656529,-11.11272524,26599.15364,-11979.71906,2
-420.9046409,30.57453486,390.3301061,-14.06579278,21985.66958,-8584.670856,2
-354.3912508,21.3045159,333.0867349,-16.44461319,16465.03993,-4835.480905,2
-273.2536336,11.15586678,262.0977668,-18.15102077,10265.08118,-886.8647625,2
-180.8400464,0.547385645,180.2926607,-19.1145979,3641.643271,3098.232419,2
-80.96406483,-10.08315373,91.04721856,-19.2955809,-3131.948392,6955.360045,2
22.25278935,-20.29706732,-1.955722037,-18.68650091,-9776.172098,10525.34836,2
124.5511286,-29.67286373,-94.8782649,-17.31249213,-16016.84469,13660.87683,2
221.7094693,-37.82363766,-183.8858316,-15.23025462,-21596.4361,16232.55349,2
309.7184368,-44.41303606,-265.3054008,-12.52571447,-26284.69671,18134.25452,2
384.9462184,-49.16913822,-335.7770802,-9.310477975,-29888.15891,19287.50357,2
444.2884346,-51.89567696,-392.3927576,-5.717226019,-32258.1208,19644.71021,2
485.296246,-52.48013786,-432.8161082,-1.894238823,-33296.78261,19191.13383,2
506.2774082,-50.89840234,-455.3790059,2.000723047,-32961.2825,17945.49187,2
506.3661042,-47.21574295,-459.1503612,5.80692889,-31265.46536,15959.18751,2
485.5586738,-41.58412976,-443.974544,9.367310646,-28279.31145,13314.18836,2
444.7137647,-34.23595917,-410.4778055,12.53494453,-24126.04859,10119.644,2
385.516899,-25.4744637,-360.0424353,15.17911404,-18977.06696,6507.381778,2
310.4109181,-15.6611987,-294.7497194,17.19070417,-13044.84648,2626.466728,2
222.495175,-5.201122266,-217.2940527,18.48670419,-6574.18851,-1362.94977,2
125.3976356,5.474115951,-130.8717515,19.01363317,167.886217,-5296.238873,2
23.1251653,15.92398733,-39.04915263,18.749747,6903.156576,-9011.087916,2
-80.10181962,25.71726334,54.38455628,17.70593564,13353.68223,-12354.19847,2
-180.0235136,34.44981077,145.5737028,15.92527375,19253.27324,-15187.6124,2
-272.5165085,41.76126884,230.7552397,13.48124318,24358.47475,-17394.40493,2
-353.7639518,47.34992003,306.4140318,10.47470058,28458.61348,-18883.50969,2
-420.4130544,50.98514083,369.4279136,7.029715478,31384.49149,-19593.47668,2
-469.7134481,52.51691877,417.1965293,3.288450316,33015.36834,-19495.00812,2
-499.6306832,51.88204289,447.7486403,-0.59470604,33283.94361,-18592.16746,2
-508.9301834,49.10671221,459.8234712,-4.459509389,32179.13416,-16922.21167,2
-497.2281918,44.30545462,452.9227372,-8.146472892,29746.53151,-14554.05381,2
-465.0076074,37.67640069,427.3312067,-11.50344852,26086.52038,-11585.4192,2
-413.5980575,29.49310758,384.1049499,-14.39190565,21350.13624,-8138.812701,2
-345.1210291,20.09327029,325.0277588,-16.69264774,15732.8326,-4356.463334,2
-262.4023221,9.864786199,252.5375359,-18.31073112,9466.415314,-394.4550201,2
-168.8554395,-0.770252028,169.6256916,-19.17938298,2809.47684,3583.714441,2
-68.34072402,-11.37297471,79.71369873,-19.26275686,-3963.274969,7413.880337,2
34.99394448,-21.50584571,-13.48809876,-18.55741189,-10572.35306,10937.98553,2
136.8843166,-30.75071799,-106.1335987,-17.09245476,-16745.02461,14010.60291,2
233.1257441,-38.72608899,-194.3996551,-14.92833866,-22226.56572,16504.93662,2
319.74669,-45.10284391,-274.6438461,-12.1543685,-26790.77294,18318.05452,2
393.1726202,-49.61783708,-343.5547832,-8.88501572,-30249.29789,19375.13576,2
450.3735112,-52.08475101,-398.2887602,-5.255194373,-32459.41973,19632.55842,2
488.9888885,-52.40178508,-436.5871034,-1.414693772,-33329.93469,19079.69959,2
507.4252345,-50.55585643,-456.8693781,2.478002801,-32824.91976,17739.37376,2
504.9217478,-46.62313991,-458.2986079,6.262258126,-30965.21509,15666.89136,2
481.5817382,-40.76592455,-440.8158136,9.78190996,-27827.564,12947.77627,2
438.3683638,-33.22591655,-405.1424472,12.89171529,-23541.44602,9694.236557,2
377.0648848,-24.31426485,-352.7506199,15.46334401,-18283.73382,6040.534093,2
300.2010748,-14.39872122,-285.8023536,17.39067458,-12271.39421,2137.444008,2
210.9488262,-3.888464415,-207.0603618,18.59417337,-5752.534798,-1853.967236,2
112.9912576,6.782785143,-119.7740427,19.02417666,1003.834596,-5768.988481,2
10.37072475,17.17466343,-27.54538818,18.66294009,7718.902953,-9446.06091,2
-92.67799284,26.85833509,65.81965775,17.52537092,14115.5636,-12733.44499,2
-191.902446,35.43418987,156.4682562,15.65841288,19929.84942,-15495.48224,2
-283.2079993,42.54833316,240.6596662,13.13910892,24921.82578,-17618.19332,2
-362.8268016,47.90718988,314.9196117,10.07142197,28885.4918,-19013.98161,2
-427.4732719,51.28961933,376.1836526,6.581944761,31657.28128,-19625.24794,2
-474.4796834,52.55604081,421.9236426,2.814675761,33122.81246,-19426.76755,2
-501.9062509,51.65419368,450.2520572,-1.074923078,33221.60813,-18426.73102,2
-508.6211789,48.6212939,459.999885,-4.926341698,31949.59136,-16666.40624,2
-494.3473665,43.5824983,450.7648682,-8.580645601,29359.25369,-14218.43547,2
-459.6738424,36.7457398,422.9281026,-11.8870345,25557.48902,-11183.83763,2
-406.031458,28.39314676,377.6383112,-14.70906531,20701.18246,-7687.839641,2
-335.6338412,18.86940059,316.7644406,-16.93028266,14990.73628,-3874.708733,2
-251.3860478,8.56751194,242.8185358,-18.45902458,8661.800016,98.20092958,2
-156.7646806,-2.087397381,158.852078,-19.23220506,1975.546042,4066.941687,2
-55.67442237,-12.65563769,68.33006006,-19.2179174,-4792.108043,7867.737918,2
47.71309633,-22.7010958,-25.01200052,-18.41675087,-11361.88555,11343.74446,2
149.1314453,-31.8092319,-117.3222134,-16.86176638,-17462.67545,14351.51906,2
244.3954548,-39.60418603,-204.7912687,-14.61713221,-22842.72013,16766.94171,2
329.5739225,-45.76428857,-283.8096339,-11.77547598,-27280.00454,18490.33662,2
401.1518402,-50.03533428,-351.1165059,-8.454062262,-30591.41796,19450.58549,2
456.1754451,-52.24107251,-403.9343726,-4.789953503,-32640.31029,19608.06232,2
492.3741115,-52.29048043,-440.0836311,-0.934353926,-33342.13113,18956.26861,2
508.2540509,-50.18151914,-458.0725318,2.953630108,-32667.91887,17522.10155,2
503.1599554,-46.0012179,-457.1587375,6.713555845,-30645.49583,15364.74403,2
477.3020399,-39.92208268,-437.3799572,10.19026504,-27358.32011,12573.22243,2
431.7473675,-32.19497748,-399.55239,13.24028677,-22942.04161,9262.732792,2
368.3758152,-23.13877211,-345.2370431,15.73775796,-17578.90423,5569.887087,2
289.8024987,-13.12718352,-276.6753151,17.57961732,-11490.22532,1647.075749,2
199.2698554,-2.573353898,-196.6965015,18.68985828,-4927.262716,-2343.820933,2
100.5138412,8.087198233,-108.6010395,19.02266554,1839.153771,-6238.113036,2
-2.390239022,18.4145503,-16.02431128,18.56430567,8529.798519,-9875.09716,2
-105.1959049,27.9825297,77.21337523,17.33369387,14868.57273,-13104.68808,2
-203.6607372,36.3963004,167.2644368,15.38161338,20593.89804,-15793.61221,2
-293.7214472,43.3086564,250.4127908,12.78861988,25469.51091,-17830.90734,2
-371.6615539,48.43434967,323.2272043,9.661717171,29294.21237,-19132.50166,2
-434.2647502,51.5618613,382.7028889,6.129941609,31910.17076,-19644.68303,2
-478.9476277,52.56213017,426.3854975,2.339037172,33209.43492,-19346.3156,2
-503.8662852,51.39387876,452.4724064,-1.554558845,33138.38889,-18249.71189,2
-507.9924194,48.10531659,459.8871028,-5.390171434,31699.96448,-16400.12479,2
-491.1557598,42.83215075,448.323609,-9.009518356,28953.52028,-13873.8801,2
-454.0510944,35.79198578,418.2591087,-12.26324187,25012.39214,-10775.22682,2
-398.2095993,27.2753439,370.9342554,-15.01707221,20039.2162,-7232.03519,2
-325.9356514,17.63367621,308.3019752,-17.15736839,14239.21752,-3390.519968,2
-240.2117362,7.26485956,232.9468767,-18.59580775,7851.74113,590.7933663,2
-144.5753707,-3.40322236,147.9785931,-19.27303077,1140.375147,4547.610365,2
-42.97312289,-13.93033628,56.90345917,-19.16109055,-5617.926545,8316.647457,2
60.40224867,-23.88206617,-36.52018251,-18.26460613,-12144.2732,11742.37007,2
161.284815,-32.84774001,-128.437075,-16.62057185,-18169.34601,14683.41098,2
255.5115163,-40.45737677,-215.0541395,-14.29683076,-23444.51196,17018.40403,2
339.1939561,-46.3969542,-292.7970019,-11.38927492,-27752.08395,18650.99249,2
408.8788619,-50.42136734,-358.4574945,-8.017888372,-30914.30402,19513.8053,2
461.6905887,-52.36454319,-409.3260455,-4.321795737,-32800.67875,19571.23731,2
495.449787,-52.14629389,-443.3034931,-0.453521104,-33333.36426,18820.91849,2
508.7633364,-49.77562582,-458.9877105,3.427306109,-32490.37854,17293.81181,2
501.0818346,-45.35036792,-455.7314666,7.160538486,-30306.50857,15052.93546,2
472.7222695,-39.05313464,-433.6691349,10.59211932,-26871.8748,12190.76233,2
424.8549382,-31.14379011,-393.7111481,13.58043996,-22328.21219,8825.403987,2
359.4551529,-21.94872448,-337.5064284,16.00218354,-16863.02131,5095.736646,2
279.221727,-11.84738499,-267.374342,17.75741375,-10701.83091,1155.670237,2
187.4656048,-1.256617501,-186.2089873,18.77369891,-4098.891095,-2832.202899,2
87.97323078,9.386535161,-97.35976594,19.00910092,2673.318597,-6703.31761,2
-15.14970349,19.64286844,-4.493164949,18.45390592,9335.333482,-10297.92694,2
-117.6476862,29.08914042,88.55854577,17.13102515,15612.23622,-13467.69432,2
-215.290995,37.33553749,177.9554575,15.09504945,21245.00164,-16081.81487,2
-304.0502426,44.04176057,260.008482,12.42999655,26001.18584,-18032.41326,2
-380.2626546,48.93106797,331.3315867,9.245843905,29684.51822,-19238.99532,2
-440.7832197,51.80169561,388.9815241,5.673990345,32143.00093,-19651.76975,2
-483.1144721,52.535183,430.5792891,1.861833729,33275.18126,-19253.70284,2
187.8491373,-35.07600838,-152.773129,-16.04174726,-19694.85926,15386.1488,2
-425.154017,477.7201997,-52.56618269,19367.90235,-2.636477463,-33184.52046,2
-452.9451776,504.2764902,-51.33131259,18204.67017,1.501997549,-33113.52221,2
-459.6093772,507.3128423,-47.70346512,16192.61109,5.569689216,-31498.31509,2
-444.8357828,486.6876338,-41.85185099,13425.57195,9.376871556,-28414.23587,2
-409.3134673,443.3628695,-34.04940223,10032.61349,12.74596931,-24005.13273,2
-354.6992689,379.3593109,-24.66004207,6171.990684,15.51984044,-18476.65588,2
-283.5405132,297.6622239,-14.12171073,2023.77141,17.56910558,-12086.66552,2
-199.1561999,202.0821389,-2.925938963,-2218.562335,18.79818256,-5133.204765,2
-105.4821977,97.0771197,8.405078008,-6357.138849,19.1497446,2059.401803,2
-6.887666652,-12.45517019,19.34283684,-10198.92589,18.6073941,9155.675315,2
92.02872904,-121.4059056,29.37717661,-13564.73413,17.19642753,15824.63008,2
186.6533127,-224.6933865,38.04007382,-16297.57493,14.98265547,21755.21151,2
272.572587,-317.500059,44.92747206,-18269.98264,12.06933313,26670.80432,2
345.7790894,-395.4972175,49.71812807,-19389.95985,8.592344274,30342.13455,2
402.8583088,-455.046904,52.18859522,-19605.2684,4.713863282,32597.96333,2
441.1479457,-493.3715912,52.22364556,-18905.86583,0.614791021,33333.07391,2
458.8620878,-508.6837321,49.82164428,-17324.3738,-3.51368279,32513.17913,2
455.1745089,-500.2691349,45.09462601,-14934.55658,-7.478997079,30176.52066,2
430.2572056,-468.5202748,38.26306923,-11847.88045,-11.09620089,26432.08538,2
385.2723754,-414.9179881,29.6456127,-8208.314743,-14.1965799,21454.52193,2
322.318209,-341.9624024,19.64419342,-4185.616756,-16.63552562,15475.99474,2
244.3310261,-253.0563256,8.72529948,32.58608541,-18.29928025,8775.35539,2
154.9483193,-152.3465312,-2.60178805,4249.547583,-19.11024262,1665.136331,2
58.33909312,-44.53034408,-13.80874904,8268.579437,-19.03058763,-5523.026284,2
-40.99058711,65.36345344,-24.37286632,11902.22522,-18.06403051,-12453.86085,2
-138.4077682,172.2091746,-33.80140638,14981.00375,-16.25565357,-18804.09809,2
-229.3687002,271.0233017,-41.65460147,17361.31406,-13.68980341,-24277.54908,2
-309.6307666,357.196928,-47.56616141,18932.13328,-10.48615686,-28618.9201,2
-375.4503693,426.7107274,-51.2603581,19620.19496,-6.794138942,-31625.72012,2
-423.7575384,476.3224245,-52.56488612,19393.4064,-2.785953395,-33157.70542,2
-452.299122,503.7180214,-51.41889938,18262.3455,1.351449291,-33143.42083,2
-459.7438784,507.6197276,-47.8758492,16279.76741,5.42509166,-31583.53264,2
-445.7445678,487.8455589,-42.10099114,13538.14389,9.244970174,-28550.79741,2
-410.9541487,445.3178259,-34.36367716,10165.35024,12.6329174,-24186.66853,2
-356.9953223,382.0201148,-25.02479244,6318.700914,15.43091211,-18694.69851,2
-286.384846,300.904769,-14.51992295,2177.612031,17.50844977,-12331.0448,2
-202.4161467,205.7551854,-3.339038691,-2064.766987,18.76862953,-5392.522108,2
-109.0057079,101.0093484,7.996359496,-6210.562328,19.15267388,1797.241727,2
-10.51039633,-8.447167586,18.95756392,-10066.40505,18.64267019,8902.900426,2
88.47575142,-117.5090715,29.0333201,-13452.45023,17.2624062,15593.03056,2
183.3358053,-221.0894781,37.7536728,-16210.76535,15.07626047,21555.58985,2
269.6452853,-314.357171,44.71188574,-18212.69656,12.18619964,26512.47153,2
343.3785287,-392.9619414,49.58341272,-19364.86942,8.727022505,30232.4758,2
401.096456,-453.2374911,52.14103512,-19613.5441,4.860072678,32542.09357,2
440.1069771,-492.372437,52.26545985,-18947.12186,0.765713182,33333.59922,2
458.5905561,-508.5414396,49.95088352,-17396.6861,-3.365086077,32570.07519,2
455.6850783,-500.9903414,45.30526304,-15034.55254,-7.339655562,30287.13394,2
431.5260618,-470.0713421,38.54528033,-11970.89625,-10.97261263,26591.25683,2
387.2403357,-417.2265715,29.98623577,-8348.612861,-14.09450821,21654.82764,2
324.893483,-344.9208249,20.02734193,-4336.65358,-16.55973021,15708.09223,2
247.393497,-256.5266004,9.133103382,-122.1449603,-18.25329527,9028.419317,2
158.3551463,-156.1667976,-2.188348765,4098.339107,-19.09621177,1927.363445,2
61.93137405,-48.52241682,-13.40895723,8127.946021,-19.04916421,-5263.866626,2
-37.38040456,61.38577286,-24.00536831,11778.72611,-18.11434696,-12209.85622,2
-134.9480713,168.4314135,-33.48334221,14880.39901,-16.33536188,-18586.6292,2
-226.2208571,267.6216626,-41.40080551,17288.29592,-13.7951847,-24096.75894,2
-306.9416,354.3300704,-47.3884704,18890.10726,-10.61229478,-28483.24097,2
-373.3453083,424.5123674,-51.16705909,19611.12104,-6.935149014,-31541.48016,2
-422.334768,474.8950979,-52.56032992,19417.70761,-2.935257482,-33128.83355,2
-451.6250037,503.1283014,-51.50329766,18318.88817,1.200816184,-33171.26352,2
-459.849855,507.8951196,-48.04526459,16365.91406,5.280156514,-31666.79103,2
-446.6256968,488.9732177,-42.34752087,13649.87626,9.112494207,-28685.58795,2
-412.5693327,447.2451544,-34.67582171,10297.45668,12.5190807,-24366.7041,2
-359.269226,384.6572178,-25.38799186,6465.019489,15.34102541,-18911.58165,2
-289.21141,304.1286459,-14.91723596,2331.317922,17.4467067,-12574.6594,2
-205.6635343,209.4154672,-3.751932901,-1910.843162,18.73791103,-5651.505258,2
-112.5224542,104.9353109,7.587143225,-6063.600114,19.15441387,1534.969773,2
-14.13247311,-4.43864007,18.57111318,-9933.259287,18.67678864,8649.572805,2
84.91728535,-113.604946,28.68766065,-13339.33134,17.32731287,15360.46323,2
180.0069241,-217.4718519,37.46492779,-16122.94963,15.16892909,21354.63046,2
266.7012549,-311.1947786,44.49352373,-18154.28014,12.30230908,26352.49346,2
340.9566647,-390.4022841,49.44561945,-19338.57717,8.861158286,30120.94099,2
399.309719,-451.3999574,52.0902384,-19620.60255,5.00597954,32484.20444,2
439.0387039,-491.3427337,52.30402981,-18987.20199,0.916586834,33332.05604,2
458.2905729,-508.3675949,50.07702202,-17467.91869,-3.216281586,32624.95016,2
456.1673767,-501.6804643,45.51308756,-15133.61535,-7.199859675,30395.86776,2
432.7681458,-471.5932441,38.82509833,-12093.16898,-10.84834461,26748.77811,2
389.1842714,-419.5092682,30.32499678,-8488.392635,-13.99156305,21853.78946,2
327.4486006,-347.8578468,20.40924624,-4487.420973,-16.48290839,15939.21477,2
250.4406198,-259.9809588,9.540338999,-276.8680545,-18.2061788,9280.922724,2
161.7521494,-159.9773741,-1.774775352,3946.876732,-19.08099714,2189.470609,2
65.5198134,-52.51147827,-13.00833514,7986.808699,-19.06655994,-5004.380756,2
-33.76790201,57.40428458,-23.63638257,11654.49659,-18.16354054,-11965.09443,2
-131.480001,164.6432033,-33.16320228,14778.87143,-16.41405771,-18368.00751,2
-223.0589778,264.2034204,-41.14444257,17214.20554,-13.89971109,-23914.47415,2
-304.2333891,351.44123,-47.20784092,18846.90962,-10.73777527,-28345.79502,2
-371.2170831,422.2876702,-51.07058717,19600.83077,-7.075729812,-31455.28364,2
-420.8857939,473.4383083,-52.55251438,19440.80446,-3.084380459,-33097.90666,2
-450.9228646,502.5073668,-51.58450218,18374.29466,1.050107573,-33197.04855,2
-459.9273005,508.1390012,-48.21170076,16451.0457,5.134892772,-31748.08511,2
-447.4791151,490.07054,-42.5914249,13760.76212,8.979451875,-28818.59914,2
-414.158919,449.1447355,-34.98581652,10428.92461,12.40446629,-24545.22827,2
-361.5208388,387.2704566,-25.74961777,6610.93733,15.2501859,-19127.29183,2
-292.0200297,307.3336548,-15.3136251,2484.879544,17.38388018,-12817.49421,2
-208.8981611,213.0627571,-4.164595973,-1756.80041,18.70602899,-5910.138145,2
-116.0322185,108.8547639,7.177454585,-5916.261325,19.15496447,1272.602213,2
-17.75367225,-0.429836342,18.18350859,-9799.496867,18.70974733,8395.70817,2
81.35355159,-109.6937713,28.34021969,-13225.38446,17.3911435,15126.94252,2
176.6668757,-213.8407324,37.17385672,-16034.13322,15.2606556,21152.34579,2
263.7406785,-308.013078,44.27239959,-18094.737,12.41765425,26190.88004,2
338.5136476,-387.8184044,49.30475679,-19311.08473,8.994743297,30007.53701,2
397.4982085,-449.5344167,52.03620822,-19626.44331,5.151574817,32424.29952,2
437.9431924,-490.2825455,52.33935305,-19026.10374,1.067402619,33328.44448,2
457.962157,-508.162209,50.20005197,-17538.06716,-3.067278549,32677.80061,2
456.6213741,-502.3394607,45.71808669,-15231.73886,-7.059618089,30502.71536,2
433.9833805,-473.0858864,39.10250588,-12214.69103,-10.72340453,26904.63946,2
391.1040619,-421.7659366,30.6618747,-8627.645393,-13.88775083,22051.39504,2
329.9834032,-350.7732858,20.78988267,-4637.909582,-16.40506493,16169.34803,2
253.4722054,-263.4191864,9.946981066,-431.573598,-18.15793377,9532.849945,2
165.1391178,-163.7780243,-1.361093469,3795.169855,-19.06459967,2451.441559,2
69.10418855,-56.49728093,-12.60690762,7845.176227,-19.08277372,-4744.584772,2
-30.1533036,53.41923561,-23.26593202,11529.54437,-18.21160821,-11719.59066,2
-128.0037725,160.8447789,-32.84100647,14676.4273,-16.49173616,-18148.24659,2
-219.8832585,260.7687871,-40.88552856,17139.04752,-14.00337611,-23730.70601,2
-301.5063019,348.5305861,-47.02428418,18802.54303,-10.86259057,-28206.5908,2
-369.0658257,420.0367741,-50.97094835,19589.32478,-7.215872612,-31367.13593,2
-419.4107062,471.9521462,-52.54143998,19462.69552,-3.233313071,-33064.92666,2
-450.1927482,501.8552561,-51.6625079,18428.56153,0.899332812,-33220.77432,2
-459.97621,508.3513574,-48.37514738,16535.15705,4.989309448,-31827.40982,2
-448.3047698,491.1374579,-42.83268808,13870.79461,8.845851435,-28949.82271,2
-415.7228089,451.0164512,-35.29364236,10559.74587,12.28908127,-24722.22995,2
-363.7500211,389.8596689,-26.10964775,6756.445383,15.15839924,-19341.81568,2
-294.8105309,310.5195967,-15.70906579,2638.28737,17.31997412,-13059.53416,2
-212.1198265,216.6968288,-4.577002303,-1602.648289,18.67298537,-6168.404723,2
-119.534783,112.767464,6.767318995,-5768.555102,19.15432565,1010.155325,2
-21.37376909,3.578994881,17.79477421,-9665.126086,18.74154422,8141.322269,2
77.78477125,-105.77579,27.99101879,-13110.61667,17.45389415,14892.48292,2
173.3158671,-210.1963448,36.88047764,-15944.32165,15.35143429,20948.74841,2
260.7637397,-304.8122667,44.04852702,-18034.07085,12.532228,26027.64129,2
336.049629,-385.2104625,49.16083349,-19282.39381,9.127769252,29892.27092,2
395.662037,-447.6409849,51.97894793,-19631.06602,5.296849478,32362.38255,2
436.8205106,-489.1919379,52.37142737,-19063.82467,1.218151181,33322.76477,2
457.6053288,-507.9252945,50.31996573,-17607.12714,-2.918086208,32728.62327,2
457.0470422,-502.9672899,45.9202477,-15328.91697,-6.918939504,30607.67011,2
435.1716906,-474.5491763,39.37748576,-12335.45489,-10.59780014,27058.8312,2
392.999588,-423.9964367,30.99684864,-8766.362496,-13.78307797,22247.63212,2
332.4977335,-353.6669611,21.1692276,-4788.110069,-16.32620465,16398.47773,2
256.4880657,-266.84107,10.35300435,-586.2519929,-18.10856317,9784.185352,2
168.5158413,-167.5685125,-0.947328781,3643.227889,-19.04702038,2713.260043,2
72.6842771,-60.47957753,-12.20469957,7703.057392,-19.09780456,-4484.494794,2
-26.53683358,49.4308732,-22.89403962,11403.8772,-18.25854698,-11473.36015,2
-124.5196015,157.0363762,-32.51677475,14573.07298,-16.56839241,-17927.36008,2
-216.6938963,257.3179758,-40.62407954,17062.82652,-14.10617332,-23545.46592,2
-298.7605077,345.5983193,-46.83781157,18757.01026,-10.98673293,-28065.63694,2
-366.8916698,417.7598185,-50.86814878,19576.60379,-7.355568718,-31277.04249,2
-417.9095963,470.4367037,-52.52710741,19483.37944,-3.382046079,-33029.89559,2
-449.4346998,501.1720098,-51.73730998,18481.68541,0.748501256,-33242.43935,2
-459.9965806,508.532175,-48.53559433,16618.24288,4.843415577,-31904.76024,2
-449.1026096,492.1739051,-43.07129545,13979.96688,8.711701177,-29079.25054,2
-417.2609054,452.8601855,-35.59928013,10689.91236,12.17293281,-24897.69818,2
-365.9566346,392.4246941,-26.46805946,6901.534621,15.06567111,-19555.13988,2
-297.5827404,313.6862739,-16.10353349,2791.531883,17.25499248,-13300.76424,2
-215.3283306,220.3174569,-4.989126305,-1448.396362,18.63878224,-6426.288969,2
-123.0299305,116.6731686,6.356761902,-5620.490611,19.15249744,747.6453925,2
-24.99253904,7.58760488,17.40493416,-9530.155282,18.77217733,7886.430888,2
74.21116576,-101.8512454,27.64007961,-12995.03509,17.51556091,14657.09898,2
169.9541064,-206.5389152,36.58480876,-15853.52047,15.44125954,20743.85093,2
257.7706232,-301.5925431,43.82191993,-17972.28544,12.64602322,25862.78735,2
333.5647619,-382.5786203,49.01385848,-19252.50618,9.260227898,29775.14986,2
393.8013183,-445.7197794,51.91846109,-19634.4704,5.441794512,32298.45735,2
435.670728,-488.0709788,52.40025078,-19100.36247,1.368823168,33315.01725,2
457.2201102,-507.6568661,50.43675587,-17675.09435,-2.768713818,32777.41499,2
457.4443547,-503.5639128,46.11955805,-15425.14367,-6.777832646,30710.72552,2
436.3330022,-475.9830231,39.65002091,-12455.45304,-10.47153922,27211.34376,2
394.8707323,-426.2006301,31.32989781,-8904.535339,-13.67755097,22442.48853,2
334.9914357,-356.5386932,21.54725749,-4938.013117,-16.24633245,16626.58965,2
259.4880136,-270.2463973,10.75838368,-740.8936427,-18.05807007,10034.91335,2
171.8821105,-171.3486035,-0.533506958,3491.060259,-19.02826036,2974.909818,2
76.25985694,-64.45812099,-11.80173595,7560.461011,-19.11165152,-4224.126958,2
-22.91871633,45.43944478,-22.52072846,11277.50287,-18.30435394,-11226.41818,2
-121.0277041,153.2182313,-32.19052724,14468.81488,-16.64402172,-17705.36168,2
-213.491089,253.8512007,-40.36011174,16985.54726,-14.20809634,-23358.76538,2
-295.9961768,342.6446114,-46.64843466,18710.31413,-11.11019463,-27922.94218,2
-364.69475,415.4569449,-50.76219486,19562.66858,-7.494809461,-31185.00891,2
-416.3825573,468.8920749,-52.50951756,19502.85493,-3.530570251,-32992.81564,2
-448.6487665,500.4576702,-51.80890377,18533.66301,0.597622264,-33262.0423,2
-459.988411,508.6814426,-48.69303164,16700.29805,4.69722021,-31980.13158,2
-449.8725851,493.1798173,-43.30723219,14088.27218,8.577009426,-29206.87458,2
-418.7731132,454.675824,-35.90271086,10819.41598,12.05602811,-25071.62205,2
-368.1405423,394.965373,-26.82483067,7046.196042,14.97200726,-19767.25121,2
-300.3364863,316.83349,-16.49700372,2944.603574,17.1889393,-13541.16947,2
-218.5234744,223.9244168,-5.400942407,-1294.054201,18.60342171,-6683.774882,2
-126.5174441,120.5716353,5.94580878,-5472.077036,19.14947997,485.0887027,2
-28.60975756,11.59574495,17.01401261,-9394.59283,18.80164477,7631.04984,2
70.63295682,-97.92038075,27.28742393,-12878.64689,17.57613996,14420.80531,2
166.5818022,-202.8686706,36.28686842,-15761.73533,15.53012578,20537.66608,2
254.7615148,-298.3541071,43.59259236,-17909.38461,12.75903284,25696.32844,2
331.0592003,-379.9230412,48.86384088,-19221.4237,9.392111019,29656.1811,2
391.916168,-443.7709195,51.85475145,-19636.65623,5.586400926,32232.5279,2
434.4939161,-486.9197376,52.42582151,-19135.71485,1.519409234,33305.2024,2
456.8065254,-507.3569405,50.55041513,-17741.96458,-2.619170645,32824.17273,2
457.813287,-504.1292924,46.31600539,-15520.41297,-6.63630627,30811.87518,2
437.4672434,-477.3873378,39.92009444,-12574.67806,-10.34462962,27362.16769,2
396.7173785,-428.37838,31.66100155,-9042.155348,-13.57117637,22635.95217,2
337.4643549,-359.3883038,21.92394889,-5087.609425,-16.16545328,16853.66964,2
262.471863,-273.6349569,11.16309388,-895.4889532,-18.00645758,10285.01838,2
175.2377164,-175.1180628,-0.119653673,3338.676407,-19.00832078,3236.37465,2
79.83070623,-68.43266447,-11.39804175,7417.395931,-19.12431373,-3963.497417,2
-19.29917632,41.44519801,-22.14602169,11150.42923,-18.34902625,-10978.78006,2
-117.528297,149.3905812,-31.86228419,14363.65946,-16.71861939,-17482.26516,2
-210.2750353,250.3686768,-40.09364153,16907.21455,-14.30913885,-23170.61597,2
-293.2134806,339.6696458,-46.45616519,18662.45753,-11.23296802,-27778.51539,2
-362.4752029,413.128296,-50.65309316,19547.52003,-7.633586201,-31091.0409,2
-414.8296841,467.3183556,-52.48867152,19521.12078,-3.678876373,-32953.68909,2
-447.834997,499.7122818,-51.87728485,18584.49111,0.4467052,-33279.58196,2
-459.9517016,508.7991512,-48.84744953,16781.31746,4.550732421,-32053.51916,2
-450.6146486,494.1551322,-43.54048368,14195.70377,8.441784539,-29332.68692,2
-420.2593383,456.463254,-36.20391574,10948.24871,11.93837442,-25243.99079,2
-370.3016088,397.481548,-27.17993922,7190.42067,14.87741353,-19978.13648,2
-303.0715977,319.9610498,-16.88945207,3097.492946,17.12181868,-13780.73494,2
-221.7050595,227.5174846,-5.812425058,-1139.631381,18.56690597,-6940.846487,2
-129.9971073,124.4626222,5.534485126,-5323.323588,19.14527341,222.5015454,2
-32.22520025,15.60316641,16.62203384,-9258.447141,18.82994472,7375.19497,2
67.05036643,-93.98344005,26.93307363,-12761.45929,17.63562754,14183.61655,2
163.1991635,-199.1858386,35.9866751,-15668.97191,15.61802749,20330.20665,2
251.7366011,-295.0971596,43.36055856,-17845.37227,12.87124988,25528.27489,2
328.5330997,-377.2438897,48.71079,-19189.1483,9.523410434,29535.37202,2
390.006703,-441.794526,51.78782297,-19637.62337,5.730659751,32164.59828,2
433.2901478,-485.7382858,52.44813796,-19169.87964,1.669900038,33293.32084,2
456.3645998,-507.0255363,50.66093648,-17807.73368,-2.469465966,32868.89361,2
458.1538161,-504.6633937,46.50957752,-15614.71898,-6.494369153,30911.11281,2
438.5743438,-478.7620333,40.18768958,-12693.12253,-10.21707921,27511.29362,2
398.5394121,-430.5295514,31.99013932,-9179.213985,-13.46396077,22828.01105,2
339.9163377,-362.2156161,22.29927843,-5236.889712,-16.08357216,17079.70361,2
265.4394288,-277.0065386,11.56710986,-1050.028333,-17.95372893,10534.48493,2
178.582451,-178.8766564,0.294205398,3186.085787,-18.98720285,3497.638318,2
83.39660341,-72.40296138,-10.99364203,7273.871028,-19.13579041,-3702.622341,2
-15.67843814,37.44838069,-21.76994255,11022.66415,-18.39256112,-10730.46115,2
-114.0215974,145.5536634,-31.53206595,14257.61326,-16.79218077,-17258.08437,2
-207.0459347,246.8706202,-39.82468543,16827.83325,-14.40929457,-22981.02937,2
-290.4125919,336.673607,-46.2610151,18613.44344,-11.35504548,-27632.3655,2
-360.2331659,410.7740164,-50.54085044,19531.15907,-7.771890326,-30995.14429,2
-413.2510729,465.7156434,-52.46457057,19538.17587,-3.82695524,-32912.51838,2
-446.9934418,498.9358907,-51.94244895,18634.16655,0.295759427,-33295.05724,2
-459.8864548,508.8852933,-48.99883844,16861.29608,4.403961299,-32124.91842,2
-451.3287538,495.0997892,-43.77103544,14302.25499,8.306034908,-29456.67975,2
-421.7194886,458.2223646,-36.50287606,11076.40255,11.81997906,-25414.79369,2
-372.4397,399.9730631,-27.53336309,7334.199556,14.78189576,-20187.78264,2
-305.7879049,323.0687591,-17.28085419,3250.190513,17.05363479,-14019.44579,2
-224.8728887,231.0964374,-6.223548727,-985.1374836,18.52923731,-7197.487834,2
-133.4687044,128.3458879,5.122816461,-5174.239494,19.13987804,-40.09978741,2
-35.83864279,19.60962064,16.22902215,-9121.72666,18.85707541,7118.882152,2
63.46361687,-90.04066755,26.57705068,-12643.47957,17.69401998,13945.54744,2
159.8064003,-195.4906478,35.68424745,-15575.23598,15.70495923,20121.48551,2
248.6960698,-291.8219027,43.12583292,-17780.25237,12.98266735,25358.63713,2
325.9866169,-374.5413322,48.55471534,-19155.68198,9.654117999,29412.73011,2
388.0730417,-439.7907215,51.71767979,-19637.37178,5.874562037,32094.67272,2
432.0594979,-484.5266967,52.46719876,-19202.8547,1.820286244,33279.3733,2
455.894361,-506.6626741,50.76831305,-17872.39757,-2.319609067,32911.57484,2
458.465921,-505.1661834,46.70026244,-15708.05584,-6.3520301,31008.43227,2
439.6542346,-480.1070243,40.45278972,-12810.77912,-10.08889589,27658.71231,2
400.33672,-432.6540107,32.3172907,-9315.702748,-13.35591083,23018.65324,2
342.347232,-365.0204548,22.67322283,-5385.844717,-16.00069416,17304.67754,2
268.3905267,-280.3609333,11.97040654,-1204.502195,-17.89988737,10783.29753,2
181.9161066,-182.6241512,0.70804458,3033.297865,-18.96490791,3758.684612,2
86.95732726,-76.36876539,-10.58856187,7129.895206,-19.14608085,-3441.517915,2
-12.05672641,33.4492408,-21.39251439,10894.21558,-18.43495586,-10481.47688,2
-110.5078228,141.7077158,-31.19989301,14150.68285,-16.86470132,-17032.83321,2
-203.8039877,243.3572479,-39.55326014,16747.40827,-14.50855729,-22790.01733,2
-287.5936844,333.6566809,-46.06299648,18563.27489,-11.47641944,-27484.50161,2
-357.9687784,408.394252,-50.42547367,19513.58671,-7.909713255,-30897.32503,2
-411.6468217,464.0840379,-52.43721622,19554.01912,-3.974797664,-32869.30605,2
-446.1241531,498.1285451,-52.00439204,18682.68624,0.144794314,-33308.46717,2
-459.7926746,508.9398636,-49.14718897,16940.22895,4.256915952,-32194.32494,2
-452.0148566,496.0137298,-43.99887316,14407.91924,8.169768957,-29578.84538,2
-423.1534735,459.9530467,-36.79957328,11203.86956,11.70084936,-25584.02016,2
-374.5546832,402.4397635,-27.88508036,7477.523781,14.68545989,-20396.17666,2
-308.4852394,326.1564252,-17.6711858,3402.686801,16.98439184,-14257.2872,2
-228.0267654,234.6610533,-6.634287906,-830.582094,18.49041805,-7453.683001,2
-136.9320199,132.2211916,4.710828327,-5024.834005,19.13329419,-302.6990031,2
-39.44986099,23.61485906,15.83500193,-8984.439872,18.88303516,6862.127289,2
59.87293067,-86.09230787,26.2193772,-12524.71504,17.75131363,13706.61274,2
156.4037232,-191.7833274,35.37960421,-15480.53334,15.7909156,19911.5156,2
245.6401095,-288.5285395,42.88843,-17714.02897,13.09327835,25187.42567,2
323.4199097,-371.8155363,48.39562657,-19121.02683,9.784225605,29288.26299,2
386.1153042,-437.7596304,51.64432628,-19635.90145,6.01809886,32022.75555,2
430.8020426,-483.2850454,52.48300271,-19234.63799,1.970558524,33263.36065,2
455.3958381,-506.2683763,50.87253818,-17935.95224,-2.169609244,32952.21378,2
458.7495822,-505.6376305,46.88804831,-15800.41775,-6.209297941,31103.82751,2
440.706849,-481.4222274,40.71537844,-12927.64052,-9.960087625,27804.41461,2
402.1091909,-434.7516262,32.64243539,-9451.613169,-13.24703324,23207.86693,2
344.7568869,-367.8026458,23.04575889,-5534.465198,-15.91682442,17528.57747,2
271.3249739,-283.6979328,12.37295892,-1358.900955,-17.84493624,11031.44073,2
185.2384765,-186.3603147,1.121838197,2880.32212,-18.94143732,4019.497336,2
90.51265686,-80.32983046,-10.18282641,6985.477398,-19.15518441,-3180.200339,2
-8.434265836,29.44802645,-21.01376062,10765.09147,-18.47620784,-10231.84267,2
-106.9871911,137.8529771,-30.86578598,14042.87486,-16.93617653,-16806.52565,2
-200.5493953,239.8287778,-39.2793825,16665.94461,-14.60692086,-22597.59171,2
-284.756933,330.6190546,-45.86212163,18511.95499,-11.59708236,-27334.93287,2
-355.6821807,405.9891507,-50.30697,19494.80406,-8.047046433,-30797.58919,2
-410.01703,462.4236401,-52.40661016,19568.64956,-4.122394472,-32824.0548,2
-445.2271848,497.2902951,-52.06311028,18730.04719,-0.006180774,-33319.81092,2
-459.6703668,508.9628587,-49.29249191,17018.11117,4.109605505,-32261.7344,2
-452.6729144,496.8968971,-44.22398271,14512.68995,8.032995142,-29699.17623,2
-424.561204,461.655193,-37.09398899,11330.64182,11.58099272,-25751.65971,2
-376.6464272,404.8814964,-28.2350692,7620.384452,14.58811191,-20603.30562,2
-311.1634339,329.2238565,-18.06042267,3554.972349,16.91409416,-14494.24443,2
-231.1664938,238.2111109,-7.044617111,-675.9748017,18.4504506,-7709.416092,2
-140.386839,136.0882927,4.298546286,-4875.116391,19.12552227,-565.2798089,2
-43.05863081,27.61863317,15.43999764,-8846.595294,18.90782238,6604.946311,2
56.2785306,-82.13860596,25.86007535,-12405.17307,17.80750496,13466.82727,2
152.9913431,-188.0641074,35.07276429,-15384.86988,15.87589127,19700.30997,2
242.5689099,-285.2172744,42.64836453,-17646.70618,13.20307602,25014.65116,2
320.8331376,-369.0666712,48.23353358,-19085.18498,9.913725183,29161.97837,2
384.1336118,-435.7013788,51.56776698,-19633.2125,6.161261314,31948.85123,2
429.5178601,-482.0134089,52.49554884,-19265.22754,2.120707556,33245.28388,2
454.869062,-505.8426674,50.97360541,-17998.39374,-2.019475802,32990.80791,2
459.0047822,-506.0777056,47.07292349,-15891.79899,-6.06618153,31197.29261,2
441.7321215,-482.7075609,40.97543943,-13043.69949,-9.830662396,27948.39148,2
403.8567146,-436.8222678,32.96555323,-9586.936814,-13.13733476,23395.64036,2
347.1451531,-370.5620166,23.4168635,-5682.741936,-15.83196815,17751.38952,2
274.2425881,-287.0173301,12.77474201,-1513.215034,-17.78887896,11278.89913,2
188.5493544,-190.084915,1.535560579,2727.168043,-18.91679254,4280.06031,2
94.06237162,-84.28591082,-9.776460802,6840.626563,-19.16310051,-2918.685825,2
-4.811281169,25.44498589,-20.63370472,10635.29983,-18.5163145,-9981.574024,2
-103.4599209,133.9896865,-30.5297656,13934.19599,-17.00660196,-16579.17575,2
-197.2823595,236.285429,-39.00306949,16583.44732,-14.70437916,-22403.76445,2
-281.9025137,327.5609167,-45.658403,18459.48694,-11.71702675,-27183.66857,2
-353.3735147,403.5588615,-50.18534679,19474.81226,-8.183881341,-30695.94295,2
-408.3617989,460.7345532,-52.37275429,19582.06628,-4.269736504,-32776.76743,2
-444.3025927,496.4211927,-52.11860001,18776.24644,-0.157156466,-33329.0878,2
-459.519539,508.9542773,-49.43473824,17094.93792,3.962039098,-32327.14264,2
-453.3028863,497.7492364,-44.44635011,14616.56062,7.895721949,-29817.66483,2
-425.9425928,463.3286977,-37.38610492,11456.71146,11.46041657,-25917.70192,2
-378.7148022,407.2981101,-28.58330789,7762.772705,14.48985785,-20809.15666,2
-313.8223221,332.2708627,-18.44854066,3707.037707,16.84274609,-14730.30276,2
-234.2918793,241.7463901,-7.454510882,-521.3251991,18.40933746,-7964.67124,2
-143.8329473,139.9469514,3.885995919,-4725.095941,19.11656276,-827.8259134,2
-46.66472834,31.62069457,15.04403377,-8708.201479,18.93143551,6347.355174,2
52.68063968,-78.17980713,25.49916745,-12284.86108,17.86259048,13226.20591,2
149.5694718,-184.3332186,34.76374672,-15288.25153,15.95988096,19487.8817,2
239.4826614,-281.8883128,42.40565141,-17578.28816,13.31205354,24840.32429,2
318.2264609,-366.2949074,48.06844642,-19048.15866,10.0426087,29033.8841,2
382.1280876,-433.6160942,51.48800665,-19629.30507,6.304040519,31872.96434,2
428.2070299,-480.7118663,52.50483637,-19294.62146,2.270724025,33225.14412,2
454.3140655,-505.3855739,51.07150847,-18059.7182,-1.869218055,33027.35482,2
459.2315051,-506.4863816,47.25487651,-15982.1939,-5.922689744,31288.82178,2
442.7299886,-483.9629451,41.23295656,-13158.94882,-9.700628234,28090.63399,2
405.5791827,-438.8658069,33.28662416,-9721.66529,-13.02682219,23581.9619,2
349.5118822,-373.2983958,23.78651363,-5830.66573,-15.74613061,17973.09984,2
277.1431884,-290.3189193,13.17573089,-1667.434859,-17.73171899,11525.6574,2
191.8485351,-193.7977212,1.949186058,2573.845137,-18.8909751,4540.357367,2
97.60625131,-88.23676104,-9.369490274,6695.351689,-19.16982868,-2656.990598,2
-1.187997186,21.44036748,-20.2523703,10504.84872,-18.55527334,-9730.686464,2
-99.92623088,130.1180836,-30.19185269,13824.65298,-17.07597324,-16350.7976,2
-194.003083,232.7274212,-38.72433827,16499.92152,-14.80092615,-22208.54756,2
-279.0306036,324.4824568,-45.45185323,18405.87398,-11.83624518,-27030.71809,2
-351.0429236,401.1035352,-50.06061157,19453.61256,-8.320209485,-30592.39262,2
-406.6812312,459.0168819,-52.3356507,19594.26845,-4.416814617,-32727.44686,2
-443.3504341,495.5212919,-52.1708578,18821.28113,-0.308123395,-33336.29722,2
-459.3402006,508.9141198,-49.57391914,17170.70443,3.814225888,-32390.54558,2
-453.9047333,498.5706949,-44.66596158,14719.52482,7.757957898,-29934.30384,2
-427.2975541,464.9734571,-37.67590296,11582.07068,11.3391284,-26082.13649,2
-380.75968,409.6894548,-28.92977483,7904.679705,14.39070382,-21013.71702,2
-316.4617391,335.2972548,-18.83551569,3858.873441,16.77035206,-14965.44756,2
-237.4027278,245.2666716,-7.863943788,-366.6428814,18.36708116,-8219.432609,2
-147.270131,143.7969282,3.473202822,-4574.781962,19.10641622,-1090.321027,2
-50.26792986,35.62079496,14.6471349,-8569.267012,18.9538731,6089.36986,2
49.07948111,-74.21615699,25.13667588,-12163.78653,17.91656676,12984.7636,2
146.1383217,-180.5908924,34.45257069,-15190.68429,16.04287948,19274.24398,2
236.3815557,-278.5418614,42.1603057,-17508.77917,13.42020417,24664.4559,2
315.6000415,-363.5004168,47.90037533,-19009.95018,10.17086816,28903.98812,2
380.0988559,-431.5039061,51.40505023,-19624.17942,6.446427618,31795.09961,2
426.8696334,-479.3804982,52.51086474,-19322.81791,2.420598627,33202.94261,2
453.7308829,-504.8971241,51.16624128,-18119.92182,-1.718845322,33061.85227,2
459.4297368,-506.8636329,47.43389607,-16071.59685,-5.778831486,31378.40934,2
443.7003883,-485.1883022,41.48791386,-13273.38136,-9.569993206,28231.1333,2
407.2764885,-440.8821167,33.60562827,-9855.790238,-12.91550238,23766.81998,2
351.8569275,-376.0116139,24.15468634,-5978.227403,-15.65931712,18193.6947,2
280.0265948,-293.6024955,13.57590068,-1821.55086,-17.67345988,11771.70021,2
195.1358138,-197.4985028,2.362688972,2420.362912,-18.8639866,4800.372359,2
101.1440761,-92.18213599,-8.961940069,6549.661787,-19.17536848,-2395.130894,2
2.435361312,17.43441968,-19.86978099,10373.74624,-18.59308194,-9479.195555,2
-96.3863404,126.2384086,-29.85206823,13714.25261,-17.14428607,-16121.40537,2
-190.7117691,229.1549752,-38.44320611,16415.37239,-14.89655584,-22011.95317,2
-276.1413809,321.3838661,-45.24248514,18351.11944,-11.95473024,-26876.09093,2
-348.6905521,398.6233242,-49.93277209,19431.20628,-8.456022407,-30486.94463,2
-404.975431,457.2707327,-52.2953017,19605.25531,-4.563619685,-32676.09617,2
-442.3707679,494.5906483,-52.2198804,18865.14848,-0.459072193,-33341.43874,2
-459.1323627,508.8423887,-49.71002598,17245.40598,3.666175048,-32451.93929,2
-454.478418,499.3612215,-44.88280349,14821.57615,7.619711537,-30049.08601,2
-428.626004,466.5893691,-37.96336511,11706.71168,11.21713574,-26244.95323,2
-382.7809336,412.0553821,-29.27444852,8046.096648,14.29065597,-21216.974,2
-319.0815212,338.302845,-19.22132374,4010.470132,16.69691657,-15199.66423,2
-240.4988464,248.7717369,-8.272890425,-211.9374458,18.32368433,-8473.684391,2
-150.6981769,147.6379843,3.060192606,-4424.183782,19.09508329,-1352.748864,2
-53.86801181,39.61868617,14.24932565,-8429.800516,18.97513375,5831.006376,2
45.47527834,-70.24790146,24.77262313,-12041.95694,17.96943047,12742.51531,2
142.6981056,-176.8373611,34.1392555,-15092.17421,16.12488167,19059.41006,2
233.265785,-275.1781276,41.91234262,-17438.18352,13.52752118,24487.05689,2
312.9540421,-360.6833728,47.72933074,-18970.56189,10.2984956,28772.29849,2
378.0460427,-429.3649456,51.31890287,-19617.83586,6.588413778,31715.26185,2
425.5057536,-478.0193872,52.51363355,-19349.81516,2.570322063,33178.68073,2
453.1195504,-504.3773484,51.25779798,-18179.00086,-1.568366932,33094.29809,2
459.5994651,-507.2094362,47.60997108,-16160.00231,-5.634615677,31466.04973,2
444.6432605,-486.383556,41.7402955,-13386.99001,-9.438765414,28369.88072,2
408.9485265,-442.8710723,33.92254576,-9989.303335,-12.80338225,23950.20313,2
354.1801435,-378.7015023,24.52135881,-6125.4178,-15.57153308,18413.16041,2
282.8926284,-296.867855,13.97522655,-1975.553478,-17.61410525,12017.01231,2
198.4109866,-201.1870303,2.776043668,2266.730893,-18.83582872,5060.089153,2
104.6756264,-96.12179089,-8.553835472,6403.565897,-19.17971957,-2133.122959,2
6.058569523,13.42739101,-19.48596053,10242.00051,-18.62973797,-9227.116902,2
-92.84046904,122.3509023,-29.51043331,13603.00175,-17.21153621,-15891.0133,2
-187.4086222,225.5683127,-38.15969046,16329.80518,-14.99126228,-21813.99347,2
-273.2350249,318.2653366,-45.03031172,18295.22672,-12.07247457,-26719.79667,2
-346.3165461,396.1183824,-49.80183628,19407.59481,-8.591311679,-30379.60552,2
-403.2445043,455.4962141,-52.25170979,19615.02617,-4.710142597,-32622.71854,2
-441.3636552,493.6293199,-52.26566477,18907.84574,-0.609993493,-33344.51203,2
-458.8960382,508.7390885,-49.8430503,17319.03796,3.517895765,-32511.31997,2
-455.0239049,500.1207672,-45.09686237,14922.70827,7.480991445,-30162.00423,2
-429.9278599,468.1763334,-38.24847354,11830.62673,11.09444615,-26406.14203,2
-384.7784377,414.3957452,-29.61730757,8187.01476,14.1897205,-21418.91499,2
-321.6815058,341.2874467,-19.60594087,4161.818372,16.62244417,-15432.93824,2
-243.5800431,252.2613685,-8.68132542,-57.21849088,18.27914967,-8727.410813,2
-154.1168722,151.4698813,2.646990899,-4273.310743,19.08256466,-1615.093143,2
-57.46475084,43.61412014,13.8506307,-8289.810641,18.99521616,5572.280751,2
41.86825496,-66.27528675,24.40703179,-11919.37987,18.02117832,12499.47606,2
139.2490369,-173.0728575,33.82382059,-14992.72739,16.20588245,18843.39328,2
230.1355426,-271.7973202,41.66177755,-17366.50559,13.63399793,24308.13827,2
310.2886271,-357.8439503,47.55532326,-18929.99626,10.42548312,28638.82338,2
375.9697753,-427.1993452,51.22956992,-19610.27479,6.729990193,31633.45602,2
424.1154751,-476.6286178,52.51314265,-19375.61152,2.719885047,33152.35999,2
452.480106,-503.8262788,51.34617287,-18236.95165,-1.41779222,33124.69029,2
459.7406795,-507.5237701,47.78309061,-16247.40479,-5.490051266,31551.73751,2
445.5585466,-487.5486325,41.99008584,-13499.76774,-9.306952999,28506.86762,2
410.5951931,-444.8325501,34.23735698,-10122.1963,-12.69046875,24132.09998,2
356.481386,-381.3678942,24.88650827,-6272.227791,-15.48278391,18631.48334,2
285.7411114,-300.1147951,14.37368374,-2129.433157,-17.55365878,12261.57847,2
201.6738502,-204.8630747,3.189224502,2112.958609,-18.80650319,5319.491637,2
108.2006831,-100.0554813,-8.145201801,6257.073082,-19.18288169,-1870.983049,2
9.681402653,9.419530098,-19.10093275,10109.61971,-18.66523914,-8974.466143,2
-89.2888368,118.4558059,-29.1669691,13490.90729,-17.27771948,-15659.63568,2
-184.0938472,221.9676561,-37.87380891,16243.22519,-15.08503962,-21614.68074,2
-270.3117158,315.1270619,-44.81534613,18238.19928,-12.18947089,-26561.84501,2
-343.9210529,393.5888652,-49.66781226,19382.77961,-8.726068906,-30270.38194,2
-401.4885584,453.6934361,-52.20487768,19623.58044,-4.856374263,-32567.31728,2
-440.3291582,492.6373662,-52.30820807,18949.37029,-0.760877929,-33345.51691,2
-458.6312417,508.6042256,-49.97298385,17391.59579,3.36939724,-32568.68392,2
-455.54116,500.849285,-45.30812496,15022.91493,7.34180623,-30273.05148,2
-431.2030412,469.7342517,-38.53121056,11953.80815,10.97106725,-26565.6929,2
-386.7520682,416.710399,-29.95833072,8327.425297,14.08790368,-21619.52746,2
-324.2615317,344.2508749,-19.98934324,4312.908771,16.54693949,-15665.25512,2
-246.6461265,255.73535,-9.089223431,97.50438393,18.23347994,-8980.596132,2
-157.5260049,155.2923816,2.233623336,-4122.172206,19.06886111,-1877.337585,2
-61.05792379,47.606849,13.45107479,-8149.306075,19.01411906,5313.209038,2
38.25863477,-62.29855932,24.03992454,-11796.06291,18.07180711,12255.66095,2
135.7913296,-169.2976152,33.50628553,-14892.35002,16.28587678,18626.20704,2
226.9910229,-268.3996489,41.40862605,-17293.74982,13.7396278,24127.71113,2
307.6039617,-354.9823254,47.3783637,-18888.25578,10.55182283,28503.57107,2
373.8701825,-425.0072395,51.13705692,-19601.49668,6.871148079,31549.6872,2
422.6988842,-475.2082762,52.50939207,-19400.20539,2.869278299,33123.98201,2
451.8125893,-503.2439497,51.43136048,-18293.77061,-1.267130526,33153.02698,2
459.8533711,-507.806615,47.95324392,-16333.79886,-5.345147218,31635.46737,2
446.4461899,-488.6834593,42.23726937,-13611.70752,-9.174564137,28642.08551,2
412.2163861,-446.7664284,34.55004239,-10254.46089,-12.57676888,24312.49925,2
358.7605122,-384.0106243,25.25011208,-6418.648266,-15.39307514,18848.64996,2
288.5718671,-303.3431146,14.77124751,-2283.18035,-17.49212421,12505.38351,2
204.9242023,-208.5264081,3.602205839,1959.055601,-18.77601183,5578.563716,2
111.7190276,-103.9829632,-7.736064408,6110.192432,-19.18485463,-1608.727426,2
13.30363593,5.411085591,-18.71472152,9976.612049,-18.69958325,-8721.258953,2
-85.73166404,114.553361,-28.82169693,13377.97619,-17.34283178,-15427.28685,2
-180.7676496,218.3532288,-37.5855792,16155.6378,-15.17788201,-21414.02734,2
-267.371635,311.9692367,-44.59760169,18180.04067,-12.30571192,-26402.24575,2
-341.5042211,391.0349295,-49.53070835,19356.76222,-8.860285725,-30159.28068,2
-399.7077023,451.8625106,-52.15480826,19630.91758,-5.002305606,-32509.89582,2
-439.2673412,491.6148488,-52.34750765,18989.71953,-0.91171614,-33344.45332,2
-458.3379898,508.4378083,-50.09981858,17463.07496,3.220688688,-32624.0276,2
-456.0301514,501.5467295,-45.51657814,15122.18989,7.202164529,-30382.22089,2
-432.4514686,471.2630273,-38.81155863,12076.2483,10.84700669,-26723.59593,2
-388.7017029,418.9991996,-30.2974968,8467.319549,13.98521182,-21818.79897,2
-326.8214386,347.1929457,-20.37150703,4463.731956,16.47040722,-15896.60045,2
-249.6969066,259.1934658,-9.49655915,252.2215789,18.18667797,-9233.22464,2
-160.9253635,159.1052479,1.820115565,-3970.777549,19.05397351,-2139.465922,2
-64.64730774,51.59662502,13.05068272,-8008.295534,19.0318413,5053.807311,2
34.64664173,-58.31796589,23.67132417,-11672.01373,18.1213137,12011.08509,2
132.3251983,-165.5118683,33.18667003,-14791.04832,16.36485972,18407.86481,2
223.8324208,-264.9853246,41.15290382,-17219.92073,13.84440426,23945.78668,2
304.9002126,-352.0986756,47.19846303,-18845.34306,10.67750689,28366.54995,2
371.7473947,-422.7887643,51.04136961,-19591.50206,7.01187868,31463.96058,2
421.2560686,-473.7584507,52.50238204,-19423.59526,3.018492554,33093.54857,2
451.1170417,-502.6303972,51.51335552,-18349.4542,-1.116391196,33179.30639,2
459.937533,-508.0579534,48.12042045,-16419.17918,-5.199912524,31717.23411,2
447.3061353,-489.7879661,42.48183076,-13722.80244,-9.04160704,28775.52599,2
413.8120048,-448.6725874,34.8605826,-10386.08889,-12.46228969,24491.38973,2
361.0173808,-386.6295285,25.61214768,-6564.670141,-15.30241232,19064.64679,2
291.3847198,-306.552613,15.16789321,-2436.785519,-17.42950537,12748.41233,2
208.1618411,-212.1768032,4.014962059,1805.031418,-18.74435654,5837.289317,2
115.2304416,-107.9039929,-7.326448677,5962.933058,-19.18563827,-1346.372363,2
16.92504462,1.402306186,-18.32735081,9842.985784,-18.73276817,-8467.511041,2
-82.16917145,110.6438097,-28.47463821,13264.21545,-17.40686906,-15193.98125,2
-177.430236,214.7252552,-37.2950192,16067.04844,-15.26978372,-21212.04573,2
-264.414965,308.7920569,-44.37709194,18120.75449,-12.42119044,-26241.0088,2
-339.0662007,388.4567337,-49.39053304,19329.54425,-8.993953807,-30046.30863,2
-397.9020465,450.0035511,-52.10150465,19637.03713,-5.147927573,-32450.45772,2
-438.1782701,490.5618312,-52.38356109,19028.89097,-1.062498765,-33341.32131,2
-458.0163005,508.2398471,-50.22354661,17533.47105,3.071779335,-32677.34757,2
-456.4908486,502.2130575,-45.72220897,15220.527,7.062075007,-30489.50566,2
-433.6730649,472.7625652,-39.08950036,12197.93957,10.72227218,-26879.84132,2
-390.6272206,421.2620053,-30.63478477,8606.688834,13.88165131,-22016.71715,2
-329.3610679,350.1134765,-20.75240855,4614.278568,16.39285209,-16126.95989,2
-252.732194,262.6355013,-9.903307303,406.9234947,18.13874668,-9485.280663,2
-164.314737,162.9082437,1.406493243,-3819.136166,19.03790276,-2401.461889,2
-68.23267999,55.58320067,12.64947932,-7866.787768,19.04838178,4794.091663,2
31.03249991,-54.33375345,23.30125353,-11547.24001,18.16969501,11765.76367,2
128.850858,-161.7158519,32.8649939,-14688.82857,16.44282636,18188.38013,2
220.6599324,-261.5545591,40.89462673,-17145.02291,13.94832079,23762.3762,2
302.1775474,-349.1931798,47.01563242,-18801.26075,10.80252752,28227.76853,2
369.6015434,-420.5440574,50.94251394,-19580.29157,7.152173267,31376.28148,2
419.7871181,-472.2792311,52.49211299,-19445.77966,3.167518555,33061.06155,2
450.3935065,-501.9856594,51.59215291,-18403.99898,-0.96558358,33203.5269,2
459.9931599,-508.2777697,48.28460984,-16503.54043,-5.054356191,31797.03267,2
448.1383295,-490.8620843,42.72375483,-13833.04558,-8.908089957,28907.1808,2
415.3819504,-450.5509087,35.16895834,-10517.07214,-12.34703828,24668.76033,2
363.2518517,-389.2244443,25.9725926,-6710.284357,-15.21080107,19279.46042,2
294.179495,-309.7430912,15.56359622,-2590.239134,-17.36580613,12990.64982,2
211.3865658,-215.8140334,4.427467554,1650.895615,-18.71153928,6095.652389,2
118.7347072,-111.8183271,-6.916380019,5815.304098,-19.18523256,-1083.934136,2
20.54540404,-2.606559402,-17.93884464,9708.749202,-18.76479184,-8213.238151,2
-78.60158005,106.7273945,-28.12581447,13149.63214,-17.46982734,-14959.73334,2
-174.0818133,211.0839602,-37.00214695,15977.46261,-15.36073902,-21008.74843,2
-261.4418891,305.5957197,-44.15383053,18060.34441,-12.5358993,-26078.14415,2
-336.6071429,385.8544379,-49.24729504,19301.12739,-9.127064859,-29931.47279,2
-396.0717029,448.1166731,-52.04497014,19641.93871,-5.293231127,-32389.00669,2
-437.0620124,489.4783785,-52.41636613,19066.88218,-1.213216447,-33336.12109,2
-457.6661938,508.010354,-50.34416025,17602.77968,2.922678424,-32728.64051,2
-456.9232231,502.8482278,-45.9250047,15317.92015,6.921546357,-30594.89916,2
-434.867754,474.2327725,-39.36501849,12318.87441,10.59687146,-27034.41938,2
-392.5285019,423.4986756,-30.9701737,8745.524507,13.77722857,-22213.26972,2
-331.8802619,353.0122861,-21.13202417,4764.539268,16.31427894,-16356.31913,2
-255.7518004,266.0612431,-10.30944265,561.600533,18.08968903,-9736.748561,2
-167.6939151,166.7011331,0.992782033,-3667.257463,19.02064987,-2663.309231,2
-71.8138181,59.56632861,12.24748949,-7724.791557,19.06373946,4534.078209,2
27.41643357,-50.34616917,22.9297356,-11421.7495,18.21694805,11519.7119,2
125.3685242,-157.9098014,32.54127712,-14585.69712,16.51977186,17967.76663,2
217.4737545,-258.1075652,40.63381079,-17069.06099,14.05137095,23577.49107,2
299.4361352,-346.2660184,46.8298832,-18756.0116,10.92687695,28087.23542,2
367.4327619,-418.273258,50.84049603,-19567.86589,7.292023136,31286.65535,2
418.2921236,-470.7707092,52.47858556,-19466.75723,3.316347057,33026.52296,2
449.6420284,-501.3097762,51.66774776,-18457.40155,-0.814717035,33225.68701,2
460.0202484,-508.4660503,48.44580189,-16586.8774,-4.90848725,31874.85807,2
448.9427207,-491.9057473,42.96302659,-13942.43012,-8.774021169,29037.04177,2
416.9261254,-452.4012758,35.47515048,-10647.40252,-12.23102181,24844.60004,2
365.4637863,-391.7952108,26.3314245,-6855.48188,-15.11824708,19493.07755,2
296.9560193,-312.9143513,15.95833201,-2743.531675,-17.30103045,13232.08098,2
214.5981763,-219.4378731,4.839696731,1496.657755,-18.67756209,6353.636902,2
122.2316069,-115.725723,-6.505883875,5667.314709,-19.18363753,-821.4290265,2
24.16448958,-6.615262454,-17.54922713,9573.910633,-18.79565226,-7958.456058,2
-75.0291112,102.8043586,-27.77524736,13034.23335,-17.53170273,-14724.55766,2
-170.7225893,207.4295699,-36.70698061,15886.88586,-15.45074227,-20804.14807,2
-258.4525919,302.3804233,-43.92783133,17998.8142,-12.64983138,-25913.66191,2
-334.1272002,383.2282034,-49.10100323,19271.51341,-9.25961062,-29814.78029,2
-394.2167852,446.2019935,-51.98520825,19645.62203,-5.438207251,-32325.54652,2
-435.9186374,488.3645582,-52.44592074,19103.6908,-1.363859835,-33328.85298,2
-457.2876915,507.7493435,-50.46165204,17670.99656,2.773395206,-32777.90325,2
-457.327248,503.4522008,-46.12495274,15414.36331,6.780587299,-30698.39483,2
-436.035462,475.673558,-39.63809594,12439.04533,10.47081229,-27187.32052,2
-394.4054289,425.7090717,-31.30364278,8883.817953,13.67195007,-22408.4445,2
-334.3788644,355.8891947,-21.51033031,4914.504731,16.23469262,-16584.66395,2
-258.7555385,269.4704785,-10.71494001,716.2430969,18.03950807,-9987.612734,2
-171.0626883,170.4836807,0.579007604,-3515.150866,19.00221592,-2924.991702,2
-75.39049988,63.54576171,11.84473816,-7582.31571,19.07791341,4273.78308,2
23.79866705,-46.35546047,22.55679342,-11295.54999,18.26306988,11272.94504,2
121.8784131,-154.0939528,32.21553977,-14481.66036,16.59569146,17746.038,2
214.2740847,-254.6445569,40.37047221,-16992.03969,14.15354835,23391.14276,2
296.6761459,-343.3173728,46.64122691,-18709.5984,11.05054747,27944.95932,2
365.2411847,-415.9765069,50.73532221,-19554.22581,7.431419614,31195.08775,2
416.771178,-469.2329786,52.4618006,-19486.52666,3.464968828,32989.93495,2
448.8626542,-500.6027896,51.74013538,-18509.6586,-0.663800918,33245.78534,2
460.0187969,-508.6227835,48.60398662,-16669.1849,-4.762314749,31950.70551,2
449.7192592,-492.9188903,43.19963118,-14050.94926,-8.639408993,29165.10082,2
418.4444339,-454.223574,35.77914002,-10777.07193,-12.11424747,25018.89796,2
367.6530473,-394.3416684,26.68862109,-7000.253703,-15.02475609,19705.48489,2
299.7141205,-316.0661966,16.35207607,-2896.653632,-17.23518233,13472.69081,2
217.7964734,-223.0480974,5.251624018,1342.327407,-18.64242706,6611.226851,2
125.7209239,-119.6259382,-6.094985713,5518.974074,-19.18085326,-558.8733214,2
27.7820767,-10.62355426,-17.15852244,9438.478441,-18.82534753,-7703.180568,2
-71.45198653,98.87494515,-27.42295861,12918.02626,-17.59249139,-14488.46879,2
-167.3527724,203.7623109,-36.4095385,15795.32381,-15.5397879,-20598.25733,2
-255.4472588,299.1463672,-43.69910835,17936.16766,-12.7629796,-25747.57228,2
-331.6265266,380.5781933,-48.95166668,19240.70415,-9.391582865,-29696.23836,2
-392.3374084,444.2596311,-51.92222268,19648.08685,-5.582846949,-32260.08115,2
-434.7482161,487.2204392,-52.47222309,19139.31454,-1.51441958,-33319.51742,2
-456.880817,507.4568317,-50.57601467,17738.11746,2.623938944,-32825.13273,2
-457.7028983,504.024939,-46.32204069,15509.85049,6.639206581,-30799.98626,2
-437.1761164,477.0848322,-39.90871576,12558.44487,10.34410252,-27338.53526,2
-396.2578852,427.8930565,-31.63517132,9021.560591,13.56582236,-22602.22935,2
-336.8567204,358.7440239,-21.88730353,5064.165654,16.15409809,-16811.98019,2
-261.7432219,272.8629961,-11.1197742,870.8415917,17.98820692,-10237.85762,2
-174.4208475,174.2556519,0.165195628,-3362.82581,18.98260204,-3186.493067,2
-78.96250342,67.52125309,11.44125034,-7439.369067,19.09090273,4013.222427,2
20.17942479,-42.36187493,22.18245014,-11168.64931,18.30805765,11025.47842,2
118.3807411,-150.2685431,31.88780206,-14376.72476,16.67058044,17523.20799,2
211.0611215,-251.1657488,40.10462731,-16913.96379,14.25484665,23203.34284,2
293.8977509,-340.3474261,46.44967525,-18662.02404,11.17353142,27800.94909,2
363.0269478,-413.6539468,50.62699902,-19539.37216,7.570354052,31101.58435,2
415.2243755,-467.6661347,52.44175915,-19505.08673,3.61337465,32951.29979,2
448.0554321,-499.8647434,51.80931128,-18560.7669,-0.51284459,33263.82065,2
459.9888053,-508.7479596,48.7591542,-16750.45783,-4.615847755,32024.57028,2
450.4678966,-493.9014505,43.43355393,-14158.59628,-8.504261779,29291.35003,2
419.9367819,-456.01769,36.08090811,-10906.07234,-11.9967225,25191.64328,2
369.819499,-396.8636592,27.04416023,-7144.590842,-14.9303339,19916.6693,2
302.4536275,-319.1984315,16.74480398,-3049.595503,-17.16826588,13712.4644,2
220.9812586,-226.6444825,5.663223856,1187.914146,-18.60613638,6868.406254,2
129.2024416,-123.5187306,-5.683711024,5370.291395,-19.17687994,-296.2833099,2
31.39794094,-14.63118613,-16.76675481,9302.46103,-18.8538758,-7447.42752,2
-67.87042799,94.93939809,-27.0689701,12801.01806,-17.65218953,-14251.48139,2
-163.9725717,200.0824107,-36.10983906,15702.78215,-15.62787037,-20391.08898,2
-252.4260763,295.8937521,-43.46767578,17872.40867,-12.87533695,-25579.88558,2
-329.1052772,377.9045719,-48.79929467,19208.7015,-9.522973404,-29575.85438,2
-390.4336892,442.2897065,-51.85601734,19649.33302,-5.727141246,-32192.61465,2
-433.550821,486.0460926,-52.49527155,19173.75119,-1.66488634,-33308.11499,2
-456.4455956,507.1328367,-50.68724106,17804.1382,2.474318912,-32870.32601,2
-458.0501508,504.5664071,-46.51625633,15604.37577,6.497412975,-30899.66714,2
-438.2896464,478.4665076,-40.17686116,12677.06562,10.21675,-27488.05421,2
-398.0857558,430.0504945,-31.96473876,9158.743877,13.45885201,-22794.61228,2
-339.313676,361.5765964,-22.26292042,5213.51275,16.07250034,-17038.25373,2
-264.7146653,276.2385854,-11.52392011,1025.386425,17.93578876,-10487.46768,2
-177.7681844,178.0168126,-0.248628219,-3210.291748,18.96180945,-3447.797101,2
-82.52960712,71.49255608,11.03705104,-7295.960498,19.10270663,3752.412415,2
16.55893136,-38.36566033,21.80672898,-11041.05532,18.35190857,10777.32738,2
114.8757252,-146.4338095,31.55808432,-14270.89681,16.74443416,17299.29042,2
207.8350644,-247.671357,39.83629259,-16834.83814,14.35525957,23014.10295,2
291.1011224,-337.3563625,46.25524011,-18613.29146,11.29582115,27655.21363,2
360.7901885,-411.3057216,50.51553317,-19523.30586,7.708817832,31006.15095,2
413.6518123,-466.0702747,52.41846245,-19522.43628,3.761555315,32910.61987,2
447.2204123,-499.0956835,51.87527117,-18610.72327,-0.361857418,33279.79181,2
459.9302757,-508.8415707,48.91129501,-16830.69115,-4.469095354,32096.44779,2
451.1885867,-494.853367,43.66478032,-14265.36448,-8.368587911,29415.78156,2
421.4030767,-457.7835127,36.38043601,-11034.39574,-11.8784542,25362.82527,2
371.9630069,-399.3610268,27.39801986,-7288.484344,-14.83498636,20126.61765,2
305.1743702,-322.3108616,17.13649138,-3202.347802,-17.10028523,13951.38686,2
224.1523344,-230.2268051,6.074470712,1033.427551,-18.5686923,7125.159155,2
132.6759441,-127.4038588,-5.272085323,5221.275897,-19.17171781,-33.67528351,2
35.01185798,-18.63790943,-16.37394854,9165.866837,-18.88123529,-7191.212782,2
-64.28465778,90.99796156,-26.71330378,12683.21603,-17.71079345,-14013.61015,2
-160.5821969,196.3900978,-35.80790089,15609.26662,-15.71498422,-20182.65588,2
-249.3892318,292.6227797,-43.23354799,17807.54121,-12.98689645,-25410.6122,2
-326.5636085,375.2075051,-48.64389664,19175.50747,-9.653774084,-29453.63579,2
-388.5057456,440.2923419,-51.78659634,19649.36045,-5.871081187,-32123.15121,2
-432.3265265,484.8415912,-52.51506469,19206.99862,-1.815250777,-33294.64641,2
-455.9820544,506.7773787,-50.79532429,17869.05469,2.324544395,-32913.4803,2
-458.3689837,505.0765713,-46.70758758,15697.93327,6.355215281,-30997.4313,2
-439.375983,479.8184985,-40.44251549,12794.90021,10.08876263,-27635.86809,2
-399.8889272,432.1812518,-32.29232463,9295.359297,13.35104567,-22985.58133,2
-341.7495789,364.3867366,-22.63715768,5362.536755,15.98990444,-17263.47054,2
-267.6696842,279.5970369,-11.92735266,1179.868009,17.88225684,-10736.42744,2
-181.1044912,181.7669295,-0.662438261,-3057.558143,18.93983946,-3708.887591,2
-86.09158965,75.45942429,10.63216536,-7152.098899,19.11332438,3491.369226,2
12.93741137,-34.36706461,21.42965324,-10912.77595,18.39461991,10528.50731,2
111.3635829,-142.5899899,31.22640701,-14164.1831,16.81724804,17074.29919,2
204.5961135,-244.1615981,39.5654847,-16754.66764,14.45478088,22823.43483,2
288.2864341,-334.3443677,46.05793354,-18563.40371,11.41740909,27507.76201,2
358.5310456,-408.9319772,50.40093159,-19506.02792,7.846802365,30908.79349,2
412.0535858,-464.4454977,52.39191194,-19538.57423,3.909501632,32867.89772,2
446.3576465,-498.2956575,51.93801096,-18659.52462,-0.210848766,33293.69784,2
459.8432115,-508.9036111,49.06039962,-16909.87988,-4.32206665,32166.33358,2
451.8812845,-495.7745806,43.89329601,-14371.24726,-8.232395803,29538.38769,2
422.8432272,-459.5209324,36.67770516,-11162.03416,-11.7594499,25532.43332,2
374.083438,-401.833616,27.75017802,-7431.92528,-14.73871939,20335.31692,2
307.8761799,-325.4032938,17.52711397,-3354.90105,-17.03124461,14189.44337,2
227.3095039,-233.794843,6.485339071,878.8772081,-18.53009714,7381.469625,2
136.1412158,-131.2810817,-4.860134149,5071.936825,-19.16536718,228.9344651,2
38.62360359,-22.64347557,-15.98012802,9028.704336,-18.90742431,-6934.552248,2
-60.69489837,87.05088009,-26.35598171,12564.62746,-17.76829952,-13774.86984,2
-157.1818583,192.685601,-35.50374273,15514.78301,-15.80112403,-19972.97097,2
-246.3369137,289.3336531,-42.99673949,17741.56928,-13.09765118,-25239.76264,2
-324.001678,372.4871603,-48.48548223,19141.1241,-9.783976789,-29329.59019,2
-386.5536972,438.2676612,-51.71396398,19648.16916,-6.014657841,-32051.69512,2
-431.0754084,483.6070097,-52.53160126,19239.05477,-1.965503562,-33279.11251,2
-455.4902219,506.3904796,-50.90025767,17932.86291,2.174624687,-32954.59292,2
-458.6593774,505.5554,-46.8960226,15790.51721,6.212622322,-31093.27265,2
-440.4350587,481.140721,-40.70566229,12911.94134,9.960148353,-27781.96774,2
-401.6672877,434.2851963,-32.61790863,9431.398376,13.24241002,-23175.12466,2
-344.1642779,367.17427,-23.00999209,5511.228421,15.90631551,-17487.61664,2
-270.6080954,282.9381422,-12.33004684,1334.276759,17.82761449,-10984.72146,2
-184.4295611,185.5057699,-1.076208823,-2904.63447,18.91669342,-3969.748339,2
-89.64823003,79.42161162,10.22661841,-7007.793198,19.12275531,3230.109056,2
9.315089507,-30.36633584,21.05124634,-10783.81915,18.43618903,10279.03366,2
107.8445322,-138.7373229,30.89279071,-14056.59023,16.88901757,16848.24826,2
201.3444696,-240.63669,39.29222044,-16673.45726,14.55340441,22631.35033,2
285.4538605,-331.3116283,45.8577678,-18512.36386,11.5382877,27358.60337,2
356.2496593,-406.5328606,50.28320137,-19487.53941,7.984299092,30809.51799,2
410.4297952,-462.7919044,52.36210928,-19553.4996,4.057204424,32823.136,2
445.4671883,-497.4647151,51.99752676,-18707.16791,-0.059828001,33305.53787,2
459.7276183,-508.934077,49.20645876,-16988.0191,-4.174770762,32234.22332,2
452.5459473,-496.6650341,44.11908682,-14476.23805,-8.095693905,29659.16081,2
424.2571443,-461.2298414,36.97269711,-11288.9797,-11.63971698,25700.4569,2
376.1806608,-404.2812737,28.10061286,-7574.904753,-14.64153896,20542.75417,2
310.5588889,-328.4755364,17.9166475,-3507.245784,-16.96114829,14426.61916,2
230.4525714,-237.3483748,6.895803443,724.2727046,-18.49035329,7637.321762,2
139.5980417,-135.1501587,-4.447883059,4922.283444,-19.15782845,491.5296431,2
42.23295369,-26.64763603,-15.58531766,8890.982039,-18.93244123,-6677.461843,2
-57.10137249,83.09839856,-25.99702607,12445.25971,-17.82470417,-13535.27527,2
-153.7717669,188.9691504,-35.19738344,15419.33719,-15.88628448,-19762.04724,2
-243.2693113,286.0265763,-42.75726497,17674.49699,-13.20759426,-25067.34751,2
-321.4196448,369.7437061,-48.32406127,19105.55353,-9.913573439,-29203.72527,2
-384.5776652,436.21579,-51.63812476,19645.75921,-6.157862299,-31978.25083,2
-429.7975445,482.3424248,-52.54488026,19269.91764,-2.115635371,-33261.51425,2
-454.9701289,505.9721635,-51.00203468,17995.55889,2.02456909,-32993.66131,2
-458.9213139,506.0028636,-47.08154968,15882.12182,6.069642947,-31187.18527,2
-441.4668078,482.433093,-40.96628521,13028.18175,9.830915157,-27926.34408,2
-403.4207268,436.3621973,-32.94147054,9566.852673,13.13295181,-23363.23051,2
-346.5576233,369.9390238,-23.38140051,5659.578523,15.82173874,-17710.67813,2
-273.5297165,286.2616942,-12.73197764,1488.603094,17.7718651,-11232.33431,2
-187.7431876,189.2331018,-1.489914234,-2751.530219,18.89237276,-4230.36316,2
-93.19930758,83.37887224,9.820435349,-6863.052347,19.13099885,2968.648115,2
5.692190518,-26.36372225,20.67153173,-10654.19293,18.47661335,10028.92191,2
104.3187913,-134.8760474,30.55725612,-13948.12489,16.95973828,16621.15165,2
198.0803346,-237.0968514,39.01651676,-16591.21206,14.65112404,22437.86134,2
282.6035774,-328.2583327,45.65475531,-18460.17509,11.65844947,27207.74696,2
353.9461711,-404.1085209,50.16234983,-19467.84147,8.121299484,30708.33062,2
408.7805412,-461.1095975,52.32905632,-19567.21144,4.204654527,32776.33747,2
444.549093,-496.6029078,52.05381487,-18753.65019,0.091195507,33315.31116,2
459.5835031,-508.9329664,49.34946339,-17065.10398,-4.027216829,32300.11279,2
453.1825337,-497.5246725,44.34213875,-14580.33032,-7.958490697,29778.09343,2
425.6447401,-462.9101337,37.26539355,-11415.22447,-11.51926286,25866.88558,2
378.2545451,-406.7038478,28.44930265,-7717.413891,-14.5434511,20748.91653,2
313.2223308,-331.5273986,18.30506783,-3659.372552,-16.89000063,14662.89952,2
233.5813417,-240.8871801,7.305838363,569.6236327,-18.44946321,7892.699693,2
143.0462075,-139.0108498,-4.035357628,4772.325039,-19.14910208,754.0939587,2
45.83968435,-30.65014238,-15.18954197,8752.708488,-18.95628451,-6419.957517,2
-53.50430308,79.1407622,-25.63645912,12325.1202,-17.88000389,-13294.8413,2
-150.3521344,185.2409764,-34.88884202,15322.93508,-15.97046026,-19549.89779,2
-240.1866152,282.7017545,-42.5151393,17606.32849,-13.31671888,-24893.37749,2
-318.8176691,366.9773129,-48.15964377,19068.79798,-10.04255599,-29076.04884,2
-382.5777722,434.1368556,-51.55908339,19642.13075,-6.300685674,-31902.82288,2
-428.493014,481.0479149,-52.55490085,19299.58532,-2.265636888,-33241.85272,2
-454.4218074,505.5224564,-51.100649,18057.13874,1.874386917,-33030.68306,2
-459.1547768,506.4189342,-47.26415731,15972.74143,5.926286027,-31279.16331,2
-442.4711663,483.6955344,-41.2243681,13143.61422,9.701071057,-28068.98817,2
-405.1491358,438.4121261,-33.26299029,9701.713784,13.02267783,-23549.88722,2
-348.9294665,372.6808264,-23.75135991,5807.577857,15.73617938,-17932.64117,2
-276.4343663,289.5674865,-13.13312013,1642.837439,17.71501212,-11479.25065,2
-191.0451652,192.9486941,-1.903528824,-2598.254889,18.86687901,-4490.715884,2
-96.74460201,87.33096062,9.413641389,-6717.885327,19.13805448,2707.002625,2
2.068939173,-22.35947217,20.290533,-10523.90532,18.51589037,9778.187571,2
100.7865789,-131.006403,30.21982406,-13838.7938,17.0294058,16393.02345,2
194.803911,-233.5423018,38.73839079,-16507.93712,14.7479337,22242.97989,2
279.7357617,-325.1846703,45.44890865,-18406.84063,11.77788695,27055.20214,2
351.6207239,-401.6591084,50.03838447,-19446.93532,8.257795042,30605.23766,2
407.1059262,-459.3986813,52.2927551,-19579.70892,4.351842796,32727.50505,2
443.6034174,-495.7102892,52.10687181,-18798.96857,0.24221239,33323.01713,2
459.4108749,-508.9002795,49.48940463,-17141.12973,-3.879414002,32363.99792,2
453.7910043,-498.3534422,44.56243796,-14683.51762,-7.820794689,29895.17818,2
427.0059286,-464.561705,37.55577633,-11540.76064,-11.39809503,26031.70905,2
380.3049623,-409.1011881,28.79622575,-7859.443853,-14.44446189,20953.7912,2
315.8663404,-334.5586912,18.69235083,-3811.271915,-16.81780603,14898.26979,2
236.6956209,-244.4110393,7.715418392,414.9395868,-18.40742945,8147.587573,2
146.485499,-142.8629155,-3.622583449,4622.070913,-19.13918862,1016.611122,2
49.4435718,-34.6507463,-14.79282549,8613.892263,-18.97895265,-6162.055246,2
-49.90391332,75.17821655,-25.27430323,12204.21637,-17.93419525,-13053.58285,2
-146.9231727,181.5013104,-34.57813763,15225.58266,-16.05364616,-19336.53578,2
-237.0890163,279.3593938,-42.27037749,17537.06802,-13.42501826,-24717.8634,2
-316.1959123,364.1881522,-47.99223994,19030.85971,-10.17091644,-28946.56881,2
-380.5541423,432.030987,-51.47684478,19637.28401,-6.443119103,-31825.41597,2
-427.1618979,479.7235603,-52.5616624,19328.05597,-2.415498804,-33220.12914,2
-453.8452916,505.0413862,-51.19609452,18117.59865,1.724087486,-33065.65586,2
-459.3597518,506.803586,-47.44383417,16062.37042,5.782560459,-31369.20108,2
-443.4480719,484.9279669,-41.47989493,13258.2316,9.570624111,-28209.89115,2
-406.8524075,440.4348555,-33.58244794,9835.973342,12.91159492,-23735.08319,2
-351.2796603,375.3995077,-24.11984733,5955.217241,15.64964275,-18153.49199,2
-279.3218646,292.8553141,-13.53344943,1796.970225,17.6570591,-11725.45516,2
-194.3352891,196.6523161,-2.31702693,-2444.817989,18.84021373,-4750.790358,2
-100.2838933,91.27763157,9.006261764,-6572.301144,19.14392177,2445.188819,2
-1.554439732,-18.35383404,19.90827377,-10392.96442,18.55401765,9526.846199,2
97.24811435,-127.1286298,29.88051547,-13728.60374,17.09801581,16163.87782,2
191.515402,-229.9732618,38.45785976,-16423.63762,14.8438274,22046.71805,2
276.8505911,-322.0908317,45.2402406,-18352.36379,11.89659273,26900.97838,2
349.2734621,-399.184775,49.91131297,-19424.82227,8.393777298,30500.2455,2
405.406054,-457.6592619,52.25320789,-19590.99125,4.4987601,32676.64175,2
442.6302203,-494.7869146,52.15669428,-18843.12025,0.393213281,33328.65527,2
459.2097444,-508.8360182,49.62627379,-17216.09163,-3.731371452,32425.87472,2
454.3713212,-499.151292,44.77997078,-14785.79355,-7.682614424,30010.40777,2
428.3406253,-466.1844528,37.84382743,-11665.58043,-11.276221,26194.91708,2
382.3317852,-411.4731458,29.14136064,-8000.985827,-14.34457747,21157.36547,2
318.4907536,-337.5692261,19.0784725,-3962.93445,-16.74456897,15132.71536,2
239.7952156,-247.9197337,8.124518119,260.2301638,-18.36425461,8401.969589,2
149.915703,-146.7061168,-3.209586132,4471.530388,-19.12808868,1279.064846,2
53.04439243,-38.64919959,-14.39519285,8474.541976,-19.00044425,-5903.771031,2
-46.30042659,71.21100746,-24.91058088,12082.55572,-17.98727489,-12811.51488,2
-143.4850948,177.7503843,-34.26528953,15127.28598,-16.13583701,-19121.97445,2
-233.9767071,275.9997018,-42.02299473,17466.71986,-13.53248567,-24540.8161,2
-313.554537,361.3763972,-47.82186016,18991.74108,-10.29864683,-28815.29324,2
-378.5069009,429.8983149,-51.39141402,19631.21928,-6.585153749,-31746.03489,2
-425.8042786,478.3694432,-52.56516451,19355.32782,-2.56521182,-33196.34487,2
-453.2406173,504.5289826,-51.28836531,18176.93486,1.573680123,-33098.57754,2
-459.5362261,507.1567951,-47.62056909,16151.00322,5.638475161,-31457.29298,2
-444.3974641,486.1303139,-41.73284986,13372.02676,9.439582414,-28349.04428,2
-408.5304362,442.4302599,-33.89982365,9969.623017,12.79970998,-23918.80693,2
-353.6080591,378.094899,-24.4868399,6102.487513,15.5621342,-18373.21688,2
-282.1920322,296.1249729,-13.93294069,1950.991889,17.59800962,-11970.93255,2
-197.6133551,200.343738,-2.730382897,-2291.229039,18.8123786,-5010.570447,2
-103.816962,95.21864022,8.598321752,-6426.308831,19.14860036,2183.222941,2
-5.177721395,-14.34705637,19.52477776,-10261.37834,18.59099282,9274.91339,2
93.70361702,-123.2429684,29.53935139,-13617.56156,17.16556404,15933.72898,2
188.2150117,-226.3899528,38.17494108,-16338.31879,14.93879918,21849.08801,2
273.9482448,-318.977009,45.02876411,-18296.74796,12.01455946,26745.08524,2
346.9045312,-396.6856744,49.78114323,-19401.50368,8.529237819,30393.36066,2
403.6810302,-455.8914473,52.21041713,-19601.05774,4.645397325,32623.75075,2
441.629562,-493.8328412,52.2032792,-18886.10249,0.544188813,33332.22525,2
458.9801242,-508.7401866,49.7600624,-17289.98503,-3.583098361,32485.73938,2
454.9234486,-499.9181723,44.99472371,-14887.15176,-7.543958471,30123.77508,2
429.6487474,-467.7782764,38.12952898,-11789.67608,-11.15364832,26356.49954,2
384.334888,-413.8195739,29.48468591,-8142.031032,-14.24380404,21359.62672,2
321.0954076,-340.5588164,19.46340888,-4114.350747,-16.670294,15366.22169,2
242.8799336,-251.4130458,8.533112165,105.5049619,-18.31994136,8655.829959,2
153.3366066,-150.5402153,-2.796391298,4320.712804,-19.11580294,1541.438848,2
56.64192286,-42.64525416,-13.9966687,8334.666273,-19.02075797,-5645.120895,2
-42.69406645,67.23938106,-24.54531461,11960.14581,-18.03923952,-12568.65242,2
-140.0381139,173.988431,-33.95031713,15028.05112,-16.21702772,-18906.2271,2
-230.8498805,272.6228869,-41.77300637,17395.28839,-13.63911446,-24362.2466,2
-310.8937072,358.5422222,-47.64851499,18951.44451,-10.42573922,-28682.23025,2
-376.4361752,427.7389716,-51.30279642,19623.93695,-6.726780796,-31664.68457,2
-424.4202406,476.9856475,-52.56540695,19381.39918,-2.714766647,-33170.50137,2
-452.6078218,503.9852775,-51.37745565,18235.1437,1.423174163,-33129.44607,2
-459.6841886,507.4785398,-47.79435113,16238.63434,5.494039074,-31543.43356,2
-445.3192838,487.302501,-41.98321718,13484.99266,9.307954097,-28486.43892,2
-410.1831178,444.3982156,-34.21509775,10102.65452,12.68702994,-24101.04706,2
-355.9145182,380.7668331,-24.85231486,6249.379537,15.47365917,-18591.80222,2
-285.0446911,299.3762602,-14.33156913,2104.892875,17.53786735,-12215.6676,2
-200.8791599,204.0227309,-3.143571078,-2137.497569,18.78337534,-5270.040032,2
-107.3435887,99.15374207,8.189846663,-6279.917447,19.15208996,1921.121244,2
-8.800681016,-10.33938775,19.14006877,-10129.15526,18.62681359,9022.404775,2
90.15330688,-119.3496599,29.196353,-13505.67415,17.23204632,15702.5912,2
184.9029449,-222.7925972,37.88965232,-16251.98592,15.03284316,21650.10203,2
271.0289029,-315.8433952,44.81449231,-18239.99659,12.1317798,26587.5324,2
344.5140782,-394.1619615,49.64788332,-19376.98101,8.664168201,30284.58977,2
401.9309617,-454.0953472,52.16438549,-19609.90775,4.791745375,32568.83531,2
440.6015046,-492.8481283,52.24662367,-18927.91262,0.695129619,33333.72685,2
458.7220283,-508.6127905,49.89076214,-17362.80534,-3.434603927,32543.58816,2
455.4473521,-500.6540355,45.20668344,-14987.58597,-7.404835434,30235.27306,2
430.9302138,-469.3430771,38.41286327,-11913.03991,-11.0303846,26516.44641,2
386.3141464,-416.1403267,29.82618026,-8282.570717,-14.14214785,21560.5624,2
323.6801407,-343.5272768,19.84713608,-4265.511413,-16.59498572,15598.7743,2
245.9495835,-254.8907587,8.941175181,-49.22641949,-18.27449246,8909.152932,2
156.7479976,-154.364973,-2.383024582,4169.627517,-19.10233217,1803.716849,2
60.23593986,-46.63866209,-13.59727777,8194.27383,-19.03989256,-5386.120887,2
-39.08505666,63.26358377,-24.17852711,11836.99422,-18.09008591,-12325.01054,2
-136.5824438,170.2156838,-33.63323998,14927.88425,-16.29721324,-18689.30713,2
-227.7087305,269.2291585,-41.52042791,17322.77804,-13.74489801,-24182.16596,2
-308.2135879,355.6858031,-47.4722152,18909.97252,-10.55218574,-28547.3881,2
-374.3420935,425.553091,-51.21099746,19615.43747,-6.867991458,-31581.37005,2
-423.0098696,475.5722593,-52.5623897,19406.26844,-2.864154004,-33142.60025,2
-451.9469446,503.4103046,-51.46336001,18292.22154,1.272578943,-33158.25952,2
-459.8036304,507.7687999,-47.96516949,16325.25833,5.349261162,-31627.61746,2
-446.2134739,488.4444553,-42.23098136,13597.12228,9.175747328,-28622.06655,2
-411.8103497,446.3386004,-34.52825066,10235.05959,12.57356181,-24281.79226,2
-358.1988947,383.4151442,-25.21624953,6395.884199,15.38422316,-18809.23443,2
-287.8796642,302.6089742,-14.72931001,2258.663634,17.47663602,-12459.64512,2
-204.1325007,207.6890665,-3.556565836,-1983.633116,18.75320574,-5529.183015,2
-110.8635548,103.082693,7.780861841,-6133.136074,19.15439034,1658.899991,2
-12.42309382,-6.331076843,18.75417066,-9996.303365,18.66147775,8769.336021,2
86.59740418,-115.4489458,28.85154157,-13392.94844,17.29745851,15470.47882,2
181.5794069,-219.1814181,37.60201117,-16164.64436,15.1259535,21449.77246,2
268.0927464,-312.6901848,44.59743848,-18182.11319,12.2482465,26428.32963,2
342.1022514,-391.6137929,49.51154151,-19351.25577,8.798560074,30173.93957,2
400.1559572,-452.271073,52.11511581,-19617.54076,4.937795172,32511.89886,2
439.546112,-491.832837,52.28672501,-18968.54804,0.846026337,33333.15997,2
458.435473,-508.4538379,50.01836491,-17434.54806,-3.285897361,32599.41749,2
455.9429992,-501.358836,45.41583681,-15087.08994,-7.265253941,30344.8948,2
432.1849449,-470.8787576,38.6938127,-12035.66425,-10.90643748,26674.74776,2
388.2694377,-418.4352602,30.16582249,-8422.596164,-14.0396152,21760.16004,2
326.2447927,-346.474423,20.2296303,-4416.407069,-16.51864881,15830.35875,2
249.0039748,-258.3526566,9.348681849,-203.9543808,-18.22791072,9161.922793,2
160.1496644,-158.1801527,-1.969511629,4018.283902,-19.0876772,2065.882578,2
63.82622047,-50.62917562,-13.19704485,8053.373359,-19.05784682,-5126.787074,2
-35.47362112,59.28386224,-23.81024112,11713.1086,-18.13981089,-12080.60434,2
-133.118299,166.4323767,-33.31407775,14826.79157,-16.37638859,-18471.22798,2
-224.5534521,265.8187272,-41.26527503,17249.1933,-13.84982974,-24000.58536,2
-305.5143454,352.8073171,-47.29297172,18867.32767,-10.67797852,-28410.77516,2
-372.2247859,423.3408088,-51.11602286,19605.72135,-7.008776971,-31496.0965,2
-421.5732531,474.129366,-52.55611296,19429.93404,-3.013364621,-33112.64324,2
-451.2580266,502.8040997,-51.54607305,18348.16485,1.12190381,-33185.01611,2
-459.8945439,508.0275575,-48.13301357,16410.86983,5.204150407,-31709.83946,2
-447.0799789,489.556106,-42.47612703,13708.40866,9.042970312,-28755.91876,2
-413.412031,448.251294,-34.83926296,10366.83001,12.45931262,-24461.03131,2
-360.4610467,386.0396681,-25.57862133,6541.992409,15.2938317,-19025.50004,2
-290.6967757,305.8229144,-15.12613866,2412.294625,17.41431944,-12702.84997,2
-207.3731758,211.3425174,-3.969341548,-1829.645228,18.72187168,-5787.983318,2
-114.3766418,107.0052492,7.371392661,-5985.973818,19.15550138,1396.57545,2
-16.04473506,-2.322372324,18.36710739,-9862.83091,18.69498314,8515.722829,2
83.03612955,-111.5410681,28.50493851,-13279.39143,17.36179656,15237.40625,2
178.2446041,-215.5566396,37.31203548,-16076.29954,15.21812443,21248.11172,2
265.1399574,-309.5175735,44.37761609,-18123.10135,12.36395232,26267.48682,2
339.6692005,-389.0413268,49.37212626,-19324.32956,8.932405102,30061.41694,2
398.3561267,-450.4187378,52.06261116,-19623.95627,5.083537656,32452.94491,2
438.4634495,-490.7870302,52.32358073,-19008.00623,0.996869606,33330.52464,2
458.1204759,-508.2633387,50.1428628,-17505.20872,-3.136987889,32653.2239,2
456.4103591,-502.03253,45.62217085,-15185.6575,-7.125222651,30452.6335,2
433.4128629,-472.3852227,38.97235986,-12157.5415,-10.78181466,26831.39377,2
390.2006405,-420.704232,30.50359155,-8562.098684,-13.93621246,21958.40725,2
328.7892044,-349.4000722,20.6108678,-4567.028353,-16.44128799,16060.96068,2
252.042918,-261.7985249,9.755606889,-358.6693224,-18.18019903,9414.123858,2
163.5413958,-161.9855177,-1.555878094,3866.691347,-19.07183894,2327.919768,2
67.41254193,-54.61654717,-12.79599476,7911.9736,-19.07461964,-4867.135547,2
-31.85998391,55.30046339,-23.44047948,11588.49663,-18.1884114,-11835.44899,2
-129.6458944,162.6387446,-32.99285023,14724.77937,-16.45454887,-18252.0032,2
-221.3842411,262.3918046,-41.00756355,17174.53874,-13.95390315,-23817.51606,2
-302.7961472,349.9069428,-47.11079566,18823.5126,-10.80310978,-28272.39991,2
-370.0843837,421.1022621,-51.01787848,19594.78921,-7.1491286,-31408.86921,2
-420.1104802,472.6570573,-52.5465771,19452.39453,-3.162389239,-33080.6322,2
-450.5411105,502.1667002,-51.62558965,18402.97015,0.971158112,-33209.71417,2
-459.9569235,508.2547965,-48.29787296,16495.46352,5.058715814,-31790.09447,2
-447.9187451,490.6373841,-42.71863899,13818.8449,8.909631288,-28887.98724,2
-414.9880623,450.1361777,-35.14811535,10497.95762,12.34428946,-24638.75311,2
-362.700834,388.6402418,-25.93940777,6687.695102,15.20249042,-19240.58561,2
-293.4958508,309.0178813,-15.52203045,2565.776316,17.35092146,-12945.26707,2
-210.6009842,214.9828568,-4.381872601,-1675.543458,18.68937511,-6046.424883,2
-117.8826318,110.9211673,6.96146453,-5838.439811,19.155423,1134.163896,2
-19.66538005,1.686477092,17.97890295,-9728.746173,18.72732768,8261.580933,2
79.46970393,-107.6262692,28.15656531,-13165.01017,17.42505649,15003.38794,2
174.8987433,-211.9184866,37.01974324,-15986.95694,15.30935023,21045.13232,2
262.1707193,-306.3257581,44.15503879,-18062.96475,12.4788901,26105.01393,2
337.2150764,-386.4447227,49.22964622,-19296.20405,9.065694981,29947.02885,2
396.5315819,-448.5384567,52.0068748,-19629.15389,5.228963785,32391.97713,2
437.3535844,-489.7107729,52.35718854,-19046.28476,1.147650069,33325.82103,2
457.7770565,-508.0413046,50.26424808,-17574.78295,-2.987884747,32705.00406,2
456.849403,-502.6750758,45.82567276,-15283.28254,-6.984750251,30558.48247,2
434.6138915,-473.862379,39.24848745,-12278.6641,-10.65652387,26986.37472,2
392.107635,-422.9471014,30.83946647,-8701.069623,-13.83194603,22155.29174,2
331.3132179,-352.3040428,20.99082495,-4717.365922,-16.36290807,16290.56578,2
255.0662246,-265.2281497,10.16192505,-513.3616458,-18.13136035,9665.740481,2
166.9229815,-165.7808318,-1.142149639,3714.859258,-19.05481836,2589.812164,2
70.99468173,-58.60052935,-12.39415238,7770.083327,-19.09020998,-4607.182415,2
-28.24436922,51.31363437,-23.06926515,11463.16605,-18.23588441,-11589.5597,2
-126.1654454,158.8350227,-32.66957736,14621.85397,-16.53168922,-18031.64638,2
-218.2012939,258.9486033,-40.74730946,17098.81899,-14.05711178,-23632.96943,2
-300.0591619,346.9848602,-46.92569834,18778.53004,-10.92757174,-28132.27092,2
-367.9210196,418.83759,-50.91657044,19582.64172,-7.289037634,-31319.6936,2
-418.6216418,471.1554246,-52.53378273,19473.6485,-3.311218611,-33046.56911,2
-449.7962409,501.4981458,-51.70190487,18456.63405,0.820351204,-33232.35218,2
-459.9907654,508.4505028,-48.45973744,16579.03415,4.912966408,-31868.3775,2
-448.7297205,491.6882226,-42.95850217,13928.42414,8.775738529,-29018.2638,2
-416.5383459,451.9931345,-35.45478866,10628.43426,12.22849948,-24814.94661,2
-364.9181176,391.216704,-26.29858647,6832.983238,15.11020498,-19454.47782,2
-296.2767158,312.1936767,-15.91696083,2719.099185,17.28644604,-13186.88138,2
-213.8157255,218.6098589,-4.794133402,-1521.337368,18.65571805,-6304.491677,2
-121.3813072,114.8302043,6.551102881,-5690.543207,19.15415521,871.681612,2
-23.28480414,5.695222686,17.58958145,-9594.057473,18.75850938,8006.926103,2
75.8983486,-103.7047922,27.8064436,-13049.81175,17.48723435,14768.43842,2
171.5420322,-208.2671847,36.72515259,-15896.6221,15.39962523,20840.84686,2
259.1852163,-303.1149366,43.92972038,-18001.7071,12.59305269,25940.92106,2
334.7400314,-383.8241417,49.08411024,-19266.88099,9.198421445,29830.78241,2
394.6824361,-446.6303462,51.94791018,-19633.1333,5.37406454,32328.9993,2
436.2165855,-488.6041319,52.38754637,-19083.38123,1.298358373,33319.04944,2
457.4052363,-507.7877495,50.38251323,-17643.26643,-2.838597185,32754.75474,2
457.2601035,-503.2864334,46.02632991,-15379.95899,-6.843845454,30662.43514,2
435.7879564,-475.3101348,39.52217836,-12399.02454,-10.53057287,27139.68101,2
393.9903028,-425.1637293,31.17342642,-8839.50036,-13.72682239,22350.80129,2
333.8166766,-355.1861548,21.36947815,-4867.410447,-16.2835139,16519.15981,2
258.073707,-268.6413182,10.56761114,-668.0217537,-18.08139771,9916.757051,2
170.2942116,-169.5658597,-0.72835193,3562.797055,-19.03661654,2851.543516,2
74.57241763,-62.58087499,-11.99154264,7627.711343,-19.10461686,-4346.943804,2
-24.62700138,47.32362252,-22.69662115,11337.12463,-18.28222696,-11342.95174,2
-122.6771679,155.0214471,-32.34427919,14518.02176,-16.60780486,-17810.17119,2
-215.0048081,255.489337,-40.4845289,17022.03875,-14.15944923,-23446.95691,2
-297.3035593,344.0412505,-46.73769123,18732.38277,-11.05135668,-27990.3969,2
-365.7348279,416.5469329,-50.812105,19569.27964,-7.428495392,-31228.5752,2
-417.1068302,469.6245608,-52.51773062,19493.69464,-3.459843501,-33010.45608,2
-449.0234639,500.7984778,-51.77501397,18509.15322,0.669492444,-33252.92873,2
-459.9960674,508.6146643,-48.61859695,16661.57654,4.766911234,-31944.68369,2
-449.5128546,492.7085563,-43.1957017,14037.1396,8.641300345,-29146.74035,2
-418.0627854,453.8220493,-35.75926387,10758.25186,12.11194985,-24989.60089,2
-367.1127598,393.768895,-26.65613514,6977.847803,15.01698111,-19667.16338,2
-299.0391983,315.3501035,-16.31090528,2872.253719,17.22089716,-13427.6779,2
-217.0172003,222.2232986,-5.20609837,-1367.036525,18.62090258,-6562.167688,2
-124.872451,118.7321178,6.140333175,-5542.293181,19.15169809,609.1448818,2
-26.90278278,9.703615743,17.19916704,-9458.773168,18.78852629,7751.774137,2
72.32228513,-99.77688022,27.45459509,-12933.80331,17.54832631,14532.57226,2
168.1746789,-204.6029607,36.4282818,-15805.30063,15.48894385,20635.26802,2
256.1836334,-299.8853083,43.70167485,-17939.33222,12.70643303,25775.21837,2
332.2442191,-381.1797464,48.93552733,-19236.3622,9.330576259,29712.68482,2
392.8088039,-444.6945248,51.88572097,-19635.89426,5.518830919,32264.01533,2
435.0525233,-487.4671757,52.41465232,-19119.29336,1.448985168,33310.21028,2
457.0050382,-507.5026891,50.4976509,-17710.6549,-2.689134463,32802.47286,2
457.6424352,-503.866565,46.22412986,-15475.68087,-6.702517002,30764.48507,2
436.9349846,-476.7284002,39.79341559,-12518.61534,-10.40396949,27291.30311,2
395.8485273,-427.353978,31.50545068,-8977.382305,-13.62084805,22544.92378,2
336.2994253,-358.0462292,21.74680393,-5017.15262,-16.20311042,16746.72857,2
261.0651787,-272.0378186,10.97263997,-822.6400508,-18.0303142,10167.158,2
173.654877,-173.3403664,-0.314510641,3410.51417,-19.01723458,3113.097587,2
78.14552766,-66.55733714,-11.58819052,7484.86648,-19.1178394,-4086.435863,2
-21.00810481,43.3306754,-22.32257059,11210.38018,-18.3274362,-11095.64039,2
-119.1812785,151.1982544,-32.0169759,14413.28918,-16.68289106,-17587.59137,2
-211.7949821,252.0142203,-40.21923819,16944.20278,-14.26090914,-23259.49004,2
-294.5295104,341.0762964,-46.54678599,18685.07366,-11.17445691,-27846.78665,2
-363.5259443,414.2304329,-50.70448865,19554.70379,-7.567493221,-31135.51966,2
-415.5661394,468.0645612,-52.49842179,19512.5317,-3.608254688,-32972.29537,2
-448.2228275,500.0677399,-51.84491243,18560.5244,0.518591193,-33271.44255,2
-459.9728292,508.7472709,-48.77444164,16743.08557,4.620559353,-32019.00831,2
-450.268099,493.6983218,-43.43022286,14144.98452,8.506325078,-29273.40892,2
-419.5612865,455.6228086,-36.06152209,10887.40235,11.99464781,-25162.70512,2
-369.2846246,396.2966562,-27.01203161,7122.279808,14.92282458,-19878.6291,2
-301.7831267,318.4869661,-16.70383937,3025.230415,17.15427889,-13667.6417,2
-220.20521,225.8229519,-5.617741946,-1212.650502,18.58493086,-6819.436928,2
-128.3558466,122.6266657,5.729180899,-5393.698931,19.1480518,346.5699947,2
-30.51909151,13.71140757,16.80768393,-9322.901649,18.81737655,7496.140866,2
68.74173539,-95.842777,27.10104162,-12816.99207,17.60832857,14295.80409,2
164.7968924,-200.9260416,36.12914929,-15712.99819,15.57730054,20428.40855,2
253.1661571,-296.6370734,43.47091633,-17875.84397,12.81902406,25607.91616,2
329.7277941,-378.5117009,48.78390673,-19204.64956,9.462151225,29592.74341,2
390.9108015,-442.7311126,51.82031102,-19637.43659,5.663253941,32197.02924,2
433.8614702,-486.2999749,52.43850472,-19154.01891,1.599521111,33299.3041,2
456.5764871,-507.186141,50.60965395,-17776.9442,-2.539505853,32848.15547,2
457.9963743,-504.4154346,46.41906033,-15570.44223,-6.56077366,30864.62593,2
438.054905,-478.1170874,40.06218233,-12637.42909,-10.27672156,27441.23162,2
397.6821931,-429.5177117,31.83551865,-9114.706905,-13.51402959,22737.64715,2
338.7613098,-360.8840887,22.12277887,-5166.583151,-16.1217026,16973.25797,2
264.0404539,-275.4174403,11.37698642,-977.2069445,-17.978113,10416.92778,2
177.0047692,-177.1041178,0.099348554,3258.020053,-18.99667369,3374.458149,2
81.71379012,-70.52966907,-11.18412105,7341.5576,-19.12987677,-3825.674751,2
-17.38790405,39.33504074,-21.9471367,11082.94058,-18.3715093,-10847.641,2
-115.6779939,147.3656817,-31.6876878,14307.66272,-16.75694316,-17363.92074,2
-208.572015,248.5234687,-39.95145377,16865.31592,-14.36148522,-23070.58045,2
-291.7371873,338.0901818,-46.35299448,18636.60565,-11.29686481,-27701.44907,2
-361.2945057,411.8882338,-50.59372806,19538.91508,-7.706022494,-31040.53275,2
-413.9996649,466.4755223,-52.47585741,19530.15852,-3.756442961,-32932.08933,2
-447.3943813,499.3059772,-51.91159589,18610.74439,0.367656814,-33287.89248,2
-459.9210523,508.8483141,-48.92726184,16823.55617,4.473919848,-32091.34676,2
-450.9954067,494.6574578,-43.6620511,14251.95221,8.370821103,-29398.26166,2
-421.0337561,457.3953006,-36.36154457,11015.87772,11.87660063,-25334.24854,2
-371.4335772,398.799831,-27.36625378,7266.270292,14.82774126,-20088.86186,2
-304.5083309,321.6040696,-17.09573871,3178.019783,17.08659538,-13906.75788,2
-223.3795567,229.4085953,-6.029038588,-1058.188879,18.54780514,-7076.283436,2
-131.8312778,126.5136063,5.317671564,-5244.769678,19.14321656,83.97324159,2
-34.13350595,17.71834952,16.41515643,-9186.451349,18.84505839,7240.042151,2
65.15692152,-91.90272664,26.74580512,-12699.38526,17.66723742,14058.14862,2
161.4088822,-197.2366558,35.82777363,-15619.72051,15.66468982,20220.28127,2
250.1329745,-293.3704336,43.23745917,-17811.24629,12.93081882,25439.02481,2
327.1909128,-375.8201707,48.62925783,-19171.74506,9.593138183,29470.96562,2
388.9885469,-440.7402313,51.75168439,-19637.76019,5.807324648,32128.04521,2
432.6434999,-485.102602,52.45910209,-19187.55573,1.749956864,33286.33158,2
456.1196095,-506.838125,50.71851544,-17842.1302,-2.389720637,32891.79973,2
458.3218988,-504.9330081,46.61110923,-15664.2372,-6.418624222,30962.85149,2
439.1476481,-479.47611,40.3284619,-12755.45841,-10.14883699,27589.45724,2
399.4911864,-431.6547962,32.16360985,-9251.465639,-13.40637364,22928.95945,2
341.2021775,-363.6995572,22.49737965,-5315.692769,-16.03929551,17198.73393,2
266.9993482,-278.7799736,11.78062541,-1131.712845,-17.92479733,10666.0509,2
180.3436804,-180.8568804,0.51319998,3105.324165,-18.97493516,3635.608987,2
85.27698364,-74.49762435,-10.77935929,7197.793595,-19.14072822,-3564.676648,2
-13.76662369,35.33696644,-21.57034274,10954.81373,-18.41444354,-10598.96895,2
-112.1675315,143.5239668,-31.35643532,14201.14894,-16.82995657,-17139.17316,2
-205.3361066,245.0172989,-39.68119227,16785.38305,-14.46117122,-22880.23987,2
-288.9267633,335.083092,-46.15632871,18586.98173,-11.41857277,-27554.39318,2
-359.0406507,409.5204808,-50.47983011,19521.91448,-7.844074617,-30943.62036,2
-412.407504,464.8575429,-52.45003891,19546.574,-3.904399125,-32889.84046,2
-446.5381768,498.513237,-51.97506022,18659.81009,0.216698675,-33302.2775,2
-459.8407399,508.9177879,-49.07704807,16902.98336,4.327001819,-32161.69453,2
-451.6947326,495.5859047,-43.89117204,14358.03603,8.23479683,-29521.29081,2
-422.4801027,459.1394154,-36.65931268,11143.67001,11.75781565,-25504.22053,2
-373.5594843,401.278264,-27.71877968,7409.810322,14.73173703,-20297.84862,2
-307.2146418,324.7012208,-17.486579,3330.612342,17.01785082,-14145.01162,2
-226.5400436,232.9800064,-6.439962777,-903.6612387,18.5095277,-7332.691276,2
-135.2985291,130.3926984,4.9058307,-5095.51466,19.13719267,-178.6290849,2
-37.74580186,21.72419298,16.02160888,-9049.430732,18.87157007,6983.49388,2
61.56806594,-87.95697357,26.38890763,-12580.99018,17.72504918,13819.62057,2
158.0108586,-193.5350321,35.52417352,-15525.47337,15.75110627,20010.89912,2
247.0842737,-290.0855915,43.00131782,-17745.54318,13.04181037,25268.55478,2
324.6337325,-373.1053228,48.47159024,-19137.65072,9.723529007,29347.35902,2
387.0421591,-438.7220044,51.67984535,-19636.86505,5.951034103,32057.0675,2
431.398688,-483.8751312,52.47644315,-19219.90174,1.900283095,33271.29352,2
455.6344339,-506.4586625,50.82422861,-17906.20886,-2.239788107,32933.40292,2
458.6189887,-505.4192533,46.80026465,-15757.05995,-6.276077506,31059.15568,2
440.2131461,-480.8053839,40.59223778,-12872.69599,-10.02032371,27735.97078,2
401.275395,-433.7650989,32.48970393,-9387.650024,-13.29788687,23118.84882,2
343.6218769,-366.4924599,22.87058303,-5464.472223,-15.95589424,17423.14247,2
269.9416779,-282.1252098,12.1835319,-1286.148167,-17.87037052,10914.51191,2
183.6714033,-184.5984213,0.927017961,2952.435977,-18.95202031,3896.533899,2
88.83488715,-78.46095679,-10.37393035,7053.583384,-19.15039308,-3303.457747,2
-10.14448843,31.33670054,-21.19221211,10826.00757,-18.45623624,-10349.63968,2
-108.6501092,139.6733482,-31.02323901,14093.75444,-16.90192675,-16913.36259,2
-202.0874579,241.4959284,-39.40847044,16704.40913,-14.55996096,-22688.4801,2
-286.0984127,332.0552135,-45.95680088,18536.20499,-11.53957324,-27405.6281,2
-356.764519,407.1273209,-50.36280186,19503.70306,-7.981641021,-30844.78851,2
-410.7897555,463.2107233,-52.42096786,19561.77712,-4.052113999,-32845.55137,2
-445.6542671,497.6895685,-52.03530148,18707.71845,0.065726141,-33314.59673,2
-459.7318969,508.9556879,-49.22379103,16981.36221,4.179814381,-32230.04727,2
-452.3660335,496.4836049,-44.11757145,14463.22941,8.098260698,-29642.48875,2
-423.9002369,460.8550448,-36.95480795,11270.77127,11.63830024,-25672.61053,2
-375.662214,403.7318014,-28.06958744,7552.890991,14.63481786,-20505.57641,2
-309.9018915,327.7782275,-17.87633597,3482.998625,16.94804947,-14382.38812,2
-229.6864746,236.5369636,-6.850489019,-749.0771688,18.47010094,-7588.644539,2
-138.7573853,134.2637015,4.493683862,-4945.943139,19.1299805,-441.220692,2
-41.35575512,25.72868942,15.62706571,-8911.848301,18.89690997,6726.511972,2
57.97539132,-84.00576261,26.0303713,-12461.81418,17.78176029,13580.23476,2
154.6030324,-189.8214002,35.21836778,-15430.26263,15.83654453,19800.27507,2
244.0202439,-286.7827509,42.76250696,-17678.73873,13.15199182,25096.51666,2
322.0564119,-370.3673256,48.31091374,-19102.36867,9.853315608,29221.93126,2
385.071759,-436.6765573,51.60479835,-19634.75122,6.094373391,31984.10052,2
430.1271118,-482.6176386,52.49052683,-19251.05492,2.050490478,33254.19086,2
455.1209903,-506.0477772,50.92678691,-17969.17621,-2.089717563,32972.96248,2
458.8876254,-505.8741402,46.98651486,-15848.90472,-6.133142353,31153.53251,2
441.2513329,-482.1048265,40.8534936,-12989.13454,-9.891189693,27880.76313,2
403.0347082,-435.8484888,32.81378066,-9523.25161,-13.18857601,23307.30347,2
346.0202579,-369.2626237,23.24236585,-5612.912282,-15.87150398,17646.46967,2
272.8672605,-285.4529414,12.58568088,-1440.503329,-17.81483593,11162.2954,2
186.9877316,-188.3285084,1.340776823,2799.364977,-18.92793058,4157.216696,2
92.3872799,-82.4194205,-9.967859396,6908.935913,-19.15887075,-3042.034253,2
-6.521722974,27.33449124,-20.81276827,10696.53011,-18.49688482,-10099.66866,2
-105.1259451,135.8140647,-30.68811953,13985.4859,-16.97284924,-16686.50304,2
-198.8262704,237.9595756,-39.1333052,16622.39919,-14.65784832,-22495.31304,2
-283.2523109,329.0067343,-45.75442337,18484.27858,-11.65985871,-27255.16307,2
-354.4662519,404.7089025,-50.24265057,19484.28195,-8.118713172,-30744.04334,2
-409.1465196,461.5351657,-52.38864608,19575.76694,-4.199578418,-32799.22483,2
-444.742707,496.8350229,-52.09231594,18754.4665,-0.085251418,-33324.84939,2
-459.5945301,508.9620117,-49.36748162,17058.68785,4.032366669,-32296.40073,2
-453.0092675,497.3505028,-44.3412353,14567.52582,7.961221181,-29761.84794,2
-425.2940703,462.5420823,-37.24801206,11397.17363,11.5180618,-25839.4081,2
-377.7416357,406.160291,-28.41865529,7695.503422,14.53698975,-20712.03234,2
-312.5699133,330.8348987,-18.26498545,3635.169177,16.87719568,-14618.87267,2
-232.8186543,240.0792462,-7.26059184,-594.4462604,18.4295273,-7844.127346,2
-142.2076319,138.1263752,4.08125662,-4796.064395,19.12158052,-703.7852876,2
-44.96314177,29.73159039,15.23155138,-8773.712591,18.9210765,6469.11237,2
54.37912053,-80.04933891,25.67021837,-12341.86465,17.83736723,13340.00602,2
151.185615,-186.0959904,34.9103754,-15334.09419,15.9209993,19588.4222,2
240.9410753,-283.4621167,42.5210414,-17610.83709,13.26135634,24922.92112,2
319.4591108,-367.6063491,48.1472383,-19065.90109,9.982489935,29094.69013,2
383.0774688,-434.6040168,51.52654804,-19631.41884,6.23733362,31909.1488,2
428.8288502,-481.3302024,52.50135225,-19281.01336,2.200569697,33235.02466,2
454.5793106,-505.6054945,51.02618397,-18031.02835,-1.939518315,33010.47595,2
459.1277923,-506.2976405,47.16984829,-15939.76582,-5.989827631,31245.97613,2
442.2621441,-483.3743573,41.11221316,-13104.76685,-9.761442946,28023.82533,2
404.7690168,-437.9048367,33.13581994,-9658.261984,-13.07844785,23494.31171,2
348.3971716,-372.0098767,23.61270505,-5761.003738,-15.78612995,17868.70168,2
275.7759145,-288.7629619,12.9870474,-1594.768755,-17.758197,11409.38598,2
190.2924595,-192.0469104,1.754450898,2646.12066,-18.90266746,4417.641205,2
95.93394148,-86.37276988,-9.561171608,6763.860157,-19.16616069,-2780.422386,2
-2.8985521,23.33058684,-20.43203474,10566.38937,-18.53638675,-9849.071387,2
-101.595258,131.9463557,-30.35109768,13876.35002,-17.04271963,-16458.60857,2
-195.5527463,234.40846,-38.85571364,16539.35831,-14.7548272,-22300.75067,2
-280.3886347,325.9378434,-45.54920873,18431.20572,-11.77942172,-27103.00742,2
-352.145992,402.2653757,-50.1193837,19463.65233,-8.255282562,-30641.39108,2
-407.4778984,459.830974,-52.35307557,19588.54259,-4.34678323,-32750.8637,2
-443.803553,495.9496531,-52.14610006,18800.05133,-0.236224635,-33333.03485,2
-459.428648,508.9367589,-49.50811092,17134.95549,3.884667831,-32360.7508,2
-453.6243948,498.1865445,-44.5621497,14670.91878,7.823686781,-29879.361,2
-426.6615165,464.2004233,-37.5389068,11522.86924,11.39710781,-26004.60288,2
-379.7976206,408.5635822,-28.76596157,7837.638768,14.43825878,-20917.2036,2
-315.2185415,333.8710449,-18.65250333,3787.114557,16.80529383,-14854.45058,2
-235.9363886,243.6066344,-7.670245798,-439.7781075,18.38780929,-8099.123844,2
-145.6490547,141.9804801,3.668574565,-4645.887727,19.11199324,-966.3065812,2
-48.56773799,33.73264754,14.83509045,-8635.032172,18.94406817,6211.311045,2
50.77947672,-76.08794792,25.3084712,-12221.14904,17.89186654,13098.94928,2
147.7588184,-182.3590339,34.60021549,-15236.97402,16.00446534,19375.35365,2
237.8469589,-280.123895,42.27693611,-17541.84245,13.36989714,24747.77894,2
316.8419904,-364.8225645,47.98057408,-19028.25025,10.11104398,28965.64352,2
381.0594123,-432.5045115,51.44509929,-19626.86811,6.379905923,31832.21699,2
427.5039836,-480.0129024,52.50891875,-19309.77519,2.35051144,33213.7961,2
454.0094283,-505.1318419,51.12241362,-18091.76142,-1.789199679,33045.94099,2
459.3394744,-506.689728,47.35025357,-16029.63762,-5.84614223,31336.4808,2
443.245517,-484.6138974,41.3683804,-13219.58575,-9.631091518,28165.14849,2
406.4782133,-439.934015,33.45580177,-9792.672771,-12.96750921,23679.86193,2
350.7524706,-374.7340483,23.98157766,-5908.737402,-15.69977745,18089.8247,2
278.6674594,-292.055066,13.38760658,-1748.934874,-17.70045726,11655.76833,2
193.5853818,-195.7533964,2.168014521,2492.712534,-18.87623251,4677.79127,2
99.47465187,-90.32075965,-9.15389222,6618.365116,-19.17226246,-2518.638377,2
0.724799403,19.32523576,-20.05003516,10435.59342,-18.57473958,-9597.863415,2
-98.05826681,128.0704612,-30.01219437,13766.35358,-17.1115336,-16229.69332,2
-192.2670889,230.8428018,-38.57571296,16455.29165,-14.85089161,-22104.80506,2
-277.5075616,322.8487313,-45.3411697,18376.9897,-11.89825485,-26949.17059,2
-349.8038832,399.7968921,-49.99300888,19441.81551,-8.391340717,-30536.83811,2
-405.7839954,458.0982539,-52.31425854,19600.10328,-4.493719301,-32700.47097,2
-442.8368636,495.0335141,-52.19665049,18844.47012,-0.387184141,-33339.1526,2
-459.234261,508.8799312,-49.6456702,17210.16039,3.736727033,-32423.09349,2
-454.2113773,498.9916782,-44.78030094,14773.40188,7.685666035,-29995.02063,2
-428.0024907,465.8299648,-37.82747412,11647.8503,11.27544576,-26168.18463,2
-381.830041,410.9415257,-29.11148474,7979.288208,14.33863109,-21121.07747,2
-317.847612,336.8864776,-19.03886555,3938.825337,16.73234839,-15089.10725,2
-239.039484,247.1189095,-8.079425473,-285.0823064,18.34494951,-8353.618214,2
-149.0814402,145.8257769,3.2556633,-4495.422453,19.10121925,-1228.768285,2
-52.16932014,37.73161264,14.43770751,-8495.815651,18.96588356,5953.12399,2
47.17668321,-72.12183542,24.94515221,-12099.67483,17.94525484,12857.07948,2
144.3228553,-178.6107626,34.28790728,-15138.90814,16.08693748,19161.08263,2
234.7380865,-276.7682928,42.03020625,-17471.75911,13.47760749,24571.10098,2
314.2052131,-362.0161445,47.81093141,-18989.41848,10.23896976,28834.79945,2
379.0177146,-430.3781717,51.36045714,-19621.09931,6.522081455,31753.30986,2
426.1525944,-478.6658203,52.51322585,-19337.33863,2.500306407,33190.50651,2
453.4113789,-504.6268488,51.21546991,-18151.37167,-1.638770981,33079.35541,2
459.5226587,-507.0503782,47.52771952,-16118.51453,-5.702095063,31425.04091,2
444.2013905,-485.8233699,41.62197944,-13333.5841,-9.500143496,28304.72385,2
408.1621916,-441.9358979,33.77370632,-9926.475631,-12.85576697,23863.94264,2
353.0860089,-377.4349696,24.34896078,-6056.10411,-15.61245184,18309.82501,2
281.5417158,-295.3290494,13.78733355,-1902.992121,-17.64162027,11901.42716,2
196.8662945,-199.4477365,2.581442033,2339.150116,-18.84862738,4937.65075,2
103.0091914,-94.26314487,-8.746046501,6472.459818,-19.17717568,-2256.698467,2
4.348106731,15.31868649,-19.66679322,10304.15039,-18.61194092,-9346.060327,2
-94.51519103,124.1866217,-29.67143063,13655.5034,-17.17928686,-15999.77151,2
-188.9695018,227.2628224,-38.29332055,16370.20443,-14.94603557,-21907.48838,2
-274.6092704,319.7395895,-45.13031919,18321.63388,-12.01635073,-26793.66212,2
-347.4400708,397.3036048,-49.86353397,19418.77282,-8.526879195,-30430.39092,2
-404.0649157,456.3371131,-52.27219739,19610.44829,-4.640377513,-32648.04979,2
-441.8426985,494.0866626,-52.2439641,18887.72011,-0.538120568,-33343.20227,2
-459.011381,508.791532,-49.78015094,17284.2979,3.588553455,-32483.42492,2
-454.7701785,499.765854,-44.9956755,14874.96876,7.547167505,-30108.81964,2
-429.3169097,467.4306058,-38.11369613,11772.10907,11.15308321,-26330.14319,2
-383.8387708,413.2939742,-29.45520335,8120.442955,14.23811284,-21323.64129,2
-320.4569616,339.8810098,-19.42404815,4090.292105,16.65836389,-15322.8281,2
-242.127748,250.6158534,-8.488105479,-130.368455,18.30095062,-8607.594665,2
-152.5045755,149.6620271,2.842548446,-4344.677907,19.08925922,-1491.154115,2
-55.76766478,41.72823757,14.03942721,-8356.071663,18.98652131,5694.567226,2
43.57096352,-68.15124749,24.58028397,-11977.44956,17.99752883,12614.41163,2
140.8779388,-174.851409,33.97347017,-15039.90264,16.1684106,18945.62245,2
231.6146512,-273.3955184,41.78086712,-17400.59141,13.58448071,24392.89819,2
311.5489424,-359.1872632,47.63832082,-18949.40819,10.36625934,28702.16603,2
376.9525024,-428.2251292,51.27262686,-19614.1128,6.663851397,31672.43231,2
424.7747663,-477.2890396,52.51427329,-19363.70196,2.649945305,33165.15733,2
452.7851994,-504.0905464,51.30534705,-18209.8554,-1.488241552,33110.71714,2
459.6773338,-507.3795689,47.70223512,-16206.39104,-5.557695066,31511.65097,2
445.1297053,-487.0026999,41.87299455,-13446.75484,-9.368607002,28442.54274,2
409.8208471,-443.910361,34.08951386,-10059.66226,-12.74322807,24046.54239,2
355.3976415,-380.1124731,24.71483163,-6203.094717,-15.52415854,18528.68898,2
284.3985054,-298.584709,14.18620352,-2056.930939,-17.5816897,12146.34723,2
200.1349938,-203.1297016,2.994707788,2185.442934,-18.81985377,5197.203522,2
106.5373407,-98.19968095,-8.337659753,6326.153313,-19.18090003,-1994.618907,2
7.971145084,11.31118762,-19.2823327,10172.06842,-18.64798848,-9093.677748,2
-90.96625048,120.2950781,-29.32882758,13543.80636,-17.24597522,-15768.85739,2
-185.6601898,223.6687437,-38.00855391,16284.10192,-15.04025318,-21708.81286,2
-271.6939409,316.6106111,-44.91667027,18265.14171,-12.13370201,-26636.49167,2
-345.0547016,394.7856686,-49.73096699,19394.52571,-8.661889585,-30322.05611,2
-402.3207659,454.5476606,-52.22689473,19619.57698,-4.786748767,-32593.60339,2
-440.8211196,493.1091575,-52.28803796,18929.79862,-0.689024551,-33345.18359,2
-458.760022,508.6715668,-49.91154478,17357.3634,3.440156292,-32541.74136,2
-455.3007637,500.5090237,-45.20826,14975.61312,7.408199787,-30220.75099,2
-430.6046919,469.002247,-38.39755506,11895.63782,11.03002776,-26490.46853,2
-385.8236855,415.6207816,-29.79709608,8261.094251,14.13671028,-21524.8825,2
-323.0464284,342.8544556,-19.80802723,4241.505463,16.58334492,-15555.59866,2
-245.2009889,254.0972493,-8.896260459,24.3538474,18.25581534,-8861.03744,2
-155.9182483,153.4889927,2.429255634,-4193.663443,19.07611391,-1753.447791,2
-59.36254864,45.72227437,13.64027427,-8215.808879,19.00598014,5435.656794,2
39.96254137,-64.17643046,24.21388909,-11854.48082,18.04868527,12370.96079,2
137.4242826,-171.0812063,33.65692364,-14939.96367,16.24887964,18728.98647,2
228.4768467,-270.0057809,41.5289342,-17328.34377,13.69051018,24213.18165,2
308.8733432,-356.3360962,47.46275303,-18908.22187,10.49290483,28567.75149,2
374.8639039,-426.0455177,51.18161388,-19605.90902,6.805206954,31589.58935,2
423.3705849,-475.8826459,52.51206101,-19388.86356,2.799418852,33137.75013,2
452.1309287,-503.5229682,51.39203947,-18267.20898,-1.33762073,33140.02423,2
459.8034901,-507.6772796,47.87378955,-16293.2617,-5.412951195,31596.30559,2
446.0304039,-488.1518141,42.12141014,-13559.09094,-9.236490196,28578.59663,2
411.4540772,-445.8572819,34.4032048,-10192.2244,-12.62989949,24227.64988,2
357.687225,-382.7663925,25.0791675,-6349.700106,-15.43490301,18746.40301,2
287.237651,-301.8218428,14.58419175,-2210.741776,-17.52066925,12390.51335,2
203.391277,-206.7990631,3.407786144,2031.600524,-18.78991346,5456.433484,2
110.058881,-102.1301237,-7.928757312,6179.454679,-19.1834353,-1732.415958,2
11.59368968,7.302987772,-18.89667745,10039.35571,-18.68288,-8840.731334,2
-87.41166535,116.3960719,-28.9844065,13431.26939,-17.31159453,-15536.96528,2
-182.3393582,220.0607889,-37.72143072,16196.98946,-15.13353859,-21508.79083,2
-268.7617539,313.4619901,-44.70023619,18207.51668,-12.25030144,-26477.66898,2
-342.6479234,392.2432396,-49.59531616,19369.07567,-8.796363509,-30211.84039,2
-400.5516543,452.7300076,-52.17835338,19627.48877,-4.932823978,-32537.13516,2
-439.7721901,492.1010594,-52.32886932,18970.70303,-0.839886726,-33345.09646,2
-458.4801995,508.5200431,-50.03984357,17429.35237,3.291544751,-32598.03918,2
-455.8031,501.2211413,-45.41804126,15075.32872,7.268771504,-30330.80772,2
-431.8657575,470.5447908,-38.6790333,12018.4289,10.90628703,-26649.15069,2
-387.7846619,417.9218036,-30.13714172,8401.233368,14.03442969,-21724.7886,2
-325.6158517,345.8066307,-20.19077897,4392.45603,16.50729613,-15787.40446,2
-248.259016,257.5628811,-9.303865088,179.0750013,18.20954649,-9113.930814,2
-159.3222467,157.3064362,2.015810507,-4042.388431,19.06178412,-2015.633041,2
-62.95374871,49.71347525,13.24027346,-8075.036002,19.02425885,5176.408757,2
36.35164062,-60.19763095,23.84599033,-11730.77623,18.09872097,12126.74205,2
133.9621011,-167.3003885,33.33828736,-14839.09741,16.32833963,18511.18813,2
225.3248677,-266.5992908,41.27442311,-17255.02067,13.7956893,24031.96249,2
306.1785814,-353.4628204,47.28423892,-18865.86207,10.61889838,28431.56416,2
372.7520486,-423.8394724,51.08742387,-19596.48847,6.946139357,31504.78613,2
421.9401372,-474.4467263,52.50658914,-19412.82185,2.948717776,33108.28662,2
451.4486074,-502.9241492,51.4755418,-18323.42884,-1.186917858,33167.27487,2
459.9011197,-507.9434918,48.04237217,-16379.12112,-5.267872431,31678.99954,2
446.9034304,-489.2706412,42.36721081,-13670.58544,-9.103801273,28712.87705,2
413.0617802,-447.7765399,34.71475967,-10324.15383,-12.51578825,24407.25385,2
359.9546175,-385.3965633,25.4419458,-6495.91118,-15.34469081,18962.9536,2
290.0589764,-305.0402499,14.98127353,-2364.415091,-17.45856271,12633.91037,2
206.634942,-210.4555935,3.820651475,1877.63243,-18.75880832,5715.324553,2
113.5735937,-106.0542291,-7.519364546,6032.373018,-19.18478131,-1470.105887,2
15.21551576,3.294335634,-18.5098514,9906.020492,-18.71661333,-8587.236779,2
-83.85165618,112.4898449,-28.63818874,13317.89947,-17.37614072,-15304.10959,2
-179.0072129,216.4391817,-37.43196879,16108.87245,-15.22588602,-21307.4347,2
-265.8128915,310.2939219,-44.48103039,18148.76237,-12.36614176,-26317.2039,2
-340.2198856,389.6764755,-49.4565899,19342.42428,-8.930292622,-30099.75062,2
-398.7576905,450.8842669,-52.12657634,19634.18319,-5.078594082,-32478.64861,2
-438.6959752,491.0624309,-52.36645566,19010.43082,-0.990697731,-33342.94086,2
-458.1719308,508.3369702,-50.16503935,17500.26033,3.142728055,-32652.3149,2
-456.2771564,501.9021626,-45.62500625,15174.10937,7.128891308,-30438.98301,2
-433.1000282,472.0581416,-38.95811339,12140.47468,10.78186871,-26806.17982,2
-389.7215783,420.1968974,-30.47531916,8540.851613,13.93127744,-21923.34721,2
-328.1650721,348.7373518,-20.57227961,4543.134438,16.43022225,-16018.23113,2
-251.3016398,261.0125338,-9.710894077,333.785407,18.16214692,-9366.259097,2
-162.7163595,161.1141207,1.602238717,-3890.862256,19.04627076,-2277.693597,2
-66.54104216,53.70159257,12.83944958,-7933.761766,19.04135631,4916.839201,2
32.73848532,-56.21509582,23.4766105,-11606.34347,18.14763285,11881.77058,2
130.491609,-163.5091901,33.01758108,-14737.31014,16.40678562,18292.24095,2
222.1589097,-263.1762594,41.01734966,-17180.62666,13.90001157,23849.25196,2
303.4648244,-350.5676139,47.10278957,-18822.33143,10.74423216,28293.61251,2
370.6170675,-421.6071302,50.99006265,-19585.85174,7.086639866,31418.02791,2
420.483512,-472.98137,52.49785803,-19435.57536,3.097832815,33076.76862,2
450.7382778,-502.2941266,51.55584885,-18378.51152,-1.036142285,33192.46735,2
459.9702166,-508.1781891,48.20797251,-16463.96397,-5.122467772,31759.72767,2
447.7487306,-490.3591119,42.61038131,-13781.23141,-8.970548465,28845.3757,2
414.6438567,-449.6680158,35.02415915,-10455.44236,-12.40090144,24585.34317,2
362.1996783,-388.0028223,25.80314402,-6641.718868,-15.25352751,19178.32732,2
292.8623065,-308.2397307,15.37742424,-2517.941349,-17.39537393,12876.52318,2
209.8657877,-214.0990659,4.233278168,1723.548205,-18.72654027,5973.860667,2
117.0812608,-109.9717539,-7.109506855,5884.917455,-19.18493798,-1207.704967,2
18.83639863,-0.714520089,-18.12187854,9772.071043,-18.74918636,-8333.20981,2
-80.28644383,108.5766396,-28.29019579,13203.70363,-17.43960979,-15070.30475,2
-175.6639608,212.8041469,-37.14018607,16019.75638,-15.31728973,-21104.75695,2
-262.8475366,307.1066031,-44.25906646,18088.88242,-12.48121579,-26155.10639,2
-337.7707389,387.0855358,-49.31479682,19314.5732,-9.063668614,-29985.79374,2
-396.938986,449.0105528,-52.07156682,19639.65982,-5.224050035,-32418.14735,2
-437.5925416,489.9933363,-52.40079464,19048.97951,-1.141448209,-33338.71694,2
-457.8352352,508.1223595,-50.28712436,17570.08289,2.993715438,-32704.56513,2
-456.7229032,502.5520454,-45.82914215,15271.94893,6.988567879,-30545.27014,2
-434.3074274,473.5422054,-39.234778,12261.7676,10.65678051,-26961.54619,2
-391.6343145,422.4459219,-30.81160743,8679.940323,13.82725992,-22120.54599,2
-330.6939316,351.6464371,-20.95250549,4693.531341,16.35212805,-16248.06435,2
-254.3286713,264.4459935,-10.11732217,488.4754656,18.1136196,-9618.006634,2
-166.1003761,164.9118102,1.188565925,-3739.09432,19.02957477,-2539.6132,2
-70.12420643,57.68637891,12.43782752,-7791.994937,19.05727145,4656.964229,2
29.12329962,-52.22907215,23.10577253,-11481.19026,18.19541786,11636.06157,2
127.0130216,-159.7078463,32.69482471,-14634.60816,16.48421275,18072.1585,2
218.9791692,-259.7368989,40.75772978,-17105.16636,14.00347051,23665.0614,2
300.7322403,-347.6506565,46.91841625,-18777.63263,10.8688984,28153.90508,2
368.4590932,-419.3486295,50.88953629,-19573.99949,7.226699762,31329.32007,2
419.0007996,-471.4866678,52.48586821,-19457.12268,3.246754719,33043.19808,2
449.999984,-501.6329396,51.63295564,-18432.45357,-0.885303364,33215.60012,2
460.0107765,-508.3813568,48.37058031,-16547.78499,-4.976746238,31838.48499,2
448.5662521,-491.4171586,42.85090655,-13891.022,-8.836740036,28976.08433,2
416.2002083,-451.5315923,35.33138404,-10586.08184,-12.28524618,24761.90679,2
364.422268,-390.5850077,26.16273975,-6787.114124,-15.16141878,19392.51081,2
295.6474675,-311.4200868,15.7726193,-2671.311026,-17.33110683,13118.33674,2
213.0836135,-217.7292541,4.645640621,1569.357409,-18.69311131,6232.025786,2
120.5816646,-113.882455,-6.699209666,5737.097137,-19.1839053,-945.2294797,2
22.45611362,-4.723330678,-17.73278295,9637.51567,-18.78059709,-8078.666187,2
-76.71624951,104.6566987,-27.94044924,13088.68896,-17.50199779,-14835.56526,2
-172.3098092,209.1559099,-36.84610067,15929.64675,-15.40774405,-20900.77018,2
-259.8658731,303.9002313,-44.03435818,18027.88055,-12.59551638,-25991.38652,2
-335.3006352,384.470581,-49.16994572,19285.52415,-9.196483208,-29869.97681,2
-395.0956536,447.1089818,-52.01332823,19643.9183,-5.369182811,-32355.63514,2
-436.4619579,488.893842,-52.43188413,19086.34671,-1.292128804,-33332.42496,2
-457.4701334,507.8762244,-50.40609101,17638.81573,2.844516147,-32754.78665,2
-457.140313,503.1707493,-46.03043628,15368.84135,6.847809924,-30649.66253,2
-435.4878802,474.9968902,-39.50900998,12382.30013,10.5310302,-27115.24016,2
-393.5227518,424.6687375,-31.14598566,8818.490867,13.72238357,-22316.37272,2
-333.2022731,354.5337061,-21.33143301,4843.637405,16.27301839,-16476.88986,2
-257.3399228,267.8630469,-10.52312415,643.1355796,18.06396751,-9869.157804,2
-169.4740867,168.6992689,0.774817797,-3587.094039,19.0116972,-2801.375599,2
-73.70301922,61.66758703,12.03543219,-7649.74431,19.0720033,4396.799966,2
25.50630783,-48.23980724,22.73349941,-11355.32436,18.24207304,11389.63027,2
123.5265548,-155.8965931,32.37003827,-14530.99785,16.56061622,17850.95445,2
215.7858434,-256.281423,40.49557959,-17028.64444,14.10605969,23479.40224,2
297.9809988,-344.7121292,46.73113039,-18731.76845,10.99288938,28012.45054,2
366.2782595,-417.0641105,50.785851,-19560.93246,7.36631036,31238.66811,2
417.4920922,-469.9627126,52.47062044,-19477.46246,3.39547425,33007.5771,2
449.2337717,-500.9406291,51.70685739,-18485.25167,-0.734410452,33236.67175,2
460.0227969,-508.5529824,48.53018547,-16630.57899,-4.830716869,31915.2666,2
449.3559441,-492.4447157,43.08877161,-13999.9504,-8.702384288,29104.99486,2
417.7307385,-453.3671538,35.63641528,-10716.06417,-12.16882965,24936.93376,2
366.6222487,-393.1429594,26.52071067,-6932.087929,-15.06837034,19605.49077,2
298.4142864,-314.5811206,16.16683418,-2824.514606,-17.26576541,13359.33605,2
216.2882199,-221.3459331,5.057713253,1415.069606,-18.65852351,6489.803892,2
124.0745881,-117.7860896,-6.288498433,5588.921235,-19.18168334,-682.6957081,2
26.07443617,-8.731847417,-17.34258876,9502.362721,-18.81084354,-7823.621703,2
-73.14129471,100.7302655,-27.58897078,12972.8626,-17.56330086,-14599.9057,2
-168.9449663,205.4946971,-36.54973083,15838.54917,-15.49724336,-20695.48702,2
-256.8680861,300.6750055,-43.80691948,17965.76055,-12.70903646,-25826.05442,2
-332.8097278,381.8317734,-49.02204557,19255.27894,-9.328728163,-29752.30704,2
-393.2278075,445.1796717,-51.95186419,19646.95839,-5.513983402,-32291.11587,2
-435.304294,487.7640162,-52.45972219,19122.53011,-1.442730167,-33324.06531,2
-457.0766482,507.5985801,-50.52193193,17706.45456,2.695139439,-32802.97634,2
-457.5293598,503.7582359,-46.22887615,15464.7806,6.706626178,-30752.15368,2
-436.6413134,476.4221057,-39.78079231,12502.06479,10.40462558,-27267.25218,2
-395.3867732,426.8652063,-31.4784331,8956.494651,13.61665492,-22510.81524,2
-335.689941,357.3989797,-21.70903866,4993.443319,16.19289817,-16704.69346,2
-260.3352074,271.2634823,-10.92827485,797.756153,18.01319376,-10119.69703,2
-172.8372818,172.4762618,0.361020004,-3434.870843,18.99263916,-3062.964554,2
-77.27725849,65.64496993,11.63228856,-7507.018711,19.08555093,4136.362554,2
21.88773435,-44.24754861,22.35981426,-11228.75359,18.2875955,11142.49197,2
120.0324249,-152.0756668,32.04324192,-14426.48564,16.63599129,17628.64252,2
212.5791304,-252.8100458,40.23091535,-16951.06566,14.20777277,23292.28599,2
295.2112705,-341.7522141,46.54094361,-18684.74175,11.11619738,27869.25768,2
364.0747017,-414.753715,50.67901324,-19546.65145,7.505462998,31146.07766,2
415.9574832,-468.4095988,52.45211565,-19496.59344,3.543982182,32969.90788,2
448.4396886,-500.2172381,51.77754952,-18536.90253,-0.58347291,33255.68093,2
460.0062771,-508.6930552,48.68677809,-16712.34081,-4.684388723,31990.06773,2
450.1177576,-493.4417194,43.32396174,-14108.00983,-8.567489555,29232.09927,2
419.2353524,-455.1745863,35.93923396,-10845.38128,-12.05165906,25110.4132,2
368.7994841,-395.6765187,26.87703459,-7076.631286,-14.97438794,19817.25399,2
301.1625918,-317.7226362,16.56004445,-2977.542584,-17.1993537,13599.50614,2
219.4794079,-224.9488784,5.469470498,1260.69437,-18.62277903,6747.178993,2
127.5598144,-121.6824157,-5.877398637,5440.398944,-19.17827223,-420.1199408,2
29.69114178,-12.73982161,-16.95132018,9366.620581,-18.83992386,-7568.092181,2
-69.56180124,96.79758345,-27.23578221,12856.23172,-17.62351519,-14363.34069,2
-165.5696407,201.8207357,-36.25109495,15746.46928,-15.58578213,-20488.92022,2
-253.8543614,297.4311259,-43.57676448,17902.52626,-12.82176896,-25659.12038,2
-330.2981712,379.1692767,-48.87110555,19223.83944,-9.460395271,-29632.79172,2
-391.3355638,443.2227423,-51.88717851,19648.77989,-5.658442825,-32224.59352,2
-434.119622,486.6039291,-52.48430711,19157.52745,-1.593242952,-33313.6385,2
-456.6548039,507.2894438,-50.63463992,17772.9952,2.545594585,-32849.1312,2
-457.8900194,504.3144689,-46.42444944,15559.76073,6.565025401,-30852.73726,2
-437.7676554,477.8177636,-40.05010812,12621.05414,10.2775745,-27417.57283,2
-397.2262629,429.0351921,-31.80892913,9093.94311,13.51008053,-22703.86149,2
-338.1567811,360.2420801,-22.08529902,5142.939788,16.11177237,-16931.46101,2
-263.3143394,274.6470885,-11.33274911,952.3275926,17.96130149,-10369.60875,2
-176.1897529,176.2425546,-0.05280178,-3282.434178,18.97240183,-3324.363835,2
-80.84670248,69.61828085,11.22842163,-7363.826995,19.0979135,3875.66815,2
18.26780369,-40.25254394,21.98474025,-11101.48579,18.33198241,10894.66199,2
116.5308486,-148.2453045,31.71445592,-14321.07801,16.71033329,17405.2365,2
209.3592293,-249.3229828,39.96375349,-16872.43483,14.30860342,23103.72426,2
292.4232274,-338.7710951,46.34786772,-18636.55543,11.23881478,27724.33538,2
361.8485565,-412.4175862,50.56902962,-19531.15736,7.644149044,31051.55446,2
414.3970678,-466.8274228,52.43035501,-19514.51444,3.692269304,32930.19276,2
447.6177839,-499.4628115,51.84502763,-18587.40295,-0.432500099,33272.62647,2
459.961218,-508.8015665,48.84034847,-16793.0654,-4.537770879,32062.88377,2
450.8516455,-494.4081078,43.55646234,-14215.19361,-8.432064204,29357.38968,2
420.7139565,-456.9537778,36.23982127,-10974.02516,-11.93374169,25282.33438,2
370.9538389,-398.1855283,27.2316894,-7220.73523,-14.87947743,20027.78734,2
303.892213,-320.8444387,16.95222569,-3130.385467,-17.13187583,13838.83212,2
222.6569796,-228.5378664,5.880886812,1106.241278,-18.58588007,7004.13512,2
131.0371273,-125.5711915,-5.465935784,5291.539476,-19.17367218,-157.5184684,2
33.30600607,-16.74700458,-16.55900149,9230.297672,-18.86783623,-7312.093475,2
-65.97799118,92.85889664,-26.88090546,12738.80358,-17.68263704,-14125.88489,2
-162.184042,198.1342536,-35.95021154,15653.41281,-15.67335484,-20281.0826,2
-250.8248862,294.1687937,-43.34390744,17838.18161,-12.9337069,-25490.59473,2
-327.7661212,376.4832562,-48.71713503,19191.20761,-9.591476364,-29511.43825,2
-389.4190398,441.238315,-51.81927521,19649.38269,-5.802552115,-32156.07224,2
-432.9080152,485.4136526,-52.50563735,19191.33657,-1.74365782,-33301.14519,2
-456.2046267,506.9488347,-50.744208,17838.43351,2.395890863,-32893.24838,2
-458.2222695,504.8394136,-46.61714404,15653.77586,6.423016381,-30951.407,2
-438.8668364,479.1837771,-40.31694071,12739.26082,10.14988484,-27566.19278,2
-399.0411069,431.1785602,-32.13745324,9230.827718,13.402667,-22895.49949,2
-340.6026402,363.0628309,-22.46019075,5292.117535,16.02964602,-17157.17845,2
-266.2771338,278.0136557,-11.73652186,1106.840308,17.90829391,-10618.87749,2
-179.5312919,179.9979137,-0.466621878,-3129.793501,18.95098647,-3585.557223,2
-84.41112974,73.58727326,10.82385647,-7220.178047,19.10909026,3614.732929,2
14.64674043,-36.25504109,21.60830066,-10973.52887,18.37523103,10646.15572,2
113.0220432,-144.4057439,31.38370069,-14214.78149,16.7836376,17180.75025,2
206.1263398,-245.8204503,39.69411057,-16792.75683,14.4085454,22913.72876,2
289.6170423,-335.768957,46.15191469,-18587.21249,11.36073396,27577.69262,2
359.5999621,-410.0558691,50.45590697,-19514.45114,7.782359895,30955.10439,2
412.810943,-465.2162828,52.40533985,-19531.22435,3.840326417,32888.4342,2
446.7681086,-498.6773961,51.90928756,-18636.7498,-0.281501387,33287.50734,2
459.8876225,-508.8785096,48.99088707,-16872.74774,-4.390872429,32133.71017,2
451.557562,-495.343821,43.786259,-14321.49508,-8.296116636,29480.85832,2
422.1664593,-458.7046179,36.53815858,-11101.98782,-11.81508485,25452.6866,2
373.0851795,-400.6698326,27.58465308,-7364.390819,-14.78364468,20237.07775,2
306.6029807,-323.9463343,17.34335358,-3283.033771,-17.06333598,14077.29915,2
225.8207379,-232.1126745,6.291936669,951.7199129,-18.54782892,7260.656333,2
134.5063111,-129.4521757,-5.054135399,5142.352068,-19.16788348,105.092417,2
36.91880475,-20.75314773,-16.16565702,9093.402451,-18.89457893,-7055.641466,2
-62.39008688,88.91444942,-26.52436253,12620.58544,-17.74066274,-13887.55305,2
-158.7883802,194.4354795,-35.64709927,15559.38551,-15.75995606,-20071.98704,2
-247.7798484,290.8882112,-43.10836283,17772.7306,-13.04484333,-25320.48793,2
-325.2137349,373.7738785,-48.56014356,19157.38546,-9.721963306,-29388.25418,2
-387.4783543,439.2265128,-51.74815849,19648.76675,-5.94630233,-32085.55627,2
-431.6695489,484.1932604,-52.52371159,19223.95537,-1.893965438,-33286.58614,2
-455.7261446,506.576774,-50.85062936,17902.76544,2.246037563,-32935.32513,2
-458.5260896,505.3330375,-46.80694797,15746.82015,6.28060793,-31048.1568,2
-439.9387881,480.5200616,-40.58127352,12856.67748,10.02156453,-27713.10281,2
-400.8311925,433.2951776,-32.46398504,9367.139981,13.294421,-23085.71735,2
-343.0273666,365.8610571,-22.83369057,5440.967306,15.94652422,-17381.83177,2
-269.2234069,281.362975,-12.13956802,1261.284713,17.85417433,-10867.48775,2
-182.8616914,183.7421061,-0.880414615,-2976.958283,18.92839441,-3846.528514,2
-87.97031911,77.55170092,10.41861819,-7076.080779,19.11908052,3353.573081,2
11.02476923,-32.25528808,21.23051884,-10844.89076,18.41733867,10396.98858,2
109.5062265,-140.5572232,31.05099673,-14107.6027,16.85589968,16955.1977,2
202.8806624,-242.3026657,39.42200334,-16712.0366,14.50759251,22722.31127,2
286.7928894,-332.745986,45.95309668,-18536.71599,11.48194736,27429.33851,2
357.3290579,-407.6687102,50.33965231,-19496.53383,7.920086978,30856.73341,2
411.199207,-463.5762788,52.37707174,-19546.72213,3.988144335,32844.63479,2
445.8907153,-497.8610406,51.9703253,-18684.94002,-0.130486139,33300.32259,2
459.7854951,-508.9238797,49.13838456,-16951.38289,-4.243702488,32202.54255,2
452.2354636,-496.248801,44.01333744,-14426.90764,-8.159655285,29602.49753,2
423.5927705,-460.4269979,36.83422738,-11229.26132,-11.6956959,25621.45932,2
375.1933737,-403.1292775,27.93590375,-7507.589141,-14.68689565,20445.11224,2
309.2947268,-327.0281306,17.73340385,-3435.478027,-16.99373841,14314.89242,2
228.9704864,-235.673081,6.702594569,797.1398608,-18.50862795,7516.726715,2
137.9671506,-133.3251276,-4.642023031,4992.845974,-19.16090648,367.6964224,2
40.52931367,-24.75800249,-15.77131118,8955.943412,-18.92015028,-6798.752067,2
-58.79831095,84.9644865,-26.16617556,12501.58465,-17.79758869,-13648.35994,2
-155.3828659,190.7246429,-35.34177695,15464.39323,-15.84558042,-19861.64652,2
-244.7194368,287.589582,-42.87014524,17706.17728,-13.15517135,-25148.81055,2
-322.6411707,371.0413116,-48.40014088,19122.37509,-9.851848001,-29263.24714,2
-385.513628,437.1874607,-51.67383276,19646.9321,-6.089684549,-32013.04999,2
-430.4042998,482.9428285,-52.53852871,19255.38182,-2.044156478,-33269.96227,2
-455.2193873,506.1732847,-50.9538974,17965.987,2.096043984,-32975.35884,2
-458.8014606,505.79531,-46.99384946,15838.88782,6.137808884,-31142.98065,2
-440.983444,481.8265341,-40.84309015,12973.29683,9.892621515,-27858.29381,2
-402.5964087,435.384913,-32.78850429,9502.871441,13.18534925,-23274.50327,2
-345.4308099,368.6365852,-23.20577531,5589.479865,15.86241212,-17605.40704,2
-272.1529759,284.6948385,-12.54186261,1415.651224,17.7989461,-11115.42413,2
-186.180745,187.4748993,-1.294154318,-2823.938006,18.90462706,-4107.261516,2
-91.52404978,81.51131787,10.01273191,-6931.544132,19.12788364,3092.204808,2
7.402114823,-28.25353306,20.85141824,-10715.57944,18.45830272,10147.17602,2
105.9836164,-136.6999811,30.7163647,-13999.54827,16.92711505,16728.59285,2
199.6223985,-238.7698472,39.14744868,-16630.27915,14.6057386,22529.48367,2
283.9509438,-329.7023699,45.75142603,-18485.06906,11.60244746,27279.28225,2
355.0359848,-405.2562577,50.22027286,-19477.40654,8.057321749,30756.44764,2
409.56196,-461.9075124,52.34555243,-19561.00682,4.13571389,32798.79725,2
444.9856586,-497.0137957,52.02813707,-18731.97061,0.020536277,33311.07145,2
459.6548422,-508.937674,49.28283178,-17028.96597,-4.096270185,32269.37664,2
452.885308,-497.1229916,44.2376836,-14531.42476,-8.022688616,29722.29977,2
424.9928017,-462.120811,37.12800929,-11355.83777,-11.57558225,25788.64205,2
377.2782907,-405.5637103,28.28541962,-7650.321312,-14.58923633,20651.8779,2
311.9672841,-330.0896364,18.12235231,-3587.708776,-16.92308742,14551.5972,2
232.1060298,-239.2188648,7.112835033,642.5107121,-18.46827957,7772.33038,2
141.419431,-137.1898068,-4.229624248,4843.030472,-19.15274161,630.2772556,2
44.13730884,-28.7613204,-15.37598844,8817.929082,-18.9445487,-6541.441214,2
-55.20288622,81.00925297,-25.80636674,12381.80858,-17.85341137,-13408.32041,2
-151.9677105,187.001974,-35.03426352,15368.44185,-15.93022261,-19650.07409,2
-241.6438414,284.2731108,-42.62926947,17638.52578,-13.26468412,-24975.57322,2
-320.0485882,368.2857251,-48.23713691,19086.17868,-9.981122389,-29136.42489,2
-383.5249825,435.1212851,-51.59630264,19643.87887,-6.232689875,-31938.55789,2
-429.1123465,481.6624343,-52.55008778,19285.61398,-2.194221621,-33251.27459,2
-454.6843861,505.7383918,-51.05400571,18028.09426,1.945919434,-33013.34703,2
-459.0483656,506.2262025,-47.17783691,15929.97317,5.994628104,-31235.87266,2
-442.0007393,483.1031137,-41.10237435,13089.11165,9.763063812,-28001.75676,2
-404.3366459,437.4476367,-33.11099083,9638.013679,13.07545852,-23461.84554,2
-347.8128209,371.3892428,-23.5764219,5737.645998,15.77731495,-17827.89038,2
-275.065659,288.0090397,-12.94338065,1569.930265,17.74261265,-11362.67124,2
-189.4882467,191.196062,-1.707815316,-2670.742164,18.87968588,-4367.740051,2
-95.07210127,85.46587844,9.60622283,-6786.577073,19.13549909,2830.644328,2
3.779001953,-24.25002432,20.47102237,-10585.60294,18.49812064,9896.733537,2
102.4544317,-132.834257,30.37982536,-13890.62492,16.99727928,16500.94975,2
196.3517504,-235.222214,38.87046361,-16547.48956,14.70297758,22335.25791,2
281.091382,-326.6382973,45.54691525,-18432.27491,11.72222679,27127.53316,2
352.7208852,-402.8186612,50.09777602,-19457.07046,8.194055696,30654.2533,2
407.8993034,-460.2100872,52.31078387,-19574.07753,4.283025927,32750.92443,2
444.0529946,-496.1357139,52.0827193,-18777.83866,0.171556491,33319.75323,2
459.4956719,-508.9198917,49.42421977,-17105.49216,-3.948584665,32334.20829,2
453.5070549,-497.9663385,44.45928354,-14635.03995,-7.885225124,29840.25759,2
426.3664659,-463.785952,37.41948609,-11481.70931,-11.45475134,25954.22443,2
379.3398012,-407.9729802,28.633179,-7792.578477,-14.49067279,20857.3619,2
314.620487,-333.1306618,18.51017482,-3739.716575,-16.85138742,14787.3988,2
235.2271735,-242.7498061,7.522632611,487.8420603,-18.42678631,8027.451469,2
144.8629382,-141.0459736,-3.816964635,4692.914855,-19.14338938,892.8186255,2
47.7425664,-32.76285308,-14.97971331,8679.368024,-18.96777267,-6283.724872,2
-51.60403577,77.0489942,-25.44495843,12261.26468,-17.90812729,-13167.44936,2
-148.5431258,183.2677039,-34.72457805,15271.53734,-16.01387737,-19437.28288,2
-238.5532529,280.9390034,-42.38575045,17569.78029,-13.37337483,-24800.78671,2
-317.4361483,365.50729,-48.07114177,19048.79848,-10.10977845,-29007.7953,2
-381.5125413,433.0281142,-51.51557293,19639.60724,-6.375309435,-31862.08459,2
-427.7937691,480.3521572,-52.5583881,19314.64997,-2.344151554,-33230.52428,2
-454.1211743,505.2721224,-51.15094808,18089.08337,1.795673227,-33049.28735,2
-459.2667892,506.6256881,-47.35889891,16020.07053,5.851074475,-31326.82707,2
-442.990611,484.349721,-41.35911003,13204.11474,9.632899457,-28143.48276,2
-406.0517962,439.4832209,-33.43142466,9772.558308,12.96475563,-23647.73253,2
-350.173252,374.1188593,-23.94560733,5885.456512,15.69123799,-18049.26799,2
-277.9612755,291.3053728,-13.34409724,1724.112263,17.68517748,-11609.21374,2
-192.7839912,194.9053631,-2.121371942,-2517.380262,18.85357243,-4627.947959,2
-98.61425344,89.41513727,9.199116168,-6641.188598,19.1419264,2568.907868,2
0.155655411,-20.24501025,20.08935484,-10454.96932,18.53678996,9645.676679,2
98.91889115,-128.9602907,30.04139958,-13780.83939,17.06638804,16272.28253,2
193.0689208,-231.6599861,38.59106533,-16463.67295,14.79930342,22139.64606,2
278.2143813,-323.5539584,45.33957704,-18378.33681,11.84127792,26974.10063,2
350.3839026,-400.356072,49.9721694,-19435.52686,8.330280336,30550.15673,2
406.2113404,-458.4841086,52.27276822,-19585.93346,4.430071309,32701.0193,2
443.0927812,-495.2268498,52.13406858,-18822.54132,0.322565136,33326.36742,2
459.307994,-508.8705338,49.56253977,-17180.95673,-3.800655089,32397.03349,2
454.1006659,-498.7787895,44.67812352,-14737.74679,-7.747273336,29956.36368,2
427.7136781,-465.4223178,37.70863971,-11606.86814,-11.33321068,26118.19618,2
381.3777771,-410.3569374,28.97916031,-7934.35181,-14.39121112,21061.55149,2
317.2541707,-336.151018,18.89684732,-3891.491991,-16.77864283,15022.28259,2
238.3337239,-246.2656857,7.931961879,333.1435011,-18.38415072,8282.074155,2
148.2974585,-144.8933887,-3.404069793,4542.508436,-19.13285037,1155.304244,2
51.34486267,-36.76235227,-14.58251039,8540.268835,-18.98982077,-6025.61903,2
-48.00198288,73.0839559,-25.08197302,12139.96042,-17.96173307,-12925.76172,2
-145.1093243,179.5220641,-34.41273977,15173.6857,-16.09653951,-19223.28608,2
-235.4478633,277.5874665,-42.13960329,17499.9451,-13.48123676,-24624.46184,2
-314.8040129,362.7061787,-47.90216575,19010.23679,-10.23780819,-28877.36635,2
-379.4764293,430.9080779,-51.43164864,19634.11748,-6.517534379,-31783.63484,2
-426.4486495,479.0120787,-52.56342913,19342.48798,-2.493936975,-33207.71262,2
-453.5297868,504.7745053,-51.24471849,18148.95054,1.645314687,-33083.17756,2
-459.4567178,506.9937421,-47.53702423,16109.17433,5.707156906,-31415.83825,2
-443.9529975,485.5662788,-41.61328127,13318.29898,9.502136527,-28283.46303,2
-407.7417532,441.4915391,-33.7497859,9906.496981,12.85324745,-23832.15272,2
-352.5119565,376.8252652,-24.31330869,6032.902236,15.60418658,-18269.52613,2
-280.8396458,294.5836333,-13.7439875,1878.187652,17.62664414,-11855.03632,2
-196.067774,198.6025726,-2.534798539,-2363.861816,18.82628833,-4887.869095,2
-102.1502865,93.35884935,8.791437183,-6495.387725,19.14716517,2307.011667,2
-3.467700002,-16.23873932,19.70643932,-10323.68669,18.57430829,9394.021019,2
95.37721423,-125.0783226,29.70110837,-13670.1985,17.13443702,16042.60538,2
189.7741135,-228.0833847,38.30927118,-16378.83453,14.89471015,21942.66025,2
275.3201203,-320.4495445,45.12942425,-18323.25811,11.95959345,26818.99421,2
348.025182,-397.8686428,49.84346078,-19412.77706,8.465987219,30444.16439,2
404.4981758,-456.7296836,52.23150785,-19596.57386,4.576840913,32649.08495,2
442.1050779,-494.2872596,52.18218175,-18866.07582,0.473552844,33330.91358,2
459.0918202,-508.7896034,49.69778319,-17255.35499,-3.652490635,32457.84832,2
454.6661041,-499.560294,44.89418997,-14839.53889,-7.608841812,30070.61085,2
429.0343545,-467.0298067,37.99545219,-11731.30648,-11.21096779,26280.54712,2
383.3920922,-412.7154343,29.32334209,-8075.632515,-14.29085752,21264.43402,2
319.868172,-339.1505178,19.28234583,-4043.02561,-16.70485817,15256.234,2
241.4254881,-249.7662856,8.340797443,178.4246321,-18.34037545,8536.182641,2
151.7227788,-148.7318135,-2.990965337,4391.820548,-19.12112523,1417.717825,2
54.94397415,-40.75956983,-14.18440432,8400.640144,-19.0106916,-5767.1397,2
-44.39695104,69.11438408,-24.71743304,12017.90331,-18.01422538,-12683.27248,2
-141.6665191,175.7652871,-34.09876801,15074.893,-16.17820391,-19008.09698,2
-232.327865,274.2187082,-41.89084326,17429.02451,-13.58826319,-24446.60957,2
-312.1523455,359.8825649,-47.73021934,18970.49602,-10.36520368,-28745.14612,2
-377.4167727,428.7613077,-51.34453498,19627.40992,-6.659355881,-31703.21352,2
-425.0770711,477.6422817,-52.56521058,19369.12629,-2.643568588,-33182.84101,2
-452.9102604,504.2455715,-51.33531113,18207.69206,1.494853144,-33115.01555,2
-459.6181398,507.3303416,-47.7122018,16197.27904,5.562884326,-31502.90066,2
-444.8878392,486.7527115,-41.8648723,13431.65727,9.370783135,-28421.68888,2
-409.406412,443.4724668,-34.06605481,10039.82139,12.74094089,-24015.09465,2
-354.8287895,379.5082927,-24.67950317,6179.974022,15.51616611,-18488.65114,2
-283.7005912,297.8436178,-14.14302664,2032.146873,17.56701627,-12100.12375,2
-199.3393915,202.287461,-2.948069453,-2210.19635,18.79783528,-5147.487334,2
-105.6799812,97.29677,8.38321117,-6349.183502,19.15121507,2044.971974,2
-7.090839483,-12.2314601,19.32229958,-10191.76319,18.61067329,9141.78217,2
91.82962063,-121.1885935,29.35897285,-13558.70912,17.20142202,15811.93254,2
186.4675329,-224.4926315,38.02509863,-16292.97957,14.98919185,21744.3127,2
272.4087784,-317.3252483,44.91646992,-18267.04222,12.07716606,26662.2235,2
345.6448698,-395.3565279,49.71165816,-19388.82248,8.601167926,30336.28285,2
402.7599158,-454.9469211,52.18700531,-19605.99807,4.723325635,32595.1246,2
441.0899459,-493.3170017,52.22705581,-18908.43946,0.624510249,33333.39145,2
458.8471639,-508.6771056,49.82994164,-17328.68231,-3.504100493,32516.64903,2
455.2033343,-500.3108038,45.10746948,-14940.40995,-7.469939136,30182.99199,2
430.3284132,-468.608319,38.27990575,-11855.01663,-11.08803027,26441.2672,2
385.3826214,-415.0483243,29.66570299,-8216.411826,-14.18961819,21465.99688,2
322.4623285,-342.1289749,19.66664643,-4194.30803,-16.63003802,15489.23851,2
244.5022745,-253.2513885,8.749113937,23.69505235,-18.29546322,8789.76116,2
155.1386866,-152.5610097,-2.577676898,4240.860538,-19.10821469,1680.043089,2
58.53967754,-44.75425775,-13.78541979,8260.490614,-19.03038388,-5508.302921,2
-40.7891639,65.14052501,-24.35136112,11895.10095,-18.06560097,-12439.99671,2
-138.2149237,171.9976059,-33.78268226,14975.16537,-16.25886548,-18791.72893,2
-229.1934516,270.8329374,-41.63948579,17357.02295,-13.69444749,-24267.24092,2
-309.4813106,357.0366238,-47.5553132,18929.57863,-10.491957,-28611.14283,2
-375.3336994,426.5879368,-51.25423735,19619.48498,-6.80076514,-31620.82559,2
-423.679119,476.2428513,-52.56373232,19394.56326,-2.79303711,-33155.91102,2
-452.2626334,503.6853537,-51.42272037,18265.30429,1.344297935,-33144.79937,2
-459.751045,507.6354658,-47.88442077,16284.37917,5.418265688,-31588.0089,2
-445.7950781,487.9089456,-42.1138675,13544.18258,9.238847433,-28558.15172,2
-411.0456694,445.4258811,-34.38021174,10172.52326,12.62784293,-24196.54698,2
-357.1236072,382.1677753,-25.04416806,6326.662744,15.42718207,-18706.62943,2
-286.5439343,301.0851242,-14.54118989,2185.980372,17.50629758,-12344.46082,2
-202.5986407,205.9597998,-3.361159045,-2056.393399,18.76821503,-5406.786567,2
-109.2031183,101.2286549,7.974463457,-6202.585,19.15407586,1782.805048,2
-10.71353824,-8.223421211,18.93695945,-10059.20701,18.64588272,8888.975782,2
88.27633046,-117.2913447,29.01501422,-13446.37815,17.26733887,15580.27832,2
183.1493841,-220.8879494,37.73856531,-16206.11339,15.08274266,21544.61571,2
269.4805363,-314.1812636,44.70072728,-18209.69264,12.19398844,26503.79824,2
343.2431136,-392.8198833,49.57676971,-19363.66461,8.735814074,30226.51881,2
400.9966683,-453.1359316,52.13926336,-19614.20552,4.869516387,32539.14161,2
440.0474484,-492.3161364,52.26868798,-18949.62961,0.775427987,33333.80087,2
458.5740403,-508.5330472,49.95900693,-17400.93416,-3.355493868,32573.43196,2
455.7123233,-501.0302721,45.31794881,-15040.35371,-7.330573927,30293.50014,2
431.5957741,-470.1577568,38.56198275,-11977.9909,-10.96440574,26600.34643,2
387.3492411,-417.3554629,30.00622176,-8356.681011,-14.08749942,21666.22757,2
325.0364794,-345.0862047,20.04972527,-4345.329864,-16.55418702,15721.28167,2
247.5638921,-256.7207782,9.15688603,-131.0356387,-18.24941682,9042.793981,2
158.54497,-156.3807398,-2.164230116,4089.637773,-19.09411954,1942.26376,2
62.13174977,-48.74616821,-13.38558156,8119.828939,-19.04889639,-5249.124749,2
-37.1788453,61.16262525,-23.98377995,11771.56094,-18.11585663,-12195.94948,2
-134.7547523,168.2192544,-33.46450212,14874.50901,-16.33851924,-18574.19534,2
-226.0448178,267.4303642,-41.38554648,17283.94486,-13.79978307,-24086.36702,2
-306.7910738,354.168532,-47.37745818,18887.48715,-10.6180603,-28475.36479,2
-373.2273386,424.3881,-51.16076136,19610.34316,-6.941753382,-31536.47619,2
-422.2548799,474.8138744,-52.55899445,19418.79728,-2.942333264,-33126.9243,2
-451.586946,503.0938868,-51.50694079,18321.78364,1.193658401,-33172.52715,2
-459.8554253,507.9090957,-48.05367044,16370.46934,5.273309966,-31671.1577,2
-446.6746579,489.0349093,-42.36025142,13655.86794,9.106337608,-28692.8431,2
-412.6594236,447.3516608,-34.69223722,10304.59435,12.51396058,-24376.49844,2
-359.3962672,384.8035479,-25.40728072,6472.959302,15.33723995,-18923.44746,2
-289.3694986,304.3079512,-14.93845255,2339.678606,17.44449184,-12588.03235,2
-205.8453194,209.6193611,-3.774041683,-1902.462505,18.73742944,-5665.750706,2
-112.7194795,105.1542601,7.565219404,-6055.601314,19.15574736,1520.527153,2
-14.33557152,-4.214871321,18.55044284,-9926.026364,18.67993438,8635.617541,2
84.71756418,-113.386818,28.66925385,-13333.21259,17.33218349,15347.65711,2
179.8198731,-217.2695621,37.44968902,-16118.24138,15.17535677,21343.58168,2
266.5355758,-311.0177855,44.4822097,-18151.21293,12.31005336,26343.72826,2
340.8200625,-390.2588663,49.4388038,-19337.30501,8.869917308,30114.87908,2
399.2085427,-451.2968276,52.08828498,-19621.1957,5.015404103,32481.13945,2
438.9776499,-491.2847256,52.30707568,-18989.64372,0.926296696,33332.14181,2
458.2724663,-508.3574374,50.08497104,-17472.10605,-3.206679979,32628.19358,2
456.1930395,-501.7186544,45.52561492,-15139.36397,-7.190754829,30402.12844,2
432.8363583,-471.678024,38.84166567,-12100.22166,-10.84010187,26757.77494,2
389.2918295,-419.6367068,30.34487729,-8496.431367,-13.98450754,21865.11368,2
327.590465,-348.0220236,20.43155859,-4496.081744,-16.47730988,15952.34908,2
250.610151,-260.1742394,9.564088424,-285.7578413,-18.20223908,9295.265405,2
161.9414175,-160.1907669,-1.75065064,3938.161634,-19.07884067,2204.363571,2
65.71996796,-52.73505352,-12.98491444,7978.663848,-19.06622798,-4989.621266,2
-33.56621925,57.18093159,-23.61471234,11647.29095,-18.16498926,-11951.14594,2
-131.2862195,164.4304669,-33.14424734,14772.93014,-16.41716023,-18355.50972,2
-222.8821587,264.0111997,-41.12904108,17209.7948,-13.9042634,-23903.9991,2
-304.0818021,351.2784674,-47.19666532,18844.22421,-10.74350574,-28337.82041,2
-371.0978211,422.1619339,-51.06411279,19599.98501,-7.082311858,-31450.17053,2
-420.8044422,473.3554395,-52.55099726,19441.82688,-3.091447787,-33095.88266,2
-450.8832402,502.4712073,-51.58796717,18377.12663,1.042943891,-33198.19717,2
-459.9312741,508.1512144,-48.21994031,16455.54421,5.128026155,-31752.34189,2
-447.526524,490.1305328,-42.60400879,13766.7064,8.973261883,-28825.75466,2
-414.2475745,449.2496864,-35.00211188,10436.02648,12.39930092,-24554.93789,2
-361.6466285,387.4154471,-25.76881863,6618.854619,15.24634536,-19139.09179,2
-292.177109,307.5118989,-15.33478997,2493.232039,17.38160287,-12830.82325,2
-209.079226,213.2659178,-4.186691751,-1748.413219,18.70548041,-5924.363685,2
-116.2288464,109.073342,7.155504405,-5908.241564,19.15622947,1258.154564,2
-17.9567146,-0.206059133,18.16277373,-9792.229526,18.71282618,8381.723165,2
81.15354258,-109.4752558,28.32171318,-13219.21943,17.39595186,15114.08333,2
176.4792063,-213.637694,37.15848766,-16029.36899,15.26702845,21141.22309,2
263.5740794,-307.8350101,44.26093074,-18091.60671,12.42535361,26182.02348,2
338.3758668,-387.6736358,49.297769,-19309.74531,9.00346931,30001.37058,2
397.3956498,-449.4297232,52.03407332,-19626.96816,5.160979731,32421.1217,2
437.8806169,-490.2228334,52.34221652,-19028.4793,1.077107016,33328.41438,2
457.9424607,-508.1502868,50.20782617,-17542.19357,-3.057668057,32680.93051,2
456.645453,-502.3759079,45.73045492,-15237.43458,-7.050490516,30508.87016,2
434.050089,-473.1690262,39.11893717,-12221.70134,-10.71512636,26913.54297,2
391.210266,-421.8919146,30.68164856,-8635.654222,-13.88064895,22062.64286,2
330.1241267,-350.9362494,20.8121227,-4646.554317,-16.39941135,16182.42641,2
253.6408621,-263.611558,9.970695856,-440.4619563,-18.15393295,9547.159768,2
165.3278186,-163.9908545,-1.33696413,3786.44152,-19.062379,2466.326259,2
69.30410949,-56.72066622,-12.58344327,7837.004097,-19.08237756,-4729.808571,2
-29.95150988,53.19569107,-23.2441812,11522.29868,-18.2129958,-11705.60127,2
-127.8095406,160.6314784,-32.82193778,14670.43509,-16.49478357,-18135.68563,2
-219.7056706,260.5756561,-40.86998551,17134.57734,-14.00788199,-23720.14847,2
-301.3536635,348.3666094,-47.01294584,18799.79247,-10.86828555,-28198.51824,2
-368.9452788,419.9095765,-50.96429765,19588.41119,-7.222431847,-31361.91399,2
-419.3278959,471.8676371,-52.53974125,19463.6506,-3.240371426,-33062.78802,2
-450.1515595,501.817354,-51.66579447,18431.3298,0.892163756,-33221.80785,2
-459.9785868,508.3618069,-48.38322007,16539.59848,4.98242327,-31831.55644,2
-448.3506236,491.1957481,-42.84512446,13876.69111,8.839628515,-28956.87814,2
-415.8100236,451.1198401,-35.30981649,10566.81149,12.28387105,-24731.85423,2
-363.8745515,390.0033108,-26.12875935,6764.339643,15.15450392,-19353.54904,2
-294.966591,310.6967686,-15.73017755,2646.631143,17.31763458,-13072.81845,2
-212.3001601,216.8992437,-4.599083645,-1594.255098,18.67236992,-6182.609458,2
-119.7310014,112.9856575,6.745343879,-5760.514893,19.15552216,995.7035573,2
-21.57674281,3.802766636,17.77397617,-9657.824793,18.74455606,8127.308407,2
77.58448678,-105.5569006,27.97241378,-13104.40576,17.45864002,14879.57147,2
173.1275911,-209.9925704,36.86497931,-15939.50174,15.357752,20937.55247,2
260.596231,-304.6331351,44.03690414,-18030.87767,12.53988205,26018.69394,2
335.9106782,-385.0643522,49.15367405,-19280.98722,9.136461796,29886.00036,2
395.5581023,-447.5347341,51.97663174,-19631.52256,5.306234241,32359.09211,2
436.7564174,-489.1305257,52.37410834,-19066.13395,1.227849593,33322.61881,2
457.5840438,-507.9116085,50.3275647,-17611.19237,-2.908467346,32731.63947,2
457.0695358,-503.0019919,45.9324561,-15334.55947,-6.909789687,30613.71867,2
435.2368909,-474.630671,39.39378004,-12342.42239,-10.58948698,27067.64086,2
393.1044315,-424.1209462,31.01651468,-8774.340941,-13.77593008,22258.80286,2
332.6373075,-353.8287015,21.191394,-4796.738247,-16.32049628,16411.49938,2
256.6558375,-267.0325206,10.3766831,-595.1383859,-18.10450142,9798.461443,2
168.7039631,-167.7807669,-0.92319625,3634.486843,-19.04473558,2728.135572,2
72.88395199,-60.70275901,-12.18119298,7694.858475,-19.09734413,-4469.702783,2
-26.33494145,49.20715095,-22.8722095,11396.59191,-18.25987328,-11459.33072,2
-124.3249313,156.8225248,-32.49759344,14567.0302,-16.57138444,-17914.73672,2
-216.5155506,257.1239464,-40.60839583,17058.29718,-14.1106324,-23534.82654,2
-298.6068274,345.4331385,-46.82631112,18754.19471,-10.99239197,-28057.46691,2
-366.7698454,417.6311675,-50.86132213,19575.62241,-7.362104652,-31271.71202,2
-417.8253326,470.3505597,-52.52522711,19484.26711,-3.38909494,-33027.64243,2
-449.3919495,501.1323674,-51.74041786,18484.38981,0.741327353,-33243.35771,2
-459.9973604,508.54086,-48.54349958,16622.62695,4.836510346,-31908.79643,2
-449.1469055,492.230489,-43.08358349,13985.81522,8.705445797,-29086.20543,2
-417.346674,452.9620059,-35.61533197,10696.94127,12.16767814,-24907.23651,2
-366.0798979,392.5669785,-26.48708055,6909.405347,15.06172135,-19566.8059,2
-297.7377718,313.8623626,-16.12459078,2799.866401,17.25259094,-13314.00294,2
-215.5079217,220.5191134,-5.011191778,-1439.997708,18.63810003,-6440.472003,2
-123.2257272,116.8909639,6.334763275,-5612.430466,19.15362547,733.1904176,2
-25.19543156,7.811357266,17.38407429,-9522.820506,18.77512207,7872.389052,2
74.01061821,-101.6319955,27.62137731,-12988.7787,17.52024408,14644.13609,2
169.7652353,-206.3344175,36.56918219,-15848.6452,15.4475218,20732.58248,2
257.6022153,-301.412359,43.81014379,-17969.0296,12.65363155,25853.74978,2
333.4246495,-382.4311774,49.00652789,-19251.03253,9.268886516,29768.77557,2
393.6960141,-445.6119779,51.91596382,-19634.8586,5.451158623,32295.05452,2
435.6051211,-488.0078702,52.40274915,-19102.60532,1.378515075,33314.75546,2
457.197238,-507.6414172,50.44417918,-17679.09816,-2.759087102,32780.31732,2
457.4652615,-503.5968674,46.13160593,-15430.73259,-6.768661073,30716.66746,2
436.3966903,-476.0628676,39.66617724,-12462.37732,-10.46319152,27220.05904,2
394.9742086,-426.3236635,31.34945488,-8912.482918,-13.67035743,22453.5815,2
335.1298513,-356.6992002,21.56934894,-4946.624216,-16.24056956,16639.55378,2
259.65489,-270.4369149,10.78202497,-749.7775337,-18.05394755,10049.15484,2
172.0696416,-171.5602689,-0.509372671,3482.30703,-19.02591148,2989.775268,2
76.45927336,-64.68108486,-11.77818851,7552.235802,-19.11112677,-4209.32004,2
-22.71673834,45.21555867,-22.49882033,11270.17841,-18.30561878,-11212.34955,2
-120.8326078,153.0038422,-32.17123443,14462.72189,-16.6469581,-17692.67668,2
-213.3119966,253.6562849,-40.34428828,16980.95902,-14.21250827,-23348.0448,2
-295.8414641,342.4782369,-46.63677275,18707.43374,-11.11581731,-27914.67518,2
-364.5716558,415.3268484,-50.75519261,19561.61947,-7.501321608,-31179.57022,2
-416.2968455,468.8043012,-52.50745574,19503.67513,-3.5376091,-32990.44807,2
-448.6044573,500.41629,-51.81183272,18536.30335,0.590444041,-33262.84542,2
-459.9875937,508.6883626,-48.70076891,16704.62447,4.690296437,-31984.05707,2
-449.9153204,493.2346915,-43.31937108,14094.07197,8.570722055,-29213.72848,2
-418.8574303,454.7760696,-35.91863935,10826.40773,12.05072941,-25081.07382,2
-368.262531,395.106291,-26.84376,7054.042731,14.96800338,-19778.84913,2
-300.4904794,317.0084845,-16.51800516,2952.928306,17.18647599,-13554.36174,2
-218.7023118,224.1253024,-5.422990581,-1285.650618,18.60267287,-6697.93532,2
-126.712807,120.7890189,5.923788068,-5463.997471,19.15053952,470.6314318,2
-28.81255633,11.81946405,16.99309228,-9387.225039,18.8045223,7616.980916,2
70.43215861,-97.70078417,27.26862556,-12872.34543,17.58076023,14407.79179,2
166.3923476,-202.6634623,36.27111463,-15756.80502,15.53633228,20526.32582,2
254.592218,-298.1728817,43.58066377,-17906.06632,12.76659508,25687.20122,2
330.9179351,-379.7742747,48.85633967,-19219.8831,9.400735255,29649.7035,2
391.8095007,-443.6615741,51.85207331,-19636.97609,5.595743886,32229.0129,2
434.4267994,-486.8549366,52.42813717,-19137.89116,1.529094117,33304.82481,2
456.7820673,-507.3397297,50.5576624,-17745.90673,-2.60953659,32826.96103,2
457.8326057,-504.1604977,46.32789205,-15525.948,-6.627113426,30817.71016,2
437.5294153,-477.4655271,39.93611187,-12581.5587,-10.3362478,27370.78806,2
396.8194812,-428.4999296,31.68044849,-9050.071583,-13.56393755,22646.96671,2
337.6016036,-359.5475677,21.94596409,-5096.202927,-16.15963614,16866.57547,2
262.6378336,-273.8245299,11.18669631,-904.3698057,-18.00227449,10299.2244,2
175.4246451,-175.3291261,-0.095519066,3329.911523,-19.00590788,3251.229113,2
80.02985178,-68.65539692,-11.37445486,7409.144925,-19.12372462,-3948.676497,2
-19.09712505,41.2211619,-22.12403685,11143.06604,-18.35022946,-10964.6731,2
-117.3327867,149.1756677,-31.84288102,14357.51663,-16.72149985,-17469.51929,2
-210.0952074,250.1728866,-40.07767923,16902.56768,-14.31350328,-23159.81484,2
-293.0577453,339.5020878,-46.44434249,18659.51247,-11.23855391,-27770.15191,2
-362.3508465,412.9967622,-50.64591569,19546.40323,-7.640074075,-31085.49432,2
-414.7425294,467.2289577,-52.48642824,19521.87343,-3.68590469,-32951.20726,2
-447.7891316,499.6691662,-51.88003461,18587.06721,0.439523183,-33280.26978,2
-459.9492874,508.8043057,-48.85501828,16785.58594,4.543790617,-32057.33369,2
-450.6558206,494.2082932,-43.55247259,14201.45465,8.43546565,-29339.43939,2
-420.3421987,456.5619185,-36.21971983,10955.20286,11.9330321,-25253.3554,2
-370.4223154,397.6210909,-27.19877556,7198.242821,14.87335585,-19989.6656,2
-303.2245429,320.1349392,-16.9103963,3105.80736,17.11929384,-13793.87995,2
-221.8831322,227.7175867,-5.834454504,-1131.223406,18.56609063,-6954.983437,2
-130.1920243,124.6795806,5.512443757,-5315.225118,19.14626451,208.0428901,2
-32.42789272,15.82683832,16.60105439,-9251.046806,18.83275493,7361.099845,2
66.84933,-93.76351041,26.91418042,-12755.11316,17.6401847,14170.55324,2
163.0091373,-198.9799325,35.97079514,-15663.98688,15.62417794,20318.7953,2
251.5664259,-294.9149042,43.34847831,-17841.99174,12.87876563,25519.0586,2
328.3906904,-377.0938091,48.70311869,-19187.54086,9.531999835,29528.79152,2
389.8986792,-441.6836434,51.78496419,-19637.87489,5.739981061,32160.97135,2
433.2215256,-485.6717965,52.45027084,-19171.98928,1.679577377,33292.82749,2
456.3385573,-507.0065646,50.66800731,-17811.61394,-2.459825088,32871.5677,2
458.1715455,-504.6928478,46.52130229,-15620.19978,-6.485155529,30916.84048,2
438.6349955,-478.8385627,40.20356718,-12699.95913,-10.20866371,27519.81856,2
398.6401348,-430.6496098,32.00947499,-9187.098401,-13.45667704,22838.94648,2
340.0524109,-362.373627,22.32121608,-5245.465098,-16.07770105,17092.55034,2
265.6044832,-277.1951553,11.59067203,-1058.905611,-17.94948542,10548.65461,2
178.7687657,-179.0871046,0.31833889,3177.309777,-18.98472601,3512.480886,2
83.59546571,-72.62544862,-10.97001709,7265.594722,-19.1351369,-3687.788323,2
-15.47632614,37.22420845,-21.74788231,11015.26268,-18.39370256,-10716.31673,2
-113.8256852,145.3382387,-31.51255356,14251.42095,-16.79500507,-17245.27841,2
-206.8653825,246.6739678,-39.80858524,16823.12802,-14.41361114,-22970.14834,2
-290.2558436,336.5048759,-46.24903227,18610.43387,-11.36059415,-27623.90606,2
-360.1075551,410.6410533,-50.53349813,19529.97463,-7.778353443,-30989.49015,2
-413.1624808,465.6246268,-52.46214593,19538.86091,-3.833972509,-32909.92242,2
-446.9460231,498.8910424,-51.9450193,18636.67823,0.288574144,-33295.62969,2
-459.8824438,508.888682,-49.00623813,16865.50635,4.397001975,-32128.62174,2
-451.36836,495.1512336,-43.78287357,14307.95659,8.299684973,-29463.33036,2
-421.8008872,458.3194419,-36.51855471,11083.31865,11.81459352,-25424.07055,2
-372.5591169,400.1112221,-27.55210522,7341.996669,14.77778463,-20199.2422,2
-305.9397928,323.2415327,-17.30173986,3258.494079,17.05104865,-14032.54271,2
-225.0501857,231.2957437,-6.245558017,-976.7256526,18.5283556,-7211.600403,2
-133.6631634,128.5624076,5.100755863,-5166.122637,19.14080071,-54.55891556,2
-36.0412164,19.83323145,16.20798496,-9114.294257,18.85981822,7104.761715,2
63.26235465,-89.82041852,26.55806387,-12637.08917,17.69851382,13932.43515,2
159.6158143,-195.2840567,35.66824236,-15570.19654,15.71105331,20110.00379,2
248.5250268,-291.6386286,43.11360182,-17776.80984,12.99013623,25349.33236,2
325.8430722,-374.3899467,48.54687446,-19154.00782,9.662672113,29406.04713,2
387.9636682,-439.6783088,51.71464062,-19637.55495,5.883861202,32090.93409,2
431.9893743,-484.4585231,52.46914878,-19204.89755,1.82995552,33278.76423,2
455.8667357,-506.6419427,50.77520706,-17876.21572,-2.309961883,32914.13459,2
458.4820599,-505.1938845,46.71182465,-15713.48208,-6.342796185,31014.05228,2
439.7133625,-480.181889,40.46852658,-12817.57126,-10.08044715,27667.14131,2
400.4360565,-432.7725704,32.33651396,-9323.554869,-13.34858255,23029.50891,2
342.4821212,-365.1772029,22.69508162,-5394.401469,-15.99476936,17317.4644,2
268.5546548,-280.5485819,11.99392706,-1213.375362,-17.89558363,10797.43,2
182.1017957,-182.8339712,0.73217552,3024.511259,-18.96236719,3773.514379,2
87.15589393,-76.59099365,-10.56490029,7121.5941,-19.14536289,-3426.671706,2
-11.85456625,33.2249463,-21.37038004,10886.77626,-18.43603537,-10467.29584,2
-110.3115208,141.4917934,-31.18027256,14144.44143,-16.86746919,-17019.96794,2
-203.6227224,243.1597454,-39.53702299,16742.64496,-14.51282566,-22779.05706,2
-287.4359328,333.4867871,-46.05085422,18560.20098,-11.48193046,-27475.9467,2
-357.841921,408.2598679,-50.41794691,19512.3347,-7.916151132,-30891.56367,2
-411.5567978,463.9914081,-52.43461029,19554.6365,-3.981803369,-32866.59612,2
-446.0751841,498.0819669,-52.00678276,18685.13334,0.137606291,-33308.92421,2
-459.7870671,508.9414862,-49.15441908,16944.38073,4.249939622,-32197.91681,2
-452.0528946,496.0634543,-44.01055971,14413.57118,8.163388452,-29585.39371,2
-423.2334053,460.0485308,-36.81512545,11210.74715,11.69542102,-25593.20868,2
-374.6728031,402.5765302,-27.90372704,7485.295358,14.68129564,-20407.56595,2
-308.6360606,326.3280721,-17.69201154,3410.97899,16.98174465,-14270.33521,2
-228.2032756,234.8595512,-6.656275613,-822.1669436,18.48947011,-7467.7703,2
-137.126009,132.437259,4.688749931,-5016.699279,19.13414844,-317.1576924,2
-39.65230322,23.83839486,15.81390836,-8976.975875,18.88571049,6847.982431,2
59.67145512,-85.87175314,26.20029802,-12518.28079,17.75574397,13693.4523,2
156.212589,-191.5760641,35.36347504,-15475.43984,15.79695302,19899.96425,2
245.4682092,-288.3442581,42.87604887,-17710.52467,13.10069997,25178.03302,2
323.2752387,-371.6628554,48.38761668,-19119.28605,9.792743983,29281.47797,2
386.0045876,-437.6456945,51.64110695,-19636.01628,6.027375382,32018.90546,2
430.7304221,-483.2151919,52.48476981,-19236.61395,1.980219219,33262.63592,2
455.3666316,-506.2458866,50.87925502,-17939.70805,-2.159956272,32954.65903,2
458.7641296,-505.6635769,46.89944731,-15805.78912,-6.200044228,31109.33953,2
440.7644492,-481.4954228,40.73097363,-12934.3878,-9.95160609,27812.74715,2
402.2071348,-434.8686799,32.66154511,-9459.432522,-13.23966078,23218.64217,2
344.8905839,-367.9581214,23.06753752,-5543.0028,-15.91084623,17541.30367,2
271.4881654,-283.8846018,12.39643638,-1367.769475,-17.84057246,11045.53514,2
185.4235284,-186.5694936,1.14596515,2871.525449,-18.9388328,4034.313398,2
90.71091556,-80.55178598,-10.15912958,6977.151991,-19.15440195,-3165.342844,2
-8.232070096,29.22362358,-20.99155348,10757.61476,-18.47722527,-10217.62589,2
-106.7905117,137.6365703,-30.84605862,14036.5847,-16.93888771,-16793.60187,2
-200.3674282,239.6304375,-39.26300933,16661.12351,-14.61114067,-22586.55287,2
-284.598188,330.4480086,-45.84982062,18508.81693,-11.60255531,-27326.28302,2
-355.5540846,405.8533538,-50.2992692,19493.48452,-8.053458591,-30791.72094,2
-409.9255799,462.3294029,-52.40382305,19569.19922,-4.129388096,-32821.23104,2
-445.1766687,497.2419898,-52.06532114,18732.42953,-0.013371009,-33320.15252,2
-459.6631632,508.9627152,-49.29955193,17022.2042,4.102612682,-32265.21459,2
-452.7093819,496.9448988,-44.2355169,14518.29187,8.026584544,-29705.62185,2
-424.6396641,461.7490777,-37.10941366,11337.48047,11.575522,-25760.75929,2
-376.7632428,405.0168621,-28.25361922,7628.129995,14.58389488,-20614.62391,2
-311.313179,329.3943661,-18.08118713,3563.25263,16.91138615,-14507.2427,2
-231.3422065,238.4087883,-7.06658181,-667.5568685,18.44943657,-7723.477231,2
-140.580346,136.3038945,4.276451523,-4866.964315,19.12630814,-579.7371479,2
-43.26092911,27.84208006,15.41884905,-8839.100181,18.91043013,6590.777924,2
56.07685419,-81.91775925,25.84090506,-12398.69538,17.81187159,13453.61951,2
152.7996727,-187.8561848,35.05651211,-15379.72264,15.88187174,19688.6897,2
242.396163,-285.0319972,42.6358342,-17643.14033,13.21045001,25005.17121,2
320.687349,-368.9127043,48.22535523,-19083.37771,9.922207376,29155.09174,2
384.021559,-435.5859267,51.56436776,-19633.25899,6.1705147,31944.88994,2
429.4447469,-481.9418799,52.49713298,-19267.1365,2.13035915,33244.44354,2
454.8382762,-505.8184209,50.98014471,-18002.087,-2.009817559,32993.13853,2
459.0177371,-506.1018957,47.08415862,-15897.11517,-6.056908511,31202.69632,2
441.7881905,-482.7790825,40.99089205,-13050.4015,-9.822148511,27956.62707,2
403.95326,-436.9378083,32.98454828,-9594.72293,-13.12991851,23406.33452,2
347.2776494,-370.71621,23.43856068,-5691.259873,-15.82593685,17764.05428,2
274.4048328,-287.2030079,12.79817501,-1522.078371,-17.78445532,11292.95462,2
188.7337577,-190.2934398,1.559682108,2718.361838,-18.91412431,4294.861761,2
94.26031001,-84.50757987,-9.752730147,6832.277358,-19.16225354,-2903.817952,2
-4.609062419,25.22048854,-20.61142612,10627.78618,-18.5172697,-9967.322373,2
-103.2628761,133.7728086,-30.50993248,13927.85747,-17.00925621,-16566.19422,2
-197.0997019,236.0862631,-38.98656126,16578.5687,-14.70855008,-22392.64771,2
-281.7427852,327.3887291,-45.64594394,18456.2849,-11.72246121,-27174.9243,2
-353.2441878,403.4216602,-50.17747236,19473.42528,-8.190267299,-30689.96817,2
-408.2689283,460.6387144,-52.3697861,19582.54818,-4.276717533,-32773.83,2
-444.2505325,496.3711633,-52.12063083,18778.56387,-0.164348386,-33329.3139,2
-459.5107398,508.9523675,-49.44162768,17098.97192,3.955030298,-32330.5109,2
-453.337781,497.7955122,-44.45773117,14622.11216,7.889281737,-29824.00733,2
-426.0195763,463.4209774,-37.40140108,11463.51074,11.45490389,-25926.71199,2
-378.8303064,407.4320664,-28.60176004,7770.491719,14.48558838,-20820.40324,2
-313.9709819,332.4402244,-18.46924249,3715.305554,16.83997752,-14743.25047,2
-234.4667834,241.9432346,-7.476451149,-512.9050201,18.40825747,-7978.705333,2
-144.0259604,140.1620741,3.863886221,-4716.927035,19.11728028,-842.2809906,2
-46.86687021,31.84403866,15.02283155,-8700.67573,18.9339756,6333.164152,2
52.47877489,-77.95868217,25.47990728,-12278.34037,17.86689321,13212.95167,2
149.3772771,-184.1246497,34.7473726,-15283.05088,15.96580419,19476.19326,2
239.3090786,-281.7020514,42.39297272,-17574.661,13.31937952,24830.75766,2
318.0795639,-366.1396641,48.06010018,-19046.28504,10.05105426,29026.8963,2
382.0147055,-433.4991333,51.48442781,-19629.28324,6.313270275,31868.89212,2
428.1324286,-480.6386662,52.50623751,-19296.46331,2.280366002,33224.18824,2
454.2817022,-505.359572,51.07786989,-18063.34869,-1.859555059,33029.57069,2
459.2428667,-506.5088139,47.26594714,-15987.45456,-5.913397914,31294.11686,2
442.7845228,-484.0327886,41.24826571,-13165.60515,-9.692082446,28098.77212,2
405.6743235,-438.979827,33.30550342,-9729.417699,-13.01936252,23592.57433,2
349.6431696,-373.4512977,23.80812808,-5839.163487,-15.7400465,17985.70241,2
277.3044763,-290.5035943,13.19911804,-1676.292478,-17.72723569,11539.6731,2
192.0322783,-194.005579,1.973300729,2565.029929,-18.88824323,4555.143304,2
97.80385709,-88.45812989,-9.345727201,6686.979188,-19.16891716,-2642.113255,2
-0.985768004,21.21578954,-20.23002154,10497.29858,-18.55616618,-9716.400808,2
-99.72883316,129.9007482,-30.171915,13818.26647,-17.07857032,-16337.75913,2
-193.8197462,232.5274421,-38.70769593,16494.98568,-14.80504783,-22197.3536,2
-278.8699015,324.3091384,-45.43923685,18402.60815,-11.84164073,-27021.87993,2
-350.9123741,400.9649381,-50.05256395,19452.15821,-8.326568768,-30586.31167,2
-406.5869458,458.9194474,-52.33250157,19594.68254,-4.423782536,-32724.39594,2
-443.296833,495.4695414,-52.17270839,18823.53349,-0.315316474,-33336.40781,2
-459.3298064,508.9104439,-49.58063751,17174.67913,3.807201626,-32393.8017,2
-453.9380531,498.6152418,-44.67718873,14725.02562,7.751488552,-29940.54281,2
-427.3730563,465.0641259,-37.69106958,11588.83014,11.33357418,-26091.05649,2
-380.8738655,409.8219934,-28.9481279,7912.371697,14.38638226,-21024.89118,2
-316.6093045,335.465458,-18.85615354,3867.128325,16.76752318,-14978.34389,2
-237.5768127,245.4626709,-7.8858582,-358.2209935,18.36593537,-8233.438771,2
-147.4626381,144.0115585,3.451079621,-4566.596748,19.10706543,-1104.772931,2
-50.46990278,35.84402236,14.62588041,-8561.711109,18.95634546,6075.157098,2
48.87744044,-73.99476753,25.11732709,-12157.22323,17.92080542,12971.46371,2
145.9456145,-180.3816902,34.43607571,-15185.43057,16.04874518,19262.48811,2
236.2071477,-278.3546272,42.1474795,-17505.09094,13.42748176,24654.80319,2
315.452045,-363.3439068,47.89186178,-19008.01032,10.17927665,28896.8996,2
379.9841515,-431.3854435,51.40129205,-19624.08928,6.455633252,31790.91671,2
426.7935487,-479.3056315,52.51208285,-19324.59256,2.430230468,33201.87126,2
453.696944,-504.8693685,51.17242449,-18123.48933,-1.709178093,33063.95324,2
459.4395045,-506.8843061,47.44480159,-16076.80169,-5.76952134,31383.59547,2
443.7533844,-485.2564631,41.50307865,-13279.99163,-9.561415964,28239.17349,2
407.3702188,-440.9946094,33.62439064,-9863.508474,-12.90799968,23777.35004,2
351.9869978,-376.1632146,24.17621679,-5986.704469,-15.65318049,18206.23429,2
280.1869158,-293.7861564,13.5992406,-1830.402226,-17.66891713,11785.67527,2
195.3188854,-197.7056808,2.38679535,2411.539235,-18.86119119,4815.141878,2
101.3413369,-92.40319094,-8.938145991,6541.266496,-19.17439239,-2380.24499,2
2.637588351,17.20977505,-19.8473634,10366.16005,-18.59391229,-9464.876766,2
-96.18860194,126.0206291,-29.83202714,13707.81851,-17.14682573,-16108.31075,2
-190.5277646,228.9541953,-38.42643064,16410.37961,-14.90062794,-22000.68266,2
-275.9797152,321.2094274,-45.22971215,18347.79001,-11.96008647,-26867.1594,2
-348.5587881,398.4833398,-49.92455172,19429.68463,-8.462354539,-30480.75787,2
-404.8797368,457.1717086,-52.29197175,19605.60155,-4.570573981,-32672.93193,2
-442.3156294,494.53718,-52.22155059,18867.33561,-0.466265903,-33341.43378,2
-459.1203741,508.8369469,-49.71657279,17249.32113,3.659135841,-32455.08305,2
-454.5101609,499.4040369,-44.89387597,14827.02585,7.613213539,-30055.22105,2
-428.7000202,466.6784214,-37.9784012,11713.4309,11.21154041,-26253.78258,2
-382.8937934,412.1864947,-29.29270131,8053.761126,14.28628266,-21228.07503,2
-319.2279829,338.4698792,-19.24189628,4018.711526,16.69402764,-15212.50836,2
-240.6721012,248.9668788,-8.294777561,-203.514386,18.32247289,-8487.661739,2
-150.8901662,147.8521088,3.038057338,-4415.982781,19.09566421,-1367.196684,2
-54.06980328,39.841783,14.22802028,-8422.214941,18.97753831,5816.77277,2
45.27307428,-70.02626127,24.75318699,-12035.35146,17.97360486,12729.17061,2
142.5048978,-176.6275385,34.12264074,-15086.86775,16.13068956,19047.5875,2
233.0905626,-274.9899323,41.89936976,-17434.43446,13.53475002,24477.31871,2
312.8049555,-360.5256059,47.72065047,-18968.55595,10.30686658,28765.1097,2
377.9300231,-429.2449887,51.31496565,-19617.67744,6.597594801,31710.96856,2
425.4281901,-477.9428587,52.51466862,-19351.5225,2.579943252,33177.494,2
452.163213,-503.5517577,51.38854474,-18264.64672,-1.344413597,33138.85274,2
51.77220622,-480.8469383,532.6191445,-25891.83219,25888.71445,3.117165322,2
-48.09789039,-472.6098299,520.7077203,-24057.36403,24049.5386,7.82479718,2
-41.53177007,-435.9660693,477.4978394,-20776.70535,20764.64189,12.06278365,2
-32.46851348,-373.1181943,405.5867078,-16247.04593,16231.46885,15.57639305,2
-21.45288366,-287.8437869,309.2966706,-10740.64893,10722.4938,18.15443366,2
-9.146994426,-185.2684156,194.41541,-4588.486033,4568.843413,19.64194777,2
3.709487052,-71.55755353,67.84806648,1839.656174,-1859.606332,19.94952568,2
16.34379931,46.45400778,-62.79780709,8157.402883,-8176.462139,19.05867984,2
27.99653474,161.6729757,-189.6695105,13985.0148,-14002.03827,17.02295606,2
37.96728516,267.1739114,-305.1411966,18972.21306,-18986.1782,13.96471505,2
45.65674103,356.6154955,-402.2722365,22819.23331,-22829.30143,10.06777775,2
50.60271406,424.621684,-475.2243981,25294.84363,-25300.41027,5.566376367,2
52.50791781,467.1048454,-519.6127632,26250.2431,-26250.97436,0.731075524,2
51.25783663,481.5114544,-532.7692911,25628.00575,-25623.85838,-4.147490555,2
46.92760883,466.9755766,-513.9031854,23465.53225,-23456.75622,-8.776087114,2
39.77751035,424.3709163,-464.1484266,19892.80185,-19879.92538,-12.87650425,2
30.23731043,356.2583017,-386.4956122,15124.55982,-15108.35755,-16.20227922,2
18.88043955,266.7317615,-285.612201,9447.409716,-9428.856223,-18.55351051,2
6.389522404,161.1724459,-167.5619683,3202.586643,-3182.797812,-19.78887326,2
-6.484652464,45.92518336,-39.4405309,-3234.553323,3254.387351,-19.83411387,2
-18.96826014,-72.08288648,91.05114661,-9477.09456,9495.780928,-18.68651311,2
-30.31095142,-185.7586809,216.0696323,-15149.81814,15166.23298,-16.41504958,2
-39.83095392,-288.2695161,328.10047,-19911.75504,19924.911,-13.15625366,2
-46.95605114,-373.453798,420.4098491,-23476.68066,23485.78628,-9.106001036,2
-51.2579766,-436.1913752,487.4493518,-25630.31888,25634.82616,-4.507739323,2
-52.47815551,-472.7112954,525.1894509,-26243.22148,26242.8588,0.362144822,2
-50.5432469,-480.8184644,531.3617113,-25278.54889,25273.33735,5.210938399,2
-45.56955187,-460.0255865,505.5951383,-22794.28445,22784.5366,9.74719609,2
-37.85602315,-411.5824542,449.4384774,-18939.74925,18926.0503,13.6982581,2
-27.86629597,-338.4008273,366.2671233,-13946.62692,13929.79958,16.82663885,2
-16.20082049,-244.8794163,261.0802368,-8115.037872,8096.092884,18.94430146,2
-3.560770675,-136.6394901,140.2002608,-1795.500039,1775.575421,19.92396006,2
9.294101016,-20.18700008,10.89289907,4632.139632,-4651.846973,19.70673049,2
21.59112987,97.47847191,-119.0696018,10781.53654,-10799.84276,18.30566968,2
32.5911813,209.2844356,-241.8756169,16283.07035,-16298.87582,15.80499081,2
41.63307783,308.5105967,-350.1436745,20806.06169,-20818.41708,12.35500154,2
48.17334034,389.1927922,-437.3661325,24078.6482,-24086.81157,8.163069511,2
51.8188548,446.4814767,-498.3003315,25904.12529,-25907.60667,3.481158127,2
52.35050115,476.933213,-529.2837141,26172.76945,-26171.36029,-1.409318127,2
49.7363238,478.7176459,-528.4539697,24868.43335,-24862.21903,-6.214408612,2
44.13345249,451.7275189,-495.8609714,22069.51639,-22058.87115,-10.64529495,2
35.87865761,397.5851211,-433.4637788,17944.25241,-17929.81678,-14.43565096,2
25.46810814,319.5447768,-345.0128849,12740.59764,-12723.24001,-17.35765066,2
13.52754845,222.297238,-235.8247865,6771.326923,-6752.091287,-19.23566217,2
0.77468687,111.6877394,-112.4624263,395.2337634,-375.277018,-19.95680434,2
-12.02394342,-5.635340433,17.65928386,-6004.435536,6023.913158,-19.47773169,2
-24.09905825,-122.6200913,146.7191495,-12043.01759,12060.84466,-17.82723977,2
-34.7248616,-232.2349388,266.9598004,-17357.55281,17372.65709,-15.10453435,2
-43.26267088,-327.8912895,371.1539604,-21628.6017,21640.07463,-11.47326847,2
-49.19930606,-403.8395502,453.0388563,-24599.44535,24606.59664,-7.151705799,2
-52.17793525,-455.5147169,507.6926522,-26091.51598,26093.91509,-2.399601514,2
-52.01952273,-479.8107628,531.8302855,-26015.13007,26012.63209,2.49741075,2
-48.73359017,-475.2673312,524.0009213,-24374.87893,24367.63332,7.244987408,2
-42.51764437,-442.1575131,484.6751574,-21269.35275,21257.79431,11.55776696,2
-33.7453057,-382.4714323,416.216738,-16885.21465,16870.03743,15.17652217,2
-22.94385105,-299.7966259,322.7404769,-11485.98097,11468.09653,17.88374133,2
-10.76252087,-199.1024085,209.8649294,-5396.182158,5376.66478,19.51670223,2
2.066504504,-86.44118334,84.37467883,1018.143695,-1038.121587,19.97725284,2
14.77211392,31.41534835,-46.18746227,7371.452244,-7390.69054,19.23771091,2
26.59061432,147.3832123,-173.9738266,13281.86669,-13299.20973,17.34252786,2
36.81163393,254.491956,-291.3035899,18394.13116,-18408.53722,14.40561696,2
44.82082034,346.3036197,-391.1244401,22400.964,-22411.56787,10.60350638,2
50.13676729,417.299702,-467.4364692,25061.52747,-25067.69247,6.164728618,2
52.4399504,463.2128582,-515.6528086,26215.9037,-26217.25998,1.356084178,2
51.59193279,481.2833974,-532.8753302,25794.70688,-25791.17361,-3.533394942,2
47.64368601,470.425158,-518.068844,23823.25377,-23815.04402,-8.209818035,2
40.83252638,431.2907935,-472.1233199,20420.04204,-20407.64997,-12.39210051,2
31.5678506,366.2325439,-397.8003945,15789.6277,-15773.79886,-15.82885894,2
20.4065283,279.1608498,-299.5673781,10210.32996,-10192.01646,-18.31352098,2
8.019430391,175.3093086,-183.328739,4017.502329,-3997.805626,-19.69674167,2
-4.848894838,60.92010002,-56.07120519,-2416.624402,2436.519703,-19.89538014,2
-17.42497407,-57.1312112,74.55618526,-8705.315721,8724.213082,-18.89749693,2
-28.95289993,-171.7489432,200.7018431,-14470.57877,14487.34164,-16.76307159,2
-38.73976619,-276.0437954,314.7835616,-19365.88228,19379.50239,-13.62039758,2
-46.19731603,-363.7469422,409.9442583,-23096.98541,23106.64341,-9.658370872,2
-50.87730032,-429.5868315,480.4641319,-25439.62365,25444.73834,-5.115136111,2
-52.49842039,-469.6060409,522.1044613,-26252.98862,26253.25186,-0.263772461,2
-50.96323598,-481.3991454,532.3623814,-25488.19157,25483.58685,4.604120285,2
-46.36402207,-464.2572996,510.6213216,-23191.20199,23182.00539,9.195948822,2
-38.97722254,-419.2108443,458.1880668,-19500.08449,19486.8481,13.23571317,2
-29.24683399,-348.967376,378.21421,-14636.70018,14620.21889,16.48059614,2
-17.75771858,-257.7490021,275.5067207,-8893.371354,8874.635107,18.73555828,2
-5.200449828,-151.0385634,156.2390132,-2615.310893,2595.445169,19.86506109,2
7.670195495,-35.25007861,27.57988311,3820.127319,-3839.92915,19.80121376,2
20.08060458,82.65678151,-102.7373861,10026.12994,-10044.67835,18.54785392,2
31.28482792,195.5950176,-226.8798456,15629.67424,-15645.85504,16.18031691,2
40.60941593,296.7762783,-337.3856942,20293.94934,-20306.79065,12.84090767,2
47.49389781,380.1188857,-427.6127835,23738.60075,-23747.33142,8.730347232,2
51.52446963,440.6133858,-492.1378555,25756.58164,-25760.67759,4.095708021,2
52.45886678,474.6236502,-527.082517,26226.59771,-26225.81344,-0.784436857,2
50.24092562,480.105432,-530.3463577,25120.39782,-25114.78116,-5.616757749,2
45.00395941,456.7292392,-501.7331986,22504.47204,-22494.36129,-10.11079954,2
37.0627452,405.900139,-442.9628842,18536.0552,-18522.05878,-13.99643999,2
26.89460361,330.6733038,-357.5679074,13453.67596,-13436.63585,-17.04012588,2
15.11070868,235.5703751,-250.6810838,7562.819688,-7543.760799,-19.05891115,2
2.419352126,126.3076819,-128.727034,1217.566647,-1197.635247,-19.9314532,2
-10.41662974,9.45265051,0.963979231,-5200.690561,5220.295765,-19.6053064,2
-22.62570766,-107.9709416,130.5966492,-11306.17129,11324.2712,-18.10007443,2
-33.47403354,-218.9051427,252.3791762,-16731.89489,16747.40088,-15.50623193,2
-42.30954967,-316.6820574,358.991607,-21151.73869,21163.71805,-11.97968643,2
-48.60118183,-395.4246321,444.0258139,-24300.0402,24307.7722,-7.732407193,2
-51.97076041,-450.3999057,502.3706661,-25987.56523,25990.58442,-3.019684452,2
-52.21575099,-478.3034927,530.5192437,-26112.88212,26111.00634,1.875215253,2
-49.32142799,-477.4581989,526.7796269,-24668.45848,24661.79978,6.658075314,2
-43.46175982,-447.914832,491.3765918,-21741.11394,21730.07186,11.04141347,2
-34.98895217,-391.4491482,426.4381003,-17506.80171,17492.03926,14.76176141,2
-24.41227807,-311.4551167,335.8673947,-12220.03257,12202.43638,17.59550105,2
-12.36746716,-212.7409196,225.1083868,-6198.57711,6179.204125,19.37230542,2
0.421505974,-101.2399475,100.8184415,195.6345018,-215.6205232,19.98537653,2
13.18593757,16.34583742,-29.53177499,6578.266911,-6597.665368,19.39786462,2
25.15859898,132.9487346,-158.1073336,12565.68076,-12583.32637,17.64508309,2
35.61985229,241.5601218,-277.1799741,17797.99199,-17812.82482,14.8323859,2
43.94090544,335.6517202,-379.5926257,21960.70332,-21971.83252,11.12883514,2
49.62160686,409.5679888,-459.1895957,24803.60765,-24810.36498,6.75703919,2
52.32050797,458.8660602,-511.1865682,26155.82722,-26157.8072,1.979772507,2
51.87538655,480.582787,-532.4581736,25936.08448,-25933.16879,-2.915818931,2
48.31299737,473.4128472,-521.7258446,24157.58744,-24149.95204,-7.635477027,2
41.8474641,437.7872025,-479.6346666,20927.2358,-20915.34032,-11.89551847,2
32.86740897,375.8471952,-408.7146042,16439.19553,-16423.75566,-15.439886,2
21.91259397,291.3158383,-313.2284323,10963.22817,-10945.17265,-18.05553923,2
9.641477527,189.2740379,-198.9155154,4828.476387,-4808.891161,-19.58525975,2
-3.208363331,75.85519601,-72.64683268,-1596.319778,1616.256806,-19.93710105,2
-15.86456632,-42.12344821,57.98801454,-7924.986646,7944.076432,-19.08991515,2
-27.56640811,-157.5705807,185.1369888,-13777.12856,13794.22298,-17.09462369,2
-37.61052892,-263.5470483,301.1575772,-18800.99223,18815.06311,-14.07115721,2
-45.39320921,-353.6829489,399.0761581,-22694.6095,22704.81039,-10.20124653,2
-50.4466573,-422.5605056,473.0071629,-25223.94766,25229.66471,-5.717499481,2
-52.46712683,-466.0397114,518.5068383,-26236.97637,26237.86527,-0.889419625,2
-51.33317393,-481.5071723,532.8403463,-25672.80579,25668.81241,3.992792761,2
-47.11295687,-468.0331893,515.1461462,-23565.34637,23556.71004,8.635683667,2
-40.06013924,-426.4276397,466.487779,-20041.27068,20028.50982,12.76018392,2
-30.59864308,-359.1912985,389.7899416,-15312.3995,15296.28042,16.11838313,2
-19.29716829,-270.3655242,289.6626924,-9662.969957,9644.460835,18.50843077,2
-6.835009931,-165.2893462,172.1243562,-3432.550966,3412.763631,19.78666879,2
6.038772014,-50.27855336,44.23978134,3004.367168,-3024.244059,19.87626639,2
18.5503762,67.75392834,-86.30430454,9260.882147,-9279.65455,18.77183812,2
29.94777061,181.7135488,-211.6613194,14960.93512,-14977.47538,16.53976753,2
39.54589477,284.7505644,-324.2964592,19761.91436,-19775.22899,13.31421711,2
46.76783651,370.6717541,-417.4395906,23375.24856,-23384.53796,9.28906421,2
51.1795083,434.3126734,-485.4921817,25583.75191,-25588.4584,4.70624768,2
52.5157388,471.848073,-524.3638118,26254.6784,-26254.5198,-0.158774266,2
50.69621152,481.0218215,-531.718033,25347.70083,-25342.68736,-5.013580963,2
45.83029232,461.2825147,-507.112807,22917.33467,-22907.76836,-9.566365753,2
38.21045582,413.8166183,-452.0270742,19109.66135,-19096.1179,-13.54347553,2
28.29470568,341.4771537,-369.7718594,14153.54777,-14136.84192,-16.70585917,2
16.67904549,248.6122117,-265.2912572,8346.889861,-8328.026445,-18.86343606,2
4.061654945,140.803603,-144.865258,2038.707009,-2018.820536,-19.88652129,2
-8.799075521,24.53135397,-15.73227845,-4391.836357,4411.549882,-19.71362057,2
-21.13012908,-93.21578728,114.3459164,-10558.22111,10576.57608,-18.35512645,2
-32.19032609,-205.3604215,237.5507476,-16089.80586,16105.69832,-15.89269364,2
-41.31487394,-305.1618982,346.4767721,-20654.10495,20666.57897,-12.47433105,2
-47.95532566,-386.6214737,434.5767994,-23976.77317,23985.07828,-8.305505426,2
-51.71254522,-444.842877,496.5554222,-25858.09571,25861.73202,-3.636791404,2
-52.36069836,-476.3266081,528.6873064,-26184.99235,26183.74061,1.251189695,2
-49.8608267,-479.1802819,529.0411086,-24937.81442,24931.74917,6.064637121,2
-44.36318946,-453.2323733,497.5955628,-22191.52573,22181.01084,10.5142301,2
-36.19823183,-400.0425271,436.2407589,-18111.19682,18096.86361,14.33251797,2
-25.85672296,-322.8078125,348.6645355,-12942.08303,12924.79234,17.28999578,2
-13.96025749,-226.170558,240.1308155,-6994.883062,6975.67348,19.20889907,2
-1.223893417,-115.9393159,117.1632094,-627.0638326,607.0892935,19.97388875,2
11.58682764,1.260270938,-12.84709858,5778.625665,-5798.165249,19.53898371,2
23.70189473,118.3837152,-142.0856099,11837.16018,-11855.09104,17.93032465,2
34.39311039,228.391106,-262.7842164,17184.38084,-17199.6259,15.24460281,2
43.01786028,324.6702555,-367.6881158,21498.88351,-21510.52714,11.64324818,2
49.05773858,401.434136,-450.4918746,24521.33742,-24528.68044,7.342726488,2
52.14970778,454.0687194,-506.2184272,26070.07266,-26072.6744,2.601528108,2
52.10791958,479.4103113,-531.5182309,26051.99974,-26049.70452,-2.295368925,2
48.93488573,475.9357108,-524.8705966,24468.20499,-24461.15144,-7.053628039,2
42.82132699,443.8537649,-486.6750919,21413.88516,-21402.49795,-11.38724574,2
34.13470954,385.0928154,-419.227525,17072.62551,-17057.58979,-15.03574234,2
23.3971578,303.1847927,-326.5819505,11705.3651,-11687.5853,-17.77981859,2
11.25407119,203.0529226,-214.3069937,5634.712559,-5615.258052,-19.45453698,2
-1.564668713,90.71580735,-89.15113864,-774.4448709,794.4040396,-19.95923567,2
-14.28856901,-27.07433285,41.36290186,-7136.873501,7156.136959,-19.26357889,2
-26.15283729,-143.2375143,169.3903516,-13070.14836,13087.55756,-17.40938037,2
-36.44435086,-250.7915446,287.2358955,-18217.63954,18232.14736,-14.50809001,2
-44.54452019,-343.2716994,387.8162195,-22269.94801,22280.68175,-10.73409501,2
-49.96647037,-415.1192961,465.0857664,-24983.50265,24989.81645,-6.314238041,2
-52.38430557,-462.0158085,514.400114,-26195.20048,26196.71415,-1.514182418,2
-51.65269756,-481.1424391,532.7951367,-25832.21029,25828.83215,3.377556021,2
-47.81562095,-471.3495482,519.1651692,-23916.35023,23908.28264,8.066950685,2
-41.10371001,-433.2257547,474.3294647,-20562.77646,20550.50365,12.27213721,2
-31.92039598,-369.0625563,400.9829523,-15973.06143,15957.32038,15.74035541,2
-20.81765814,-282.7165949,303.5342531,-10423.07806,10404.81422,18.2631419,2
-8.462846113,-179.3778466,187.8406927,-4246.417858,4226.728327,19.68886009,2
4.401432364,-65.25766866,60.85623629,2185.660128,-2205.592573,19.93181466,2
17.00194716,52.78454474,-69.7864919,8486.544525,-8505.522501,18.97740233,2
28.58132214,167.6536586,-196.2349807,14277.50958,-14294.39307,16.88298972,2
38.44355856,272.4452626,-310.8888211,19210.47915,-19224.25403,13.77446512,2
45.99586932,360.860673,-406.8565423,22988.94839,-22998.7874,9.838671834,2
50.78430948,427.5855259,-478.3698354,25385.80577,-25391.1182,5.312177611,2
52.52106137,468.6092066,-521.1302679,26256.98394,-26257.45118,0.467055306,2
51.10173445,481.4659145,-532.567649,25550.11921,-25545.71385,-4.405470518,2
46.61163985,465.3828747,-511.9945146,23307.69891,-23298.68645,-9.012528163,2
39.32066258,421.3267865,-460.6474491,19664.50767,-19651.43049,-13.07720236,2
29.66703964,351.9457187,-381.6127584,14839.52589,-14823.17073,-16.35517876,2
18.23101901,261.4099425,-279.6409615,9122.767601,-9104.11819,-18.64942886,2
5.699982817,155.1612701,-160.8612529,2857.84861,-2838.026602,-19.82205277,2
-7.172868974,39.58596497,-32.41309599,-3578.667101,3598.469581,-19.80256789,2
-19.61379097,-78.36911573,97.98290669,-9799.901433,9818.493429,-18.59214546,2
-30.87499967,-191.6140742,222.4890739,-15431.91615,15448.17947,-16.26354007,2
-40.27962033,-293.3421229,333.6217433,-20136.1891,20149.14551,-12.95671671,2
-47.2623717,-377.4387184,424.7010901,-23629.96168,23638.83173,-8.87043784,2
-51.40354322,-438.8490868,490.25263,-25703.23454,25707.48439,-4.250316502,2
-52.45422253,-473.8820498,526.3362723,-26231.38998,26230.76349,0.62594674,2
-50.35125671,-480.4318894,530.7831461,-25182.68229,25177.21643,5.465255458,2
-45.22104825,-458.104916,503.3259643,-22620.1459,22610.16851,9.976734442,2
-37.37195737,-408.2431317,445.6150891,-18697.80656,18683.91666,13.88921326,2
-27.27576752,-333.8435667,361.1193343,-13651.4234,13634.45518,16.96752545,2
-15.53932799,-239.3781379,254.9174659,-7784.318168,7765.290839,19.02664359,2
-2.868078158,-130.5248561,133.3929342,-1449.143548,1429.200092,19.94280073,2
9.976354188,-13.82653935,3.850185159,4973.313629,-4992.975166,19.66092957,2
22.22193181,103.7024545,-125.9243863,11097.02027,-11115.21878,18.19797244,2
33.13261268,214.9978386,-248.1304512,16553.90019,-16569.54252,15.64186291,2
42.05259111,313.3700077,-355.4225988,21015.95802,-21028.10465,12.14624041,2
48.44571606,392.9061297,-441.3518458,24214.99392,-24222.91544,7.92121542,2
51.9277175,448.8255459,-500.7532634,25958.72419,-25961.94516,3.220740477,2
52.28930356,477.7671214,-530.056425,26142.33886,-26140.66635,-1.672654147,2
49.50874047,477.9912718,-527.5000123,24754.80143,-24748.33668,-6.464842396,2
43.75315884,449.4845242,-493.2376831,21879.51228,-21868.64454,-10.8677814,2
35.36850801,393.9603269,-429.3288349,17689.29572,-17674.67892,-14.61682481,2
24.85876216,314.7560595,-339.6148216,12436.01209,-12418.52547,-17.48662981,2
12.85562805,216.6324338,-229.4880619,6435.419239,-6416.114565,-19.30470176,2
0.080575141,105.4873432,-105.5679183,48.19335992,-28.23165888,-19.9617623,2
-12.69852953,-11.99864103,24.69717056,-6341.750098,6361.168303,-19.41831767,2
-24.71357541,-128.763817,153.4773924,-12350.33234,12368.0392,-17.70703263,2
-35.24237704,-237.7898083,273.0321853,-17616.39696,17631.32747,-14.93076701,2
-43.65208228,-332.5234158,376.175498,-21823.41789,21834.67394,-11.25639319,2
-49.43721102,-407.2705092,456.7077202,-24718.52471,24725.42906,-6.904765921,2
-52.25003794,-457.5382829,509.7883208,-26127.70196,26129.83891,-2.137447454,2
-51.92149315,-480.3053039,532.226797,-25966.24856,25963.48897,2.759014097,2
-48.47132442,-474.2031203,522.6744447,-24243.86895,24236.37801,7.490308247,2
-42.10691025,-439.5985145,481.7054248,-21064.08979,21052.31707,11.77205219,2
-33.21079497,-378.5714574,411.7822524,-16618.03732,16602.68975,15.34688413,2
-22.31769527,-294.7900876,317.1077828,-11172.94935,11154.94872,17.99993246,2
-10.08236011,-193.2902317,203.3725918,-5056.112479,5036.540074,19.571731,2
2.759784144,-80.17271729,77.41293315,1364.810038,-1384.778479,19.96780397,2
15.43683777,37.76332835,-53.20016612,7703.877348,-7723.042274,19.16434469,2
27.18682414,153.4291516,-180.6159758,13580.06864,-13597.2788,17.20964644,2
37.30348961,259.8724546,-297.1759442,18640.1851,-18654.40674,14.22119975,2
45.17875417,350.6952753,-395.8740295,22580.07951,-22590.45849,10.37863044,2
50.33926117,420.4385481,-470.7778093,25162.93758,-25168.85075,5.912902847,2
52.47482923,464.910231,-517.3850602,26233.51207,-26234.60469,1.092437353,2
51.45709624,481.4372751,-532.8943713,25727.4542,-25723.6613,-3.793023521,2
47.34723483,469.0262933,-516.3735282,23675.18149,-23666.73173,-8.449830595,2
40.39227542,428.4232697,-468.8155451,20200.04938,-20187.45133,-12.59807832,2
31.01025806,362.0687203,-393.0789784,15510.9368,-15494.94838,-15.98842902,2
19.76510541,273.9510023,-293.7161077,9889.69111,-9871.274027,-18.41709973,2
7.332727137,169.3665861,-176.6993132,3674.187176,-3654.449105,-19.73811097,2
-5.539606802,54.60170218,-49.06209538,-2761.981205,2781.853185,-19.87206107,2
-18.07818214,-63.44550406,81.5236862,-9031.956809,9050.767568,-18.81089877,2
-29.52934575,-177.6795975,207.2089433,-14758.87172,14775.48992,-16.61840714,2
-39.20480532,-281.2343369,320.4391422,-19598.49964,19611.92572,-13.42636979,2
-46.52300034,-367.8853824,414.4083827,-23259.94623,23269.3725,-9.426649792,2
-51.04405783,-432.4244202,483.468478,-25523.13379,25527.99299,-4.859657394,2
-52.4962317,-470.972218,523.4684497,-26252.02946,26252.02882,0.000100243,2
-50.79223651,-481.2117925,532.004029,-25402.82168,25397.96056,4.860518791,2
-46.0344939,-462.527676,508.5621699,-23026.55359,23017.12349,9.429454194,2
-38.50897639,-416.0429103,454.5518867,-19266.05498,19252.62201,13.43228251,2
-28.66801849,-344.5515439,373.2195624,-14347.35722,14330.72812,16.62840664,2
-17.1031283,-252.3506914,269.4538196,-8566.107327,8547.280922,18.82571789,2
-4.509433927,-144.9822471,149.491681,-2269.797492,2249.904689,19.89214296,2
8.356098433,-28.89978048,20.54368205,4163.121491,-4182.885688,19.76358243,2
20.72016329,88.91936752,-109.6395308,10345.9877,-10364.43602,18.44776364,2
31.83959675,201.3934697,-233.2330664,15907.16907,-15923.19332,16.02377613,2
41.04604567,301.762072,-342.8081177,20512.401,-20525.03872,12.63731791,2
47.7861402,383.9923432,-431.7784834,23884.87792,-23893.37017,8.491937963,2
51.65475508,443.1416879,-494.7964429,25821.89116,-25825.72819,3.836801604,2
52.41936038,475.6548307,-528.074191,26207.01312,-26205.96499,-1.048286044,2
50.03399813,479.5775119,-529.61151,25017.09537,-25011.22576,-5.86969823,2
44.64204472,454.6739519,-499.3159966,22323.66,-22313.32241,-10.33763553,2
36.56759296,402.441023,-439.008616,18288.60067,-18274.41715,-14.18354476,2
26.29597197,326.0182774,-352.3142494,13154.45174,-13137.27549,-17.1762608,2
14.44457559,229.9992387,-244.4438142,7229.810253,-7210.674376,-19.13590125,2
1.725752834,120.1553002,-121.881053,870.7872049,-850.8425822,-19.94467849,2
-11.09600908,3.088825214,8.007183868,-5540.397133,5559.951007,-19.5539796,2
-23.25003562,-114.1636997,137.4137353,-11618.38724,11636.37436,-17.98728826,2
-34.00578763,-224.5546051,258.5603927,-16997.85484,17013.19337,-15.33877326,2
-42.71677174,-321.4486513,364.165423,-21355.45756,21367.22486,-11.76762829,2
-48.85939893,-399.0218512,447.8812501,-24429.27403,24436.76212,-7.488503347,2
-52.0644558,-452.6115309,504.6759867,-26034.5471,26037.30521,-2.758602816,2
-52.1392968,-478.9965885,531.1358853,-26074.78901,26072.65067,2.137774266,2
-49.07942349,-476.5911036,525.6705271,-24547.58096,24540.67401,6.906322495,2
-43.06875497,-445.5396621,488.608417,-21544.71847,21533.45739,11.26041984,2
-34.46857307,-387.7086655,422.1772386,-17246.6939,17231.75486,14.93835558,2
-23.79580687,-306.5741477,330.3699546,-11911.84758,11894.12782,17.71906086,2
-11.69196181,-207.0128417,218.7048035,-5860.839838,5841.403763,19.43539647,2
1.115439184,-95.00905495,93.89361576,542.6228451,-562.6076865,19.98419897,2
13.85658471,22.70502774,-36.56161245,6913.649069,-6932.98214,19.3324816,2
25.76564577,139.0539943,-164.81964,12869.29708,-12886.81702,17.51941693,2
36.12680727,247.0444852,-283.1712925,18051.59218,-18066.2466,14.65398236,2
44.31729333,340.185542,-384.5028353,22149.04337,-22159.95215,10.90840983,2
49.84480034,412.8787575,-462.7235579,24915.36615,-24921.87427,6.507833531,2
52.37708776,460.7547781,-513.1318659,26184.28581,-26186.00277,1.71675781,2
51.76194796,480.9359313,-532.6978792,25879.5317,-25876.35498,-3.176841339,2
48.03635499,472.2091933,-520.2455483,24019.42158,-24011.54283,-7.878825568,2
41.42424214,435.0991002,-476.5233423,20715.76065,-20703.65411,-12.10657388,2
32.32304208,371.8362193,-404.1592614,16167.12126,-16151.51531,-15.60597007,2
21.27979844,286.2230776,-307.502876,10646.90738,-10628.74072,-18.1666768,2
8.958284781,183.4056035,-192.3638883,4486.921181,-4467.286438,-19.63477834,2
-3.900892639,69.56382245,-65.66292981,-1942.580535,1962.502491,-19.92203189,2
-16.52481035,-48.45960499,64.98441535,-8255.141252,8274.152292,-19.01117163,2
-28.15468558,-163.570673,191.7253585,-14071.3334,14088.29015,-16.95694645,2
-38.09148423,-268.8504281,306.9419123,-19041.56452,19055.44707,-13.88282922,2
-45.73793755,-357.9708453,403.7087829,-22867.09013,22877.06336,-9.973595204,2
-50.63444202,-425.5751852,476.2096272,-25317.97028,25323.43405,-5.464215836,2
-52.48668465,-467.5999698,520.0866544,-26246.89051,26247.51572,-0.625735344,2
-51.18333314,-481.5192254,532.7025586,-25598.01644,25593.76483,4.251020843,2
-46.80272777,-466.4963108,513.2990386,-23410.3498,23401.47623,8.872926667,2
-39.60817254,-423.4342046,463.0423771,-19815.38414,19802.42128,12.9621743,2
-30.03210889,-354.9212305,384.9533393,-15029.2012,15012.92753,16.27297228,2
-18.650123,-265.0754813,283.7256043,-9339.482947,9320.875938,18.60631921,2
-6.146349181,-159.2972941,165.4436433,-3088.219911,3068.397281,19.82196514,2
6.727651203,-43.94465284,37.21700164,3348.844733,-3368.692196,19.84684148,2
19.19806368,74.04896886,-93.24703254,9584.79988,-9603.479895,18.67945295,2
30.51533214,187.5913567,-218.1066888,15244.82246,-15261.21292,16.38996745,2
39.99921221,289.8578456,-329.8570578,19988.70686,-20001.82327,13.1159985,2
47.07965857,374.7015283,-421.7811869,23531.31354,-23540.3682,9.054333718,2
51.33108851,437.0227259,-488.3538144,25659.70789,-25664.15724,4.449106576,2
52.49796232,473.0755131,-525.5734754,26245.95902,-26245.53631,-0.422877685,2
50.51014298,480.6928736,-531.2030166,25254.82926,-25249.56058,-5.268779919,2
45.48711185,459.4169527,-504.9040646,22745.89221,-22736.09494,-9.797328685,2
37.73078704,410.5265771,-448.2573641,18869.95194,-18856.21564,-13.73632763,2
27.70737607,336.9603887,-364.6677648,13859.97866,-13843.12966,-16.84901633,2
16.01935369,243.140213,-259.1595667,8017.105624,-7998.157345,-18.9483012,2
3.369249035,134.7052766,-138.0745256,1692.528998,-1672.621048,-19.90800106,2
-9.482581113,18.17325232,-8.690671202,-4733.601414,4753.271747,-19.67043151,2
-21.7636549,-99.45149738,121.2151523,-10875.03174,10893.28145,-18.24987213,2
-32.73579679,-211.0989299,243.8347267,-16362.62049,16378.35197,-15.73170818,2
-41.73950691,-310.0582797,351.7977866,-20866.52651,20878.79349,-12.26729837,2
-48.23360143,-390.381421,438.6150224,-24116.0346,24124.09907,-8.064877215,2
-51.82774138,-447.2403899,499.0681312,-25915.82735,25919.20391,-3.377038662,2
-52.30589469,-477.2175779,529.5234726,-26157.72506,26156.21006,1.514446457,2
-49.63932113,-478.5111535,528.1504747,-24827.18805,24820.87187,6.315566775,2
-43.98829982,-451.043364,495.0316639,-22004.1906,21993.4522,10.73774246,2
-35.69249536,-396.4652092,432.1577046,-17858.41393,17843.89807,14.51517082,2
-25.2505417,-318.0572052,343.3077469,-12639.04726,12621.62577,17.42080284,2
-13.29007086,-220.532203,233.8222739,-6659.809819,6640.529147,19.27999033,2
-0.529988037,-109.7521146,110.2821026,-280.0941936,260.1125621,19.98098353,2
12.26273953,7.624427864,-19.88716739,6116.635569,-6136.117814,19.48164795,2
24.3191824,124.5423007,-148.8614831,12145.89276,-12163.70529,17.81199701,2
34.91466684,233.9739494,-268.8886162,17445.27827,-17460.35111,15.07238797,2
43.41233259,329.341792,-372.7541246,21696.26318,-21707.69104,11.4274898,2
49.30141245,404.9135766,-454.214989,24643.33457,-24650.43124,7.096385498,2
52.22793291,456.1469279,-508.3748609,26109.35351,-26111.69313,2.339403654,2
52.01599027,479.9623754,-531.9783657,26006.20236,-26003.64497,-2.557529002,2
48.67832371,474.9284495,-523.6067732,24340.08119,-24332.7812,-7.300073757,2
42.41554951,441.3477233,-483.7632728,21211.13513,-21199.532,-11.60317165,2
33.60410273,381.2386254,-414.8427282,16807.435,-16792.22684,-15.20817745,2
22.77361087,298.2141191,-320.9877299,11393.67294,-11375.77455,-17.89840599,2
10.57505968,197.2645382,-207.8395979,5295.25264,-5275.740515,-19.51215638,2
-2.25833547,84.45763528,-82.19929981,-1121.269621,1141.221983,-19.95243135,2
-14.9552008,-33.42613238,48.38133317,-7470.21748,7489.410123,-19.19276745,2
-26.75236888,-149.3011534,176.0535222,-13369.97626,13387.25489,-17.27882566,2
-36.9407502,-256.2025555,293.1433057,-18465.93057,18480.25594,-14.32564686,2
-44.90795416,-347.704842,392.6127961,-22451.77912,22462.2895,-10.51073709,2
-50.17509799,-418.3081067,468.4832047,-25087.94547,25094.00843,-6.063398279,2
-52.42559075,-463.7686161,516.1942069,-26215.9782,26217.22863,-1.250945583,2
-51.52416263,-481.3538864,532.878049,-25768.07494,25764.43699,3.637360011,2
-47.52499557,-470.0069238,517.5319193,-23771.15769,23762.84935,8.30769825,2
-40.66846658,-430.4097575,471.0782241,-20345.25469,20332.77466,12.47935019,2
-31.36669942,-364.9424449,396.3091443,-15696.28587,15680.3836,15.90157131,2
-20.1787932,-277.540014,297.7188072,-10103.68569,10085.31634,18.36866293,2
-7.777216738,-173.4559418,181.2331586,-3903.607245,3883.87424,19.73233614,2
5.092611366,-58.94638464,53.85377328,2531.282845,-2551.194098,19.91062492,2
17.65712742,59.10585902,-76.76298643,8814.204176,-8833.097558,18.89281285,2
29.16111904,173.6050513,-202.7661703,14567.5107,-14584.25127,16.74007728,2
38.91311854,277.6690166,-316.5821352,19445.38978,-19458.97202,13.58181214,2
46.32696482,365.0428073,-411.3697721,23154.64793,-23164.25612,9.607850463,2
50.95703556,430.4746679,-481.4317034,25472.33364,-25477.39094,5.057054168,2
52.52503219,470.0317011,-522.5567333,26259.13832,-26259.34145,0.202956837,2
50.93670749,481.3362619,-532.2729694,25467.76969,-25463.10712,-4.662677508,2
46.2875305,463.7088698,-509.9964003,23145.79435,-23136.54702,-9.247391394,2
38.85694816,418.2090503,-457.0659984,19432.77872,-19419.50313,-13.27561256,2
29.09158868,347.57165,-376.6632387,14551.90012,-14535.39491,-16.50521773,2
17.57841615,256.0424543,-273.6208704,8796.532346,-8777.790279,-18.74208585,2
5.009450064,149.1229866,-154.1324366,2512.61191,-2492.76019,-19.85176605,2
-7.859829779,33.23982967,-25.37999989,-3922.155096,3941.922564,-19.7675591,2
-20.25589268,-84.64165529,104.897548,-10120.99568,10139.49006,-18.49452644,2
-31.43365148,-197.4359941,228.8696456,-15711.31763,15727.42659,-16.109186,2
-40.72124734,-298.3634846,339.0847319,-20357.10479,20369.8594,-12.75491289,2
-47.56043297,-381.3577022,428.9181352,-23779.11398,23787.74691,-8.63332165,2
-51.54012711,-441.4301334,492.9702605,-25771.65929,25775.65097,-3.992147816,2
-52.42112326,-474.9700189,527.3911422,-26214.9753,26214.08511,0.889642646,2
-50.15046762,-479.9613849,530.1118526,-25082.41572,25076.69649,5.718621086,2
-44.86464195,-456.1042166,500.9688586,-22442.05504,22431.84985,10.20453321,2
-36.88136015,-404.832491,441.7138512,-18452.5968,18438.51837,14.07774534,2
-26.68047143,-329.2279854,355.9084569,-13353.83441,13336.72826,17.10545119,2
-14.87511818,-233.8350418,248.71016,-7452.23796,7433.13161,19.10566514,2
-2.174881979,-124.3874208,126.5623028,-1102.533299,1082.574485,19.95816075,2
10.65686712,-7.463664418,-3.1932027,5313.61939,-5333.231692,19.61169725,2
22.84885422,109.9083192,-132.7571734,11410.56595,-11428.65359,18.08709938,2
33.66825845,220.6736804,-254.3419389,16821.83868,-16837.31515,15.47600574,2
42.46476047,318.1746722,-360.6394327,21222.18349,-21234.11923,11.93536068,2
48.70963101,396.5508259,-445.2604569,24347.10991,-24354.78819,7.677980843,2
52.02751111,451.0912047,-503.1187158,26008.78874,-26011.74872,2.959763505,2
52.21897373,478.5175633,-530.736537,26107.34183,-26105.40628,-1.935694618,2
49.27251064,477.1813921,-526.4539027,24636.84547,-24630.13142,-6.714143443,2
43.36522419,447.163004,-490.5282282,21685.68644,-21674.59812,-11.08836593,2
34.85218219,390.2667071,-425.1188893,17431.24933,-17416.45391,-14.79544179,2
24.24507601,309.9123534,-334.1574294,12129.25458,-12111.64204,-17.61255073,2
12.18146439,210.9297829,-223.1112473,6098.387891,-6079.017554,-19.37036551,2
-0.613548053,99.26851721,-98.65496916,-298.8548686,318.8180347,-19.96322963,2
-13.37089461,-18.35984677,31.73074139,-6677.956171,6697.311563,-19.35550797,2
-25.32377253,-134.8850492,160.2088217,-12655.48891,12673.07246,-17.58372876,2
-35.75373307,-243.3031376,279.0568706,-17872.16296,17886.91709,-14.75438796,2
-44.03386511,-337.0974519,381.131317,-22014.42096,22025.45816,-11.03754811,2
-49.66647677,-410.6303198,460.2967966,-24833.28519,24839.94139,-6.656616454,2
-52.31301002,-459.4819188,511.7949288,-26159.32288,26161.19729,-1.874916649,2
-51.81439034,-480.7159376,532.5303279,-25912.83019,25909.80947,3.020138783,2
-48.20058818,-473.056068,521.2566562,-24108.623,24100.88805,7.734323876,2
-41.68881749,-436.9627201,478.6515376,-20855.14638,20843.16142,11.9842842,2
-32.67047974,-374.6053479,407.2758276,-16347.95626,16332.441,15.51456835,2
-21.68763801,-289.7320511,311.4196891,-10857.96524,10839.85157,18.11298236,2
-9.400435351,-187.4442887,196.844724,-4715.158911,4695.534894,19.62334394,2
3.452584265,-73.89024646,70.4376622,1711.238545,-1731.194049,19.95487009,2
16.09886745,44.10470986,-60.20357731,8034.957188,-8054.0454,19.08763382,2
27.77828707,159.4482858,-187.2265729,13875.89877,-13892.97305,17.07376185,2
37.78883104,265.2075527,-302.9963837,18882.98322,-18897.01796,14.03430145,2
45.52879796,355.0256636,-400.5544616,22755.25091,-22765.4032,10.15194469,2
50.53296347,423.503943,-474.0369065,25259.95235,-25265.61266,5.660047432,2
52.50054339,466.5263833,-519.0269267,26246.53807,-26247.36686,0.828603014,2
51.31327283,481.5070451,-532.8203179,25655.70758,-25651.65571,-4.051986133,2
47.04251476,467.5454892,-514.588004,23522.97378,-23514.28548,-8.68836365,2
39.94497059,425.4808996,-465.4258702,19976.52839,-19963.72657,-12.80185195,2
30.44725068,357.8416426,-388.2888932,15229.53675,-15213.39156,-16.14520261,2
19.12023219,268.6932946,-287.8135268,9567.325134,-9548.807694,-18.51745771,2
6.644745476,163.3942742,-170.0390196,3330.230741,-3310.454753,-19.77602871,2
-6.229348395,48.27376421,-42.04441581,-3106.854901,3126.700084,-19.84526704,2
-18.72822937,-69.74871437,88.47694374,-9357.019433,9375.740301,-18.72101104,2
-30.10063023,-183.5792127,213.679843,-15044.58572,15061.05634,-16.47083614,2
-39.66299282,-286.3757484,326.0387413,-19827.69258,19840.92228,-13.22999311,2
-46.84055453,-371.9595547,418.8001092,-23418.84297,23428.03587,-9.19327856,2
-51.2018954,-435.1864662,486.3883616,-25602.18447,25606.78734,-4.603326372,2
-52.48486939,-472.2561182,524.7409876,-26246.48351,26246.219,0.26397626,2
-50.6123611,-480.9403739,531.552735,-25313.01336,25307.89669,5.116071501,2
-45.69692096,-460.7172508,506.4141718,-22857.8819,22848.21993,9.661315584,2
-38.03400018,-412.8022954,450.8362956,-19028.65912,19015.03193,13.62650857,2
-28.08419211,-340.0755204,368.1597125,-14055.50721,14038.7332,16.77331552,2
-16.44554751,-246.9082966,263.3538441,-8237.34622,8218.432942,18.91259201,2
-3.817627625,-138.9006039,142.7182315,-1923.886967,1903.970556,19.91575302,2
9.040544182,-22.54443489,13.50389071,4505.388966,-4525.112079,19.72250176,2
21.35610484,95.16641816,-116.522523,10664.03863,-10682.38363,18.34445389,2
32.38880586,207.1567372,-239.5455431,16181.88553,-16197.75044,15.86443935,2
41.47550733,306.6951471,-348.1706544,20727.26977,-20739.70169,12.43152376,2
48.07003703,387.7987164,-435.8687534,24026.98303,-24035.23539,8.252048492,2
51.77601912,445.5925724,-497.3685915,25882.69022,-25886.26767,3.57722823,2
52.370699,476.6029136,-528.9736126,26182.85079,-26181.53899,-1.311948769,2
49.81833238,478.9658089,-528.7841413,24909.42306,-24903.30154,-6.121609957,2
44.27233373,452.5392324,-496.8115661,22138.94863,-22128.38602,-10.56266222,2
36.06605502,398.9115999,-434.977655,18037.95175,-18023.58361,-14.36816835,2
25.69274906,321.3062948,-346.9990438,12852.93005,-12835.62067,-17.30939173,2
13.77592166,224.3879204,-238.163842,6895.538374,-6876.328854,-19.209545,2
1.031854664,113.9819262,-115.0137809,523.8562311,-503.901873,-19.95441615,2
-11.77344736,-3.275540977,15.04898834,-5879.135212,5898.634336,-19.49923342,2
-23.87029921,-120.3365148,144.206814,-11928.57289,11946.44407,-17.87135642,2
-34.53159835,-230.1648394,264.6964377,-17260.8447,17276.01309,-15.1686316,2
-43.11652864,-326.1590899,369.2756185,-21555.44508,21566.99826,-11.55351103,2
-49.10907775,-402.549363,451.6584407,-24554.23951,24561.48238,-7.243287946,2
-52.149053,-454.7440868,506.8931398,-26076.98017,26079.47672,-2.497035932,2
-52.05373135,-479.6060055,531.6597368,-26032.14008,26029.73955,2.399963139,2
-48.82884228,-475.6407498,524.4695921,-24422.41441,24415.26042,7.153366475,2
-42.66822346,-443.0866583,485.7548817,-21344.55858,21333.08045,11.47746236,2
-33.94216975,-383.900452,417.8426217,-16983.57253,16968.4595,15.11234336,2
-23.17517598,-301.6396219,324.8147979,-11601.58101,11583.74079,17.83952851,2
-11.01441129,-201.2486002,212.2630115,-5522.078093,5502.582321,19.4950955,2
1.809180136,-88.76156571,86.95238557,889.516986,-909.4971595,19.97953353,2
14.52481374,29.06025024,-43.58506398,7247.824016,-7267.088326,19.26372455,2
26.36819395,145.1349601,-171.503154,13170.66576,-13188.05697,17.39069348,2
36.62745355,252.485689,-289.1131425,18302.03937,-18316.51283,14.4730221,2
44.68594165,344.6599326,-389.3458742,22333.51462,-22344.20106,10.68608215,2
50.05928861,416.1173956,-466.1766842,25022.77257,-25029.03034,6.257494285,2
52.42451995,462.5630015,-514.9875214,26208.17064,-26209.62428,1.45344652,2
51.63946925,481.2050554,-532.8445247,25818.45839,-25815.02121,-3.437305435,2
47.75132333,470.9230439,-518.6743672,23877.06015,-23868.93943,-8.120794368,2
40.99378604,432.3349853,-473.3287713,20500.66708,-20488.3516,-12.31551097,2
31.77303101,367.7602829,-399.5333139,15892.22321,-15876.4539,-15.76932447,2
20.64328796,281.0803128,-301.7236007,10328.72719,-10310.45256,-18.27463736,2
8.273529642,177.5051272,-185.7786568,4144.582709,-4124.901882,-19.68086344,2
-4.59273786,63.26029491,-58.66755705,-2288.501333,2308.404734,-19.90347906,2
-17.18216491,-54.78729723,71.96946214,-8583.853104,8602.782073,-18.92910357,2
-28.73804187,-169.5421909,198.2802328,-14363.07941,14379.89551,-16.81630355,2
-38.56578241,-274.1068413,312.6726238,-19278.80969,19292.50148,-13.69207261,2
-46.07467294,-362.196206,408.270879,-23035.57532,23045.31915,-9.74419819,2
-50.81337837,-428.5155187,479.3288971,-25407.5693,25412.77883,-5.209974281,2
-52.49707051,-469.0785404,521.5756109,-26252.21877,26252.58018,-0.361938429,2
-51.02454809,-481.4471591,532.4717072,-25518.75457,25514.24547,4.508509595,2
-46.48431969,-464.8779373,511.362257,-23251.26288,23242.15361,9.108622898,2
-39.14928374,-420.3667973,459.5160811,-19586.03528,19572.8727,13.16190353,2
-29.46032553,-350.5891595,380.049485,-14743.37673,14726.95131,16.42472188,2
-17.99981695,-259.7391315,277.7389484,-9014.36375,8995.6621,18.70096048,2
-5.456612068,-153.2774142,158.7340263,-2743.348756,2723.494291,19.85380194,2
7.415357686,-37.60307654,30.18771885,3692.737852,-3712.552423,19.81395266,2
19.84239989,80.33107184,-100.1734717,9907.043755,-9925.62812,18.58380782,2
31.07756528,193.4363914,-224.5139567,15526.04715,-15542.28495,16.23730738,2
40.44554444,294.9144878,-335.3600322,20212.00795,-20224.92385,12.91549186,2
47.38325848,378.6658414,-426.0490999,23683.26822,-23692.08657,8.818024763,2
51.47370385,439.6564298,-491.1301336,25731.18176,-25735.37319,4.191191536,2
52.47101712,474.2203062,-526.6913233,26232.6551,-26231.96836,-0.686903912,2
50.315253,480.2799481,-530.5952011,25157.5463,-25152.02334,-5.523055111,2
45.13598746,457.47113,-502.6071175,22570.47667,-22560.45014,-10.02657672,2
37.24452935,407.1648161,-444.4093455,18626.94657,-18613.01982,-13.92677669,2
27.11520863,332.384756,-359.4999646,13563.98882,-13546.99961,-16.98922668,2
15.35686594,237.6257367,-252.9826027,7685.921403,-7666.891573,-19.02985278,2
2.676257128,128.583416,-131.2596732,1346.055897,-1326.129951,-19.92599961,2
-10.16442751,11.81197454,-1.647547034,-5074.538924,5094.162626,-19.62380273,2
-22.39337603,-105.6698347,128.0632108,-11189.94191,11208.08318,-18.14142626,2
-33.275546,-216.8005608,250.0761068,-16632.57602,16648.14375,-15.56797108,2
-42.15684544,-314.9004958,357.0573413,-21075.30213,21087.35993,-12.0581193,2
-48.50344825,-394.0731705,442.5766187,-24251.08239,24258.90482,-7.822836768,2
-51.93388071,-449.5597717,501.4936525,-25969.03094,25972.14715,-3.116692641,2
-52.24195066,-478.0251798,530.2671305,-26125.88746,26124.10946,1.777441961,2
-49.40914104,-477.7584312,527.1675723,-24712.22382,24705.65781,6.565396423,2
-43.60572287,-448.7755594,492.3812823,-21813.01077,21802.05073,10.95938227,2
-35.18052085,-392.8186308,427.9991516,-17602.51061,17587.81463,14.69529121,2
-24.63994659,-313.251035,337.8909816,-12333.80288,12316.25361,17.54856982,2
-12.61755988,-214.8553226,227.4728825,-6323.572524,6304.224128,19.34771671,2
0.164012536,-103.545741,103.3817285,66.9249697,-86.91020632,19.98459097,2
12.93651174,13.98725153,-26.92376327,6453.577498,-6472.999004,19.42091209,2
24.93222415,130.6791276,-155.6113517,12452.50406,-12470.19515,17.69056096,2
35.43012635,239.5159165,-274.9460429,17703.12862,-17718.02662,14.89754332,2
43.79922343,333.9557916,-377.7550151,21889.85313,-21901.06324,11.20973837,2
49.53647604,408.322278,-457.858754,24761.02715,-24767.87624,6.848808091,2
52.2970365,458.145447,-510.4424835,26144.0737,-26146.15078,2.07687382,2
51.91497645,480.4305894,-532.3455659,25955.86233,-25953.04322,-2.819238972,2
48.41326025,473.8382176,-522.2514779,24207.7058,-24200.16064,-7.545240851,2
42.0023647,438.7645776,-480.7669423,21004.68015,-20992.86312,-11.8170672,2
33.06762794,377.3178323,-410.3854603,16539.30885,-16523.93092,-15.37795241,2
22.14608803,293.1913466,-315.3374346,11079.99091,-11061.97707,-18.01386325,2
9.894203326,191.4416908,-201.3358942,4954.86824,-4935.30191,-19.56636372,2
-2.951605096,78.18470729,-75.2331022,-1467.897894,1487.83996,-19.94213806,2
-15.61921733,-39.77209368,55.39131101,-7802.25583,7821.374303,-19.11859976,2
-27.34722427,-155.3387109,182.6859352,-13667.46784,13684.61289,-17.14524906,2
-37.43069343,-261.5688095,298.999503,-18710.99503,18725.13546,-14.14069773,2
-45.26354018,-352.0772423,397.3407825,-22629.68734,22639.97252,-10.28553966,2
-50.37495749,-421.4238407,471.7987982,-25188.00487,25193.81592,-5.811495941,2
-52.45771465,-465.4404053,517.89812,-26232.17544,26233.1624,-0.987486901,2
-51.3866239,-481.481243,532.8678669,-25699.43735,25695.54023,3.896531868,2
-47.22606504,-468.582191,515.8082561,-23621.81176,23613.26412,8.546997781,2
-40.22611583,-427.5185695,467.7446854,-20124.17803,20111.49297,12.68438636,2
-30.80752054,-360.7585798,391.5661004,-15416.76759,15400.70689,16.06001253,2
-19.53640045,-272.3149485,291.851349,-9782.527638,9764.055969,18.4709783,2
-7.090226092,-167.5037358,174.5939619,-3560.114085,3540.34105,19.77236829,2
5.782903298,-52.62480406,46.84190076,2876.463943,-2896.350528,19.88596013,2
18.3092256,65.41684631,-83.7260719,9140.324589,-9159.130081,18.80492612,2
29.73582413,179.5261141,-209.2619383,14854.96748,-14871.56222,16.59424369,2
39.37588306,282.844261,-322.2201441,19676.90393,-19690.29114,13.38678975,2
46.64996966,369.1611679,-415.8111376,23316.30298,-23325.67866,9.37535392,2
51.12086212,433.2886053,-484.4094674,25554.41211,-25559.21341,4.801050571,2
52.51982956,471.3720805,-523.89191,26256.70585,-26256.64485,-0.061173782,2
50.76278457,481.1225193,-531.8853038,25380.97158,-25376.05262,-4.91906663,2
45.95533739,461.9538544,-507.9091918,22979.84685,-22970.36627,-9.480635812,2
38.38644809,415.0182522,-453.4047003,19197.65548,-19184.1838,-13.47170023,2
28.51105806,343.1368597,-371.6479178,14261.73274,-14245.08038,-16.65236996,2
16.92274497,250.6302345,-267.5529795,8468.76094,-8449.929495,-18.83146531,2
4.318044769,143.0586502,-147.376695,2166.936852,-2147.058892,-19.87800795,2
-8.545414883,26.88788615,-18.34247126,-4264.957305,4284.686304,-19.72909363,2
-20.89445312,-90.89940935,111.7938625,-10440.32121,10458.71473,-18.39367316,2
-31.98680928,-203.2234236,235.2102328,-15987.97377,16003.92555,-15.95201437,2
-41.1557578,-303.3327239,344.4884817,-20574.46354,20587.01411,-12.55087751,2
-47.8501829,-385.2100646,433.0602475,-23924.1115,23932.5058,-8.394693927,2
-51.66770441,-443.934064,495.6017684,-25835.58117,25839.31398,-3.733278404,2
-52.37886349,-475.9750127,528.3538762,-26193.98031,26192.82657,1.153186436,2
-49.94091471,-479.4070332,529.3479479,-24977.7667,24971.79509,5.970990982,2
-44.50039527,-454.0238377,498.524233,-22260.04301,22249.61179,10.43055257,2
-36.3843172,-401.3511279,437.7354451,-18204.16281,18189.8983,14.26382136,2
-26.08051169,-324.5548898,350.6354015,-13053.91193,13036.67084,17.24039193,2
-14.20830711,-228.2510963,242.4594034,-7118.855264,7099.673229,19.18135225,2
-1.48130325,-118.2282565,119.7095598,-755.7298484,735.7591599,19.97003742,2
11.33552091,-1.099486876,-10.23603403,5652.99746,-5672.557104,19.55904209,2
23.47178757,116.0949818,-139.5667693,11722.11882,-11740.09243,17.97306983,2
34.19802503,226.3109696,-260.5089947,17086.83901,-17102.14692,15.30744824,2
42.8695139,322.9237507,-365.7932646,21424.70206,-21436.42484,11.72239916,2
48.96503904,400.1262439,-449.0912829,24474.97309,-24482.40679,7.433408233,2
52.11821818,453.2780572,-505.3962754,26054.31018,-26057.00866,2.698272768,2
52.13952391,479.1844076,-531.3239315,26067.78447,-26065.58622,-2.198393626,2
49.02767558,476.2881482,-525.3158237,24514.58609,-24507.6239,-6.962268238,2
42.9697163,444.7633637,-487.73308,21488.07274,-21476.76577,-11.30701004,2
34.32977035,386.5049069,-420.8346772,17170.15832,-17155.18687,-14.97147072,2
23.62715687,305.0145048,-328.6416617,11820.37869,-11802.64331,-17.73539147,2
11.50517526,205.1902816,-216.6954569,5760.291754,-5740.859142,-19.43264199,2
-1.307561461,93.03234788,-91.72478642,-645.8502965,665.8114367,-19.96120611,2
-14.04092122,-24.71784635,38.75876757,-7012.995024,7032.284218,-19.28931358,2
-25.92954303,-140.9827184,166.9122614,-12958.43399,12975.89115,-17.45734974,2
-36.25884038,-248.7739634,285.0328038,-18124.80613,18139.38129,-14.57542803,2
-44.40795269,-341.6125989,386.0205515,-22201.57755,22212.39398,-10.81677148,2
-49.88706325,-413.9183952,463.8054584,-24943.70674,24950.11361,-6.407300787,2
-52.36684048,-461.3452852,513.7121257,-26186.37321,26187.98475,-1.612055001,2
-51.69823304,-481.0425922,532.7408252,-25854.88429,25851.60297,3.280739153,2
-47.92142877,-471.8263748,519.7478036,-23969.16472,23961.1871,7.976991626,2
-41.26343917,-434.2505901,475.5140293,-20642.55901,20630.36391,12.19442586,2
-32.12445443,-370.5737966,402.6982511,-16075.01864,16059.3384,15.6795455,2
-21.05378935,-284.6234002,305.6771895,-10541.08367,10522.86011,18.22287125,2
-8.716865756,-181.5656006,190.2824664,-4373.381019,4353.708816,19.67153201,2
4.144783822,-67.59486839,63.45008457,2057.368691,-2077.307776,19.93845342,2
16.75808727,50.43838507,-67.19647234,8364.633924,-8383.642091,19.00759167,2
28.36489978,165.4395633,-193.8044631,14169.3054,-14186.2408,16.93489779,2
38.26757341,270.4963181,-308.7638915,19122.48311,-19136.32849,13.84495466,2
45.87089052,359.2940282,-405.1649187,22926.44758,-22936.37141,9.923488713,2
50.71784034,426.4953511,-477.2131914,25352.55484,-25357.96131,5.406206511,2
52.51708838,468.0610329,-520.5781213,26254.97943,-26255.54424,0.564627214,2
51.16048766,481.4926952,-532.6531829,25579.47952,-25575.1694,-4.310237574,2
46.72957903,465.9830043,-512.7125833,23366.65723,-23357.73192,-8.925375564,2
39.49069003,422.4641974,-461.9548874,19749.51812,-19736.51477,-13.00338581,2
29.87892681,353.5520491,-383.4309759,14945.47671,-14929.17757,-16.29915236,2
18.47202129,263.3886453,-281.8606666,9243.288352,-9224.673792,-18.61457742,2
5.955605585,157.3934162,-163.3490218,2985.69311,-2965.882665,-19.81048832,2
-6.917999132,41.9373916,-35.01939247,-3451.185243,3471.000159,-19.81500277,2
-19.37500221,-76.03974096,95.41474316,-9680.446809,9699.074511,-18.62784948,2
-30.66665357,-189.4467582,220.1134118,-15327.67086,15343.99103,-16.32038441,2
-40.11424865,-291.4671318,331.5813804,-20053.42106,20066.45206,-13.03130187,2
-47.14992315,-375.9687475,423.1186707,-23573.64788,23582.6058,-8.958297983,2
-51.35078548,-437.872487,489.2232725,-25676.7619,25681.10762,-4.346187862,2
-52.46433545,-473.4575171,525.9218526,-26236.35175,26235.8234,0.527809452,2
-50.42364118,-480.5849369,531.0085781,-25218.78231,25213.41097,5.370733732,2
-45.35136224,-458.8263402,504.1777025,-22685.21637,22675.32422,9.891492447,2
-37.55237688,-409.4895659,447.0419427,-18787.93839,18774.11935,13.8183574,2
-27.49545687,-335.5400875,363.0355443,-13761.20112,13744.28513,16.91529741,2
-15.78509112,-241.4227686,257.2078597,-7907.14547,7888.148619,18.99616541,2
-3.125151792,-132.7946963,135.9198481,-1577.639751,1557.703208,19.93588712,2
9.723413157,-16.1851521,6.461738943,4846.869946,-4866.548533,19.67797888,2
21.98831809,101.3968421,-123.3851602,10980.22715,-10998.46564,18.23794268,2
32.93235929,212.8838135,-245.8161728,16453.77563,-16469.47843,15.70233437,2
41.89772588,311.5746417,-353.4723675,20938.51811,-20950.74206,12.22356113,2
48.34553868,391.5373405,-439.8828791,24164.89125,-24172.90227,8.01072069,2
51.88824056,447.9656112,-499.8538518,25938.9682,-25942.28545,3.317033209,2
52.31289114,477.4677334,-529.7806246,26154.11494,-26152.53971,-1.575379008,2
49.59396604,478.2704301,-527.8643961,24797.3997,-24791.02734,-6.372448957,2
43.89489102,450.3254537,-494.2203447,21950.37022,-21939.58442,-10.78584034,2
35.55821898,395.3124863,-430.8707053,17784.15222,-17769.60196,-14.55027856,2
25.08504027,316.5381791,-341.6232194,12549.16356,-12531.72408,-17.43949545,2
13.10486369,218.7374005,-231.8422642,6560.062444,-6540.782641,-19.27982959,2
0.337778825,107.7886385,-108.1264174,176.8343307,-156.8737265,-19.96066451,2
-12.44882623,-9.639336212,22.08816245,-6216.845624,6236.286589,-19.44107746,2
-24.48639011,-126.4883086,150.9746987,-12236.67404,12254.42616,-17.75229918,2
-35.05137385,-235.7348655,270.7862394,-17520.81853,17535.81411,-14.99583671,2
-43.50875055,-330.8125503,374.3213008,-21751.6663,21763.00334,-11.3373721,2
-49.35017469,-406.0065513,455.356726,-24674.91481,24681.91119,-6.996803864,2
-52.22453724,-456.7972007,509.021738,-26114.85705,26117.09158,-2.235029531,2
-51.95906958,-480.1316373,532.0907069,-25984.94278,25982.28047,2.661736028,2
-48.56972814,-474.6073035,523.1770316,-24292.98072,24285.58093,7.399164058,2
-42.26023528,-440.5562492,482.8164844,-21140.66923,21128.97606,11.69250307,2
-33.40983418,-380.0251729,413.435007,-16717.48356,16702.19918,15.28369432,2
-22.55049382,-296.6524014,319.2028953,-11289.28707,11271.32949,17.9568829,2
-10.33493397,-195.4492021,205.7841361,-5182.351058,5162.798991,19.55139205,2
2.502607622,-82.49857122,79.9959636,1236.25632,-1256.228338,19.97138097,2
15.19050789,35.41039469,-50.60090258,7580.733368,-7599.925556,19.19160543,2
26.96613824,151.1905697,-178.156708,13469.73412,-13486.99357,17.25893518,2
37.12170366,257.8827826,-295.0044863,18549.28982,-18563.57979,14.28953672,2
45.04678599,349.0741102,-394.1208962,22514.08482,-22524.54706,10.46189092,2
50.26503419,419.2833372,-469.5483714,25125.80813,-25131.81446,6.006065149,2
52.46279625,464.2904145,-516.7532108,26227.47753,-26228.6676,1.1898846,2
51.50797178,481.3901124,-532.8980842,25752.87522,-25749.17818,-3.697165754,2
47.45795218,469.5546236,-517.0125757,23730.52802,-23722.16675,-8.361341192,2
40.55617097,429.4953408,-470.0515118,20281.99266,-20269.47039,-12.52229328,2
31.21747184,363.620098,-394.8375698,15614.54941,-15598.6195,-15.92992071,2
20.00317372,275.8884424,-295.8916161,10008.74316,-9990.363779,-18.37940208,2
7.587331722,171.5736396,-179.1609713,3801.520774,-3781.797306,-19.72350704,2
-5.283778143,56.94571461,-51.66193646,-2634.021743,2653.903108,-19.88144584,2
-17.83651518,-61.10541948,78.94193466,-8911.06478,8929.908366,-18.84372533,2
-29.31637506,-175.4840914,204.8004665,-14652.31562,14668.98813,-16.67271957,2
-39.03334061,-279.3153698,318.3487104,-19512.68628,19526.18491,-13.49892072,2
-46.40335655,-366.3582929,412.7616494,-23200.03564,23209.54836,-9.513095596,2
-50.9834351,-431.3809925,482.3644276,-25492.72907,25497.68343,-4.954819268,2
-52.49828261,-470.4751648,522.9734475,-26252.9602,26253.05775,-0.098075001,2
-50.85684652,-481.2909859,532.1478324,-25435.03402,25430.26821,4.765214,2
-46.15778827,-463.1783517,509.3361399,-23088.11341,23078.77003,9.342731148,2
-38.68355303,-417.2259539,455.9095069,-19353.26418,19339.90416,13.35933668,2
-28.8833929,-346.1958423,375.0792352,-14454.97602,14438.40172,16.5736054,2
-17.34636376,-254.3574068,271.7037706,-8687.669166,8668.87614,18.79233799,2
-4.765919099,-147.2307582,151.9966773,-2397.997752,2378.114918,19.88217359,2
8.10177131,-31.25493231,23.153161,4035.986444,-4055.764665,19.77760566,2
20.48327226,86.59913982,-107.0824121,10227.55747,-10246.04295,18.4849194,2
31.63437181,199.2476317,-230.8820035,15804.56005,-15820.64235,16.08181396,2
40.88481349,299.9196075,-340.804421,20431.77862,-20444.49176,12.71273217,2
47.67858319,382.5640008,-430.242584,23831.08606,-23839.66656,8.580178592,2
51.60732941,442.213325,-493.8206544,25798.16101,-25802.09379,3.932547581,2
52.4349079,475.2822525,-527.7171604,26214.76895,-26213.81831,-0.950806858,2
50.1115756,479.7831171,-529.8946927,25055.86894,-25050.09267,-5.776362153,2
44.77698046,455.4453865,-500.2223669,22391.11868,-22380.86467,-10.25406985,2
36.75176769,403.7319228,-440.4836905,18380.68769,-18366.57292,-14.11478949,2
26.5183068,327.7510548,-354.2693616,13265.62997,-13248.50351,-17.12646576,2
14.69169795,232.0697463,-246.7614443,7353.395052,-7334.286999,-19.1080766,2
1.982800274,122.4390909,-124.4218912,999.3482324,-979.4077734,-19.94051384,2
-10.8444956,5.448631955,5.395863641,-5414.589331,5434.162969,-19.57374243,2
-23.01918248,-111.869713,134.8888955,-11502.89664,11520.92627,-18.02980784,2
-33.80947942,-222.4643183,256.2737977,-16899.62526,16915.02653,-15.40151101,2
-42.56681664,-319.6877005,362.2545172,-21280.39533,21292.24184,-11.84683041,2
-48.76481899,-397.6960772,446.4608962,-24381.89297,24389.47198,-7.579426404,2
-52.03094466,-451.8006175,503.8315621,-26017.69719,26020.5525,-2.855798862,2
-52.16887744,-478.7492727,530.9181501,-26089.48512,26087.44443,2.040130225,2
-49.17032664,-476.9222465,526.0925732,-24592.94181,24586.12711,6.814082381,2
-43.21552548,-446.4293556,489.644881,-21618.01965,21606.83988,11.17911077,2
-34.66239777,-389.1034287,423.7658265,-17343.53157,17328.65803,14.87284762,2
-24.02504433,-308.3901416,332.415186,-12026.40321,12008.72924,17.67327436,2
-11.94284204,-209.1409086,221.0837506,-5986.229922,5966.817177,19.41206635,2
0.857987047,-97.32127937,96.46329233,413.9330306,-433.9183842,19.98471041,2
13.60802655,20.34763038,-33.95565692,6789.392585,-6808.749962,19.3567867,2
25.54091287,136.7931237,-162.3340366,12756.94052,-12774.50708,17.56603766,2
35.93939886,245.0160394,-280.9554382,17957.88685,-17972.6074,14.72009936,2
44.17846519,338.5114484,-382.6899136,22079.61955,-22090.60995,10.99003189,2
49.76288826,411.6596448,-461.4225331,24874.39461,-24880.99492,6.600037481,2
52.35700646,460.0639274,-512.4209339,26174.22714,-26176.04133,1.813984434,2
51.80489574,480.8148717,-532.6197674,25900.98843,-25897.9081,-3.08045315,2
48.13974165,472.6652055,-520.8049472,24071.10195,-24063.31294,-7.789086528,2
41.58184472,436.1047791,-477.6866238,20794.55626,-20782.5274,-12.02889504,2
32.52537887,373.331121,-405.8564999,16268.2939,-16252.74887,-15.54503758,2
21.51469889,288.1173527,-309.6320516,10764.37382,-10746.24766,-18.12617025,2
9.211621058,185.5853975,-194.7970186,4613.618821,-4594.001706,-19.61714957,2
-3.64435649,71.89811928,-68.25376279,-1814.269139,1834.197422,-19.92835764,2
-16.28050262,-46.11110813,62.39161075,-8132.930548,8151.971506,-19.04108879,2
-27.93729955,-161.3491323,189.2864319,-13962.57115,13979.57962,-17.00867393,2
-37.91409499,-266.8893691,304.8034641,-18952.79013,18966.74312,-13.95327497,2
-45.61121613,-356.3881366,401.9993527,-22803.6416,22813.69978,-10.05854208,2
-50.56601397,-424.4659539,475.0319679,-25283.66337,25289.2215,-5.558575072,2
-52.48067167,-467.030884,519.5115557,-26243.78936,26244.51269,-0.723852435,2
-51.2401054,-481.5244869,532.7645923,-25626.30951,25622.1539,4.155026278,2
-46.9188816,-467.0755989,513.9944805,-23468.33855,23459.5531,8.784807434,2
-39.77673504,-424.552696,464.329431,-19899.58513,19886.69724,12.88720985,2
-30.24295704,-356.511692,386.754649,-15134.55544,15118.33909,16.21565136,2
-18.89059213,-267.0423113,285.9329034,-9459.66,9441.08924,18.57007008,2
-6.401994204,-161.5222684,167.9242626,-3215.99839,3196.188775,19.80894951,2
6.472187555,-46.29403127,39.82184371,3221.143115,-3241.001562,19.85782456,2
18.95812777,71.7164041,-90.67453187,9464.848789,-9483.563109,18.71375747,2
30.30533701,185.4158128,-215.7211498,15139.82971,-15156.27571,16.44551438,2
39.83177126,287.9700917,-327.8018629,19904.98115,-19918.17099,13.18943197,2
46.9648274,373.2150354,-420.1798628,23473.88529,-23483.02684,9.141222785,2
51.27576053,436.0268465,-487.302607,25632.02686,-25636.57132,4.544211507,2
52.50545438,472.6301105,-525.1355649,26249.68696,-26249.36184,-0.325290446,2
50.57999604,480.8247239,-531.40472,25289.74004,-25284.56555,-5.174593128,2
45.61511853,460.118135,-505.7332536,22809.88538,-22800.17322,-9.712220709,2
37.90924455,411.7549498,-449.6641944,18959.17903,-18945.51362,-13.66543114,2
27.92554919,338.6421227,-366.5676718,13969.07444,-13952.27784,-16.79660978,2
16.26412,245.1742288,-261.4383488,8139.510643,-8120.593112,-18.91755168,2
3.625887706,136.9693204,-140.5952081,1820.883821,-1800.983097,-19.90077392,2
-9.229504527,20.53124407,-11.30173955,-4607.013843,4626.700924,-19.68717825,2
-21.52936074,-97.14128468,118.6706454,-10757.82225,10776.11169,-18.28960326,2
-32.53437644,-208.9753514,241.5097278,-16261.83624,16277.62806,-15.79205268,2
-41.58307582,-308.2489726,349.8320484,-20788.22737,20800.5717,-12.34464623,2
-48.13157089,-388.9951326,437.1267035,-24064.92894,24073.08313,-8.154596397,2
-51.78625285,-446.3604412,498.1466941,-25894.98903,25898.4623,-3.473753527,2
-52.32745063,-476.8968557,529.2243063,-26168.40867,26166.99159,1.416532033,2
-49.7226346,-478.768931,528.4915656,-24868.7535,24862.53056,6.22232102,2
-44.12837184,-451.8641428,495.9925146,-22074.14158,22063.48617,10.65475299,2
-35.88091538,-397.7996506,433.680566,-17952.54799,17938.09989,14.44740877,2
-25.47599314,-319.8250961,345.3010892,-12751.70836,12734.33534,17.37232407,2
-13.53901128,-222.6272769,236.1662882,-6784.228327,6764.973953,19.25369167,2
-0.787463153,-112.0484392,112.8359024,-408.793784,388.8147066,19.97842861,2
12.01219699,5.264881473,-17.27707846,5991.388549,-6010.89212,19.50297326,2
24.09062301,122.2613614,-146.3519845,12031.62444,-12049.48088,17.85590367,2
34.72181985,231.9087214,-266.6305412,17348.85488,-17363.99156,15.13621981,2
43.26678067,327.6164137,-370.8831943,21623.47836,-21634.98613,11.50739302,2
49.21189555,403.6317591,-452.8436546,24598.56112,-24605.74895,7.187540282,2
52.19982287,455.3857214,-507.5855443,26095.28055,-26097.71707,2.43631391,2
52.05096797,479.7675378,-531.8185057,26023.6737,-26021.21314,-2.460705314,2
48.77427803,475.3116961,-524.0859741,24388.04463,-24380.83554,-7.209173472,2
42.56670424,442.2860226,-484.8527269,21286.70568,-21275.18205,-11.52367557,2
33.80136372,382.6755836,-416.4769473,16906.0683,-16890.92343,-15.1448809,2
23.00511268,300.0633694,-323.0684821,11509.43839,-11491.58327,-17.85513059,2
10.82687877,199.4149326,-210.2418114,5421.189891,-5401.698402,-19.49152035,2
-2.001343854,86.77992465,-84.77858079,-992.732307,1012.687931,-19.95569213,2
-14.70849231,-31.07152903,45.78002134,-7346.808128,7366.027751,-19.21974612,2
-26.53078109,-147.0557594,173.5865404,-13259.11466,13276.44239,-17.32791768,2
-36.75761074,-254.20133,290.9589407,-18374.28233,18388.67598,-14.39391853,2
-44.77427968,-346.0680678,390.8423475,-22384.85498,22395.44873,-10.59410191,2
-50.09893194,-417.1341609,467.2330928,-25049.77008,25055.9265,-6.156862513,2
-52.41151995,-463.1280565,515.5395764,-26208.84822,26210.19662,-1.348908468,2
-51.57304154,-481.2852106,532.8582522,-25792.42099,25788.87964,3.540769643,2
-47.63389497,-470.5142555,518.1481505,-23825.51848,23817.29957,8.218269068,2
-40.83084959,-431.4625984,472.293448,-20426.36482,20413.96171,12.40244043,2
-31.57281444,-366.4775079,398.0503224,-15799.27214,15783.42966,15.84178671,2
-20.41626004,-279.4650272,299.8812873,-10222.36,10204.02973,18.32957989,2
-8.03177075,-175.6551946,183.6869654,-4030.838516,4011.12156,19.71628675,2
4.836261877,-61.28768287,56.45142099,2403.140006,-2423.059192,19.91855679,2
17.41438207,56.76324748,-74.17762956,8692.849959,-8711.774762,18.92423218,2
28.94655976,171.4019375,-200.3484972,14460.23725,-14477.03083,16.7930785,2
38.73963307,275.7378269,-314.4774599,19358.6429,-19372.29652,13.65319245,2
46.20497209,363.4996234,-409.7045955,23093.63963,-23103.33327,9.693302373,2
50.89385945,429.4122498,-480.3061092,25440.72886,-25445.88054,5.151424392,2
52.52446129,469.5139116,-522.0383729,26258.83467,-26259.1354,0.300556033,2
50.99876741,481.3942279,-532.3929954,25498.78336,-25494.21574,-4.567732763,2
46.4084823,464.3391115,-510.7475938,23206.25915,-23197.09838,-9.16082497,2
39.0295131,419.37369,-458.4032031,19519.05823,-19505.85561,-13.20264474,2
29.30538572,349.2006893,-378.506075,14658.80631,-14642.35607,-16.45025141,2
17.82058594,258.0379812,-275.8585671,8917.637367,-8898.928944,-18.70844193,2
5.265427843,151.3650606,-156.6304885,2640.63447,-2620.793032,-19.8414838,2
-7.605438719,35.59369133,-27.98825261,-3794.91208,3814.693264,-19.7812736,2
-20.01838767,-82.31748478,102.3358725,-10002.18244,10020.71372,-18.53143041,2
-31.2273169,-195.2812089,226.5085258,-15608.07769,15624.24455,-16.16707829,2
-40.55849399,-296.5075975,337.0660915,-20275.64565,20288.47568,-12.83033083,2
-47.45105216,-379.9122604,427.3633126,-23724.33393,23733.05529,-8.721749146,2
-51.49070207,-440.4820134,491.9727155,-25746.85305,25750.94087,-4.088286824,2
-52.43463347,-474.576205,527.0108385,-26221.63595,26220.84385,0.791553694,2
-50.22610975,-480.1455437,530.3716535,-25120.14498,25114.51991,5.62446096,2
-44.99787811,-456.8552746,501.8531527,-22508.58718,22498.46658,10.11994454,2
-37.06419065,-406.1053003,443.169491,-18543.93485,18529.92637,14.00779543,2
-26.90191563,-330.9460374,357.847953,-13464.49039,13447.43537,17.05432747,2
-15.12187451,-235.8950656,251.0169401,-7575.562765,7556.485657,19.07642346,2
-2.432127416,-126.6655909,129.0977183,-1231.116336,1211.16314,19.95254171,2
10.40458605,-9.823043052,-0.581542996,5187.504772,-5207.135399,19.63002155,2
22.6166926,107.6095509,-130.2262435,11294.49803,-11312.62682,18.12824858,2
33.47016207,218.5736981,-252.0438602,16722.79186,-16738.32982,15.53748947,2
42.31262753,316.3997033,-358.7123308,21146.1091,-21158.12296,12.01346631,2
48.61259703,395.2075622,-443.8201593,24298.57848,-24306.34678,7.76799668,2
51.99139977,450.2603899,-502.2517896,25990.71526,-25993.77175,3.056261961,2
52.24594687,478.249139,-530.4950859,26120.81059,-26118.97221,-1.838530778,2
49.36093828,477.4914968,-526.852435,24681.04485,-24674.42277,-6.622171446,2
43.50978251,448.0330025,-491.542785,21757.95769,-21746.9506,-11.00713094,2
35.04417356,391.6443108,-426.6884844,17527.2464,-17512.51658,-14.7298436,2
24.47295174,311.7147634,-336.1877151,12243.20534,-12225.6388,-17.56654925,2
12.4315189,213.0486663,-225.4801852,6223.441068,-6204.094353,-19.34674277,2
-0.356353439,101.5765191,-101.2201656,-170.217875,190.181235,-19.96342252,2
-13.12202774,-16.00144874,29.12347647,-6553.469374,6572.848781,-19.37952192,2
-25.09820068,-132.6180064,157.716207,-12542.63687,12560.26682,-17.6301374,2
-35.56502335,-241.2637103,276.8287337,-17777.7309,17792.55106,-14.82041881,2
-43.89336895,-335.4082194,379.3015883,-21944.08695,21955.20586,-11.1192493,2
-49.58264765,-409.3928121,458.9754597,-24791.27884,24798.02751,-6.7490942,2
-52.29089534,-458.7705142,511.0614095,-26148.17111,26150.14324,-1.972629424,2
-51.85532806,-480.573392,532.4287201,-25933.20536,25930.28174,2.923047166,2
-48.30212636,-473.4909452,521.7930716,-24159.30249,24151.65818,7.643672269,2
-41.84486171,-437.9488768,479.7937385,-20933.08606,20921.17988,11.90550436,2
-32.87165939,-376.0835052,408.9551645,-16448.47349,16433.02041,15.45237849,2
-21.92186953,-291.6133575,313.535227,-10975.02032,10956.94852,18.07110349,2
-9.653648563,-189.6156606,199.2693091,-4841.718087,4822.113137,19.60427626,2
3.195600487,-76.22116562,73.02556514,1582.780268,-1602.740646,19.95974269,2
15.85355087,41.75435172,-57.60790258,7912.318964,-7931.435679,19.11613682,2
27.55937416,157.2197653,-184.7791395,13766.44993,-13783.5746,17.12416502,2
37.60947124,263.2348233,-300.8442945,18793.30031,-18807.4043,14.10355822,2
45.39976331,353.4273039,-398.8270672,22690.72242,-22700.95865,10.23587527,2
50.46200112,422.3760294,-472.8380306,25224.45483,-25230.20869,5.75359001,2
52.49190995,465.9367154,-518.4286253,26242.2031,-26243.1294,0.926118057,2
51.36747853,481.49107,-532.8585485,25682.79365,-25678.8374,-3.956376936,2
47.15629277,468.1041715,-515.2604642,23579.85079,-23571.25043,-8.600424055,2
40.11147337,426.5806629,-466.6921363,20059.77559,-20047.04873,-12.72688471,2
30.65646159,359.4163879,-390.0728495,15334.14835,-15318.06063,-16.08773077,2
19.35956754,270.6483734,-290.0079409,9687.011218,-9668.530282,-18.4809527,2
6.899810888,165.6121771,-172.511988,3457.795305,-3438.032644,-19.76270173,2
-5.973892775,50.6211847,-44.64729192,-2979.081406,2998.937259,-19.85593611,2
-18.48774685,-67.41286797,85.90061482,-9236.719118,9255.474027,-18.75505188,2
-29.88958414,-181.3953363,211.2849205,-14938.9915,14955.51751,-16.52621965,2
-39.49407716,-284.4751035,323.9691807,-19743.15345,19756.45656,-13.30340735,2
-46.72393098,-370.4563787,417.1803096,-23360.44235,23369.72231,-9.280327831,2
-51.14458251,-434.1711058,485.3156884,-25573.4347,25578.13304,-4.698795409,2
-52.49032076,-471.7895992,524.27992,-26249.1147,26248.94836,0.165808806,2
-50.68025776,-481.0507331,531.7309909,-25346.86942,25341.84773,5.021089174,2
-45.82319057,-461.3978506,507.2210412,-22920.92989,22911.35403,9.57521048,2
-38.21106177,-414.0122229,452.2232847,-19117.11151,19103.55639,13.55443921,2
-28.3014118,-341.7420465,370.0434583,-14164.04946,14147.32917,16.71959677,2
-16.68987761,-248.9312476,265.6211252,-8359.456272,8340.575149,18.88043575,2
-4.07439095,-141.1583826,145.2327735,-2052.227235,2032.319501,19.90707509,2
8.786772146,-24.90132915,16.11455701,4378.530542,-4398.268961,19.73780678,2
21.1205688,92.85207779,-113.9726466,10546.28504,-10564.66839,18.38280494,2
32.18565445,205.0240625,-237.2097169,16080.31251,-16096.2365,15.92351431,2
41.3169426,304.8723304,-346.189273,20647.98048,-20660.48863,12.50775484,2
47.96558111,386.3953256,-434.3609067,23974.74123,-23983.08238,8.340836719,2
51.73194181,444.692965,-496.4249068,25860.63395,-25864.3074,3.673219858,2
52.38964096,476.2611663,-528.6508073,26192.30372,-26191.08933,-1.214540457,2
49.89914636,479.2024673,-529.1016137,24949.81494,-24943.78638,-6.02865683,2
44.41015357,453.340076,-497.7502295,22207.84959,-22197.36987,-10.47976836,2
36.25258812,400.2284968,-436.4810849,18131.21832,-18116.918,-14.30033321,2
25.91677483,323.0600947,-348.9768695,12964.95421,-12947.69351,-17.26070962,2
14.02396593,226.4732124,-240.4971784,7019.58466,-7000.401726,-19.18295902,2
1.288999607,116.2733745,-117.5623741,652.466569,-632.5150848,-19.95154125,2
-11.52266659,-0.915663767,12.43833036,-5753.69323,5773.213382,-19.52025938,2
-23.64096493,-118.050049,141.691014,-11813.84123,11831.75609,-17.91503639,2
-34.33750379,-228.0892128,262.4267166,-17163.72158,17178.95368,-15.23235708,2
-42.96934889,-324.4190575,367.3884064,-21481.77029,21493.40343,-11.63346866,2
-49.01766801,-401.2495082,450.2671763,-24508.44347,24515.77775,-7.334688685,2
-52.11891631,-453.9625355,506.0814518,-26061.8176,26064.41151,-2.594402938,2
-52.08668781,-479.38973,531.4764178,-26048.52439,26046.22136,2.302465322,2
-48.92291969,-476.0027454,524.9256651,-24469.36287,24462.30066,7.061581169,2
-42.81777582,-444.0051624,486.8229382,-21419.25131,21407.85375,11.39688953,2
-34.13821664,-385.3202521,419.4584687,-17081.52205,17066.47355,15.04780901,2
-23.40594235,-303.4753742,326.8813165,-11716.90195,11699.10636,17.79489465,2
-11.26603522,-203.3899592,214.6559944,-5647.840946,5628.367241,19.47302797,2
1.551814248,-91.07981713,89.52800288,760.8693643,-780.8513468,19.98134178,2
14.27716663,26.70445325,-40.98161988,7124.022161,-7143.312031,19.28928295,2
26.14514221,142.883221,-169.0283633,13059.14894,-13076.58791,17.43844884,2
36.44239539,250.4733569,-286.9157523,18209.50845,-18224.04898,14.54008706,2
44.54999162,343.0079665,-387.5579581,22265.52927,-22276.29804,10.7684087,2
49.98060955,414.925094,-464.9057036,24983.41713,-24989.76752,6.350117092,2
52.40783231,461.9020341,-514.3098664,26199.80857,-26201.35955,1.550781385,2
51.68576736,481.115155,-532.8009223,25841.59025,-25838.24925,-3.341125941,2
47.85781569,471.4096183,-519.267434,23930.2935,-23922.26201,-8.031568225,2
41.15406304,433.3687924,-474.5228554,20580.80018,-20568.5616,-12.23861822,2
31.97745024,369.2791881,-401.2566383,15994.43748,-15978.72809,-15.70940382,2
20.87955373,282.9930238,-303.8725776,10446.87678,-10428.64149,-18.23530739,2
8.52743211,179.6966815,-188.2241136,4271.563995,-4251.899527,-19.66450509,2
-4.336468643,65.5989695,-61.26250085,-2160.322847,2180.233863,-19.91109252,2
-16.93894115,-52.4420683,69.38100945,-8462.183869,8481.143983,-18.96024814,2
-28.52249164,-167.3313676,195.8538592,-14255.23463,14272.10355,-16.86912418,2
-38.39087044,-272.1633047,310.5541751,-19191.27361,19205.03674,-13.76341135,2
-45.95092129,-360.6367716,406.5876929,-22973.61151,22983.44093,-9.829784047,2
-50.74823405,-427.4339148,478.1821488,-25374.90426,25380.20849,-5.304679891,2
-52.49445782,-468.5397744,521.0342322,-26250.81794,26251.2775,-0.460088278,2
-51.08463276,-481.4836103,532.5682431,-25548.70422,25544.29082,4.412798046,2
-46.60349891,-465.4874106,512.0909095,-23310.76487,23301.74314,9.021085629,2
-39.32040273,-421.5126549,460.8330577,-19671.5152,19658.42674,13.08778519,2
-29.67310756,-352.2025234,381.8756309,-14849.69872,14833.32956,16.36846057,2
-18.24148107,-261.7230234,279.9645044,-9135.139187,9116.472577,18.66592094,2
-5.71264132,-155.5125845,161.2252259,-2871.320278,2851.477541,19.84207336,2
7.160343706,-39.95517224,32.79482854,3565.260144,-3585.086986,19.82622309,2
19.60372056,78.00343186,-97.60715242,9787.720079,-9806.339961,18.61932279,2
30.86955816,191.2731183,-222.1426764,15422.04761,-15438.34202,16.29391529,2
40.28070347,293.0456131,-333.3263165,20129.58157,-20142.57175,12.98977326,2
47.27148303,377.2037014,-424.4751844,23627.36733,-23636.27315,8.905497924,2
51.42170371,438.6889131,-490.1106168,25705.16431,-25709.45113,4.286581808,2
52.48190915,473.8055715,-526.2874806,26238.08287,-26237.49369,-0.589347049,2
50.38837383,480.4429279,-530.8313017,25194.091,-25188.66189,-5.429212401,2
45.26693336,458.2020324,-503.4689657,22635.93965,-22625.9976,-9.942105662,2
37.42542089,408.4197131,-445.845134,18717.39102,-18703.53427,-13.85677148,2
27.33516433,334.088224,-361.4233884,13673.97635,-13657.03845,-16.93791202,2
15.60265629,239.6753901,-255.2780464,7808.838971,-7789.838663,-19.00032994,2
2.933099781,130.856061,-133.7891608,1474.51327,-1454.593262,-19.92006003,2
-9.911979213,14.17101395,-4.259034741,-4948.264956,4967.906677,-19.64182032,2
-22.16050463,-103.3661908,125.5266955,-11073.44332,11091.6255,-18.18233496,2
-33.07625732,-214.6907728,247.7670301,-16532.85721,16548.4863,-15.62932891,2
-42.00312676,-313.1113719,355.1144987,-20998.35894,21010.49487,-12.13625514,2
-48.40454778,-392.7122449,441.1167927,-24201.54167,24209.45434,-7.913071039,2
-51.89575172,-448.7088412,500.6045929,-25949.87248,25953.08562,-3.21361856,2
-52.26689365,-477.7353867,530.0022803,-26138.26487,26136.58468,1.679633393,2
-49.49566545,-478.0471898,527.5428552,-24755.39518,24748.922,6.472567257,2
-43.74863668,-449.625509,493.3741457,-21884.38325,21873.50549,10.87709527,2
-35.37124264,-394.1786796,429.5499222,-17697.79629,17683.16713,14.62847547,2
-24.86702139,-315.0394307,339.9064521,-12447.2765,12429.77458,17.50122451,2
-12.86734763,-216.9645662,229.8319138,-6448.415609,6429.092257,19.32267072,2
-0.093482912,-105.8490484,105.9425313,-61.78571843,41.80173921,19.98333283,2
12.68677713,11.62832879,-24.31510591,6328.733535,-6348.17763,19.44350052,2
24.70525244,128.406381,-153.1116334,12339.02874,-12356.76489,17.73562134,2
35.23955138,237.4659577,-272.7055091,17607.84051,-17622.80332,14.96235033,2
43.65649137,332.2518412,-375.9083326,21818.47765,-21829.7684,11.29037978,2
49.45015737,407.0667591,-456.5169165,24717.85239,-24724.7931,6.940419906,2
52.27231089,457.4138291,-509.68614,26131.6927,-26133.86684,2.173932659,2
51.95332138,480.266852,-532.2201734,25975.01722,-25972.29477,-2.722583893,2
48.51236227,474.2522065,-522.7645687,24257.2432,-24249.78846,-7.454816046,2
42.15625842,439.7314135,-481.8876719,21081.62046,-21069.88217,-11.7383247,2
33.26705463,378.7794061,-412.0464608,16639.02539,-16623.70976,-15.31564206,2
22.37905211,295.0598121,-317.4388642,11196.48799,-11178.51626,-17.97174722,2
10.14669342,193.6047448,-203.7514382,5081.141539,-5061.594581,-19.54699034,2
-2.694774041,80.51233982,-77.81756578,-1339.440303,1359.386921,-19.9466887,2
-15.37349127,-37.41978482,52.79327609,-7679.337169,7698.483861,-19.14681776,2
-27.12738168,-153.1031112,180.2304929,-13557.4784,13574.67366,-17.19545523,2
-37.24995701,-259.5842893,296.8342463,-18620.54798,18634.7576,-14.20989122,2
-45.13278209,-350.4630805,395.5958626,-22564.22121,22574.59043,-10.36957834,2
-50.30204585,-420.2770551,470.5791009,-25151.45666,25157.36157,-5.905345419,2
-52.44704062,-464.8299212,517.2769618,-26226.74401,26227.82901,-1.085523058,2
-51.43883773,-481.4437504,532.8825882,-25725.45121,25721.65044,3.80018479,2
-47.33803702,-469.1199393,516.4579763,-23677.70936,23669.25061,8.458114015,2
-40.39112434,-428.5992321,468.9903565,-20206.60159,20193.99263,12.60829154,2
-31.01565614,-362.3171974,393.3328535,-15520.76496,15504.763,16.0012636,2
-19.77516146,-274.2578334,294.0329948,-9901.849913,9883.416132,18.4330896,2
-7.345270032,-169.7141032,177.0593732,-3687.591247,3667.832978,19.75760031,2
5.526897617,-54.96979174,49.44289412,2748.492081,-2768.387891,19.89518364,2
18.06763717,63.07819218,-81.14582935,9019.547949,-9038.386087,18.83756987,2
29.52316539,177.3343667,-206.8575321,14748.6435,-14765.29233,16.64832869,2
39.20492755,280.9311634,-320.1360909,19591.42136,-19604.88082,13.45904826,2
46.53098429,367.6417144,-414.1726987,23256.79783,-23266.25959,9.46142585,2
51.06099005,432.2541294,-483.3151195,25524.45901,-25529.355,4.895745548,2
52.52266083,470.8847656,-523.4074264,26258.10311,-26258.13972,0.036435567,2
50.82814032,481.2116605,-532.0398009,25413.63318,-25408.80886,-4.824426754,2
46.07928064,462.614098,-508.6933787,23041.80755,-23032.41294,-9.394670771,2
38.56152033,416.2099173,-454.7714377,19285.18897,-19271.7894,-13.39959396,2
28.72672759,344.7883234,-373.515051,14369.57562,-14352.97716,-16.59847341,2
17.16603993,252.6422369,-269.8082768,8590.429069,-8571.630053,-18.79903488,2
4.57433281,145.3102605,-149.8845933,2295.1151,-2275.246138,-19.86900978,2
-8.291547074,29.24377162,-20.95222454,-4137.975366,4157.719359,-19.74408544,2
-20.65827339,-88.58084911,109.2391225,-10322.17011,10340.60173,-18.4317707,2
-31.78252229,-201.0815455,232.8640678,-15885.75723,15901.76794,-16.01094457,2
-40.99565125,-301.4962651,342.4919163,-20494.32752,20506.95433,-12.62711512,2
-47.74388896,-383.7894044,431.5332934,-23870.87478,23879.35806,-8.483673413,2
-51.62162072,-443.0145895,494.6362102,-25812.44567,25816.27487,-3.829668347,2
-52.39576867,-475.6119864,528.007755,-26202.33868,26201.28297,1.055162871,2
-50.01980131,-479.622271,529.6420723,-25017.11861,25011.24079,5.877208822,2
-44.63653034,-454.8043983,499.4409286,-22328.02519,22317.6779,10.3466319,2
-36.56952678,-402.6500901,439.2196168,-18296.69112,18282.49564,14.19478954,2
-26.30367209,-326.2941728,352.5978449,-13165.42685,13148.23577,17.19038139,2
-14.45601356,-230.3261534,244.7821669,-7242.656036,7223.502,19.15335211,2
-1.738675579,-120.5143584,122.253034,-884.3772623,864.4108967,19.96571383,2
11.08394385,-3.459219198,-7.624724648,5527.233933,-5546.813173,19.57863809,2
23.24111858,113.8034591,-137.0445777,11606.79637,-11624.8123,18.01539072,2
34.00212023,224.2253969,-258.2275171,16988.88724,-17004.25763,15.3699334,2
42.72013981,321.1694891,-363.8896289,21350.00649,-21361.80815,11.80127597,2
48.87116539,398.8087406,-447.6799059,24428.02137,-24435.54559,7.523918829,2
52.08547874,452.4765074,-504.5619861,26037.92237,-26040.71755,2.794960006,2
52.16987787,478.9469939,-531.1168718,26082.94356,-26080.84235,-2.101358142,2
49.11928981,476.6291451,-525.7484349,24560.37885,-24553.5082,-6.870733834,2
43.11707549,445.6622792,-488.7793547,21561.74467,-21550.51821,-11.22649539,2
34.52400855,387.9077144,-422.4317229,17267.27919,-17252.37238,-14.90683214,2
23.85659038,306.8368903,-330.6934807,11935.10882,-11917.41831,-17.69053099,2
11.75600492,207.3227115,-219.0787164,5885.73305,-5866.322807,-19.41027288,2
-1.050420879,95.34665304,-94.29623216,-517.2397595,537.2023844,-19.96268973,2
-13.79293427,-22.3607671,36.15370136,-6888.947658,6908.262118,-19.3145776,2
-25.70562407,-138.7245372,164.4301613,-12846.40793,12863.91264,-17.50489243,2
-36.07245712,-246.750408,282.8228651,-18031.53695,18046.1791,-14.6424086,2
-44.27031668,-339.9452944,384.2156111,-22132.67341,22143.57225,-10.89918076,2
-49.80645601,-412.7075538,462.5140098,-24903.3113,24909.81107,-6.500202264,2
-52.34811572,-460.6636823,513.011798,-26176.91654,26178.62591,-1.709881486,2
-51.74252491,-480.9311925,532.6737174,-25876.93686,25873.75243,3.183850866,2
-48.02608369,-472.2918701,520.3179538,-24021.40308,24013.51559,7.886848355,2
-41.42217533,-435.2649966,476.6871719,-20721.84531,20709.72821,12.116429,2
-32.32773939,-372.0761375,404.4038768,-16176.5893,16160.97024,15.61836637,2
-478.5101246,41.69170485,436.8184197,-11.99044028,20849.39566,-20837.40496,2
-405.8737071,32.52591304,373.3477941,-15.56155909,16268.5013,-16252.93949,2
-308.1554189,21.35089644,286.8045225,-18.1714533,10682.42847,-10664.25678,2
-191.3940774,8.857251321,182.536826,-19.65883602,4436.386585,-4416.727554,2
-62.80532682,-4.182937178,66.98826399,-19.93178961,-2083.630008,2103.561948,2
69.66427527,-16.96380849,-52.70046679,-18.973446,-8474.695823,8493.669365,2
197.8283418,-28.69552738,-169.1328144,-16.84302909,-14341.8543,14358.69736,2
313.76656,-38.6530944,-275.1134656,-13.67219485,-19322.52542,19336.19759,2
410.3141531,-46.22114953,-364.0930035,-9.656895205,-23108.91252,23118.56934,2
481.5046505,-50.93200037,-430.5726501,-5.045268544,-25467.02359,25472.06873,2
522.9386054,-52.4945247,-470.4440807,-0.122305211,-26251.13153,26251.25366,2
532.0554727,-50.81216128,-481.2433114,4.807764394,-25412.77986,25407.97189,2
508.2918461,-45.98887724,-462.3029688,9.440270715,-23003.77725,22994.33675,2
453.1162757,-38.32274302,-414.7935327,13.48893308,-19172.99579,19159.50662,2
369.9385142,-28.28751217,-341.651002,16.70355135,-14157.17101,14140.46724,2
263.8988002,-16.50334425,-247.3954559,18.88546782,-8266.272024,8247.386365,2
141.5502005,-3.698480019,-137.8517205,19.89984394,-1864.345974,1844.445977,2
10.4536423,9.33576254,-19.78940484,19.68399308,4652.979425,-4672.663522,2
-121.289339,21.79389026,99.4954487,18.25125449,10882.94498,-10901.19628,2
-245.53726,32.90601285,212.6312471,15.6901689,16440.54984,-16456.23999,2
-354.6118189,41.98542077,312.6263982,12.1590069,20982.34383,-20994.50277,2
-441.7724009,48.47102263,393.3013783,7.875988075,24227.65212,-24235.52798,2
-501.6326361,51.96201969,449.6706164,3.105795457,25975.92039,-25979.02601,2
-530.4932678,52.24267448,478.2505933,-1.856781461,26119.10874,-26117.25174,2
-526.5707599,49.295643,477.2751169,-6.705064172,24648.36839,-24641.66308,2
-490.1075166,43.30304658,446.80447,-11.13943735,21654.58847,-21643.44878,2
-423.3569018,34.63521704,388.7216847,-14.88586455,17322.77929,-17307.89318,2
-330.4439853,23.82781091,306.6161744,-17.71282315,11920.639,-11902.92594,2
-217.1106212,11.54870675,205.5619145,-19.4456121,5782.010298,-5762.564483,2
-90.36061099,-1.443268543,91.80387954,-19.97714807,-713.7504156,733.7277236,2
41.97311893,-14.34523388,-27.62788504,-19.27458305,-7165.216621,7184.491312,2
171.712578,-26.35987065,-145.3527074,-17.38133428,-13173.69912,13191.0805,2
290.8400971,-36.74469557,-254.0954016,-14.41440116,-18367.88432,18382.29872,2
391.9938063,-44.85794483,-347.1358614,-10.5571349,-22426.78078,22437.33784,2
468.922585,-50.19823401,-418.724351,-6.047907679,-25099.55587,25105.60365,2
516.872371,-52.4355427,-464.4368283,-1.165381754,-26221.03681,26222.20203,2
532.8799522,-51.4316092,-481.448343,3.788711439,-25721.91809,25718.12918,2
515.9560883,-47.24847485,-468.7076135,8.50821773,-23633.04436,23624.53591,2
467.1466443,-40.14464998,-427.0019944,12.70148,-20083.50432,20070.80261,2
389.4679576,-30.55913842,-358.9088192,16.10936209,-15292.65328,15276.5437,2
287.7204335,-19.08430786,-268.6361257,18.52126294,-9556.557372,9538.035911,2
168.1918893,-6.42928257,-161.7626067,19.78813137,-3229.69718,3209.908887,2
38.26897748,6.623879251,-44.89285673,19.83167717,3296.938516,-3316.770308,2
-94.01929561,19.26851526,74.75078035,18.64920933,9620.015167,-9638.664436,2
-220.4977486,30.72320929,189.7745393,16.3138023,15348.77781,-15365.09161,2
-333.3502368,40.28008147,293.0701554,12.96978012,20129.19904,-20142.16876,2
-425.602676,47.348534,378.254142,8.823797481,23665.85727,-23674.68095,2
-491.5540285,51.49174896,440.0622795,4.132068811,25740.19327,-25744.32517,2
-527.1286173,52.453683,474.6749343,-0.815465327,26224.01674,-26223.20107,2
-530.1279957,50.17489025,479.9531055,-5.713056045,25087.42824,-25081.71495,2
-500.3668076,44.79619606,455.5706115,-10.25804087,22400.66693,-22390.40863,2
-439.6842416,36.6499942,403.0342474,-14.16954774,18329.76988,-18315.60008,2
-351.8303729,26.23970551,325.5906674,-17.20585243,13126.31135,-13109.10526,2
-242.2344155,14.20866741,228.0257481,-19.17931664,7111.85586,-7092.676333,2
-117.6692055,1.300376754,116.3688288,-19.96798376,658.0861173,-638.1179638,2
14.16734726,-11.68745695,-2.479890313,-19.52311551,-5836.166324,5855.689559,2
145.127977,-23.95220856,-121.1757684,-17.87220393,-11969.56815,11987.44042,2
267.1195484,-34.73593814,-232.3836102,-15.11727243,-17363.08598,17378.20326,2
372.603198,-43.37223029,-329.2309677,-11.42857086,-21683.40996,21694.83847,2
455.0602229,-49.32737745,-405.7328454,-7.034054433,-24663.5517,24670.58565,2
509.3949247,-52.23336208,-457.1615626,-2.205296461,-26119.34373,26121.54887,2
532.2495149,-51.91059949,-480.3389154,2.759294378,-25960.82068,25958.06118,2
522.2116203,-48.37903585,-473.8325844,7.552915178,-24197.77898,24190.22585,2
479.901565,-41.85691559,-438.0446495,11.87932868,-20939.17152,20927.29196,2
407.9340357,-32.74729423,-375.1867415,15.4711702,-16386.37448,16370.90308,2
310.7564984,-21.61313026,-289.1433682,18.10647033,-10820.74265,10802.63598,2
194.3743531,-9.142495376,-185.2318577,19.62237219,-4586.22227,4566.599728,2
65.97981059,3.89394723,-69.87375782,19.92519576,1931.904336,-1951.829657,2
-66.49257345,16.69056843,49.80200501,18.99622711,8330.828461,-8349.82476,2
-194.8562399,28.45655964,166.3996803,16.89287489,14215.1079,-14232.00079,2
-311.1785411,38.46480339,272.7137378,13.74512258,19221.10459,-19234.84967,2
-408.2709647,46.09680789,362.1741568,9.747495718,23039.45678,-23049.20417,2
-480.1333703,50.88092873,429.2524416,5.14704062,25434.19705,-25439.34393,2
-522.3247885,52.52151568,469.8032729,0.228057298,26257.33468,-26257.56253,2
-532.2378642,50.91718334,481.3206809,-4.705469748,25458.00121,-25453.29551,2
-509.2599869,46.1670766,463.0929103,-9.348657241,23085.59404,-23076.24513,2
-454.8111487,38.56474363,416.246405,-13.41456438,19286.72372,-19273.3089,2
-372.2561915,28.57999515,343.6761963,-16.65192525,14296.15373,-14279.50156,2
-266.6968656,16.82987092,249.8669947,-18.86067667,8422.292448,-8403.431553,2
-144.6565509,4.040507832,140.6160431,-19.90432166,2028.134119,-2008.229618,2
-13.67712283,-8.997734119,22.67485695,-19.71836479,-4491.173585,4510.89208,2
118.1471215,-21.47911466,-96.66800683,-18.31429782,-10732.74898,10751.06336,2
242.6696769,-32.63230656,-210.0373703,-15.7788896,-16310.87376,16326.65266,2
352.1952696,-41.7680623,-310.4272073,-12.26882383,-20880.82967,20893.09844,2
439.9554118,-48.32180837,-391.6336034,-8.001016342,-24160.20152,24168.20243,2
500.5266817,-51.88853486,-448.6381469,-3.239210068,-25946.32994,25949.569,2
530.1658822,-52.2478244,-477.9180578,1.722323814,-26128.83536,26127.11284,2
527.0413629,-49.37747356,-477.6638893,6.576971312,-24696.43927,24689.86208,2
491.3462136,-43.45486498,-447.8913486,11.02472382,-21737.66121,21726.63626,2
425.2863315,-34.8460054,-390.4403261,14.79071814,-17435.34846,17420.55751,2
332.9441006,-24.08290715,-308.8611934,17.64222249,-12055.37633,12037.7339,2
220.0261073,-11.8307107,-208.1953966,19.40301899,-5930.217589,5910.814391,2
93.51048399,1.153419866,-94.66390386,19.96429354,561.6037719,-581.5682011,2
-38.78432745,14.06708821,24.71723925,19.29136041,7018.904669,-7038.196113,2
-168.6827416,26.11225243,142.5704892,17.4258057,13042.63532,-13060.06115,2
-288.1572663,36.54454267,251.6127236,14.48291742,18260.53981,-18275.0227,2
-389.8245869,44.71926181,345.1053251,10.64456089,22350.16088,-22360.80535,2
-467.401843,50.13122664,417.2706164,6.14793978,25058.76716,-25064.91495,2
-516.0948973,52.44598729,463.64891,1.27093736,26218.97157,-26220.24231,2
-532.894605,51.5204956,481.3741094,-3.685056219,25759.07552,-25755.39023,2
-516.7627739,47.41194532,469.3508286,-8.41376929,23707.49977,-23699.08575,2
-468.6963228,40.37423756,428.3220852,-12.62297572,20191.02807,-20178.40484,2
-391.6656731,30.84229019,360.8233829,-16.05255396,15426.97215,-15410.91935,2
-290.431183,19.40516069,271.0260223,-18.49056212,9709.742226,-9691.25144,2
-171.2489648,6.769643406,164.4793214,-19.78633557,3392.653003,-3372.866479,2
-41.48426881,-6.283409054,47.76767786,-19.85979778,-3133.910585,3153.770524,2
90.84367613,-18.94734115,-71.89633498,-18.70640888,-9466.618454,9485.32495,2
217.5572371,-30.4395443,-187.1176928,-16.39744625,-15214.12046,15230.51793,2
330.82574,-40.04982069,-290.7759193,-13.07559966,-20021.23115,20034.30672,2
423.6493918,-47.18427226,-376.4651195,-8.946153319,-23590.87959,23599.82565,2
490.2918548,-51.40200253,-438.8898523,-4.264299693,-25702.46782,25706.73197,2
526.6347428,-52.44236326,-474.1923796,0.680630974,-26225.50342,26224.82261,2
530.4321295,-50.24106201,-480.1910675,5.58305074,-25127.66374,25122.08047,2
501.4493432,-44.93413534,-456.5152079,10.13999876,-22476.79332,22466.65309,2
441.4774688,-36.84954194,-404.6279268,14.06986373,-18436.71127,18422.64118,2
354.2226621,-26.48689543,-327.7357666,17.12978698,-13257.08753,13239.95753,2
245.0771159,-14.48658904,-230.5905268,19.13067069,-7258.01369,7238.882833,2
120.7858319,-1.590220525,-119.1956114,19.9488638,-810.2219106,790.2729013,2
-10.97020824,11.40523733,-0.435029094,19.53380347,5687.825672,-5707.359571,2
-142.0487142,23.69668819,118.352026,17.91113971,11834.5612,-11852.47238,2
-264.3492661,34.52454209,229.824724,15.1811503,17250.12729,-17265.30842,2
-370.3139062,43.2196568,327.0942494,11.5125438,21599.85152,-21611.36398,2
-453.3942069,49.24468957,404.1495173,7.132033613,24614.92862,-24622.06051,2
-508.4559526,52.22730402,456.2286486,2.310327563,26109.03215,-26111.34229,2
-532.0964248,51.98317981,480.113245,-2.654601417,25989.82915,-25987.17433,2
-522.8546841,48.52740338,474.3272808,-7.455929466,24264.68616,-24257.22998,2
-481.3018538,42.07353557,439.2283182,-11.79694297,21040.21394,-21028.41674,2
-410.0058251,33.02041398,376.9854111,-15.40937495,16515.67918,-16500.26956,2
-313.3725667,21.92750549,291.4450612,-18.06998346,10970.69012,-10952.61991,2
-197.373843,9.480332213,187.8935108,-19.61434758,4747.917275,-4728.302731,2
-69.17817002,-3.551892581,72.7300626,-19.9470283,-1768.083006,1788.030186,2
63.29218636,-16.36380046,-46.92838589,-19.04746652,-8174.633431,8193.680996,2
191.8507924,-28.16363821,-163.6871542,-16.97125354,-14075.82052,14092.79181,2
308.5529535,-38.22219673,-270.3307567,-13.84669561,-19106.96135,19120.80802,2
406.1866825,-45.91787491,-360.2688076,-9.866884868,-22957.14031,22967.00712,2
478.7183877,-50.77509348,-427.9432942,-5.277766549,-25388.42317,25393.7008,2
521.6657378,-52.49368494,-469.1720529,-0.362940023,-26250.56094,26250.92371,2
532.3746627,-50.9674434,-481.4072193,4.573867151,-25490.27505,25485.70098,2
510.1833697,-46.29068791,-463.8926818,9.227569046,-23154.54982,23145.32202,2
456.4632415,-38.75243371,-417.7108078,13.31057514,-19387.72894,19374.41813,2
374.5340871,-28.81853161,-345.7155555,16.57056291,-14422.59529,14406.02451,2
269.4589832,-17.1028792,-252.356104,18.8060709,-8565.985356,8547.179092,2
147.7313856,-4.329483125,-143.4019025,19.87894871,-2179.827282,2159.948178,2
16.87384455,8.712283315,-25.58612786,19.72289439,4341.225652,-4360.948653,2
-115.0268753,21.21646199,93.81041332,18.34755187,10594.1839,-10612.5315,2
-239.8195427,32.41031674,207.409226,15.83791491,16192.62569,-16208.4636,2
-349.7921915,41.60208713,308.1901043,12.34907467,20790.57722,-20802.92623,2
-438.1487063,48.22373796,389.9249684,8.096635321,24103.89321,-24111.98972,2
-499.4288109,51.8660629,447.562748,3.343390134,25927.81658,-25931.1598,2
-529.845503,52.3039727,477.5415304,-1.616918717,26149.63209,-26148.01496,2
-527.519085,49.51040527,478.0086797,-6.477752888,24755.63193,-24749.15394,2
-492.5933253,43.65799812,448.9353272,-10.93872139,21831.96283,-21821.02386,2
-427.2265741,35.10841965,392.1181544,-14.72414424,17559.30238,-17544.57798,2
-335.4583809,24.39001866,311.0683623,-17.60008897,12201.69342,-12184.09309,2
-222.959858,12.16517335,210.7946846,-19.38882724,6090.226712,-6070.83768,2
-96.68321501,-0.810642463,97.49385747,-19.97981817,-397.4199122,417.3998926,2
35.5678748,-13.73554634,-21.83232846,-19.33653953,-6860.32137,6879.65802,2
165.6205279,-25.8108021,-139.8097258,-17.49874479,-12899.08179,12916.58058,2
285.4377204,-36.29018031,-249.1475401,-14.58000637,-18140.51645,18155.09645,2
387.6149616,-44.52607394,-343.0888877,-10.76069712,-22260.71397,22271.4746,2
465.8378787,-50.00951936,-415.8283594,-6.27684358,-25005.05343,25011.33015,2
515.2724338,-52.40164936,-462.8707845,-1.405539928,-26203.93952,26205.34489,2
532.8636588,-51.55463456,-481.3090242,3.552175906,-25783.28319,25779.73081,2
517.5244471,-47.52081899,-470.0036281,8.289925879,-23769.08027,23760.79012,2
470.2027348,-40.54948536,-429.6532494,12.51492545,-20285.80495,20273.28979,2
393.8229202,-31.07144976,-362.7514704,15.96607714,-15548.71748,15532.75118,2
293.1051406,-19.67243807,-273.4327026,18.43010591,-9850.561496,9832.13119,2
174.2735769,-7.056889073,-167.2166878,19.75473916,-3543.472974,3523.718071,2
44.67180952,5.995578588,-50.66738811,19.85811694,2982.781166,-3002.6394,2
-87.69100147,18.67834547,69.012656,18.7338507,9324.889953,-9343.623867,2
-214.6350684,30.20763898,184.4274294,16.45141814,15090.92227,-15107.3737,2
-328.3154724,39.87096915,288.4445032,13.15186958,19924.54752,-19937.69933,2
-421.7069654,47.07115923,374.6358062,9.039111326,23527.0562,-23536.09519,2
-489.0381184,51.3632502,437.6748683,4.367304581,25675.81963,-25680.18677,2
-526.1479852,52.48199839,473.6659868,-0.574841226,26238.04803,-26237.47298,2
-530.7432416,50.35826712,480.3849744,-5.481910195,25178.99668,-25173.51453,2
-502.5399088,45.1232992,457.4166096,-10.05065411,22564.11306,-22554.06216,2
-443.2809029,37.10060639,406.1802965,-13.99873266,18554.99237,-18540.99338,2
-356.6283258,26.78597687,329.8423489,-17.08216152,13399.39116,-13382.30875,2
-247.9371534,14.8168365,233.1203169,-19.11039023,7415.916459,-7396.805857,2
-123.9243079,1.932856958,121.991451,-19.95807781,974.3364286,-954.3781787,2
7.746435935,-11.06975462,3.323318682,-19.57283864,-5527.270686,5546.843646,2
138.9380591,-23.38745985,-115.5505993,-17.97847979,-11687.11707,11705.09561,2
261.5431514,-34.25904636,-227.284105,-15.27352978,-17124.5351,17139.80864,2
367.9849347,-43.01266934,-324.9722654,-11.62514972,-21503.50198,21515.12708,2
451.6854952,-49.1073704,-402.5781248,-7.258803018,-24553.4053,24560.664,2
507.4722862,-52.16650782,-455.3057784,-2.444322147,-26085.76643,26088.2106,2
531.8977827,-52.00103232,-479.8967504,2.520766514,-26005.88817,26003.36721,2
523.4525322,-48.62117003,-474.8313622,7.329629295,-24318.70686,24311.37701,2
482.6584363,-42.23579048,-440.4226458,11.68508701,-21128.48732,21116.80201,2
412.0364979,-33.23949886,-378.796999,15.31798009,-16632.37949,16617.06129,2
315.951028,-22.18825011,-293.7627779,18.00380221,-11108.23489,11090.23089,2
200.3399388,-9.764991875,-190.5749469,19.57657433,-4897.435891,4877.859145,2
72.34779112,3.262540425,-75.61033155,19.93910195,1616.201109,-1636.140339,2
-60.11572662,16.08926831,44.02645831,19.06898153,8030.144853,-8049.21391,2
-188.8646032,27.92252265,160.9420806,17.019985,13948.02496,-13965.04496,2
-305.9423858,38.03102924,267.9113566,13.91873674,19004.12688,-19018.04558,2
-404.1138744,45.79010021,358.3237742,9.956888458,22885.99247,-22895.94926,2
-477.3122446,50.72023869,426.5920059,5.379275385,25353.72929,-25359.10841,2
-521.0139665,52.5167708,468.4971957,0.468785947,26254.83556,-26255.30414,2
-532.518351,51.06867402,481.4496769,-4.471120263,25533.6245,-25529.15314,2
-511.1144474,46.46543814,464.6490093,-9.135165749,23234.66567,-23225.53025,2
-458.1249792,38.99153498,419.1334442,-13.23512072,19500.03066,-19486.79529,2
-376.8246018,29.10883852,347.7157633,-16.51761518,14560.51331,-14543.99545,2
-272.2375347,17.4280819,254.8094528,-18.77979674,8721.367038,-8702.587022,2
-150.8270737,4.671115203,146.1559585,-19.88186657,2343.440764,-2323.558716,2
-20.09617056,-8.373703611,28.46987417,-19.75571866,-4179.120954,4198.876806,2
111.876236,-20.90022783,-90.97600816,-18.4091487,-10443.23534,10461.64457,2
236.9344846,-32.13434042,-204.8001442,-15.92537231,-16061.79121,16077.7166,2
347.3501968,-41.38179312,-305.9684037,-12.45788245,-20687.57175,20700.02959,2
436.2998767,-48.07110973,-388.2287669,-8.220963831,-24034.71191,24042.93277,2
498.2865913,-51.78890233,-446.497689,-3.476450506,-25896.36434,25899.84065,2
529.4796715,-52.30541793,-477.1742536,1.48245502,-26157.48224,26155.99959,2
527.9514399,-49.58873681,-478.3627031,6.349301182,-24801.92897,24795.57945,2
493.7963387,-43.80674507,-449.9895936,10.82332552,-21913.47534,21902.65178,2
429.1250926,-35.31675961,-393.808333,14.62804127,-17670.62268,17655.99441,2
337.9342703,-24.64344653,-313.2908238,17.52832376,-12335.57178,12318.04325,2
225.8593035,-12.44639774,-213.4129057,19.34494068,-6238.019374,6218.674253,2
99.82622684,0.520630696,-100.3468575,19.96562835,245.2165884,-265.1823548,2
-32.37633831,13.45629933,18.92003898,19.3520294,6713.483581,-6732.835696,2
-162.5785072,25.56120669,137.0173005,17.54206318,12767.05414,-12784.59623,2
-282.734016,36.08729088,246.6467252,14.64758243,18031.82829,-18046.47584,2
-385.4174668,44.38405849,341.0334083,10.84746098,22182.45231,-22193.29968,2
-464.2832038,49.93878393,414.3444199,6.376539638,24962.42496,-24968.80135,2
-514.457464,52.40819497,462.049269,1.511113465,26199.94884,-26201.45976,2
-532.8395667,51.63968635,481.1998804,-3.448142776,25818.54716,-25815.09879,2
-518.2935306,47.68075052,470.6127801,-8.194755791,23841.78986,-23833.59486,2
-471.7182748,40.77604269,430.9422321,-12.43539326,20391.83705,-20379.4014,2
-395.992068,31.35226158,364.6398064,-15.90799126,15681.8897,-15665.98146,2
-295.7946556,19.99178017,275.8028754,-18.39794934,10003.01423,-9984.616053,2
-177.3180607,7.3966561,169.9214046,-19.75139248,3706.155083,-3686.403501,2
-47.88392723,-5.654754256,53.53868149,-19.88468024,-2819.552974,2839.437798,2
84.50894418,-18.35589684,-66.15304734,-18.78957566,-9170.832732,9189.622397,2
211.6789082,-29.92186351,-181.7570447,-16.53375423,-14955.18634,14971.72012,2
325.767086,-39.63789802,-286.129188,-13.25662171,-19815.15097,19828.40756,2
419.7230298,-46.90356663,-372.8194632,-9.160699044,-23450.38941,23459.55003,2
487.7404286,-51.26986388,-436.4705647,-4.499107,-25636.25037,25640.74934,2
525.6159273,-52.46696036,-473.1489669,0.44007631,-26237.6515,26237.21124,2
531.0088871,-50.42087764,-480.5880095,5.351618118,-25217.42728,25212.07545,2
503.5860327,-45.25806004,-458.3279727,9.931993855,-22638.62577,22628.69355,2
445.042048,-37.29756057,-407.7444874,13.89814443,-18660.61236,18646.71398,2
358.9948476,-27.03132405,-331.9635236,17.00496877,-13529.22123,13512.21604,2
250.7619965,-15.09378577,-235.6682108,19.06047066,-7561.563292,7542.502633,2
127.0320935,-2.222664508,-124.809429,19.93762375,-1126.429262,1106.491491,2
-4.548572163,10.78662718,-6.238055021,19.58222154,5378.500952,-5398.083271,2
-135.8485481,23.13013806,112.71841,18.01622731,11551.23416,-11569.25043,2
-258.7537278,34.04506095,224.7086669,15.33641675,17010.30636,-17025.64276,2
-365.6687887,42.85687289,322.8119158,11.70839744,21418.35654,-21430.06486,2
-449.9865689,49.02101948,400.9655494,7.356374585,24502.97498,-24510.33122,2
-506.4963787,52.15656732,454.3398114,2.549295537,26073.53772,-26076.08683,2
-531.7060118,52.06974509,479.6362667,-2.415770693,26032.98675,-26030.57076,2
-524.0575575,48.76591821,475.2916393,-7.231991766,24383.82804,-24376.5958,2
-484.0236766,42.44925734,441.5744193,-11.60173371,21227.97668,-21216.37469,2
-414.0783922,33.51012091,380.5682713,-15.25495416,16760.4587,-16745.20349,2
-318.5441992,22.50093173,296.0432675,-17.96589054,11257.3588,-11239.39268,2
-203.3249418,10.1020382,193.2229036,-19.56701174,5058.758821,-5039.191611,2
-75.54096637,-2.920330006,78.46129637,-19.95937127,-1452.278722,1472.238247,2
56.91090345,-15.76141358,-41.14948987,-19.11872198,-7873.383229,7892.502053,2
185.8453763,-27.62765629,-158.21772,-17.09701448,-13807.7418,13824.83886,2
303.2945297,-37.78574534,-265.5087844,-14.01918669,-18888.62158,18902.64075,2
402.0002137,-45.60792881,-356.3922849,-10.07544291,-22802.03318,22812.10855,2
475.8625917,-50.61080962,-425.251782,-5.509499483,-25306.1347,25311.64407,2
520.3170991,-52.48521859,-467.8318805,-0.603523624,-26246.17708,26246.78043,2
532.6165262,-51.11532061,-481.5012056,4.339304065,-25564.06739,25559.72788,2
512.00079,-46.58577295,-465.4150171,9.013525601,-23301.9588,23292.94504,2
459.7439067,-39.17649368,-420.567413,13.13028239,-19599.64562,19586.5151,2
379.0752592,-29.34536318,-349.729896,16.43516616,-14685.92426,14669.48888,2
274.9800273,-17.69992795,-257.2800993,18.72394097,-8864.454036,8845.7299,2
153.8911122,-4.959855313,-148.9312569,19.85516462,-2494.991504,2475.136182,2
23.2915949,8.087540738,-31.37913564,19.75892951,4028.841805,-4048.600844,2
-108.7477054,20.63595418,88.11175126,18.44118283,10303.88452,-10322.32576,2
-234.0669935,31.90991523,202.1570783,15.98335902,15942.3501,-15958.33346,2
-344.9217589,41.21271301,303.7090459,12.53734728,20595.79133,-20608.32861,2
-434.4613732,47.96945104,386.4919222,8.316105055,23976.63377,-23984.94975,2
-497.1524464,51.76257483,445.3898716,3.580497692,25875.94733,-25879.52765,2
-529.1207812,52.35767603,476.7631051,-1.376822624,26176.35778,-26174.98074,2
-528.3907908,49.7179784,478.6728124,-6.249502236,24859.30028,-24853.05054,2
-495.0075876,44.00661058,451.000977,-10.73641813,22006.16665,-21995.42998,2
-431.0341942,35.57652496,395.4576693,-14.56028681,17793.27551,-17778.71497,2
-340.4240534,24.94868592,315.4753675,-17.48479993,12480.97606,-12463.49102,2
-228.7767117,12.77987509,215.9968366,-19.32922772,6397.559016,-6378.229582,2
-102.9917772,-0.177896565,103.1696737,-19.97958777,-81.0312113,101.0109636,2
29.15746353,-13.12386169,-16.03360185,-19.39568896,-6554.429209,6573.825011,2
159.504421,-25.25798254,-134.2464385,-17.61361517,-12622.59043,12640.2041,2
279.9938838,-35.83039195,-244.1634919,-14.74349539,-17910.51325,17925.25674,2
383.1798163,-44.18773372,-338.9920825,-10.9626979,-22091.41339,22102.37603,2
462.6855101,-49.81353893,-412.8719712,-6.504869294,-24906.91863,24913.42338,2
513.5976541,-52.3601428,-461.2375113,-1.645495456,-26183.03572,26184.68105,2
532.7699679,-51.67016972,-481.0997981,3.315122929,-25840.90288,25837.58756,2
519.0176362,-47.78625883,-471.2313774,8.070428443,-23901.66334,23893.59268,2
473.190529,-40.94842899,-432.2421,12.32655164,-20485.15866,20472.83188,2
398.1206803,-31.57924601,-366.5414343,15.82047167,-15802.5228,15786.70211,2
298.4472742,-20.25770885,-278.1895654,18.33627047,-10143.13439,10124.79792,2
180.3299509,-7.683468512,-172.6464824,19.71847615,-3856.733618,3837.014976,2
51.06815211,5.366409164,-56.43456128,19.88167088,2668.191051,-2688.072841,2
-81.34997156,18.08546479,63.26450677,18.81576954,9028.410806,-9047.226641,2
-208.7412142,29.6876832,179.053531,16.58664297,14830.87531,-14847.46196,2
-323.2330223,39.45606778,283.7769545,13.33204729,19717.00251,-19730.3345,2
-417.7500045,46.78694963,370.9630548,9.25311077,23384.83837,-23394.09137,2
-486.4511784,51.22729318,435.2238852,4.601904513,25607.71713,-25612.31888,2
-525.0909331,52.50269303,472.58824,-0.334135133,26248.26881,-26247.93447,2
-531.2813998,50.5343317,480.7470681,-5.249969619,25266.90842,-25261.65822,2
-504.6400188,45.44385042,459.1961684,-9.841809037,22724.28232,-22714.44026,2
-446.8131803,37.54583191,409.2673484,-13.8258858,18777.52028,-18763.69414,2
-361.3744806,27.32835973,334.0461209,-16.95599099,13670.52522,-13653.56899,2
-253.6038803,15.42285556,238.1810247,-19.03868961,7718.900396,-7699.861493,2
-130.1614118,2.565058497,127.5963533,-19.94527453,1290.445694,-1270.500245,2
1.324398441,-10.45044237,9.12604393,-19.61972039,-5217.571758,5237.191603,2
132.72796,-22.81931212,-109.9086479,-18.08214583,-11402.968,11421.05021,2
255.9287651,-33.7771765,-222.1515886,-15.42757021,-16883.49647,16898.92405,2
363.3132219,-42.64685889,-320.666363,-11.82004157,-21320.47023,21332.29022,2
448.2451608,-48.88022862,-399.3649322,-7.482498788,-24439.69213,24447.17452,2
505.4759382,-52.09207448,-453.3838637,-2.682994304,-26048.3998,26051.08263,2
531.4687932,-52.08391011,-479.3848831,2.281871018,-26047.17793,26044.89587,2
524.6174134,-48.85624008,-475.7611734,7.105277309,-24436.10206,24428.99656,2
485.345202,-42.60852869,-442.7366733,11.48914662,-21314.73381,21303.24444,2
416.0791122,-33.7268735,-382.3522387,15.1625636,-16875.96825,16860.80546,2
321.0996658,-22.76014511,-298.3395207,17.89851761,-11394.11323,11376.2145,2
206.2764248,-10.38606797,-195.8903568,19.52793155,-5207.937704,5188.409598,2
78.70526236,2.630661822,-81.33592418,19.95011056,1300.263607,-1320.213848,2
-53.73014923,15.48563335,38.24451588,19.13896475,7728.295369,-7747.434411,2
-182.8455357,27.38443209,155.4611036,17.14462151,13678.91658,-13696.06122,2
-300.6617945,37.59173329,263.0700612,14.09032777,18784.38937,-18798.47965,2
-399.8980891,45.47674376,354.4213453,10.16483349,22729.20453,-22739.36926,2
-474.4217919,50.55218379,423.8696081,5.610727331,25269.57947,-25275.19004,2
-519.62747,52.50440012,467.1230699,0.709445009,26248.52349,-26249.23274,2
-532.7214923,51.21274922,481.5087431,-4.236122863,25605.53959,-25601.30324,2
-512.8946714,46.75705281,466.1376186,-8.920348906,23380.36302,-23371.44242,2
-461.3722698,39.41266502,421.9596047,-13.05375621,19710.50576,-19697.45175,2
-381.3382807,29.63345601,351.7048247,-16.38090748,14822.7585,-14806.37734,2
-277.7386632,18.02376359,259.7148996,-18.69619062,9019.175354,-9000.478942,2
-156.9756903,5.301046185,151.6746442,-19.8565252,2658.407506,-2638.550797,2
-26.51230042,-7.748454778,34.26075519,-19.79020458,-3866.460847,3886.251187,2
105.5890998,-20.31830324,-85.2707966,-18.50132721,-10152.20438,10170.70579,2
231.1648775,-31.63170482,-199.5331727,-16.06954342,-15810.37527,15826.44484,2
342.4546715,-40.98951132,-301.4651602,-12.64513311,-20491.30857,20503.95366,2
432.5809695,-47.81342687,-384.7675426,-8.439718754,-23905.73087,23914.17049,2
495.9741256,-51.68174558,-444.29238,-3.713187501,-25842.63692,25846.34996,2
528.7165548,-52.35541221,-476.3611426,1.242369407,-26182.32936,26181.08681,2
528.7848329,-49.79279539,-478.9920375,6.120707341,-24903.81581,24897.69488,2
496.1747405,-44.15226031,-452.0224802,10.62035367,-22086.10613,22075.48555,2
432.9015237,-35.78238211,-397.1191416,14.46323824,-17903.32983,17888.86636,2
342.8753553,-25.20040447,-317.6749508,17.41187761,-12613.97507,12596.56298,2
231.6596934,-13.06027492,-218.5994185,19.2840511,-6544.914636,6525.630403,2
106.1274693,-0.11223202,-106.0152372,19.96406173,-71.2057391,51.24153709,2
-25.96364765,12.84355805,13.1200896,19.40988608,6407.087856,-6426.497831,2
-156.4506599,25.00645034,131.4442095,17.65577124,12489.61905,-12507.27486,2
-277.2697008,35.62479961,241.6449011,14.81011844,17800.49818,-17815.30827,2
-380.9543672,44.04241061,336.9119566,11.04878402,22011.52229,-22022.57098,2
-461.0971302,49.73908986,411.3580403,6.60421183,24862.45752,-24869.06159,2
-512.7453086,52.36279263,460.382516,1.751068589,26177.12113,-26178.87201,2
-532.7071365,51.75137869,480.9557578,-3.210729999,25874.26922,-25871.05827,2
-519.7490079,47.94263234,471.8063756,-7.974553529,23972.6175,-23964.6427,2
-474.6717125,41.17192733,433.4997852,-12.2460061,20589.68467,-20577.43841,2
-400.2609474,31.85768124,368.4032661,-15.76111947,15934.52999,-15918.76863,2
-301.1151662,20.57549799,280.5396682,-18.30266583,10294.8338,-10276.53091,2
-183.3614028,8.022596528,175.3388063,-19.71358206,4019.119331,-3999.405557,2
-54.27663171,-5.025276052,59.30190776,-19.90667602,-2504.785361,2524.692183,2
78.16193658,-17.76178432,-60.40015226,-18.87001482,-8873.714506,8892.584613,2
205.7698327,-29.39983461,-176.3699981,-16.66766224,-14694.07955,14710.74725,2
320.6611144,-39.22021601,-281.4408984,-13.43571977,-19606.19224,19619.62793,2
415.7357036,-46.61604635,-369.1196572,-9.373915706,-23306.49268,23315.86652,2
485.1181587,-51.1302764,-433.9878823,-4.733262323,-25566.30888,25571.042,2
524.5207669,-52.48393476,-472.0368322,0.19945623,-26245.98818,26245.78854,2
531.5085165,-50.59336775,-480.9151488,5.119406698,-25303.52761,25298.408,2
505.6495771,-45.57540909,-460.074168,9.722544868,-22797.16958,22787.44681,2
448.5419853,-37.74015979,-410.8018255,13.72440497,-18881.80258,18868.07795,2
363.7148894,-27.5718244,-336.143065,16.87767915,-13799.38938,13782.51149,2
256.4104539,-15.69878811,-240.7116658,18.98750067,-7864.01413,7845.02644,2
133.2599032,-2.854783585,-130.4051196,19.92348632,-1442.472531,1422.548895,2
1.873723548,10.16645239,-12.04017594,19.62779387,5068.395496,-5088.02339,2
-129.6286514,22.56023043,107.068421,18.11869662,11266.22981,-11284.34855,2
-253.1206075,33.56063695,219.5599706,15.48945413,16768.01522,-16783.50465,2
-360.9705602,42.48786625,318.4826939,11.90254898,21233.75109,-21245.65356,2
-446.513573,48.79023133,397.7233417,7.579645575,24387.46285,-24395.04236,2
-504.463239,52.07825714,452.3849819,2.787891741,26034.25667,-26037.04438,2
-531.2383715,52.14874949,479.089622,-2.176590582,26072.36361,-26070.1868,2
-525.1843143,48.99735204,476.1869623,-7.007005138,24499.42873,-24492.42148,2
-486.6751977,42.81881557,443.8563822,-11.40484082,21412.6566,-21401.2515,2
-418.0908169,33.99496268,384.0958543,-15.09831914,17002.80429,-16987.70571,2
-323.6695654,23.07109185,300.5984735,-17.85918962,11542.39285,-11524.53343,2
-209.2465095,10.72227897,198.5242305,-19.51683534,5368.866073,-5349.349037,2
-81.89279168,-2.288341193,84.18113288,-19.96881669,-1136.263027,1156.232001,2
50.52135341,-15.15673534,-35.36461807,-19.187202,-7570.988974,7590.17628,2
179.8129658,-27.08765948,-152.7253063,-17.22029363,-13537.65709,13554.87743,2
297.9920525,-37.34380363,-260.6482488,-14.18964303,-18667.53784,18681.72747,2
397.7553549,-45.29135624,-352.4639986,-10.28253902,-22643.61367,22653.89613,2
472.9376773,-50.43917264,-422.4985047,-5.740433675,-25220.17013,25225.91043,2
518.8928852,-52.46912688,-466.4237583,-0.844021059,-26237.98059,26238.82444,2
532.781028,-51.25577142,-481.5252566,4.104109217,-25634.14617,25630.04185,2
513.743843,-46.8740895,-466.8697535,8.798171479,-23445.98278,23437.18438,2
462.9577947,-39.59486133,-423.3629333,12.94808101,-19808.71504,19795.76673,2
383.5613709,-29.86793037,-353.6934406,16.29738076,-14947.11969,14930.82209,2
280.4611304,-18.29440377,-262.1667266,18.63908997,-9161.634713,9142.995427,2
160.0284857,-5.589505029,-154.4389806,19.82849516,-2809.792865,2789.964211,2
29.70596121,7.461625545,-37.16758676,19.79209323,3715.873256,-3735.665461,2
-102.4527414,20.05245114,82.40029024,18.53213378,10012.08902,-10030.62121,2
-228.280448,31.40488099,196.875567,16.12648011,15689.75941,-15705.88589,2
-340.0012288,40.81735496,299.1838738,12.72379739,20398.01445,-20410.73818,2
-430.7109371,47.70819879,383.0027383,8.534365412,23845.89228,-23854.42653,2
-494.8038734,51.6515705,443.1523029,3.817083703,25820.32016,-25824.13707,2
-528.3192074,52.40377666,475.9154307,-1.136528046,26199.28191,-26198.14517,2
-529.1857508,49.91833225,479.2674186,-6.020345358,24959.35838,-24953.33779,2
-497.3499528,44.3488333,453.0011195,-10.53255693,22177.17463,-22166.64182,2
-434.7792093,36.03946498,398.7397443,-14.39431605,18024.6647,-18010.27013,2
-345.3402816,25.50373155,319.83655,-17.36697278,12758.44636,-12741.07914,2
-234.5603373,13.39272266,221.1676147,-19.26682219,6703.96257,-6684.695539,2
-109.2853811,0.454877242,108.8305039,-19.9764569,235.369731,-215.3931073,2
22.74281623,-12.51026877,-10.23254746,-19.45202273,-6247.584567,6267.036706,2
153.3651456,-24.70149229,-128.6636534,-17.72592873,-12344.26522,12361.99121,2
274.5093781,-35.36539729,-239.1439808,-14.90484445,-17677.90814,17692.81299,2
378.6890144,-43.84297332,-334.846041,-11.16310788,-21918.90365,21930.06669,2
459.465937,-49.6103212,-409.8556158,-6.73195169,-24805.16571,24811.89755,2
511.8482752,-52.31102904,-459.5372462,-1.885213472,-26158.32845,26160.2135,2
532.5988929,-51.77819789,-480.8206951,3.077586951,-25894.7688,25891.69102,2
520.4354388,-48.04475582,-472.390683,7.849757315,-24030.7743,24022.92432,2
476.1095928,-41.34142294,-434.7681699,12.13638596,-20681.5365,20669.39989,2
402.3606138,-32.08245342,-370.2781604,15.67256684,-16054.03239,16038.3596,2
303.7460584,-20.8400352,-282.9060232,18.23977026,-10434.23355,10415.99358,2
186.3601316,-8.308929886,-178.0512017,19.67934761,-4169.433612,4149.754097,2
57.45707621,4.736462356,-62.19353857,19.90233559,2353.213862,-2373.11632,2
-74.99712687,17.48995933,57.50716754,18.89495397,8730.620786,-8749.515808,2
-202.8170421,29.16341745,173.6536247,16.71945716,14568.67468,-14585.39415,2
-318.1036248,39.03543763,279.0681871,13.51028707,19506.59414,-19520.10437,2
-413.7323678,46.49594645,367.2364214,9.465764743,23239.22446,-23248.69011,2
-483.7935841,51.08389764,432.7096865,4.835834546,25535.89568,-25540.73136,2
-523.9576143,52.51576391,471.4418504,-0.093381997,26254.67759,-26254.584,2
-531.7423924,50.70305842,481.039334,-5.017267993,25351.15071,-25346.13321,2
-506.6668328,45.75780315,460.9090296,-9.631535964,22881.15142,-22871.51963,2
-450.2805607,37.98560611,412.2949546,-13.65103228,18997.32129,-18983.67001,2
-366.0681481,27.86677531,338.2013728,-16.82735916,13939.67416,-13922.84656,2
-259.2337732,16.02663658,243.2071366,-18.96422517,8020.763662,-8001.799221,2
-136.3796113,3.196889538,133.1827217,-19.92957576,1606.367999,-1586.438247,2
-5.097832442,-9.829610166,14.92744261,-19.66375394,-4907.114525,4926.778406,2
126.4985816,-22.2478479,-104.2507337,-18.183187,-11117.16221,11135.34547,2
250.2772051,-33.29039856,-216.9868065,-15.57937132,-16640.0051,16655.58449,2
358.5887381,-42.27485206,-316.313886,-12.01321809,-21134.34128,21146.35445,2
444.7397193,-48.64598508,-396.0937342,-7.70510924,-24322.42871,24330.13372,2
503.4061705,-52.01007289,-451.3960976,-2.921278254,-26007.24925,26010.17037,2
530.9626087,-52.15922084,-478.8033879,2.0426426,-26084.68396,26082.64113,2
525.7060948,-49.08421186,-476.621883,6.879891819,-24549.94752,24543.06741,2
487.9614721,-42.9750761,-444.986396,11.29153598,-21497.88394,21486.59218,2
420.0612915,-34.20934737,-385.8519441,15.00494331,-17117.10535,17102.10018,2
326.201664,-23.32873222,-302.8729318,17.79063182,-11678.33613,11660.5453,2
212.1829489,-11.00563346,-201.1773154,19.47645092,-5517.682611,5498.205984,2
85.05130092,1.998403192,-87.04970411,19.95822,984.1377183,-1004.096071,2
-47.33676875,14.87975123,32.45701752,19.20616661,7425.323849,-7444.530095,2
-176.7999115,26.8423661,149.9575454,17.26676634,13407.82186,-13425.08865,2
-295.3375341,37.14697934,258.1905547,14.25987073,18561.92395,-18576.18379,2
-395.624221,45.15678404,350.4674369,10.37130064,22569.11572,-22579.48693,2
-471.4624322,50.37678843,421.0856438,5.841362851,25181.7598,-25187.60101,2
-518.1655005,52.48440543,465.6810951,0.949999538,26238.39939,-26239.3492,2
-532.8472588,51.34938802,481.4978707,-4.000511668,25673.73604,-25669.7353,2
-514.6004003,47.04187825,467.558522,-8.704237902,23522.66493,-23513.96045,2
-464.5525487,39.82807258,424.7244761,-12.87049717,19918.11846,-19905.24771,2
-385.7965726,30.15377142,355.6428012,-16.24182199,15082.85121,-15066.60914,2
-283.1994521,18.61682945,264.5826227,-18.60987043,9315.674138,-9297.064045,2
-163.1015079,5.930209276,157.1712986,-19.82830124,2972.988594,-2953.160107,2
-32.92458048,-7.122078443,40.04665892,-19.82181753,-3553.23868,3573.060635,2
99.28662623,-19.73342543,-79.5532008,-18.59081996,-9859.698383,9878.289286,2
225.3616934,-31.12447275,-194.2372207,-16.21138197,-15556.66246,15572.87387,2
337.5094049,-40.59127386,-296.9181311,-12.83054859,-20292.06862,20304.89913,2
428.7992305,-47.5487972,-381.2504333,-8.657249323,-23773.27713,23781.93429,2
493.5896203,-51.56708017,-442.0225401,-3.949386654,-25785.15547,25789.10472,2
527.8766428,-52.39779999,-475.4788428,1.002101857,-26203.37312,26202.37084,2
529.5414208,-49.98961967,-479.5518011,5.891223003,-25002.08498,24996.19354,2
498.4810738,-44.49136053,-453.9897132,10.41583777,-22255.52853,22245.11246,2
436.6150764,-36.24280528,-400.3722711,14.29633299,-18133.43611,18119.13955,2
347.7666378,-25.75370007,-322.0129378,17.29290096,-12890.54575,12873.25263,2
237.4264346,-13.67225307,-223.7541815,19.22035909,-6850.858802,6831.638259,2
112.413296,-0.74507637,-111.6682197,19.95959391,-387.6172532,367.6575167,2
-19.54718688,12.22895335,7.318233532,19.46492205,6099.761996,-6119.227009,2
-150.3000896,24.44806396,125.8520257,17.76691338,12210.37037,-12228.13732,2
-271.765114,35.15713603,236.607978,14.97050185,17566.58308,-17581.55356,2
-376.4359364,43.6943678,332.7415686,11.24850079,21837.39564,-21848.64405,2
-457.8440849,49.53217343,408.3119114,6.830923298,24758.87938,-24765.71016,2
-510.9586799,52.30978684,458.6488931,1.990767892,26150.49177,-26152.48235,2
-532.4973334,51.85555639,480.641777,-2.97285236,25926.23361,-25923.26053,2
-521.1289946,48.19755272,472.9314419,-7.753194477,24099.96366,-24092.21022,2
-477.5562069,41.56183395,435.9943729,-12.05484174,20784.54217,-20772.48708,2
-404.4716913,32.35847574,372.1132156,-15.61195993,16184.85632,-16169.24411,2
-306.3919418,21.15622935,285.2357125,-18.2047254,10585.15856,-10566.9536,2
-189.3781134,8.647373767,180.7307396,-19.6729098,4331.500287,-4311.827183,2
-60.66145372,-4.39506588,65.0565196,-19.92578191,-2189.653465,2209.579396,2
71.80357521,-17.1650899,-54.63848531,-18.94771465,-8575.306934,8594.254744,2
199.8308689,-28.87353342,-170.9573354,-16.79915082,-14430.83803,14447.63722,2
315.5085669,-38.79683534,-276.7117316,-13.61286784,-19394.3853,19407.99815,2
411.6879921,-46.32175319,-365.366239,-9.585772324,-23159.2103,23168.79599,2
482.4254262,-50.98326036,-431.4421658,-4.96673164,-25492.6535,25497.6201,2
523.3494207,-52.49328398,-470.8561367,-0.041194303,-26250.51225,26250.55327,2
531.9309452,-50.75850728,-481.1724379,4.886450218,-25385.95223,25381.06557,2
507.6396767,-45.88613642,-461.7535403,9.511682231,-22952.40171,22942.8898,2
451.9767726,-38.17727532,-413.7994972,13.54867061,-19100.24982,19086.70092,2
368.3821019,-28.10831798,-340.2737839,16.74793663,-14067.55275,14050.8046,2
262.0216676,-16.3015082,-245.7201594,18.91177134,-8165.322279,8146.410316,2
139.4683563,-3.486485951,-135.9818704,19.9064536,-1758.305815,1738.39921,2
8.295746086,9.544803019,-17.8405491,19.67051385,4757.554344,-4777.224961,2
-123.3899277,21.98704808,101.4028797,18.21853277,10979.58956,-10997.80814,2
-247.4507234,33.07134046,214.3793829,15.64024025,16523.28905,-16538.92928,2
-356.219903,42.11269046,314.1072125,12.09497023,21046.06198,-21058.15688,2
-442.9757236,48.55235864,394.423365,7.801814166,24268.40899,-24276.21067,2
-502.3568289,51.99238485,450.3644441,3.026081531,25991.19471,-25994.22061,2
-530.6935716,52.22018153,478.4733901,-1.937095811,26107.95403,-26106.01672,2
-526.2347911,49.22167124,477.0131198,-6.781002251,24611.47143,-24604.69019,2
-489.2560321,43.18215658,446.0738755,-11.20629291,21594.22688,-21583.02033,2
-422.0425165,34.47486887,387.5676476,-14.93949262,17242.68075,-17227.741,2
-328.7479207,23.63790305,305.1100177,-17.74989621,11825.75089,-11808.00076,2
-215.1376858,11.34096443,203.7967214,-19.46382568,5678.193986,-5658.729958,2
-88.23272339,-1.656017943,89.88874133,-19.9753632,-820.0818236,840.0573459,2
44.1244643,-14.54985357,-29.57461073,-19.25289663,-7267.494589,7286.747593,2
173.7544371,-26.54372622,-147.2107109,-17.34107308,-13265.60561,13282.94673,2
292.6462919,-36.89643581,-255.7498561,-14.35803986,-18443.74223,18458.10026,2
393.4527224,-44.96820321,-348.4845192,-10.48814311,-22481.90478,22492.39285,2
469.9440694,-50.26020748,-419.6838619,-5.970535571,-25130.54194,25136.51235,2
517.3933029,-52.44541215,-464.9478907,-1.084397385,-26225.97265,26227.05687,2
532.8681442,-51.38877545,-481.4793687,3.86831678,-25700.50121,25696.63269,2
515.4122755,-47.15559569,-468.2566798,8.581537973,-23586.60084,23578.01908,2
466.1044386,-40.0074759,-426.0969627,12.76399749,-20014.90685,20002.14263,2
387.9917707,-30.38615728,-357.6056134,16.15722675,-15206.14362,15189.98618,2
285.9014965,-18.88622033,-267.0152762,18.55153021,-9457.484224,9438.932497,2
166.1426145,-6.218340827,-159.9242737,19.79894419,-3124.185644,3104.386538,2
36.11601181,6.834628641,-42.95064045,19.82238073,3402.365459,-3422.187954,2
-96.14289745,19.46603762,76.67685983,18.62039153,9718.839761,-9737.460212,2
-222.4607465,30.89528736,191.5654592,16.26725741,15434.89031,-15451.15757,2
-335.0313157,40.4160704,294.6152453,12.90839793,20197.2753,-20210.18363,2
-426.8979428,47.44001917,379.4579237,8.751384703,23711.68773,-23720.439,2
-492.3834328,51.53306603,440.8503668,4.053113815,25760.94314,-25764.99609,2
-527.4408982,52.4422679,474.9986303,-0.896069871,26218.40116,-26217.50488,2
-529.9038494,50.11143769,479.7924118,-5.790315527,25055.79169,-25050.00113,2
-499.6200807,44.68461657,454.9354641,-10.3271674,22344.96192,-22334.6345,2
-438.4610752,36.49717246,401.9639027,-14.22625604,18253.43634,-18239.20984,2
-350.2063513,26.05507491,324.1512764,-17.24662463,13034.064,-13016.81714,2
-240.309895,14.00362705,226.3062679,-19.20161971,7009.392867,-6990.191037,2
-115.5631128,1.087587042,114.4755258,-19.97042601,551.7369569,-531.7663619,2
16.32486458,-11.89485671,-4.430007871,-19.50553263,-5939.832016,5959.337667,2
147.2035935,-24.14141217,-123.0621813,-17.83566914,-12064.14657,12081.98231,2
268.9849999,-34.89526387,-234.089736,-15.06403012,-17442.73491,17457.79894,2
374.1432082,-43.49184282,-330.6513654,-11.36189794,-21743.20979,21754.57163,2
456.1796272,-49.39989567,-406.7797315,-6.958057774,-24699.80946,24706.76741,2
510.0245511,-52.25431522,-457.7702359,-2.124659147,-26129.82131,26131.94581,2
532.3504589,-51.87870341,-480.4717555,2.839602485,-25944.87313,25942.03333,2
521.7776491,-48.29627241,-473.4813767,7.627944559,-24156.39441,24148.76624,2
478.9595025,-41.72841014,-437.2310923,11.94445603,-20874.90996,20862.96527,2
406.5421049,-32.5809989,-373.961106,15.52238415,-16303.20973,16287.68712,2
309.0007235,-21.41933255,-287.5813909,18.14061931,-10723.81671,10705.67589,2
192.3632431,-8.933182357,-183.4300608,19.63735924,-4481.527542,4461.890013,2
63.83765386,4.105829656,-67.94348351,19.92010808,2037.895348,-2057.81558,2
-68.63339014,16.89191558,51.74147456,18.97139249,8431.563144,-8450.534607,2
-196.8634126,28.63491789,168.2284947,16.84984143,14304.35848,-14321.20833,2
-312.9280248,38.60913978,274.3188851,13.68656305,19293.35298,-19307.03949,2
-409.6546391,46.19819197,363.4564471,9.677042369,23090.2356,-23099.91253,2
-481.0657215,50.93308441,430.1326371,5.069060712,25460.3657,-25465.43461,2
-522.7481936,52.52120912,470.2269845,0.147383223,26257.27344,-26257.42062,2
-532.1261523,50.86442276,481.2617295,-4.783839104,25431.71131,-25426.92724,2
-508.6200562,46.06511178,462.5549444,-9.419865422,23034.69759,-23025.27747,2
-453.6825405,38.4198651,415.2626754,-13.47419748,19214.36348,-19200.88903,2
-370.7086466,28.40114541,342.3075012,-16.69628468,14206.79888,-14190.10235,2
-264.8260143,16.62809185,248.1979224,-18.88700773,8321.46241,-8302.575185,2
-142.5780031,3.828258303,138.7497448,-19.91098377,1922.057454,-1902.146292,2
-11.5193239,-9.207348184,20.72667209,-19.70493287,-4595.944081,4615.649144,2
120.2508287,-21.6731502,-98.57767846,-18.28158859,-10829.74123,10848.02289,2
244.5892922,-32.79878325,-211.7905089,-15.72891106,-16394.09636,16409.82529,2
353.8121695,-41.8967029,-311.9154666,-12.20465121,-20945.14217,20957.34678,2
441.16968,-48.40467383,-392.7650061,-7.926602029,-24201.63208,24209.55858,2
501.2632839,-51.92051496,-449.3427689,-3.159139376,-25962.32077,25965.47976,2
530.3793028,-52.22695356,-478.1523493,1.803116018,-26118.40081,26116.5975,2
526.7184183,-49.30505228,-477.413366,6.653505572,-24660.22673,24653.57301,2
490.5068665,-43.33537947,-447.171487,11.09228382,-21677.91111,21666.8186,2
423.9824573,-34.68685039,-389.2956069,14.84514213,-17355.75579,17340.91042,2
331.2562816,-23.89392885,-307.3623527,17.68016053,-11960.86234,11943.18197,2
218.0586531,-11.62359835,-206.4350547,19.42213993,-5826.625625,5807.203307,2
91.38498505,1.36585636,-92.75084141,19.96342911,667.8693566,-687.8329206,2
-40.93651379,14.27170993,26.66480386,19.27057737,7121.274296,-7140.544956,2
-170.7286088,26.29640341,144.4322054,17.38640176,13134.78017,-13152.1666,2
-289.970378,36.69683198,253.273546,14.42734102,18336.76296,-18351.19026,2
-391.2928909,44.83026752,346.4626234,10.57625991,22405.7493,-22416.32547,2
-468.4345953,50.19407808,418.2405172,6.071148458,25090.28304,-25096.35404,2
-516.6282703,52.45678963,464.1714807,1.190414608,26224.46473,-26225.65495,2
-532.8956321,51.47857057,481.4170615,-3.764320889,25738.20394,-25734.43939,2
-516.2313863,47.31987308,468.9115132,-8.486864113,23661.55073,-23653.06362,2
-467.665354,40.23769731,427.4276567,-12.68537022,20122.83859,-20110.15296,2
-390.1988299,30.66970915,359.5291208,-16.10037892,15340.75365,-15324.65303,2
-288.6191084,19.20719335,269.4119151,-18.52084869,9610.820323,-9592.29925,2
-169.2036366,6.558513084,162.6451235,-19.79719876,3287.138336,-3267.34095,2
-39.33207938,-6.494665593,45.82674498,-19.85055291,-3239.499947,3259.350641,2
92.96973057,-19.14567934,-73.82405122,-18.67761393,-9565.759827,9584.437527,2
219.5257754,-30.61271791,-188.9130575,-16.35086735,-15300.68964,15317.04053,2
332.5151153,-40.18713861,-292.3279767,-13.01410196,-20089.88086,20102.89492,2
424.9552089,-47.27725919,-377.6779497,-8.873523933,-23637.36994,23646.24338,2
491.1334218,-51.44492276,-439.6884991,-4.185013647,-25723.92835,25728.11323,2
526.9600576,-52.43257511,-474.5274825,0.761687282,-26220.61047,26219.8486,2
530.2210936,-50.17918109,-480.0419125,5.660881511,-25096.72222,25091.06113,2
500.7150034,-44.82399648,-455.8910069,10.20980753,-22421.71792,22411.50788,2
440.2652113,-36.69796226,-403.567249,14.12734978,-18360.90811,18346.78053,2
352.6074075,-26.30325298,-326.3041545,17.1714111,-13165.24365,13148.07203,2
243.1586894,-14.28224332,-228.8764461,19.15387392,-7155.807435,7136.653376,2
118.6827941,-1.377810442,-117.3049837,19.95222556,-703.9719978,684.0196275,2
-13.12788797,11.61257449,1.515313476,19.51712934,5791.550636,-5811.067859,2
-144.1276899,23.88612865,120.2415612,17.87547346,11929.34865,-11947.22416,2
-266.2210554,34.68436805,231.5366874,15.12870937,17330.11697,-17345.24565,2
-371.8628306,43.33998059,328.52285,11.44658227,21660.09766,-21671.54416,2
-454.5245403,49.31806469,405.2064756,7.056641126,24651.70556,-24658.76207,2
-509.0978372,52.24918529,456.8486519,2.230176569,26120.0646,-26122.29459,2
-532.210188,51.95220432,480.2579837,-2.734544399,25974.43277,-25971.69801,2
-522.4332902,48.44547463,473.9878156,-7.530710774,24223.80987,-24216.27891,2
-480.3713389,41.94570592,438.425633,-11.86192793,20976.38127,-20964.51909,2
-408.6236882,32.85457236,375.7691159,-15.46053427,16432.83233,-16417.37154,2
-311.6242161,21.73388991,289.8903262,-18.10414227,10873.94632,-10855.84195,2
-195.3673185,9.270897063,186.0964214,-19.62938159,4643.252577,-4623.622999,2
-67.03746589,-3.764215283,70.80168117,-19.94199513,-1874.20306,1894.145207,2
65.4347836,-16.56590026,-48.86888335,-19.02266387,-8275.65336,8294.676122,2
193.8628793,-28.34303639,-165.5198429,-16.92820085,-14165.50002,14182.42826,2
310.3101919,-38.36781751,-271.9423744,-13.78804015,-19179.76093,19193.54895,2
407.5804835,-46.0207299,-361.5597536,-9.796238115,-23008.56365,23018.35981,2
479.662622,-50.82883713,-428.8337849,-5.19948103,-25415.29494,25420.49428,2
522.1020589,-52.49500669,-469.6070522,-0.281840325,-26251.22306,26251.50473,2
532.2761118,-50.91627227,-481.3598395,4.652782526,-25464.68915,25460.03616,2
509.5560424,-46.19019689,-463.3658455,9.299436585,-23104.29961,23094.99995,2
455.3459107,-38.60884367,-416.7370671,13.37096687,-19315.92235,19302.55116,2
372.9958072,-28.64072687,-344.3550803,16.61576005,-14333.67239,14317.05641,2
267.5948225,-16.90185849,-250.692964,18.83329366,-8465.443974,8446.610487,2
145.6565511,-4.117679861,-141.5388713,19.88652807,-2073.883243,2053.996561,2
14.71656268,8.921769356,-23.63833203,19.71037529,4446.022644,-4465.733124,2
-117.1332831,21.41067424,95.72260886,18.31572128,10691.35503,-10709.6708,2
-241.7448989,32.57724252,209.1676563,15.78875321,16276.1634,-16291.95215,2
-351.4175071,41.73140001,309.6861071,12.28563326,20855.31648,-20867.60205,2
-439.3735346,48.30743594,391.0660986,8.0228481,24145.8307,-24153.85342,2
-500.1774542,51.8989629,448.2784913,3.263830323,25944.35809,-25947.62175,2
-530.0716914,52.28403084,477.7876606,-1.697321155,26139.75283,-26138.0553,2
-527.2088351,49.43884323,477.7699919,-6.554015918,24719.93988,-24713.38562,2
-491.7658047,43.5392276,448.2265771,-11.00611879,21772.66114,-21761.65477,2
-425.9329169,34.94976976,390.9831471,-14.77849766,17480.05324,-17465.27449,2
-333.7785276,24.20128298,309.5772446,-17.63802615,12107.39175,-12089.75349,2
-220.9976152,11.95800471,209.0396105,-19.40799044,5986.697631,-5967.289436,2
-94.55984062,-1.023452105,95.58329272,-19.97900983,-503.7810373,523.7602086,2
37.72116525,-13.94085643,-23.78030882,-19.31579631,-6962.944158,6982.260063,2
167.6706702,-25.99593553,-141.6747346,-17.45933528,-12991.62688,13009.08626,2
287.2580245,-36.44370686,-250.8143177,-14.5243527,-18217.26727,18231.79161,2
389.0929413,-44.63851664,-344.4544247,-10.6922253,-22316.93,22327.62216,2
466.8822027,-50.07394016,-416.8082626,-6.199771738,-25037.26317,25043.46282,2
515.81857,-52.41407786,-463.4044922,-1.324617676,-26210.15501,26211.47946,2
532.8778622,-51.51431339,-481.3635488,3.631961014,-25763.12287,25759.49071,2
517.0058452,-47.43025064,-469.5755945,8.36365656,-23723.79257,23715.42869,2
469.1833816,-40.41427747,-428.7691041,12.57805857,-20218.1911,20205.61281,2
392.3658151,-30.89996866,-361.4658464,16.01472448,-15462.95845,15446.94351,2
291.3003355,-19.47529167,-271.8250438,18.46127445,-9751.959601,9733.498128,2
172.2326107,-6.846271377,-165.3863394,19.76651603,-3438.124177,3418.357497,2
42.52081567,6.206641086,-48.72745676,19.84978764,3088.36395,-3108.213854,2
-89.81909012,18.87679878,70.94229134,18.70594325,9424.179347,-9442.885352,2
-216.6087345,30.38120835,186.2275261,16.40567047,15177.77982,-15194.18549,2
-330.0127415,40.0089176,290.0038239,13.09112211,19993.60303,-20006.6941,2
-423.0229442,47.1649511,375.8579931,8.967131417,23574.03961,-23583.00663,2
-489.8914764,51.40707861,438.4843977,4.288553758,25697.82491,-25702.1133,2
-526.485981,52.47314414,474.0128369,-0.655483014,26233.71275,-26233.05706,2
-530.5449825,50.29726669,480.2477158,-5.559446142,25148.5862,-25143.02651,2
-501.8176416,45.01391162,456.8037299,-10.12027935,22509.50415,-22499.38362,2
-442.0792572,36.94958091,405.1296763,-14.05613118,18479.55721,-18465.50083,2
-355.0215558,26.60263591,328.4189199,-17.12377293,13307.78897,-13290.66495,2
-246.0245495,14.61249952,231.41205,-19.13362972,7313.805543,-7294.671701,2
-121.8240604,1.720140928,120.1039195,-19.96149594,868.0245136,-848.0628463,2
9.904540795,-11.27771492,1.373174124,-19.5562109,-5631.216258,5650.772589,2
141.0206595,-23.57782353,-117.442836,-17.94282046,-11782.27519,11800.21807,2
263.4215515,-34.42005998,-229.0014915,-15.22102926,-17205.02772,17220.24875,2
369.5430581,-43.13439323,-326.4086648,-11.55903918,-21564.35734,21575.91632,2
452.8270578,-49.18229294,-403.6447648,-7.183154692,-24590.86519,24598.04823,2
508.1267467,-52.1900096,-455.9367371,-2.36379769,-26097.51844,26099.88208,2
532.0247019,-51.97167168,-480.0530302,2.60120411,-25991.20859,25988.60719,2
523.0440719,-48.54077209,-474.5032998,7.405022403,-24278.50541,24271.10017,2
481.7398439,-42.10933438,-439.6305095,11.75078974,-21065.25094,21053.49992,2
410.6645461,-33.07481006,-377.5897361,15.36994541,-16550.01861,16534.64844,2
314.2105063,-21.99551676,-292.2149896,18.03883203,-11011.84181,10993.80277,2
198.3384135,-9.55613526,-188.7822783,19.59251714,-4792.970077,4773.377388,2
70.20895829,3.474602652,-73.68356094,19.93498578,1722.281304,-1742.216417,2
-62.25968567,16.29142039,45.96826528,19.04507402,8131.281316,-8150.326464,2
-190.8811904,28.10226125,162.7789291,16.97777686,14037.96508,-14054.94288,2
-307.7069743,38.17723615,269.5297381,13.86084964,19077.30999,-19091.1708,2
-405.5174104,45.89372941,359.623681,9.886912972,22937.89343,-22947.78024,2
-478.2679869,50.77487539,427.4931115,5.301549149,25381.13817,-25386.43956,2
-521.4628467,52.51902786,468.9438188,0.388125571,26256.05598,-26256.44391,2
-532.4326237,51.01840128,481.4142225,-4.549716846,25508.57851,-25504.02856,2
-510.4994053,46.36573167,464.1336737,-9.206828145,23184.89852,-23175.69144,2
-457.0186255,38.84854578,418.1700797,-13.29540705,19428.61533,-19415.31966,2
-375.2953019,28.93139239,346.3639095,-16.5627866,14471.86058,-14455.29755,2
-270.3797914,17.227134,253.1526574,-18.80704848,8620.952963,-8602.145696,2
-148.755687,4.459073081,144.2966139,-19.88950124,2237.468206,-2217.578524,2
-17.93914324,-8.583746815,26.52289006,-19.7432512,-4284.105624,4303.849008,2
113.9856087,-21.0953025,-92.89030622,-18.37733632,-10540.7468,10559.12421,2
238.8658525,-32.30240198,-206.5634506,-15.8761677,-16145.80597,16161.68215,2
348.98421,-41.51246634,-307.4717436,-12.39431311,-20752.90039,20765.29466,2
437.5355613,-48.15632992,-389.3792314,-8.146944973,-24077.31977,24085.46662,2
499.0475895,-51.82341371,-447.2241758,-3.39654311,-25913.62089,25917.01729,2
529.7189602,-52.28709845,-477.4318617,1.563326075,-26148.32359,26146.76007,2
527.6542367,-49.51872926,-478.1355075,6.426151462,-24766.92365,24760.49729,2
492.9810155,-43.68938648,-449.291629,10.89141907,-21854.78917,21843.89752,2
427.8420402,-35.15931321,-392.6827269,14.68318328,-17591.8849,17577.20149,2
336.2627843,-24.45565292,-311.8071314,17.5671198,-12241.6508,12224.08347,2
223.902684,-12.23987291,-211.6628111,19.36500648,-6134.721873,6115.356687,2
97.70539483,0.733113195,-98.43850803,19.96573713,351.5044573,-371.4703317,2
-34.53031397,13.66159777,20.8687162,19.33218768,6816.190872,-6835.523145,2
-164.6325094,25.74662332,138.8858861,17.5035104,12859.83118,-12877.33471,2
-284.5611058,36.24135659,248.3197492,14.59271433,18108.93908,-18123.53176,2
-386.9047279,44.49724162,342.4074863,10.77968156,22239.12899,-22249.90858,2
-465.3387209,50.00407928,415.3346417,6.300050788,24995.16247,-25001.46238,2
-515.0160028,52.42155672,462.5944461,1.43065531,26206.72152,-26208.15199,2
-532.8666052,51.60027808,481.2663271,-3.52758482,25798.93393,-25795.40612,2
-517.7873926,47.59099693,470.1963957,-8.268259101,23797.00024,-23788.73173,2
-470.7102336,40.6414797,430.0687539,-12.49840222,20324.63641,-20312.13775,2
-394.5444133,31.18119427,363.363219,-15.95659878,15596.42838,-15580.47153,2
-293.9968448,19.79476952,274.2020753,-18.42913833,9904.571038,-9886.141675,2
-175.28119,7.185866343,168.0953237,-19.76322226,3600.811101,-3581.047689,2
-45.73386646,-5.866307364,51.60017382,-19.87640653,-2925.290221,2945.166771,2
86.63933036,-18.55515037,-68.08418,-18.76169651,-9270.431411,9289.193196,2
213.657971,-30.09651463,-183.5614563,-16.48797928,-15042.49397,15058.98198,2
327.472528,-39.77716426,-287.6953637,-13.19576653,-19884.77464,19897.97037,2
421.049463,-46.99885227,-374.0506107,-9.088511158,-23498.02905,23507.11747,2
488.605887,-51.31529111,-437.2905959,-4.420034245,-25658.96446,25663.38435,2
525.9669324,-52.45973254,-473.5071998,0.521160611,-26234.0389,26233.51756,2
530.8237526,-50.3614521,-480.4623005,5.429716334,-25187.71379,25182.28386,2
502.8762049,-45.15011985,-457.726085,10.00229289,-22584.65017,22574.64765,2
443.8513982,-37.14778693,-406.7036112,13.95631315,-18585.71278,18571.75624,2
357.3969612,-26.84898338,-330.5479778,17.04742569,-13438.02888,13420.98124,2
248.8556252,-14.89015707,-233.9654682,19.08460525,-7459.716246,7440.631453,2
124.935053,-2.01034234,-122.9247106,19.94195776,-1020.224025,1000.281921,2
-6.706683297,10.99451101,-4.287827708,19.56650038,5482.498541,-5502.065139,2
-137.9343571,23.32072601,114.6136311,17.98143573,11646.59469,-11664.57617,2
-260.6383302,34.20656435,226.4317658,15.28471804,17091.13418,-17106.41888,2
-367.235714,42.97930046,324.2564135,11.64299971,21479.65409,-21491.29701,2
-451.1389787,49.09679472,402.042184,7.281332539,24540.95164,-24548.23284,2
-507.1630509,52.18099679,454.9820541,2.46925986,26085.84406,-26088.31314,2
-531.845742,52.04130842,479.8044336,-2.495840716,26018.85971,-26016.36365,2
-523.6617053,48.68636207,474.9753432,-7.307134724,24344.13811,-24336.83073,2
-483.1166997,42.32348747,440.7932122,-11.66729267,21165.17409,-21153.50654,2
-412.716335,33.34589901,379.370436,-15.30686449,16678.42199,-16663.11487,2
-316.8112292,22.30839574,294.5028334,-18.00093104,11161.15516,-11143.15399,2
-201.3281481,9.893075846,191.4350723,-19.58300375,4954.330918,-4934.747716,2
-73.40374212,-3.132815896,76.53655802,-19.9553133,-1558.479967,1578.435434,2
59.05648682,-15.96430242,-43.09218439,-19.09485158,-7974.797309,7993.892261,2
187.8667308,-27.80842059,-160.0583102,-17.05479358,-13898.10405,13915.15888,2
305.0667444,-37.93322484,-267.1335196,-13.96121126,-18962.3503,18976.3115,2
403.4137742,-45.71302022,-357.700754,-10.0052825,-22854.57462,22864.57983,2
476.8301476,-50.66702914,-426.1631184,-5.431476674,-25334.24442,25339.67577,2
520.7788625,-52.48910263,-468.2897599,-0.522446872,-26248.12051,26248.64278,2
532.5439661,-51.06663979,-481.4773263,4.418437574,-25539.72695,25535.30831,2
511.3983958,-46.48754635,-464.9108495,9.085838768,-23252.84123,23243.75517,2
458.6489105,-39.03480218,-419.6141084,13.1913196,-19528.78884,19515.59729,2
377.5553351,-29.16897374,-348.3863614,16.48116864,-14597.70965,14581.22826,2
273.1291092,-17.49975179,-255.6293574,18.75207905,-8764.335626,8745.583352,2
151.8235888,-4.748273642,-147.0753152,19.86371263,-2389.158979,2369.29511,2
21.13524072,8.297441888,-29.43268261,19.74737241,4133.845641,-4153.593122,2
-110.8596263,20.83119262,90.02843366,18.41024803,10401.56808,-10419.97838,2
-236.0039628,32.07841491,203.9255479,15.93497144,16026.67417,-16042.60913,2
-346.5640701,41.34405027,305.2200199,12.47451039,20661.54229,-20674.01673,2
-435.7075291,48.05549881,387.6520303,8.242715284,24019.74579,-24027.98838,2
-497.9254316,51.79800486,446.1274267,3.501103595,25893.75361,-25897.25454,2
-529.3728212,52.34028812,477.0325331,-1.457301429,26167.7554,-26166.29788,2
-528.1063049,49.64883644,478.4574685,-6.326079097,24824.81831,-24818.49199,2
-494.2041511,43.88997675,450.3141744,-10.80434753,21947.93347,-21937.12887,2
-429.761453,35.41959637,394.3418566,-14.61535764,17714.88729,-17700.27168,2
-338.7606553,24.76114981,313.9995055,-17.5235957,12387.27451,-12369.75068,2
-226.8254465,12.57331019,214.2521363,-19.34933772,6294.332196,-6274.982652,2
-100.8732244,-0.390735566,101.2639599,-19.97975604,-187.4066114,207.3865312,2
31.31238632,-13.32983238,-17.98255394,-19.37589191,-6657.381916,6676.75792,2
161.5625487,-25.44436697,-136.1181817,-17.57506302,-12715.76069,12733.33581,2
281.8280329,-35.98568253,-245.8423504,-14.68855739,-17988.14584,18002.83439,2
384.6766449,-44.30234445,-340.3743004,-10.89475594,-22148.7133,22159.60799,2
463.7525221,-49.88039772,-413.8721244,-6.428108869,-24940.34736,24946.77535,2
514.1689153,-52.37512855,-461.7937868,-1.564647029,-26190.52997,26192.09445,2
532.8101806,-51.63236701,-481.1778135,3.39507626,-25822.00207,25818.60679,2
518.5243206,-47.69801446,-470.8263061,8.144558897,-23857.53803,23849.39325,2
472.1941763,-40.81520697,-431.3789693,12.39029128,-20418.53826,20406.14774,2
396.6828687,-31.40928988,-365.2735788,15.86989468,-15717.52688,15701.65676,2
296.6568631,-20.06153226,-276.5953308,18.36833579,-10045.01807,10026.64954,2
178.2975898,-7.473205482,-170.8243843,19.7312154,-3751.562867,3731.831487,2
48.91944252,5.577754087,-54.4971966,19.87430997,2773.914333,-2793.788762,2
-83.4822379,18.2848202,65.1974177,18.78877655,9128.15057,-9146.939411,2
-210.7252618,29.86271863,180.8625431,16.54169921,14918.46527,-14935.00698,2
-324.9462352,39.5959557,285.3502795,13.27194339,19787.02723,-19800.29912,2
-419.0865039,46.88303454,372.2034694,9.18157423,23432.96792,-23442.14938,2
-487.3283659,51.27362655,436.0547394,4.523369347,25630.97464,-25635.49784,2
-525.4545947,52.49640089,472.9581938,-0.414802407,26245.21445,-26244.79945,2
-531.1090567,50.47579223,480.6332645,-5.327770724,25237.72844,-25232.40043,2
-503.9423162,45.3366706,458.6056456,-9.911922822,22670.77743,-22660.86525,2
-445.6332298,37.39662461,408.2366051,-13.88396618,18702.99445,-18689.11023,2
-359.7851957,27.14633503,332.6388607,-16.99843551,13579.58149,-13562.58281,2
-251.7034708,15.21925162,236.4842192,-19.0628621,7617.156382,-7598.093306,2
-128.0673145,2.352447017,125.7148675,-19.949668,1184.18646,-1164.236618,2
3.482777393,-10.65893303,7.176155636,-19.60405015,-5321.782118,5341.386291,2
134.8172418,-23.01080826,-111.8064335,-18.04736709,-11498.692,11516.73944,2
257.8198411,-33.93985465,-223.8799864,-15.37581906,-16964.82109,16980.19692,2
364.8892321,-42.77067648,-322.1185556,-11.75450298,-21382.37227,21394.12672,2
449.4087159,-48.9575446,-400.4511713,-7.407209738,-24478.34871,24485.75581,2
506.1551377,-52.11812152,-454.0370162,-2.602594356,-26061.42453,26064.02697,2
531.6216691,-52.0570892,-479.5645799,2.362426463,-26033.76846,26031.40584,2
524.2345235,-48.77821934,-475.4563041,7.181023239,-24397.08959,24389.90835,2
484.4502134,-42.48414034,-441.966073,11.55541524,-21252.53179,21240.97615,2
414.7273388,-33.56381517,-381.1635236,15.2152728,-16794.42319,16779.20769,2
319.3746502,-22.56850416,-296.806146,17.93442322,-11298.26701,11280.33238,2
204.284775,-10.17769812,-194.1070769,19.54482784,-5103.715983,5084.170982,2
76.57006411,2.842873022,-79.41293713,19.94696653,1406.417573,-1426.364668,2
-55.87693922,15.68856098,40.18837824,19.11598786,7829.818915,-7848.934979,2
-184.8712444,27.56552492,157.3057194,17.10324487,13769.53319,-13786.63646,2
-302.4412313,37.73978945,264.7014419,14.03312153,18858.49656,-18872.52964,2
-401.3212828,45.58260301,355.7386798,10.09534608,22782.22008,-22792.31533,2
-475.4007865,50.60929354,424.791493,5.5332661,25298.22457,-25303.75769,2
-520.1017601,52.50922046,467.5925396,0.628810089,26251.0254,-26251.65401,2
-532.6617623,51.1649716,481.4967907,-4.314935213,25581.74114,-25577.42598,2
-512.3046073,46.65961915,465.6449881,-8.992455063,23331.73239,-23322.73968,2
-460.2883312,39.27158591,421.0167453,-13.11468698,19640.0457,-19626.93075,2
-379.8274479,29.45743923,350.3700087,-16.42688429,14734.82077,-14718.39364,2
-275.8942978,17.82367602,258.0706218,-18.72435902,8919.19182,-8900.467241,2
-154.9117656,5.08924224,149.8225234,-19.86513129,2552.554439,-2532.689125,2
-24.356358,-7.958896641,32.31525464,-19.77870335,-3971.64445,3991.423288,2
107.7038318,-20.51438873,-87.18944303,-18.47041626,-10250.2209,10268.69139,2
233.1077175,-31.80132685,-201.3063906,-16.02111984,-15895.16999,15911.19113,2
344.1055607,-41.1221982,-302.9833625,-12.58217623,-20557.64385,20570.22599,2
433.8378911,-47.90098943,-385.9369017,-8.366106056,-23949.50986,23957.87587,2
496.7594093,-51.71878325,-445.040626,-3.633454961,-25861.15669,25864.78999,2
528.9816767,-52.33964678,-476.6420299,1.32330761,-26174.44795,26173.12445,2
528.5134142,-49.72521178,-478.7882025,6.197862522,-24870.02281,24863.82473,2
495.3835597,-44.03704572,-451.346514,10.68897093,-22028.49243,22017.80323,2
431.6394795,-35.62666723,-396.0128122,14.5190903,-17825.45838,17810.93906,2
341.2204451,-25.01382285,-316.2066222,17.45152605,-12520.66074,12503.209,2
229.7141929,-12.85436763,-216.8598253,19.30505888,-6441.926609,6422.621369,2
104.0116122,0.100265594,-104.1118778,19.96514374,35.08896954,-55.05425281,2
-28.11909976,13.04950336,15.06959639,19.3909886,6510.117886,-6529.508963,2
-158.5124987,25.19310566,133.319393,17.61807526,12583.0148,-12600.6329,2
-279.110503,35.78061932,243.3298837,14.75596664,17878.48541,-17893.24135,2
-382.4603694,44.15775469,338.3026147,10.98153604,22069.27899,-22080.26044,2
-462.1752588,49.8068196,412.3684392,6.528036605,24896.41191,-24902.93981,2
-513.328932,52.3787118,460.9502202,1.670686761,26185.17235,-26186.84285,2
-532.7601824,51.71449289,481.0456895,-3.290337834,25855.91718,-25852.62662,2
-519.2681931,47.85521039,471.4129827,-8.048454607,23928.99378,-23920.94508,2
-473.6867452,41.03936112,432.6473841,-12.30962033,20523.48262,-20511.17274,2
-398.8326915,31.68815248,367.144539,-15.81050246,15849.83824,-15834.02749,2
-299.3318802,20.37947262,278.9524076,-18.33475266,10196.88362,-10178.54864,2
-181.3332855,7.812177926,173.5211076,-19.72637669,3913.961327,-3894.234758,2
-52.12901186,-5.237095029,57.36610689,-19.89937462,-2610.655141,2630.554661,2
80.29634509,-17.96192427,-62.33442082,-18.84305547,-8973.756031,8992.599178,2
207.7591325,-29.57593789,-178.1831946,-16.62269785,-14782.11297,14798.7357,2
322.3823754,-39.36141038,-283.020965,-13.37551593,-19676.77976,19690.15525,2
417.0825602,-46.71361689,-370.3689433,-9.30217976,-23355.27467,23364.57677,2
486.0073829,-51.17820406,-434.8291788,-4.654414301,-25590.27322,25594.9275,2
524.8974113,-52.47926833,-472.4181429,0.280556792,-26243.65646,26243.37572,2
531.3493104,-50.53640625,-480.8129042,5.197761058,-25275.04646,25269.84849,2
504.9643644,-45.46968329,-459.4946811,9.793323996,-22744.30161,22734.50806,2
447.3731162,-37.59221398,-409.7809022,13.78324797,-18807.81748,18794.034,2
362.1346032,-27.39081202,-334.7437912,16.92096276,-13708.86182,13691.94064,2
254.5164147,-15.49590603,-239.0205086,19.01256316,-7762.541092,7743.52834,2
131.1691644,-2.642580199,-128.5265842,19.92879201,-1336.327403,1316.398462,2
-0.284505516,10.37485265,-10.09034713,19.613028,5172.6506,-5192.263727,2
-131.7209908,22.75193816,108.9690527,18.08478481,11362.14958,-11380.23441,2
-255.0177491,33.72379431,221.2939548,15.4385052,16849.66944,-16865.10793,2
-362.5552588,42.61237977,319.942879,11.8377246,21296.09115,-21307.9288,2
-447.6878918,48.86839566,398.8194961,7.504964915,24426.6337,-24434.13854,2
-505.154602,52.10523123,453.0493707,2.707983049,26047.83511,-26050.54291,2
-531.4040483,52.12285575,479.2811925,-2.256775971,26059.50797,-26057.25097,2
-524.8140613,48.92018002,475.8938813,-7.082498788,24460.93093,-24453.84818,2
-485.7918906,42.69512373,443.0967668,-11.47096424,21350.89321,-21339.42199,2
-416.7490372,33.83238433,382.9166529,-15.15097289,16921.58964,-16906.43841,2
-321.9522275,22.87966341,299.0725641,-17.89510669,11446.74334,-11428.848,2
-207.2597367,10.51381974,196.7459169,-19.533783,5264.690126,-5245.156144,2
-79.75935774,-2.500959435,82.26031717,-19.96573448,-1242.530045,1262.495935,2
52.66961127,-15.36038379,-37.30922748,-19.16426728,-7672.782482,7691.946852,2
181.8432943,-27.26976367,-154.5735306,-17.17891062,-13628.68896,13645.86792,2
299.7789861,-37.49312046,-262.2858656,-14.132356,-18742.185,18756.31734,2
399.1884695,-45.39866884,-353.7898007,-10.2128751,-22697.26558,22707.47838,2
473.9284142,-50.49785989,-423.4305543,-5.662684865,-25249.51373,25255.17629,2
519.3800239,-52.47557267,-466.9044512,-0.762978984,-26241.20504,26241.96785,2
532.7344693,-51.20958803,-481.5248813,4.18344941,-25611.05473,25606.87108,2
513.1664695,-46.77814161,-466.3883279,8.870919817,-23398.00499,23389.13385,2
461.8852922,-39.45508899,-422.4302032,13.00975488,-19738.81838,19725.8084,2
382.0600235,-29.69298188,-352.3670416,16.34418194,-14859.62617,14843.28177,2
278.6237238,-18.09510128,-260.5286225,18.66813933,-9061.953823,9043.285488,2
157.9685737,-5.378175711,-152.590398,19.83801061,-2704.087233,2684.249064,2
27.55084794,7.671911289,-35.22275923,19.78149984,3821.068678,-3840.850289,2
-104.5698685,20.2486874,84.32118111,18.50209931,10110.27081,-10128.77296,2
-230.228749,31.57493006,198.653819,16.07887373,15774.85758,-15790.93645,2
-341.660297,40.9506975,300.7095995,12.6615742,20464.76754,-20477.42905,2
-431.9782397,47.79658384,384.1816559,8.461383795,23890.17255,-23898.63381,2
-495.6010881,51.68952538,443.9115627,3.737866896,25839.38862,-25843.12632,2
-528.5970625,52.38894521,476.2081173,-1.217071482,26191.95765,-26190.74037,2
-528.9270702,49.85162039,479.0754498,-6.097224883,24926.09148,-24919.99402,2
-496.5707172,44.23435308,452.3363641,-10.60100843,22120.01841,-22109.41715,2
-433.5275689,35.88428045,397.6432884,-14.45009623,17947.14877,-17932.69843,2
-343.6935803,25.31742221,318.3761581,-17.40662145,12665.35854,-12647.95168,2
-232.6203332,13.18679148,219.4335417,-19.28787602,6601.052997,-6581.764914,2
-107.1719577,0.242039768,106.9299179,-19.97760171,128.9955001,-109.0177323,2
24.89905837,-12.71687018,-12.18218819,-19.43317467,-6350.852248,6370.285537,2
155.4309597,-24.88910066,-130.5418591,-17.68823949,-12438.04712,12455.73542,2
276.3571058,-35.52242938,-240.8346764,-14.85063007,-17756.41124,17771.26187,2
380.2044745,-43.95973545,-336.244739,-11.09570561,-21977.27912,21988.37476,2
460.5554821,-49.67960829,-410.8758738,-6.655513786,-24839.80858,24846.46398,2
512.4445784,-52.32856991,-460.1160085,-1.804450569,-26167.10038,26168.90467,2
532.6651091,-51.74291917,-480.9221899,3.157696937,-25877.13024,25873.97235,2
519.9674811,-47.95884828,-472.0086329,7.924276819,-23987.8178,23979.8933,2
475.1363855,-41.21020616,-433.9261793,12.20072289,-20615.91924,20603.71828,2
400.9423045,-31.91404697,-369.0282575,15.72275839,-15969.81192,15954.08894,2
301.9703013,-20.64485693,-281.3254444,18.27272775,-10336.61708,10318.34415,2
184.3366707,-8.099052089,-176.2376186,19.69304743,-4064.456191,4044.762977,2
55.31096298,4.94805898,-60.25902196,19.89594419,2459.062281,-2478.958347,2
-77.13326119,17.69018786,59.44307333,18.8688794,8830.796428,-8849.665375,2
-204.811183,29.3398935,175.4712895,16.67532389,14656.98434,-14673.65967,2
-319.8325325,39.17724467,280.6552879,13.45083552,19577.5779,-19591.02869,2
-415.0891939,46.59431043,368.4948835,9.394682006,23288.49313,-23297.8877,2
-484.6944738,51.13272922,433.5617445,4.757526487,25560.40201,-25565.15938,2
-524.3468889,52.51203476,471.8348542,-0.174062997,26252.9046,-26252.73033,2
-531.5959903,50.64698838,480.9490019,-5.095322912,25323.20545,-25318.10989,2
-505.9937961,45.65284663,460.3409494,-9.702128068,22828.75831,-22819.05593,2
-449.1224767,37.83823862,411.2842381,-13.70978603,18923.71562,-18910.00558,2
-364.4965791,27.68609328,336.8104858,-16.87063059,13849.40209,-13832.53122,2
-257.3458341,15.82379522,241.5220389,-18.98932711,7919.40132,-7900.411778,2
-134.2919683,2.984413463,131.3075548,-19.93494389,1500.176872,-1480.241752,2
-2.939492881,-10.03860093,12.97809381,-19.64904343,-5011.574543,5031.223712,2
128.5942413,-22.44044871,-106.1537926,-18.14929386,-11213.43821,11231.58757,2
252.1806822,-33.45471764,-218.7259646,-15.52837702,-16722.14991,16737.6783,2
360.1824063,-42.4007454,-317.7816609,-11.94826092,-21197.28103,21209.22924,2
445.9250979,-48.72568331,-397.1994146,-7.630190358,-24362.27637,24369.90646,2
504.1100104,-52.03866143,-452.071349,-2.841014449,-26021.54483,26024.38568,2
531.1414192,-52.13494357,-479.0064756,2.123304238,-26072.54654,26070.42304,2
525.3488308,-49.0085797,-476.3402511,6.955979612,-24512.12971,24505.17351,2
487.0902171,-42.85277359,-444.2374435,11.35836091,-21436.72533,21425.36674,2
418.7298928,-34.04794321,-384.6819496,15.05838877,-17036.38798,17021.32936,2
324.492405,-23.13821152,-301.3541935,17.82740805,-11583.0507,11565.22309,2
210.2014638,-10.79778067,-199.4036832,19.49429828,-5413.720128,5394.225655,2
82.92004739,2.210732514,-85.1307799,19.95604862,1090.350028,-1110.306209,2
-49.48607785,15.08342489,34.40265295,19.18412373,7527.219725,-7546.403928,2
-178.8344475,27.02478682,151.8096606,17.22622724,13499.10179,-13516.32804,2
-297.1315609,37.29686323,259.8346977,14.20335372,18636.94447,-18651.14779,2
-397.0668658,45.26485793,351.8020079,10.30231143,22623.23817,-22633.54038,2
-472.4645369,50.43636291,422.028174,5.76417792,25211.63697,-25217.40099,2
-518.6651315,52.49178831,466.1733432,0.869401832,26242.1824,-26243.05161,2
-532.8135346,51.30411243,481.5094222,-4.079528294,25651.18858,-25647.10883,2
-514.0353998,46.94673153,467.0886683,-8.776777302,23475.17787,-23466.40085,2
-463.4911827,39.68892401,423.8022587,-12.93206348,19848.62388,-19835.69157,2
-384.3044264,29.97920953,354.3252169,-16.28859747,14995.64123,-14979.35239,2
-281.3687325,18.41763125,262.9511013,-18.63895137,9216.135661,-9197.496488,2
-161.0453449,5.718674245,155.3266707,-19.83787744,2867.270388,-2847.432326,2
-30.77003609,-7.332888426,38.10292451,-19.81128415,-3658.605944,3678.417365,2
101.4064102,-19.93049329,-81.47591691,-18.56081488,-9958.205722,9976.766619,2
227.3157233,-31.29563065,-196.0200926,-16.16374641,-15642.22483,15658.38859,2
339.1769303,-40.72595516,-298.4509752,-12.76821328,-20359.40093,20372.1691,2
430.0772065,-47.63868944,-382.438517,-8.584053434,-23818.22089,23826.80485,2
494.3990755,-51.60663878,-442.7924367,-3.869840508,-25804.93577,25808.80547,2
528.1675595,-52.38459092,-475.7829686,1.083095498,-26196.7701,26195.68682,2
529.2958261,-49.92446984,-479.3713562,5.968671923,-24969.50921,24963.54033,2
497.7141502,-44.37830669,-453.3358435,10.48496881,-22198.99567,22188.51047,2
435.3742237,-36.08884456,-399.2853791,14.35288703,-18056.44232,18042.0892,2
346.1285437,-25.56835757,-320.5601862,17.33339609,-12797.85163,12780.51802,2
235.4923356,-13.46699325,-222.0253424,19.24230584,-6748.195213,6728.952724,2
110.3027213,-0.532594531,-109.7701268,19.96164905,-281.3311501,261.3693593,2
-21.70380235,12.4355156,9.268286753,19.44697162,6203.099794,-6222.546856,2
-152.3694656,24.63593084,127.7335348,17.73007972,12304.37125,-12322.10136,2
-273.6193615,35.31468708,238.3046745,14.91707427,17645.43542,-17660.35246,2
-377.9604609,43.81185604,334.1486049,11.18179405,21896.22398,-21907.40568,2
-458.9446684,49.6023277,409.3423407,6.755072807,24794.0457,-24800.80064,2
-511.567303,52.32826111,459.2390419,1.910474111,26159.82034,-26161.73062,2
-532.576379,51.82119839,480.7551806,-3.052614379,25909.14541,-25906.09257,2
-520.6735727,48.11247509,472.5610977,-7.827482544,24057.51219,-24049.68446,2
-476.5944565,41.43128375,435.1631727,-12.11905195,20719.34833,-20707.22902,2
-403.0630417,32.19051014,370.8725316,-15.66211116,16100.94644,-16085.28408,2
-304.6234398,20.96121771,283.6622221,-18.23770536,10487.7156,-10469.47766,2
-187.359044,8.437356855,178.9216872,-19.68666736,4226.543528,-4206.856667,2
-58.51658673,-4.607119988,63.12370671,-19.91945384,-2295.640408,2315.560009,2
73.94169606,-17.36608724,-56.57560882,-18.92167898,-8675.77678,8694.698553,2
201.8301167,-29.05106331,-172.7790534,-16.75500347,-14519.58445,14536.33949,2
317.245397,-38.93993736,-278.3054596,-13.55332401,-19465.92644,19479.47974,2
413.0550766,-46.42159448,-366.6334821,-9.514498694,-23209.12757,23218.64198,2
483.3382869,-51.03368151,-432.3046054,-4.888119759,-25517.86463,25522.75261,2
523.7516497,-52.49117966,-471.26047,0.039910783,-26249.46176,26249.42167,2
531.7976906,-50.70401813,-481.0936725,4.965049386,-25358.70756,25353.7423,2
506.9791786,-45.78264037,-461.1965383,9.58293122,-22900.64906,22891.0659,2
450.8298539,-38.03117885,-412.7986751,13.60817938,-19027.18994,19013.58153,2
366.8196454,-27.9286602,-338.8909852,16.79204067,-13977.70313,13960.91087,2
260.1402355,-16.09940223,-244.0408332,18.93775813,-8064.237994,8045.300045,2
137.384223,-3.274432195,-134.1097908,19.91273023,-1652.23622,1632.323338,2
6.137712579,9.753689419,-15.891402,19.65670545,4862.051813,-4881.708621,2
-125.4884936,22.17984771,103.3086459,18.1855057,11076.05462,-11094.24017,2
-249.3601287,33.23612805,216.1240007,15.59004854,16605.7578,-16621.34784,2
-357.8221447,42.23927183,315.5828729,12.03072867,21109.43549,-21121.46614,2
-444.1717808,48.63290068,395.5388801,7.727505782,24308.76835,-24316.49572,2
-503.0727822,52.02189961,451.0508825,2.946311474,26006.04326,-26008.98939,2
-530.885171,52.19683445,478.6883366,-2.017384876,26096.37164,-26094.35404,2
-525.8901909,49.14689453,476.7432964,-6.856835583,24574.17134,-24567.31426,2
-488.3965229,43.06056072,445.3359621,-11.27297112,21533.51165,-21522.23842,2
-420.7212091,34.31395765,386.4072515,-14.99288211,17162.29994,-17147.30681,2
-327.0464645,23.44760992,303.5988545,-17.78668458,11730.66938,-11712.88247,2
-213.1612224,11.13303857,202.0281839,-19.48172647,5574.285121,-5554.803193,2
-86.1033896,-1.868737682,87.97212728,-19.97325715,-926.3991849,946.3726004,2
46.27508464,-14.75423208,-31.52085256,-19.23090087,-7369.652746,7388.883753,2
175.7934447,-26.72714387,-149.0663008,-17.30053391,-13357.29389,13374.59447,2
294.4476849,-37.04756831,-257.4001166,-14.30144951,-18519.29699,18533.59842,2
394.9051831,-45.07772142,-349.8274616,-10.41898575,-22536.65938,22547.07829,2
470.9578434,-50.32135398,-420.6364895,-5.893072008,-25161.11518,25167.00813,2
517.9057461,-52.45441878,-465.4513273,-1.003401714,-26230.47767,26231.4809,2
532.8475937,-51.34509622,-481.5024975,3.947852177,-25678.66213,25674.71408,2
514.8600066,-47.06194048,-467.7980661,8.654710958,-23539.76981,23531.11487,2
465.0545856,-39.86964304,-425.1849426,12.8262991,-19945.98046,19933.15394,2
386.509218,-30.21267519,-356.2965428,16.20481987,-15119.38393,15103.17889,2
284.0778684,-18.68782048,-265.3900479,18.58148668,-9358.255341,9339.673657,2
164.0906131,-6.007294583,-158.0833186,19.80942575,-3018.622264,2998.812677,2
270.66719,-35.04298898,-235.624201,-15.0144014,-17516.4915,17531.50591,2
-106.3077093,128.8193968,-22.51168745,11256.47654,-18.16315521,-11238.31342,2
-208.6203566,241.1780855,-32.5577289,16278.57173,-15.83408263,-16262.73771,2
-300.3689274,341.3254849,-40.95655751,20476.71094,-12.70402903,-20464.00701,2
-376.9077672,424.1906689,-47.28290169,23638.32297,-8.931483451,-23629.39161,2
-434.3613606,485.5777899,-51.21642934,25603.32075,-4.707467292,-25598.61344,2
-469.8205662,522.378534,-52.55796773,26272.20736,-0.245861982,-26271.96167,2
-481.4899206,532.7295092,-51.23958853,25611.11396,4.227420805,-25615.34156,2
-468.7785504,516.1065977,-47.32804734,23653.51476,8.485878115,-23662.00083,2
-432.3300909,473.3514945,-41.02140355,20498.53207,12.3138846,-20510.84613,2
-373.9900965,406.6290882,-32.63899169,16305.91723,15.51761062,-16321.435,2
-296.7125908,319.3178428,-22.60525199,11287.96172,17.93483676,-11305.8967,2
-204.4104915,215.8387306,-11.4282391,5698.747842,19.44316772,-5718.191126,2
-101.7574808,101.4313777,0.326103169,-178.7166664,19.96622977,158.7503532,2
6.048644359,-18.11124248,12.06259812,-6046.828595,19.4775379,6027.35101,2
113.5491613,-136.736134,23.18697275,-11608.4583,18.00183689,11590.45645,2
215.3008214,-248.43677,33.13594855,-16581.99475,15.61384835,16566.38093,2
306.1514675,-347.5572304,41.40576289,-20715.6048,12.43448722,20703.17037,2
381.5009112,-429.078588,47.57767684,-23799.98465,8.624739321,23791.36,2
437.5338614,-488.8730393,51.33917789,-25678.95789,4.377509846,25674.5805,2
471.4131107,-523.9129146,52.49980387,-26257.38343,-0.092144281,26257.47571,2
481.423196,-532.423983,51.00078695,-25505.97291,-4.557903754,25510.53096,2
467.0572604,-513.9752897,46.91802932,-23462.77374,-8.793646468,23471.56753,2
429.0427175,-469.5009774,40.45825992,-20231.24253,-12.58489713,20243.82757,2
369.3044196,-401.2529864,31.9485668,-15975.00668,-15.73968714,15990.74649,2
290.8671929,-312.6870281,21.81983511,-10909.57911,-18.09827485,10927.67748,2
197.7026772,-208.2876066,10.58492943,-5291.44584,-19.54123399,5310.987146,2
94.52822271,-93.34094774,-1.187274969,594.9210313,-19.99550084,-574.9254911,2
-13.43197062,26.3326675,-12.90069688,6451.467515,-19.43807371,-6432.029438,2
-120.7113788,144.6736104,-23.96223155,11981.64956,-17.89717768,-11963.75242,2
-221.8779492,255.6897314,-33.81178225,16905.44847,-15.45083539,-16889.99771,2
-311.8091503,353.759771,-41.95062066,20973.54952,-12.22291643,-20961.3267,2
-385.9513495,433.9179892,-47.96663969,23979.96591,-8.376865227,-23971.58918,2
-440.5503843,492.1056048,-51.55522044,25772.46888,-4.107425097,-25768.36162,2
-472.841653,525.3763094,-52.53465643,26260.2957,0.369222501,-26260.6651,2
-481.1900992,532.0454535,-50.85535426,25418.74544,4.826404234,-25423.57203,2
-465.1730026,511.7753473,-46.60234473,23290.42967,9.038432415,-23299.46828,2
-425.6013828,465.5923602,-39.99097735,19983.11484,12.79203262,-19995.90705,2
-364.4789341,395.8349503,-31.3560162,15664.26562,15.89714275,-15680.16292,2
-284.9005688,306.0352581,-21.13468928,10552.56529,18.19653675,-10570.76197,2
-190.8957076,200.7402572,-9.844549617,4906.842891,19.57378573,-4926.416788,2
-87.22425157,85.28152075,1.942730827,-987.0325486,19.95915322,967.0733167,2
20.86443393,-34.49474147,13.63030755,-6830.626858,19.33312635,6811.293689,2
127.8973187,-152.5237032,24.6263845,-12328.05183,17.72740378,12310.32442,2
228.4548327,-262.8290122,34.37417949,-17200.94743,15.22329073,17185.72417,2
317.4452838,-359.8254004,42.38011658,-21202.5764,11.94758207,21190.62888,2
390.3626738,-438.6014919,48.23881818,-24130.31778,8.06614212,24122.25173,2
443.5148578,-495.168489,51.65363117,-25835.92648,3.775506184,25832.15109,2
474.210495,-526.6621428,52.45164779,-26233.03965,-0.707070947,26233.74685,2
480.8953232,-531.487784,50.59246081,-25301.54962,-5.154615613,25306.70438,2
463.2308586,-509.4010681,46.1702095,-23088.62205,-9.341928011,23097.96412,2
422.1115348,-461.5203478,39.40881293,-19706.3077,-13.0569851,19719.36483,2
359.6194133,-390.2700453,30.65063192,-15325.86882,-16.11167631,15341.98061,2
278.9187593,-299.2578931,20.33913372,-10169.10728,-18.35132845,10187.4587,2
184.0958202,-193.0922574,8.996437224,-4497.133785,-19.66253753,4516.796391,2
79.95192005,-77.1487957,-2.803124349,1402.853397,-19.97891093,-1382.874452,2
-28.23965381,42.70173838,-14.46208458,7232.110618,-19.28442915,-7212.82619,2
-135.0006615,160.3907578,-25.39009634,12695.47561,-17.61425697,-12677.86139,2
-234.9252993,269.9591231,-35.03382382,17516.31292,-15.05296289,-17501.26004,2
-322.9539207,365.8588811,-42.90496044,21450.52126,-11.73023704,-21438.79113,2
-394.6292293,443.2341834,-48.60495413,24298.89344,-7.814324353,-24291.07925,2
-446.3219727,498.1671605,-51.84518778,25917.2032,-3.503505559,-25913.69985,2
-475.4147083,527.8763017,-52.46159336,26223.50801,0.98394269,-26224.49213,2
-480.4343362,530.8572956,-50.42295937,25202.29826,5.420800175,-25207.71924,2
-461.1266895,506.9592007,-45.83251124,22905.28249,9.582408319,-22914.86508,2
-418.4694037,457.3920882,-38.92268455,19448.76923,13.2580457,-19462.02745,2
-354.6224144,384.6657702,-30.04335578,15007.77774,16.26159783,-15024.0395,2
-272.8185902,292.4627166,-19.64412637,9807.175944,18.44098101,-9825.617062,2
-177.200037,185.4515944,-8.251557375,4110.294365,19.68584305,-4129.980316,2
-72.60836465,69.0508719,3.557492759,-1794.407539,19.93315086,1774.474315,2
35.66046677,-50.84554401,15.18507724,-7607.947405,19.17038215,7588.776985,2
142.1243054,-168.1667431,26.0424377,-13035.95882,17.43615946,13018.52266,2
241.3923947,-276.9722105,35.5798158,-17803.59648,14.81829456,17788.77822,2
328.438332,-371.752622,43.31428999,-21669.45282,11.4493421,21658.00355,2
398.8545788,-447.7088069,48.85422811,-24437.78168,7.499887778,24430.28189,2
449.0756349,-500.9947523,51.91911748,-25968.40976,3.169910773,25965.23997,2
476.5585757,-528.9123443,52.35376863,-26183.8343,-1.321342104,26185.15577,2
479.9118129,-530.0479861,50.13617318,-25073.14735,-5.7464579,25078.89395,2
458.9655566,-504.3441748,45.37861828,-22692.58814,-9.881372489,22702.46966,2
414.7804125,-453.1024135,38.32200098,-19162.69541,-13.51671597,19176.21226,2
349.5936789,-378.9173094,29.32363049,-14662.20397,-16.46841405,14678.6725,2
266.7060617,-285.5451976,18.83913596,-9418.994515,-18.58700856,9437.581617,2
170.3145443,-177.7139402,7.399395893,-3698.555009,-19.7652252,3718.320298,2
65.29987507,-60.88353234,-4.416342733,2209.462228,-19.94340538,-2189.518793,2
-43.02056744,59.03036182,-16.00979437,8005.906944,-19.11252696,-7986.794424,2
-149.1620182,175.9559471,-26.79392891,13397.27832,-17.31466113,-13379.96371,2
-247.7500446,283.9727403,-36.22269569,18110.58629,-14.6408421,-18095.94552,2
-333.7926788,377.6113514,-43.81867261,21907.17424,-11.22645765,-21895.94789,2
-402.9331842,452.1304244,-49.19724018,24594.80336,-7.244393815,-24587.55911,2
-451.6706573,503.7567139,-52.08605661,26037.38655,-2.89628087,-26034.49043,2
-477.5372943,529.876142,-52.33884773,26161.87914,1.597716159,-26163.47703,2
-479.2233477,529.1661613,-49.94281353,24961.97748,6.010045459,-24967.98771,2
-456.643445,501.6627212,-45.01927625,22498.43815,10.11729043,-22508.55562,2
-410.940911,448.7584483,-37.81753735,18896.00152,13.7114823,-18909.71317,2
-344.4298764,373.1321306,-28.70225414,14337.07561,16.61063056,-14353.6864,2
-260.4781027,278.6130783,-18.13497554,9052.499938,18.66793796,-9071.168009,2
-163.3364565,169.9872282,-6.65077172,3309.856993,19.77923355,-3329.63633,2
-57.92366869,52.7548097,5.168858993,-2600.076652,19.88824735,2580.188336,2
50.4227236,-67.14815765,16.72543405,-8378.053727,18.98945952,8359.064235,2
156.2166413,-183.650432,27.43379064,-13731.50853,17.12837989,13714.38016,2
254.101249,-290.8529642,36.75171515,-18389.37089,14.39924358,18374.97169,2
339.1201962,-383.3275942,44.20739801,-22115.7917,10.94023942,22104.85153,2
406.9685803,-456.3919038,49.42332353,-24722.08504,6.926512847,24715.15863,2
454.2109237,-506.346309,52.13538531,-26076.28223,2.561297441,26073.72105,2
478.455128,-530.6613871,52.20625915,-26109.81401,-1.934375705,26111.74852,2
478.473597,-528.1059534,49.63235641,-24820.98252,-6.332869819,24827.31553,2
454.2653955,-498.8094012,44.54400572,-22275.04727,-10.41146875,22285.45888,2
407.0562968,-444.2551506,37.19885386,-18600.92074,-13.96365413,18614.88453,2
339.2367157,-367.2055356,27.96881987,-13984.64097,-16.80956234,14001.45064,2
254.2406716,-271.5619347,17.32126311,-8659.951556,-18.80509182,8678.756738,2
156.3719071,-162.1672258,5.795318655,-2896.466171,-19.84919966,2916.31543,2
50.58597063,-44.56056906,-6.025401571,3013.983254,-19.8890178,-2994.094212,2
-57.76070657,75.30306636,-17.54235979,8772.123317,-18.92253001,-8753.200799,2
-163.182031,191.3544301,-28.1723991,14086.39274,-16.99867401,-14069.39412,2
-260.3400335,297.7173049,-37.3772714,18687.70548,-14.21486347,-18673.4907,2
-344.3151548,389.0060462,-44.6908914,22343.07576,-10.71205556,-22332.36383,2
-410.8553462,460.5982829,-49.74293664,24867.41529,-6.667613601,-24860.74782,2
-456.59137,508.8689687,-52.27759868,26132.90506,-2.286326356,-26130.6189,2
-479.2073997,531.3739356,-52.16653582,26075.46746,2.209961378,-26077.6776,2
-477.5582812,526.9736529,-49.41537165,24698.01082,6.593581797,-24704.60459,2
-451.727517,495.8909273,-44.16341031,22070.28214,10.64257197,-22080.92489,2
-403.0230381,439.6996209,-36.67658286,18325.33545,14.15191283,-18339.48754,2
-333.9109776,361.2449596,-27.33398197,13652.79473,16.94391026,-13669.7388,2
-247.890799,264.4994657,-16.60866672,8289.252327,18.87719257,-8308.129649,2
-149.3181017,154.3618111,-5.043709384,2506.289188,19.85386876,-2526.143155,2
-43.18407749,36.40877471,6.775302771,-3403.276518,19.82448526,3383.451968,2
65.13721711,-83.38713563,18.24991852,-9140.216149,18.79052992,9121.425592,2
170.1609738,-198.9600988,28.79912503,-14414.04192,16.80435673,14397.23758,2
266.569354,-304.4581212,37.8887672,-18957.71565,13.96653487,18943.74916,2
349.4807553,-394.5393498,45.05859444,-22541.17012,10.42075643,22530.74945,2
414.6969901,-464.6425553,49.94556526,-24982.95847,6.346560624,24976.61202,2
458.9158586,-511.2180883,52.30222975,-26159.44166,1.950242872,26157.49155,2
479.8983549,-531.907614,52.00925912,-26011.04892,-2.545590877,26013.59465,2
476.5820382,-525.6635261,49.08148787,-24545.29406,-6.91329572,24552.2075,2
449.1348289,-492.8019916,43.66716263,-21836.39505,-10.93171451,21847.3269,2
398.9465062,-434.986942,36.04043577,-18021.51597,-14.39737608,18035.91347,2
328.558337,-355.1458208,26.58748377,-13293.82181,-17.1347979,13310.95672,2
241.5344,-257.3213533,15.78695336,-7892.6976,-19.0053716,7911.703058,2
142.2811194,-146.4668448,4.185725396,-2091.627258,-19.91438134,2111.541694,2
35.8241482,-28.19537194,-7.62877626,3815.654187,-19.8157997,-3795.838367,2
-72.44610486,91.50443357,-19.0583287,9530.033739,-18.7146183,-9511.319138,2
-177.047416,206.5716168,-29.52420078,14762.16592,-16.66659498,-14745.49938,2
-272.683337,311.179794,-38.49645696,19247.12367,-13.7754306,-19233.34833,2
-354.5113788,400.0321692,-45.52079035,22757.81282,-10.18751815,-22747.62542,2
-418.3882091,468.6297356,-50.24152645,25116.47093,-6.084530189,-25110.38655,2
-461.0794486,513.4990811,-52.4196325,26203.66822,-1.674219928,-26201.99417,2
-480.4234423,532.3682632,-51.94482089,25964.35486,2.820098265,-25967.17514,2
-475.4407143,524.2818478,-48.84113349,24410.64838,7.170856311,-24417.81942,2
-446.3835633,489.6492876,-43.26572433,21621.22012,11.15775525,-21632.37806,2
-394.7232872,430.2241893,-35.50090212,17737.31173,14.57891999,-17751.89082,2
-323.0756848,349.0155205,-25.9398357,12955.58345,17.26112117,-12972.84472,2
-235.0686056,250.1352517,-15.06664606,7518.156285,19.06854659,-7537.224957,2
-135.1582552,138.5901483,-3.431893045,1700.352328,19.90967799,-1720.2621,2
-28.40355686,20.02825486,8.375301999,-4203.246105,19.74192502,4183.504121,2
79.79000527,-99.54709148,19.75708621,-9893.712525,18.57378185,9875.13872,2
183.9440906,-214.0812378,30.13714723,-15082.9123,16.464397,15066.44792,2
278.784896,-317.7747906,38.98989459,-19508.09225,13.52057844,19494.57172,2
359.5101927,-405.3772655,45.86707278,-22945.18506,9.89138536,22935.29375,2
422.0324855,-472.452944,50.42045847,-25220.15481,5.760580638,25214.39434,2
463.1859816,-515.6054743,52.41949273,-26217.80928,1.337326067,26216.47209,2
480.8868889,-532.6498442,51.76295524,-25887.63262,-3.154408467,25890.78717,2
474.2389287,-522.7230183,48.48408955,-24246.3432,-7.487185624,24253.83053,2
443.578718,-486.3276379,42.74891984,-21377.04711,-11.44161681,21388.48887,2
390.458725,-425.3065693,34.84784432,-17425.03009,-14.81747084,17439.84769,2
317.5686607,-342.7495917,25.18093102,-12590.40105,-17.44381256,12607.84497,2
228.5992861,-242.8369466,14.23766051,-7117.959627,-19.1876581,7137.147367,2
128.0555323,-130.6276735,2.572141229,-1284.80086,-19.96070845,1304.761618,2
21.02839464,-11.80344706,-9.224947577,4613.715435,-19.72382044,-4593.9916,2
-87.06284788,107.6191126,-20.5562647,10278.92008,-18.48898878,-10260.43112,2
-190.7450356,221.5930887,-30.84805311,15423.95756,-16.31873866,-15407.63888,2
-284.7682598,324.3474518,-39.57919191,19788.31081,-13.32295984,-19774.98795,2
-364.3716898,410.6792729,-46.30758313,23150.99243,-9.653342406,-23141.33922,2
-425.5246355,476.2171727,-50.69253716,25341.73429,-5.495696029,-25336.23875,2
-465.1306406,517.642664,-52.51202345,26249.60899,-1.060541534,-26248.54861,2
-481.1842697,532.8581827,-51.67391298,25828.64661,3.427548737,-25832.07434,2
-472.8726535,521.0932966,-48.22064311,24100.16243,7.741322053,-24107.90394,2
-440.6166474,482.9437162,-42.32706884,21151.67759,11.66235216,-21163.34013,2
-386.0495223,420.3411314,-34.29160907,17132.48751,14.99209921,-17147.47978,2
-311.9342643,336.4554005,-24.52113626,12246.10236,17.56196276,-12263.66447,2
-222.0236716,235.5340462,-13.51037461,6739.942424,19.24181875,-6759.184364,2
-120.8703335,122.6871834,-1.816849888,892.8100378,19.94660837,-912.7567357,2
-13.5961114,3.628770713,9.967340691,-4999.227445,19.64064489,4979.586746,2
94.3672045,-115.6127136,21.24550908,-10637.82892,18.3394207,10619.48948,2
197.5529321,-228.9995216,31.44658948,-15737.48591,16.10882285,15721.37711,2
290.7363007,-330.7903548,40.05405402,-20039.97922,13.06179687,20026.91747,2
369.1990053,-415.8310723,46.63206701,-23327.45369,9.352627818,23318.10115,2
428.9681162,-479.8156694,50.84755323,-25433.44932,5.16912813,25428.2803,2
467.0172467,-519.5043099,52.48706317,-26251.32979,0.723127789,26250.60679,2
481.4197934,-532.8873743,51.46758087,-25739.68205,-3.760251597,25743.44244,2
471.4464887,-519.2872162,47.84072749,-23924.4132,-8.053995746,23932.46734,2
437.6023272,-479.3924746,41.79014741,-20897.4387,-11.94069249,20909.37953,2
381.6009952,-415.2232047,33.62220952,-16812.02828,-15.22354034,16827.25195,2
306.2780993,-330.0285936,23.75049435,-11875.04519,-17.7363135,11892.7816,2
215.447586,-228.1224386,12.67485252,-6336.471708,-19.35177857,6355.823564,2
113.7086245,-114.6647196,0.956095048,-476.7514526,-19.98813706,496.7396352,2
6.212728962,4.599674168,-10.81240313,5407.41083,-19.61316715,-5387.797652,2
-101.5970862,123.6318347,-22.03474848,11018.07278,-18.24585524,-10999.82695,2
-204.2619113,236.4046131,-32.14270171,16071.14061,-15.95543463,-16055.18524,2
-296.5833515,337.2078018,-40.62445036,20310.75412,-12.85787987,-20297.89634,2
-373.886745,420.9372692,-47.05052423,23522.24206,-9.110034428,-23513.13216,2
-432.2578635,483.353405,-51.09554143,25542.99193,-4.901669022,-25538.09042,2
-468.7411074,521.2957914,-52.554684,26270.68382,-0.445872614,-26270.23811,2
-481.4891611,532.8432299,-51.35406877,25668.47129,4.031737255,-25672.50321,2
-469.8565319,517.4110203,-47.55448841,23766.84716,8.304438529,-23775.15178,2
-434.4322335,475.7805667,-41.34833322,20662.09944,12.15588462,-20674.2555,2
-377.009962,410.0598115,-33.04984951,16511.43586,15.39105904,-16526.82708,2
-300.4972727,323.5765006,-23.07922786,11525.02371,17.84614999,-11542.87001,2
-208.768357,220.709684,-11.94132694,5955.348101,19.39684489,-5974.745063,2
-106.4678743,106.6679845,-0.200110155,84.4274613,19.96462494,-104.3921712,2
1.224228761,-12.77413916,11.5499104,-5790.466346,19.52074085,5770.945556,2
108.8550029,-131.5687797,22.71377687,-11371.86028,18.08766856,11353.7726,2
210.974604,-243.700815,32.72621109,-16377.14255,15.73797121,16361.40461,2
302.4122443,-343.4924815,41.08023722,-20552.87258,12.59062487,20540.28201,2
378.5380131,-425.8908654,47.35285231,-23687.61384,8.804994299,23678.80893,2
435.4973105,-486.7237554,51.22644488,-25622.63989,4.572763526,25618.06724,2
470.4060239,-522.9109009,52.50487705,-26259.97142,0.108230016,26259.86332,2
481.4965635,-532.6199794,51.12341592,-25567.33739,-4.362546204,25571.70008,2
468.207364,-515.3593753,47.15201129,-23579.80908,-8.61318901,23588.42241,2
431.2113191,-472.0030729,40.79175378,-20398.02424,-12.42846865,20410.45285,2
372.3817096,-404.7464023,32.36469269,-16183.09137,-15.61519982,16198.70669,2
294.6973508,-316.9948799,22.29752912,-11148.43203,-18.01202355,11166.44415,2
202.091761,-213.1917712,11.10001018,-5548.974308,-19.4975775,5568.47196,2
99.25398979,-98.59310787,-0.660881923,331.7553304,-19.99664118,-311.7586484,2
-8.608810946,20.99844973,-12.38963878,6195.988337,-19.48394463,-6176.504387,2
-116.0350486,139.5274278,-23.49237914,11746.79146,-17.98544802,-11728.80604,2
-217.5852359,250.9921558,-33.40691988,16703.10185,-15.5770271,-16687.52489,2
-308.117417,349.7486589,-41.63124189,20813.95858,-12.38063134,-20801.57805,2
-383.047529,430.7964386,-47.74890968,23871.20994,-8.558108983,-23862.65197,2
-438.5815135,490.0316709,-51.45015739,25720.05316,-4.303011986,-25715.75031,2
-471.9074281,524.4550018,-52.54757369,26266.87274,0.169204453,-26267.04212,2
-481.3378277,532.323419,-50.9855913,25483.98066,4.632091372,-25488.61294,2
-466.3952074,513.2385079,-46.84330057,23411.01837,8.859672205,-23419.87823,2
-427.8361812,468.166626,-40.3304448,20152.94952,12.63788502,-20165.58759,2
-367.6131711,399.3899711,-31.77679999,15874.74522,15.77542147,-15890.5208,2
-288.7755467,310.3910234,-21.61547669,10793.03071,18.11341362,-10811.14427,2
-195.3152215,205.6762112,-10.36098969,5165.116716,19.53347814,-5184.650308,2
-91.96452419,90.54772988,1.416794307,-724.0294602,19.96371065,704.0656694,2
16.04342131,-29.16493297,13.12151166,-6576.213112,19.38232653,6556.830741,2
123.2396731,-147.4001715,24.16049841,-12095.11112,17.81876399,12077.29235,2
224.196389,-258.1711887,33.97479963,-17001.27615,15.35219347,16985.92398,2
313.8016636,-355.8691355,42.06747188,-21046.28638,12.1075089,21034.17894,2
387.5183672,-435.5471129,48.02874576,-24025.32425,8.249003711,24017.07533,2
441.6138821,-493.1706565,51.55677444,-25787.54728,3.972051907,25783.57535,2
473.3491021,-525.8220197,52.47291753,-26243.72599,-0.506784612,26244.23291,2
481.1171263,-531.8479128,50.7307865,-25370.76195,-4.960721591,25375.72281,2
464.5246237,-510.9432172,46.41859355,-23212.85736,-9.164235554,23222.02174,2
424.4117492,-464.1664342,39.75468497,-19879.27694,-12.9044831,19892.18156,2
362.8096035,-393.8860888,31.07648533,-15538.81528,-15.99207815,15554.80748,2
282.8373879,-303.6608,20.82341204,-10411.25004,-18.27068145,10429.52082,2
188.5444658,-198.0590915,9.514625676,-4756.21359,-19.62491671,4775.838576,2
84.70532392,-82.42806635,-2.277257573,1139.953422,-19.98621271,-1119.967174,2
-23.42218164,37.37734171,-13.95516008,6978.700773,-19.33627532,-6959.364498,2
-130.3630551,155.2908307,-24.92777557,12464.38567,-17.70801382,-12446.67769,2
-230.7023854,265.3418951,-34.63950975,17319.24249,-15.18387458,-17304.05869,2
-319.359528,361.9581406,-42.59861255,21297.44739,-11.89166641,-21285.55583,2
-391.8453618,440.2474396,-48.40207775,24197.56542,-7.998088999,-24189.56747,2
-444.4895937,496.2456428,-51.75604902,25872.7502,-3.700292129,-25869.05007,2
-474.6266028,527.117302,-52.49069926,26238.17936,0.784106904,-26238.96364,2
-480.7304127,531.2992424,-50.56882968,25275.34952,5.228042274,-25280.57775,2
-462.4919596,508.579713,-46.0877534,23033.01321,9.40649702,-23042.41989,2
-420.8347405,460.1091085,-39.27436802,19624.71027,13.10789669,-19637.81835,2
-357.8680533,388.34172,-30.47366671,15223.01885,16.14482235,-15239.16383,2
-276.7801925,296.9114622,-20.13126966,10050.81693,18.36350044,-10069.18057,2
-181.6770118,190.447872,-8.770860242,4369.997013,19.65158907,-4389.648711,2
-77.37402503,74.34169354,3.032331493,-1531.794715,19.94386639,1511.850774,2
30.847425,-45.52808038,14.68065538,-7355.723249,19.22553311,7336.497676,2
137.5075857,-163.0918886,25.58430294,-12806.89615,17.53296179,12789.36319,2
237.2057596,-272.3969317,35.19117208,-17609.29533,14.9518552,17594.34351,2
324.8937671,-367.9085897,43.01482262,-21519.75311,11.61290675,21508.14027,2
396.1315587,-444.7906657,48.65910696,-24340.26493,7.685182881,24332.57985,2
447.3120354,-499.1502643,51.83822893,-25928.01524,3.367562471,25924.6478,2
475.8436929,-528.2349078,52.39121489,-26202.60891,-1.121333345,26203.73038,2
480.2818415,-530.5719061,50.29006464,-25150.14198,-5.554210962,25155.69634,2
460.401757,-506.0429262,45.64116918,-22823.90575,-9.706613237,22833.61251,2
417.2100602,-455.8899838,38.67992362,-19341.68832,-13.36828479,19355.05674,2
352.8937464,-382.6525544,29.75880805,-14879.81047,-16.35381822,14896.1644,2
270.7094481,-290.0389879,19.32953987,-9664.197726,-18.5120421,9682.709862,2
174.8185364,-182.7387376,7.920201184,-3958.940699,-19.73367553,3978.67444,2
70.07641182,-66.18491146,-3.891500366,1947.077049,-19.95686153,-1927.120156,2
-38.2133474,53.72083106,-15.50748366,7754.806512,-19.1702991,-7735.636218,2
-144.5675298,170.9071075,-26.3395777,13170.17547,-17.4138155,-13152.7617,2
-243.6009313,279.4402347,-35.83930342,17918.97875,-14.77634957,-17904.20247,2
-330.2990325,373.8246783,-43.52564574,21760.76244,-11.39144837,-21749.37111,2
-400.2719076,449.2813172,-49.00940954,24500.99928,-7.430505074,-24493.56891,2
-449.9765063,501.9894328,-52.01292648,26000.93837,-3.094080506,-25997.84446,2
-476.8960548,529.2801694,-52.38411456,26184.63087,1.398252138,-26186.0293,2
-479.6674918,529.7716706,-50.10417877,25042.77556,5.819025316,-25048.59477,2
-458.1504868,503.4390496,-45.28856279,22633.18984,9.944394878,-22643.13442,2
-413.4345452,451.6156486,-38.18110348,19077.88219,13.56547432,-19091.44784,2
-347.7838419,376.9255263,-29.14168437,14556.87427,16.49891169,-14573.37334,2
-264.5225759,283.1505889,-18.62801302,9299.085608,18.59617352,-9317.681915,2
-167.8666502,175.0390954,-7.172445213,3570.742366,19.75106578,-3590.493537,2
-62.71020141,58.06523071,4.644970693,-2338.102948,19.90511099,2318.197767,2
45.62221299,-61.84807728,16.2258643,-8128.258172,19.05050917,8109.207629,2
151.6452217,-178.6290631,26.98384142,-13506.54097,17.23053279,13489.31044,2
249.9903893,-286.3645653,36.37417595,-18200.62401,14.53733573,18186.08672,2
335.6780451,-379.599437,43.92139184,-21972.82417,11.10728706,21961.71695,2
404.3694266,-453.6127653,49.24333867,-24632.1375,7.114066052,24625.02354,2
452.5863715,-504.6569132,52.07054169,-26043.91069,2.759867996,26041.15094,2
477.8874326,-530.1472792,52.25984656,-26136.65912,-1.734833871,26138.39409,2
478.9915004,-528.7931683,49.80166795,-24905.68654,-6.142451959,24911.82913,2
455.8426706,-500.6631454,44.82047482,-22413.32277,-10.23980813,22423.56272,2
409.6130756,-447.1815637,37.56848807,-18785.76774,-13.81943425,18799.58731,2
342.6435337,-371.0564431,28.41290937,-14206.70135,-16.70007724,14223.40154,2
258.3250225,-276.1423505,17.81732805,-8907.982908,-18.73587679,8926.718875,2
160.9269782,-167.2452256,6.318247442,-3157.91106,-19.82375089,3177.734871,2
55.38111442,-49.87903364,-5.502080782,2752.361453,-19.9086154,-2732.452811,2
-52.96829358,70.01343227,-17.04513869,8523.570186,-18.98617321,-8504.584023,2
-158.6350141,186.3614619,-27.72644783,13863.49214,-17.10313178,-13846.38905,2
-256.2686522,293.2738163,-37.00516407,18501.74235,-14.35483817,-18487.38759,2
-340.9255653,385.3370284,-44.41146307,22203.46474,-10.88045115,-22192.58441,2
-408.3191822,457.8895118,-49.5703296,24781.22399,-6.855894973,-24774.36824,2
-455.0370524,507.2575987,-52.22054635,26104.49621,-2.484951482,-26102.01142,2
-478.713634,530.9415545,-52.22792057,26106.27799,2.011058273,-26108.28923,2
-478.1500721,527.742151,-49.59207882,24786.47911,6.404480565,-24792.88378,2
-453.3749026,497.8213886,-44.44648594,22211.92709,10.47285614,-22222.40013,2
-405.6426069,442.694294,-37.05168706,18512.98339,14.01018437,-18526.99375,2
-337.370092,365.152207,-27.78211502,13876.94264,16.83735401,-13893.78015,2
-252.014311,269.1214421,-17.10713111,8538.54901,18.81121242,-8557.360353,2
-153.8972221,159.4644812,-5.567259095,2768.110067,19.83181406,-2787.941981,2
-47.98694734,41.7337634,6.253183943,-3142.190183,19.84748119,3122.342636,2
60.3537861,-78.10946043,17.75567433,-8893.085907,18.85742056,8874.228457,2
165.6391857,-193.9969735,28.3577878,-14193.38266,16.91176356,14176.4709,2
262.5381647,-300.060855,37.52269034,-18774.7019,14.10902785,18760.59292,2
346.1442794,-390.9306,44.78632057,-22405.07026,10.59112895,22394.47921,2
412.2241655,-462.0050529,49.78088733,-24900.6654,6.536194382,24894.12931,2
457.4318928,-509.6853854,52.25349262,-26135.1238,2.149544299,26132.97438,2
479.4783848,-531.5573218,52.07893705,-26045.93913,-2.346704875,26048.28598,2
477.2473256,-526.5133848,49.26605919,-24637.62724,-6.724887202,24644.35227,2
450.8516841,-494.8089722,43.9572881,-21981.49746,-10.76331501,21992.26092,2
401.6279937,-438.0494251,36.42143145,-18212.04195,-14.25750399,18226.29959,2
332.0686774,-359.108742,27.04006455,-13520.12569,-17.03052713,13537.15633,2
245.6958454,-261.9840548,16.28820945,-8143.322111,-18.94197341,8162.264171,2
146.8829535,-151.5932358,4.710282323,-2353.883653,-19.89505741,2373.778767,2
40.63335554,-33.52588277,-7.107472776,3555.043622,-19.84152004,-3535.202081,2
-67.67303981,86.23970801,-18.56666821,9284.263386,-18.7840721,-9265.479329,2
-172.5521788,201.6392507,-29.08707187,14543.67873,-16.77625703,-14526.90253,2
-268.6935454,306.8295325,-38.13598702,19066.98112,-13.91973975,-19053.06147,2
-351.2290577,396.4842829,-45.2552252,22625.13483,-10.3591589,-22614.77579,2
-415.9795607,466.0638671,-50.08430641,25037.97405,-6.274803117,-25031.6994,2
-459.6664371,512.045149,-52.3787119,26183.32559,-1.873482187,-26181.45227,2
-480.0776181,532.0998834,-52.02226527,26003.19497,2.621944698,-26005.81709,2
-476.1795914,525.2126064,-49.03301503,24506.70304,6.983853321,-24513.68708,2
-448.169732,491.7320527,-43.56232072,21769.6241,10.99138012,-21780.61566,2
-397.4663087,433.3534976,-35.88718885,17930.54911,14.4416055,-17944.99089,2
-326.6366704,353.0329173,-26.39624684,13183.86819,17.15982866,-13201.02817,2
-239.2672494,254.8373143,-15.57006494,7769.927744,19.00841341,-7788.936284,2
-139.7819636,143.7387864,-3.956822788,1962.860609,19.8937574,-1982.754462,2
-33.21821319,25.36276571,7.855447474,-3943.294549,19.77103161,3923.523457,2
75.02818611,-94.29682211,19.268636,-9649.481781,18.64645027,9630.835306,2
179.4762184,-209.1810586,29.70484028,-14866.77044,16.57695616,14850.1935,2
274.8371965,-313.4728236,38.63562706,-19330.98507,13.6673374,19317.31778,2
356.2825532,-401.8913425,45.60878932,-22816.08185,10.06492148,22806.01701,2
419.688333,-469.9595767,50.27124363,-25145.59421,5.95211543,25139.6422,2
461.8440083,-514.2309167,52.3869084,-26201.56817,1.537169685,26200.03113,2
480.6150419,-532.4636997,51.84865777,-25930.5349,-2.956366584,25933.49141,2
475.0509697,-523.7347156,48.68374588,-24346.21807,-7.300964806,24353.51918,2
445.4335265,-488.4859534,43.0524269,-21528.83898,-11.27663783,21540.11575,2
393.2623802,-428.5022208,35.2398406,-17621.05456,-14.68207891,17635.73677,2
321.1791974,-346.8207717,25.64157438,-12820.73405,-17.34485475,12838.07901,2
232.833883,-247.5775159,14.74363291,-7370.939859,-19.13013666,7390.070078,2
132.699769,-135.7975984,3.097829397,-1547.620303,-19.94752751,1567.567882,2
25.84710874,-17.14095353,-8.706155214,4354.363008,-19.75563897,-4334.607352,2
-82.31365331,102.3842839,-20.07063055,10036.16535,-18.56418722,-10017.60118,2
-186.3058375,216.7259981,-30.42016061,15210.09078,-16.43350092,-15193.65733,2
-280.8638384,320.0945392,-39.2307008,19614.1595,-13.47146653,-19600.68813,2
-361.1997471,407.2558797,-46.05613266,23025.37315,-9.828065515,-23015.54521,2
-423.2457849,473.7966379,-50.55085298,25271.00618,-5.687780072,-25265.31855,2
-463.860274,516.3475473,-52.48727325,26237.35181,-1.260251966,-26236.09173,2
-480.9867149,532.7540584,-51.7673435,25875.47946,3.230332617,-25878.70998,2
-473.7579166,522.1854337,-48.42751709,24203.71242,7.556594651,-24211.2692,2
-442.5399068,485.1768116,-42.63690485,21306.69995,11.49947552,-21318.19961,2
-388.9133976,423.6021098,-34.68871221,17331.13121,14.85932896,-17345.99071,2
-315.5937473,340.5791402,-24.98539292,12478.30762,17.46603011,-12495.7738,2
-226.293469,240.3117399,-14.01827088,6993.950076,19.18758966,-7013.137788,2
-125.5342489,127.8769111,-2.34266217,1155.756963,19.93683714,-1175.693892,2
-18.41799236,8.967749206,9.450243154,-4740.657001,19.67583472,4720.98111,2
89.63150898,-110.3948248,20.76331578,-10396.72911,18.41779821,10378.31129,2
193.143209,-224.1669316,31.02372254,-15526.06628,16.22642785,15509.83987,2
286.8758316,-326.5877632,39.71193161,-19868.94644,13.21268291,19855.73381,2
366.0832604,-412.4712792,46.38801881,-23205.4695,9.529163277,23195.94042,2
426.7548568,-477.4687998,50.71394299,-25366.69186,5.362382635,25361.32959,2
465.8185373,-518.2891999,52.47066263,-26243.18085,0.923324405,26242.25765,2
481.296327,-532.865554,51.56922693,-25790.55578,-3.563241319,25794.11916,2
472.4045139,-520.4597937,48.05527978,-24031.73516,-7.870138916,24039.60544,2
439.5933314,-481.70008,42.10674861,-21055.77622,-11.77929019,21067.55565,2
384.5241616,-418.5489967,34.0248351,-17013.36554,-15.0927567,17028.45843,2
309.9854113,-334.2041752,24.21876395,-12109.18908,-17.64276225,12126.83195,2
219.7513221,-232.936384,13.18506195,-6591.567989,-19.30018823,6610.868256,2
118.3908634,-119.8732798,1.482416486,-739.8849494,-19.98111145,759.8661079,2
11.03638402,-0.739770696,-10.29661332,5149.562247,-19.65105357,-5129.911182,2
-96.87626206,118.4318627,-21.55560068,10778.56364,-18.32672691,-10760.23694,2
-199.8829584,231.6074094,-31.72445094,15862.09684,-16.07518821,-15846.02171,2
-292.7679996,333.0562677,-40.28826814,20142.75903,-13.01044325,-20129.74868,2
-370.8281863,417.6416128,-46.81342657,23403.80049,-9.287674191,-23394.51294,2
-430.1109701,481.0804973,-50.96952724,25480.09958,-5.09538202,-25475.00435,2
-467.6145896,520.1607171,-52.54612751,26266.52368,-0.645841835,-26265.87801,2
-481.4400629,532.9034597,-51.46339679,25723.25249,3.835645604,-25727.08831,2
-470.8873424,518.6635012,-47.77615871,23877.79432,8.122161902,-23885.91667,2
-436.4907613,478.1618765,-41.67111515,20823.59327,11.99666095,-20835.59011,2
-379.9919775,413.4493702,-33.45739268,16715.29764,15.26295898,-16730.56076,2
-304.2517858,327.8026758,-23.55089004,11760.92944,17.75566827,-11778.68525,2
-213.1052625,225.5584818,-12.45321923,6211.351243,19.34857144,-6230.699934,2
-111.1675778,111.8938844,-0.726306645,347.5638601,19.96101249,-367.524959,2
-3.600308133,-7.435751791,11.03605992,-5533.52204,19.56198074,5513.960008,2
104.149918,-126.3882155,22.23829748,-11134.11988,18.17168105,11115.94818,2
206.6272082,-238.9403931,32.31318495,-16170.64549,15.86051077,16154.785,2
298.6426632,-339.3932474,40.7505842,-20388.07629,12.74549518,20375.33086,2
375.5371148,-422.6603855,47.12327072,-23572.86426,8.984361987,23563.87999,2
433.4170412,-484.5256072,51.10856595,-25563.74886,4.767554793,25558.98142,2
469.3517141,-521.8563901,52.50467597,-26259.92239,0.3085901,26259.61394,2
481.5215946,-532.762504,51.24090932,-25626.13439,-4.166754042,25630.30129,2
469.3104655,-516.6917219,47.38125638,-23694.47647,-8.431870213,23702.90849,2
433.3366326,-474.4577818,41.12114927,-20562.75742,-12.27079581,20575.02836,2
375.4216175,-408.1991837,32.7775662,-16389.55068,-15.48914822,16405.03995,2
298.4979253,-321.2709067,22.7729814,-11386.165,-17.92396735,11404.08907,2
206.4605583,-218.0745317,11.61397333,-5805.944964,-19.45196698,5825.397006,2
103.9697943,-103.8353685,-0.134425784,68.55707094,-19.99577739,-48.56125117,2
-3.784785423,15.66212555,-11.87734012,5939.887884,-19.52786289,-5920.360014,2
-111.3470679,134.3672395,-23.02017158,11510.75483,-18.07191613,-11492.68294,2
-213.2706774,246.2693844,-32.99870701,16499.07913,-15.70165837,-16483.37754,2
-304.3947499,345.7024369,-41.30768698,20652.27885,-12.53710668,-20639.74185,2
-380.1052523,427.6316416,-47.52638936,23760.05827,-8.738496928,-23751.3199,2
-436.5686115,487.9085439,-51.33993246,25665.05613,-4.498170238,-25660.55811,2
-470.9258265,523.4810454,-52.55521891,26270.81356,-0.030833927,-26270.7829,2
-481.4372326,532.5479457,-51.1107131,25546.65827,4.437310146,-25551.09576,2
-467.5705887,514.6501457,-47.07955701,23529.25756,8.680019219,-23537.93777,2
-430.0280271,470.6938938,-40.66586669,20320.76178,12.48246535,-20333.24442,2
-370.7105015,402.9048984,-32.19439692,16083.63188,15.65211314,-16099.28416,2
-292.6215325,314.7156298,-22.09409736,11032.41336,18.02846871,-11050.44197,2
-199.7151259,210.5915187,-10.87639288,5422.872757,19.49120623,-5442.364078,2
-96.69556279,95.80485049,0.890712302,-460.9529396,19.96626056,440.9865973,2
11.22079968,-23.83219492,12.61139524,-6321.138427,19.42957756,6301.708804,2
118.5696569,-142.2618405,23.69218357,-11860.95541,17.90833201,11843.04707,2
219.9154397,-253.4874454,33.57200576,-16799.89735,15.47955165,16784.41782,2
310.1265421,-351.8771429,41.75060073,-20887.88276,12.26621691,20875.6166,2
384.6351589,-432.4490073,47.81384844,-23917.91804,8.431033834,23909.4871,2
439.6685739,-491.1233125,51.45473862,-25736.5785,4.168195528,25732.41042,2
472.4401909,-524.9291071,52.48891621,-26251.77696,-0.306450744,26252.08354,2
481.2906313,-532.1546473,50.86401603,-25437.42654,-4.7663329,25442.19301,2
465.7717562,-512.4340705,46.66231434,-23334.76157,-8.985626433,23343.74734,2
426.6693582,-466.7659209,40.09656276,-20050.24973,-12.75068895,20063.00055,2
365.9633724,-397.4625881,31.49921569,-15750.20104,-15.87087788,15766.07204,2
286.7276238,-308.0332204,21.30559663,-10652.34687,-18.18820357,10670.53517,2
192.9741848,-203.0060405,10.03185569,-5014.815168,-19.58532907,5034.400567,2
89.45022576,-87.69906033,-1.751165433,876.9397527,-19.99151141,-856.9482036,2
-18.60235649,32.04919434,-13.44683785,6724.591077,-19.38618364,-6705.204891,2
-125.7123599,150.1753154,-24.46295553,12232.04516,-17.79999628,-12214.2452,2
-226.4563094,260.6980308,-34.24172144,17120.43412,-15.31326529,-17105.12092,2
-315.733073,358.0210644,-42.2879914,21142.23619,-12.05190531,-21130.18439,2
-389.022155,437.2165005,-48.1943455,24093.80894,-8.181054049,-24085.62802,2
-442.6125904,494.2743081,-51.66171767,25825.70057,-3.896710563,-25821.80401,2
-473.7908474,526.3053862,-52.51453881,26250.21738,0.584189059,-26250.80174,2
-480.9782267,531.6878533,-50.70962658,25345.86412,5.034756185,-25350.89906,2
-463.810798,510.14917,-46.33837203,23158.43238,9.229638055,-23167.6622,2
-423.1578277,462.7799397,-39.62211194,19798.68192,12.95642844,-19811.63853,2
-361.0777638,391.9786854,-30.9009216,15436.73245,16.02642274,-15452.75904,2
-280.714007,301.3304022,-20.6163952,10293.44965,18.284173,-10311.73396,2
-186.1357462,195.425032,-9.289285845,4629.261699,19.6153589,-4648.877169,2
-82.13191615,79.62505359,2.506862557,-1269.027367,19.9525764,1249.074714,2
26.03128803,-40.20604451,14.17475647,-7102.759898,19.27875066,7083.481107,2
132.877063,-158.0006595,25.1235965,-12576.54704,17.62800064,12558.91903,2
232.9953128,-267.7943051,34.79899224,-17413.22563,15.08391147,17398.14175,2
321.3165875,-364.0276212,42.7110337,-21367.89227,11.77530223,21356.11703,2
393.3687722,-441.8278698,48.45909764,-24240.3039,7.869703122,24232.43429,2
445.5035315,-497.2556645,51.75213303,-25885.01704,3.564872758,25881.45229,2
475.0810414,-527.5044397,52.42339829,-26218.75227,-0.921215351,26219.67362,2
480.6036557,-531.0425599,50.43890419,-25224.61103,-5.361409768,25229.97258,2
461.791739,-507.6908738,45.89913487,-22952.9313,-9.530882867,22962.46233,2
419.5978254,-458.6317853,39.03395989,-19518.73874,-13.2185149,19531.95739,2
356.1583882,-386.349383,30.19099485,-15095.92242,-16.23758394,15112.16012,2
274.6856593,-294.5036593,19.81800001,-9908.429992,-18.43522053,9926.865308,2
179.3049799,-187.7451881,8.440208109,-4218.928202,-19.70014812,4238.628417,2
74.84591514,-71.47964456,-3.366270577,1684.497146,-19.96831752,-1664.528796,2
-33.40228949,48.40590888,-15.00361939,7502.928313,-19.22615004,-7483.702166,2
-139.9585266,165.8411121,-25.88258549,12941.7512,-17.51122501,-12924.24002,2
-239.4273611,274.8796775,-35.45231646,17725.57305,-14.91037697,-17710.66275,2
-326.7722256,370.0004782,-43.22825253,21612.16681,-11.55529884,-21600.61162,2
-397.5704458,446.3871079,-48.81666206,24404.73626,-7.615873712,-24397.12053,2
-448.2371802,500.1717582,-51.93457797,25961.88069,-3.291572858,-25958.58927,2
-476.2069377,528.6310634,-52.42412574,26204.75465,1.19864441,-26205.95347,2
-480.0634801,530.3239973,-50.26051726,25121.06031,5.627417662,-25126.68791,2
-459.6115328,505.1648388,-45.55330601,22765.67011,9.770497666,-22775.4408,2
-415.8866726,454.4275125,-38.54083983,19257.84836,13.41810116,-19271.26664,2
-351.1028915,380.6810838,-29.57819229,14775.21229,16.38553314,-14791.59798,2
-268.5404918,287.6596755,-19.11918366,9544.738478,18.52253885,-9563.261152,2
-172.37999,180.0733919,-7.693401906,3831.270014,19.72091185,-3850.991032,2
-67.49043698,63.36982415,4.12061283,-2075.893775,19.91997301,2055.973729,2
40.81712392,-56.54178628,15.72466236,-7877.645869,19.10964298,7858.53619,2
147.0585799,-173.5897599,26.53118002,-13280.21673,17.33095257,13262.88578,2
245.8544345,-281.8474163,35.99298186,-18010.04921,14.67396514,17995.37528,2
332.2021966,-375.8331697,43.6309731,-21827.65002,11.2732163,21816.37687,2
401.7296796,-450.7880865,49.05840697,-24539.71638,7.300901736,24532.41558,2
450.9163853,-502.9168527,52.00046741,-26008.92383,2.958158154,26005.96579,2
477.2717633,-529.5799477,52.30818432,-26160.87961,-1.535121207,26162.41487,2
479.461319,-529.4272956,49.9659766,-24987.8895,-5.951420785,24993.84107,2
457.3741848,-502.4666259,45.0924411,-22549.34744,-10.06712286,22559.4147,2
412.1287347,-450.0630822,37.9343475,-18968.72808,-13.67383036,18982.40204,2
346.0159549,-374.8700982,28.85414323,-14427.33476,-16.58891895,14443.92379,2
262.3834415,-280.6950425,18.31160105,-9155.119233,-18.66478417,9173.784109,2
165.4658953,-172.306434,6.840538686,-3419.038178,-19.79631532,3438.834555,2
60.17070004,-55.19248916,-4.978210882,2490.464085,-19.92621769,-2470.537839,2
-48.17056145,64.7167711,-16.54620966,8274.162111,-19.0479137,-8255.114206,2
-154.07207,181.3497863,-27.27771632,13639.20051,-17.20587589,-13621.99468,2
-252.1715423,288.8008873,-36.62934501,18313.92255,-14.49337511,-18299.42926,2
-337.5017483,381.6293278,-44.12757947,22061.62544,-11.04775778,-22050.5778,2
-405.742025,455.1347744,-49.39274938,24692.54563,-7.043491404,-24685.50228,2
-453.4370515,505.5953063,-52.1582548,26073.46745,-2.68333047,-26070.78428,2
-478.1718081,530.4558734,-52.28406535,26134.46843,1.811949948,-26136.28056,2
-478.6938595,528.4576702,-49.76381064,24872.45981,6.214733052,-24878.67473,2
-454.976772,499.7018748,-44.72510279,22351.34291,10.30208561,-22361.64518,2
-408.2214513,445.6445262,-37.42307485,18698.77354,13.86704609,-18712.64076,2
-340.7953358,369.022798,-28.22746225,14099.69817,16.72910411,-14116.42743,2
-256.1125214,273.7164028,-17.60388134,8786.989245,18.74334046,-8805.732717,2
-158.460891,164.5511441,-6.09025315,3029.653798,19.80776508,-3049.461665,2
-52.78499815,47.05456404,5.730434106,-2880.787657,19.86848129,2860.919108,2
55.56429771,-72.82394209,17.25964438,-8645.062135,18.92241476,8626.139689,2
161.1007705,-189.014371,27.91360046,-13971.29776,17.01746928,13954.2803,2
258.4806205,-295.6334638,37.1528433,-18589.8026,14.25010109,18575.55254,2
342.7730553,-387.2826026,44.50954732,-22266.72039,10.76043488,22255.96003,2
409.709959,-459.3211676,49.61120861,-24815.87179,6.725168639,24809.14672,2
455.9020066,-508.1015131,52.19950648,-26108.18147,2.348626605,26105.83297,2
479.010281,-531.1536645,52.14338347,-26078.21383,-2.147586611,26080.36155,2
477.8647033,-527.3103847,49.4456814,-24727.48627,-6.535806892,24734.02222,2
452.5232794,-496.7662768,44.24299741,-22124.39238,-10.5938383,22134.98636,2
404.2691629,-441.0679304,36.7987675,-18400.73887,-14.1162039,18414.85521,2
335.5456827,-363.0356103,27.48992751,-13745.07154,-16.92454998,13761.9962,2
249.8326268,-266.6204539,16.78782709,-8393.128362,-18.87667693,8412.005127,2
151.4700434,-156.7044065,5.234363134,-2615.902996,-19.87373951,2635.776793,2
45.43848527,-38.85302626,-6.585459011,3294.076908,-19.86525178,-3274.211633,2
-62.89317939,80.96632642,-18.07314704,9037.561722,-18.85164347,-9018.710092,2
-168.0396173,196.6866434,-28.64702612,14323.73223,-16.88423822,-14306.84804,2
-264.6767779,302.4484697,-37.77169183,18884.92517,-14.0626548,-18870.8626,2
-347.9114747,392.8965948,-44.98512008,22490.18622,-10.529763,-22479.65657,2
-413.5291501,463.4512117,-49.92206161,24956.96434,-6.464449437,-24950.50003,2
-458.2072776,510.5398138,-52.3325362,26160.35513,-2.072559689,-26158.28273,2
-479.6835969,531.7780873,-52.09449034,26039.42533,2.423524588,-26041.84904,2
-476.8706627,526.0906401,-49.21997735,24600.29819,6.796145892,-24607.09452,2
-449.9109069,493.765454,-43.85454709,21915.84335,10.82389822,-21926.66743,2
-400.1694267,436.4393027,-36.26987609,18121.98718,14.30283789,-18136.29019,2
-330.1648632,357.0148744,-26.85001128,13410.83014,17.05681013,-13427.88711,2
-243.4418713,259.5137953,-16.07192397,8020.919917,18.94636862,-8039.866413,2
-144.3916375,148.872996,-4.481358546,2225.17258,19.87583633,-2245.048514,2
-38.02953311,30.69473202,7.334801089,-3682.946378,19.79815005,3663.148165,2
70.2588364,-89.03708455,18.77824814,-9404.281572,18.71724343,9385.564303,2
174.99033,-204.2598779,29.26954799,-14649.13534,16.68784783,14632.44751,2
270.8619075,-309.1393852,38.27747762,-19151.93649,13.81272096,19138.12382,2
353.0191477,-398.3650716,45.34592391,-22684.68737,10.23744385,22674.45001,2
417.3020493,-467.419028,50.11697878,-25068.50848,6.143049363,25062.36553,2
460.4556716,-512.8047333,52.34906166,-26182.69592,1.736855664,26180.95919,2
480.2949471,-532.224099,51.92915192,-25970.83325,-2.75803123,25973.59142,2
475.8153215,-524.6938331,48.87851156,-24443.64805,-7.114014359,24450.76221,2
447.243619,-490.5952277,43.35160865,-21678.4688,-11.11053011,21689.57947,2
396.026557,-431.6548528,35.62829587,-17815.3093,-14.54521635,17829.85465,2
324.7574922,-350.8571325,26.09964032,-13049.77921,-17.24415899,13067.02348,2
237.0451071,-252.293229,15.24812194,-7623.179371,-19.07069804,7642.250153,2
137.3306854,-140.9538887,3.623203327,-1810.283635,-19.93234733,1830.216035,2
30.66322963,-22.47673756,-8.186492075,4094.574185,-19.78547754,-4074.788689,2
-77.55619359,97.13917832,-19.58298473,9792.403816,-18.63752531,-9773.766309,2
-181.8479343,211.8371517,-29.98921745,14994.69778,-16.54661673,-14978.15122,2
-276.9312191,315.8094936,-38.87827452,19438.03985,-13.61862413,-19424.42132,2
-357.9915416,403.7916035,-45.80006182,22897.44307,-10.00180529,-22887.44139,2
-420.9244427,471.3285399,-50.4040972,25197.74184,-5.879296432,-25191.86269,2
-462.5433385,515.0005955,-52.45725703,26222.46138,-1.459839199,-26221.00171,2
-480.7408718,532.596452,-51.8555803,25919.7154,3.032788883,-25922.74837,2
-474.5956172,523.2251499,-48.62953264,24304.83331,7.371105316,-24312.2046,2
-444.4187376,487.3612013,-42.94246374,21459.58406,11.33544111,-21470.91968,2
-391.7382279,426.8205641,-35.08233617,17528.03577,14.72506365,-17542.761,2
-319.221546,344.6686905,-25.44714452,12709.26091,17.36834072,-12726.6294,2
-230.5405471,245.0653101,-14.52476308,7247.256342,19.131431,-7266.387897,2
-130.1855602,133.0538027,-2.868242511,1418.588605,19.92506112,-1438.513759,2
-23.23802272,14.30582906,8.932193656,-4481.609895,19.70904596,4461.900791,2
84.88681686,-105.1658516,20.27903479,-10154.58482,18.49432342,10136.09048,2
188.7140977,-219.3118356,30.59773786,-15313.08722,16.34240054,15296.74484,2
282.9865643,-322.3523835,39.36581923,-19695.91826,13.3622392,19682.55607,2
362.9307655,-409.070076,46.13931043,-23081.15494,9.704738779,23071.45028,2
424.4987567,-475.073995,50.57523828,-25297.38707,5.555095489,25291.83209,2
464.5730656,-517.0220568,52.44899128,-26232.39658,1.12342501,26231.27329,2
481.1245445,-532.7902371,51.66569267,-25838.83962,-3.365876641,25842.20564,2
473.3151155,-521.58012,48.26500452,-24136.64381,-7.685495311,24144.32944,2
441.5402061,-483.9593255,42.41911944,-21211.99919,-11.61670868,21223.61604,2
387.4087269,-421.8327685,34.42404165,-17212.99407,-14.96046119,17227.95466,2
313.6616051,-338.3462041,24.68459898,-12342.11658,-17.54744315,12359.66413,2
224.0329986,-237.7269431,13.69394448,-6846.001793,-19.24666364,6865.248537,2
123.0612184,-125.0698043,2.008585862,-1002.943425,-19.97208322,1022.915557,2
15.85893272,-6.07913965,-9.779793072,4891.197439,-19.68697052,-4871.510455,2
-92.14571081,113.2200029,-21.07429214,10537.97317,-18.40576205,-10519.56744,2
-195.4839375,226.7869561,-31.30301856,15651.4614,-16.19333129,-15635.26813,2
-288.9232549,328.8712995,-39.94804458,19972.74253,-13.16170381,-19959.58093,2
-367.7323982,414.3040307,-46.57163251,23283.01013,-9.46438487,-23273.54587,2
-427.9208958,478.7592953,-50.83839941,25414.65,-5.288586802,-25409.36157,2
-466.4411259,518.973425,-52.5322991,26259.72737,-0.845749533,-26258.88179,2
-481.3426308,532.9101924,-51.56756158,25775.45204,3.639165576,-25779.09139,2
-471.8708786,519.8639145,-47.99303594,23986.34512,7.93906657,-23994.28437,2
-438.5054678,480.4951848,-41.98971691,20982.99734,11.83622961,-20994.83375,2
-382.9358437,416.7974239,-33.86158028,16917.48209,15.13332335,-16932.61558,2
-307.9757532,331.9959444,-24.02019115,11995.65522,17.66340073,-12013.31877,2
-217.4207726,230.3846372,-12.96386457,6466.731566,19.29835226,-6486.030038,2
-115.8561195,117.1085529,-1.25243346,610.6661097,19.95539282,-630.6215905,2
-8.42448199,-2.096616297,10.52109829,-5276.021475,19.60125347,5256.420169,2
99.43437902,-121.1949614,21.76058233,-10895.26097,18.25386595,10877.00709,2
202.2590705,-234.1559821,31.89691162,-15962.5243,15.98145476,15946.54287,2
294.8431026,-335.2599396,40.41683696,-20221.23249,12.89908265,20208.33346,2
372.4985176,-419.3874727,46.88895515,-23455.74744,9.162824415,23446.5847,2
431.2932624,-482.2788154,50.98555293,-25502.29072,4.96186413,25497.32896,2
468.2502873,-520.7494879,52.49920065,-26257.23637,0.508915893,26256.72758,2
481.498287,-532.8515423,51.35325535,-25682.35801,-3.970546887,25686.3287,2
470.366454,-517.9721956,47.60574158,-23806.76441,-8.249708243,23815.01427,2
435.4184446,-476.8648579,41.44641332,-20725.42555,-12.1118944,20737.53758,2
378.423838,-411.6109839,33.1871459,-16594.36388,-15.36154497,16609.72555,2
302.2685349,-325.5146791,23.24614425,-11622.75416,-17.83411505,11640.58838,2
210.8086304,-222.9353977,12.12676731,-6062.332012,-19.40440696,6081.736496,2
108.6751627,-109.0672033,0.39204061,-194.6473282,-19.99290951,214.6402817,2
1.039621655,10.32423067,-11.36385233,5683.191863,-19.56982404,-5663.62203,2
-106.6479074,129.1935637,-22.54565623,11273.56336,-18.15657329,-11255.40682,2
-208.9347068,241.5218915,-32.5871846,16293.4008,-15.82471664,-16277.57615,2
-300.6415228,341.6215111,-40.97998839,20488.52657,-12.69232673,-20475.83434,2
-377.1248149,424.4239159,-47.29910107,23646.52204,-8.918010915,-23637.60416,2
-434.5118803,485.736437,-51.22455671,25607.4833,-4.692880223,-25602.79057,2
-469.8969465,522.4545378,-52.55759129,26272.11778,-0.23087252,-26271.88708,2
-481.488304,532.719011,-51.23070708,25606.77196,4.242080145,-25611.01422,2
-468.6990286,516.0101189,-47.31109033,23645.13538,8.49949153,-23653.63506,2
-432.1767005,473.1739099,-40.99720934,20486.53475,12.32578924,-20498.86072,2
-373.7706143,406.3793793,-32.60876507,16290.90464,15.52723018,-16306.43204,2
-296.4381401,319.0086434,-22.57050322,11270.68919,17.94171061,-11288.63105,2
-204.0949791,215.4856865,-11.3907074,5680.085134,19.44697427,-5699.532224,2
-101.4168924,101.0523548,0.364537639,-197.8294008,19.96680273,177.8625148,2
6.397053186,-18.49706269,12.10000951,-6065.428415,19.47487473,6045.953493,2
113.887739,-137.109226,23.22148701,-11625.60824,17.99609888,11607.61213,2
215.6124144,-248.7782527,33.16583832,-16596.83125,15.60535251,16581.22592,2
306.4202884,-347.8498233,41.42953497,-20727.38144,12.42369019,20714.95781,2
381.7133383,-429.3074861,47.5941478,-23808.10995,8.612214252,23799.49783,2
437.6791286,-489.0266626,51.34753398,-25683.02526,4.363917395,25678.66146,2
471.4838526,-523.9834948,52.49964224,-26257.19175,-0.106089417,26257.29797,2
481.4158206,-532.4079566,50.99213603,-25501.5367,-4.571469018,25506.10831,2
466.9721311,-513.8734785,46.90134742,-23454.32244,-8.806118542,23463.12871,2
428.8841349,-469.3185469,40.43441197,-20219.20891,-12.59561805,20231.80467,2
369.0804035,-400.9991841,31.91878058,-15960.00488,-15.74808761,15975.75309,2
290.5890764,-312.3747155,21.78563909,-10892.37356,-18.10390307,10910.47756,2
197.3845326,-207.932608,10.54807537,-5272.912561,-19.54377854,5292.456412,2
94.1861492,-92.96124847,-1.224900728,613.8387885,-19.99480643,-593.8439428,2
-13.78066224,26.71783116,-12.93716892,6469.807034,-19.43414907,-6450.372882,2
-121.0490426,145.0447255,-23.99568287,11998.47741,-17.8901951,-11980.58725,2
-222.1874977,256.0279965,-33.84049881,16919.90774,-15.44112199,-16904.46669,2
-312.0749196,354.0480477,-41.97312815,20984.90325,-12.21093761,-20972.69242,2
-386.1598924,434.1416706,-47.9817782,23987.6344,-8.363201099,-23979.27133,2
-440.6911512,492.2533544,-51.56220319,25776.05901,-4.092741106,-25771.96642,2
-472.9075261,525.4406357,-52.53310961,26259.62086,0.384209265,-26260.00524,2
-481.1777532,532.0230891,-50.84533594,25413.83497,4.840961349,-25418.67611,2
-465.0830725,511.6674144,-46.58434193,23281.52739,9.051849215,-23290.57942,2
-425.4384321,465.4043135,-39.96588139,19970.6667,12.80365617,-19983.47053,2
-364.2512238,395.5763013,-31.32507757,15648.89709,15.90641092,-15664.80367,2
-284.6196388,305.719093,-21.09945428,10535.04974,18.20300669,-10553.25289,2
-190.5757926,200.3825748,-9.806782122,4888.062391,19.57715623,-4907.639659,2
-86.88156037,84.90042165,1.98113872,-1006.131879,19.95928006,986.17252,2
21.21253935,-34.87997067,13.66743131,-6849.082753,19.3300295,6829.752681,2
128.2332022,-152.8935669,24.66036464,-12344.93461,17.72126649,12327.21334,2
228.761477,-263.1647927,34.40331567,-17215.40705,15.21445016,17200.19263,2
317.7071521,-360.1101059,42.40295374,-21213.88554,11.93651227,21201.94909,2
390.5664966,-438.8207168,48.25422023,-24137.90862,8.053430016,24129.85528,2
443.6503046,-495.3111431,51.66083845,-25839.41948,3.761821863,25835.65777,2
474.2706976,-526.7210132,52.45031563,-26232.26276,-0.721008176,26232.9839,2
480.8772233,-531.4599002,50.58267689,-25296.54701,-5.168073637,25301.71522,2
463.1353628,-509.2878522,46.15248946,-23079.65184,-9.354198983,23089.00618,2
421.9434684,-461.3275427,39.38407427,-19693.82892,-13.06742128,19706.89648,2
359.3872764,-390.0074239,30.62014751,-15310.51814,-16.11972286,15326.63798,2
278.6342961,-298.9387635,20.30446737,-10151.6668,-18.35655154,10170.02345,2
183.7734245,-192.732789,8.95936448,-4478.491422,-19.66464629,4498.156136,2
79.60790621,-76.76720013,-2.840706079,1421.748878,-19.97777218,-1401.771071,2
-28.58787669,43.08612881,-14.49825212,7250.297629,-19.28007416,-7231.017557,2
-135.3354712,160.7584694,-25.42299813,12712.02844,-17.60687985,-12694.4216,2
-235.2297529,270.2915265,-35.06177364,17530.38861,-15.04291079,-17515.34577,2
-323.2126122,366.139135,-42.92652284,21461.40226,-11.71799256,-21449.68437,2
-394.8290699,443.4480869,-48.61901705,24306.02398,-7.800481084,-24298.22363,2
-446.4528535,498.3038724,-51.85101894,25920.2174,-3.488738065,-25916.72882,2
-475.4700121,527.9288893,-52.45887725,26222.24845,0.99891305,-26223.24754,2
-480.4112727,530.823086,-50.41181328,25196.82387,5.435241768,-25202.2593,2
-461.0264364,506.8399158,-45.81347932,22895.86566,9.595616286,-22905.46146,2
-418.2970473,457.1937575,-38.89671025,19435.88196,13.26937764,-19449.15152,2
-354.3866919,384.3984259,-30.01173406,14992.06775,16.27050634,-15008.33842,2
-272.5314471,292.1398853,-19.60843815,9789.433885,18.4470414,-9807.881063,2
-176.8760228,185.0896123,-8.213589484,4091.413779,19.68877482,-4111.102661,2
-72.26389554,68.66805747,3.595838063,-1813.475459,19.93283194,1793.542553,2
36.00793878,-51.22981736,15.22187858,-7626.241979,19.16685506,7607.075087,2
142.4571763,-168.5330282,26.0758519,-13052.55853,17.42962918,13035.1289,2
241.6937996,-277.3019708,35.60817116,-17817.66562,14.80911812,17802.85654,2
328.6929995,-372.0291705,43.33617099,-21680.28383,11.43801051,21668.84589,2
399.0496041,-447.9181511,48.86854703,-24444.83095,7.48700118,24437.34405,2
449.2011328,-501.1263023,51.92516952,-25971.32517,3.156148044,25968.16914,2
476.6081819,-528.9594494,52.35126757,-26182.47304,-1.335257726,26183.80843,2
479.8830056,-530.0082715,50.12526589,-25067.58317,-5.759795437,25073.34311,2
458.8597844,-504.2196617,45.35987728,-22683.10761,-9.893430236,22693.00118,2
414.6030213,-452.8994168,38.29639544,-19149.78338,-13.52685703,19163.31037,2
349.3536409,-378.6461181,29.29247715,-14646.51905,-16.47609857,14662.99527,2
266.4155212,-285.2195537,18.8040325,-9401.335726,-18.59182107,9419.927641,2
169.9882027,-177.3503427,7.36213997,-3679.821314,-19.76689567,3699.588273,2
64.95424667,-60.50040223,-4.453844445,2228.317438,-19.94182287,-2208.375585,2
-43.36799183,59.4136146,-16.04562277,8023.924126,-19.10774524,-8004.816388,2
-149.4936568,176.3199064,-26.82624961,13413.54037,-17.30689597,-13396.23352,2
-248.049115,284.2989669,-36.24985192,18124.26495,-14.63046033,-18109.63457,2
-334.0440476,377.8833167,-43.8392691,21917.57209,-11.2139586,-21906.35825,2
-403.1241334,452.3343472,-49.21021382,24601.3891,-7.230384026,-24594.15886,2
-451.7915281,503.8822584,-52.09073026,26039.82189,-2.88144337,-26036.94061,2
-477.5819765,529.916941,-52.33496452,26160.03595,1.612656426,-26161.64879,2
-479.1895888,529.1201387,-49.93054986,24955.94428,6.024358342,-24961.96883,2
-456.5329642,501.5321971,-44.99923288,22488.51561,10.13027755,-22498.64607,2
-410.7593124,448.5500214,-37.79070894,18882.68724,13.72251239,-18896.40993,2
-344.1863652,372.8563442,-28.66997892,14321.03895,16.61917146,-14337.65828,2
-260.1850189,278.2838864,-18.09886754,9034.548087,18.67358355,-9053.221803,2
-163.0086502,169.6212892,-6.612639029,3290.89412,19.7817243,-3310.675947,2
-57.57774822,52.37064247,5.207105754,-2619.095184,19.88748348,2599.207632,2
50.76923277,-67.53111126,16.76187849,-8396.169736,18.98550604,8377.184198,2
156.5461839,-184.0127915,27.46660762,-13747.80954,17.12146331,13730.68808,2
254.3971288,-291.176392,36.77926321,-18403.03631,14.38974046,18388.64661,2
339.3674215,-383.595724,44.22830248,-22126.13441,10.92865727,22115.20582,2
407.154623,-456.5911691,49.43654614,-24728.58615,6.913464459,24721.67278,2
454.3263536,-506.4666304,52.14027674,-26078.61737,2.547469839,26076.07002,2
478.4940905,-530.6966824,52.20259195,-26107.86976,-1.94825604,26109.81816,2
478.4341093,-528.0544458,49.62033647,-24814.86214,-6.346073737,24821.20836,2
454.1494471,-498.673709,44.52426189,-22265.06548,-10.42330136,22275.48892,2
406.8697487,-444.0421548,37.17240607,-18587.58778,-13.97348996,18601.5614,2
338.9890039,-366.9260314,27.9370275,-13968.63676,-16.81687704,13985.45375,2
253.9443288,-271.230085,17.28575617,-8642.091277,-18.8094887,8660.900855,2
156.0419287,-161.7998439,5.757915233,-2877.658985,-19.85042977,2897.509474,2
50.23905498,-44.17626762,-6.062787355,3032.780239,-19.88699253,-3012.893221,2
-58.10700347,75.68481818,-17.57781471,8789.953508,-18.9173256,-8771.036194,2
-163.5101845,191.7142922,-28.2041077,14102.3485,-16.99052767,-14085.35802,2
-260.6334375,298.0370455,-37.40360792,18700.97408,-14.20416138,-18686.77,2
-344.558963,389.2694651,-44.71050209,22352.98054,-10.6993133,-22342.28135,2
-411.0372233,460.7920316,-49.75480832,24873.44991,-6.653450072,-24866.7966,2
-456.7021166,508.9832267,-52.28111002,26134.75914,-2.271432414,-26132.48788,2
-479.2414182,531.402907,-52.16148882,26073.04232,2.22485789,-26075.26736,2
-477.513859,526.9158607,-49.40200165,24691.42444,6.607752904,-24698.03237,2
-451.6069133,495.7492874,-44.14237409,22059.86319,10.65532642,-22070.5187,2
-402.8323696,439.481295,-36.64892538,18311.60669,14.16263111,-18325.7695,2
-333.6599087,360.9609922,-27.30108346,13636.44651,16.95207596,-13653.39874,2
-247.5920523,264.1642251,-16.57217276,8271.107602,18.88241851,-8289.99015,2
-148.9868142,153.9922618,-5.005447645,2487.261905,19.85591663,-2507.11792,2
-42.83703361,36.02361849,6.813415128,-3422.227732,19.82327765,3402.40439,2
65.48243494,-83.76840683,18.2859719,-9158.136519,18.78615427,9139.350337,2
170.4868757,-199.3181898,28.83131407,-14430.02887,16.7970609,14413.23182,2
266.8594281,-304.7749103,37.91548223,-18970.96449,13.95671457,18957.00782,2
349.7203039,-394.7988068,45.07850296,-22551.01482,10.40893519,22540.60596,2
414.8738737,-464.8315531,49.9576794,-24988.90535,6.333363303,24982.57209,2
459.0211109,-511.3270673,52.30595632,-26161.19442,1.936363993,26159.25818,2
479.9266366,-531.9310663,52.00442963,-26008.52362,-2.559422279,26011.08318,2
476.5319074,-525.6002744,49.06836706,-24538.62338,-6.926353015,24545.54987,2
449.0088139,-492.655249,43.64643506,-21825.92156,-10.94331027,21836.86501,2
398.7509779,-434.764149,36.01317116,-18007.7748,-14.40689687,18022.18183,2
328.3031859,-354.8582688,26.55508287,-13277.51356,-17.14173536,13294.65541,2
241.2325356,-256.9836125,15.75107697,-7874.652844,-19.00934819,7893.662278,2
141.9478167,-146.096027,4.148210293,-2072.764491,-19.91516942,2092.679715,2
35.4762738,-27.81026349,-7.666010313,3834.375045,-19.8133331,-3814.561692,2
-72.79094634,91.88432252,-19.09337618,9547.659955,-18.70899563,-9528.950976,2
-177.3717736,206.9270405,-29.55526687,14777.80019,-16.65807469,-14761.14217,2
-272.9707969,311.4927453,-38.52194844,19259.96954,-13.76441783,-19246.20521,2
-354.7473955,400.2867918,-45.53939629,22767.21504,-10.17454427,-22757.04062,2
-418.5608419,468.8131264,-50.25228454,25121.94861,-6.070225847,-25115.87854,2
-461.1799662,513.601944,-52.42197782,26204.9392,-1.659283161,-26203.28008,2
-480.446765,532.3853795,-51.93861449,25961.34997,2.834937402,-25964.18508,2
-475.3856711,524.2123406,-48.82666944,24403.51496,7.184872707,-24410.70002,2
-446.2529512,489.496666,-43.24371482,21610.31456,11.17026545,-21621.485,2
-394.5237296,429.996171,-35.4724414,17723.18141,14.5893168,-17737.7709,2
-322.8172962,348.7236408,-25.90634468,12938.93905,17.26890442,-12956.20811,2
-234.7644793,249.7942797,-15.02980035,7499.835789,19.07334842,-7518.909263,2
-134.8238005,138.2173386,-3.393538133,1681.278573,19.91128152,-1701.189949,2
-28.05571859,19.64247437,8.41324422,-4222.112135,19.74027531,4202.371801,2
80.13360447,-99.92631921,19.79271474,-9911.420365,18.56898868,9892.851354,2
184.2660428,-214.434721,30.16867821,-15098.57013,16.45672933,15082.11341,2
279.0688893,-318.084641,39.01575166,-19520.91205,13.51045076,19507.40165,2
359.7418374,-405.6278042,45.88596685,-22954.5225,9.879336732,22944.64325,2
422.2000424,-472.6314954,50.43145305,-25225.54192,5.747247382,25219.79478,2
463.2809565,-515.7030078,52.42205129,-26218.97808,1.323409554,26217.6548,2
480.9044629,-532.6614313,51.75696841,-25884.52874,-3.168177339,25887.69706,2
474.1782021,-522.6480828,48.46988066,-24239.12861,-7.500083431,24246.62884,2
443.4427557,-486.1699842,42.72722854,-21366.09193,-11.45296424,21377.54503,2
390.2544014,-425.0741905,34.81978912,-17410.89383,-14.82666707,17425.72063,2
317.3063118,-342.4542644,25.14795266,-12573.80431,-17.45036572,12591.25478,2
228.2921859,-242.4936349,14.20144903,-7099.747582,-19.19121013,7118.938873,2
127.7192208,-130.2537712,2.534550369,-1265.900475,-19.96105326,1285.861578,2
20.67989092,-11.41789668,-9.261994243,4632.342339,-19.72091435,-4612.621409,2
-87.40590738,107.9967785,-20.59087115,10296.32553,-18.4829527,-10277.8426,2
-191.0652902,221.943737,-30.87844687,15439.25543,-16.309852,-15422.94564,2
-285.0495033,324.6533172,-39.60381383,19800.72169,-13.31164633,-19787.41014,2
-364.5996915,410.9248578,-46.3251663,23159.8831,-9.640148688,-23150.24308,2
-425.6878606,476.3900317,-50.70217109,25346.64976,-5.481263935,-25341.16865,2
-465.2208341,517.7340343,-52.51320016,26250.29556,-1.045575603,-26249.25016,2
-481.1968747,532.8634274,-51.66655269,25825.06472,3.442316931,-25828.50722,2
-472.8070416,521.0121399,-48.20509834,24092.48864,7.75517095,-24100.24399,2
-440.4761508,482.7802573,-42.30410651,21140.29565,11.67460675,-21151.97044,2
-385.8412649,420.1036366,-34.2623717,17117.96893,15.0021652,-17132.97126,2
-311.668801,336.1558851,-24.48708409,12229.17748,17.56935667,-12246.74699,2
-221.714454,235.1876657,-13.47321169,6721.463426,19.24619242,-6740.70974,2
-120.5330286,122.3114664,-1.778437767,873.7077933,19.94776654,-893.6556493,2
-13.24780851,3.242731312,10.0050772,-5017.990506,19.63855514,4998.351897,2
94.70885933,-115.9895387,21.28067938,-10655.30754,18.33421505,10636.97331,2
197.8706294,-229.3480623,31.47743291,-15752.79988,16.10079109,15736.69911,2
291.0139441,-331.0929731,40.07902901,-20052.35791,13.0513719,20039.30659,2
369.4225265,-416.0724556,46.64992912,-23336.27513,9.340363703,23326.93486,2
429.1261873,-479.9836055,50.85741821,-25438.27163,5.155672065,25433.11607,2
467.101854,-519.5903056,52.48845167,-26251.91361,0.70918732,26251.20456,2
481.4266429,-532.8870856,51.46044276,-25736.00262,-3.773944399,25739.77671,2
471.3752236,-519.200668,47.82544437,-23916.66163,-8.066721352,23924.7285,2
437.4565461,-479.2240594,41.76751331,-20886.01229,-11.95178034,20897.96421,2
381.3880698,-414.9814605,33.59339068,-16797.51042,-15.23240282,16812.74294,2
306.008801,-329.7257712,23.71697017,-11858.17577,-17.74247565,11875.91835,2
215.1355409,-227.7738815,12.63834065,-6318.109718,-19.3549022,6337.464698,2
113.3696228,-114.2880872,0.918464425,-457.8314475,-19.9880378,477.8195307,2
5.863925955,4.985300972,-10.84922693,5425.92604,-19.60982383,-5406.316206,2
-101.9380389,124.0069196,-22.06888073,11035.24088,-18.23941097,-11017.00149,2
-204.5777596,236.7501535,-32.17239396,16086.0875,-15.94618952,-16070.14137,2
-296.8581123,337.5062913,-40.648179,20322.71816,-12.84627585,-20309.87199,2
-374.1065159,421.1735835,-47.06706759,23530.61266,-9.096632888,-23521.51616,2
-432.4115265,483.5155682,-51.10404169,25547.34044,-4.887122357,-25542.45348,2
-468.8208916,521.3755822,-52.55469059,26270.78525,-0.430891208,-26270.35453,2
-481.4910367,532.8365979,-51.34556119,25664.31571,4.046421006,-25668.36231,2
-469.7804137,517.318291,-47.53787727,23758.64017,8.318107297,-23766.95847,2
-434.2819857,475.6064251,-41.32443946,20650.25181,12.16787247,-20662.41986,2
-376.7932023,409.8130651,-33.01986281,16496.54268,15.40078515,-16511.94363,2
-300.2249865,323.2696329,-23.04464643,11507.83429,17.85314805,-11525.68758,2
-208.4543414,220.358223,-11.90388163,5936.72802,19.40078674,-5956.128924,2
-106.1280392,106.289716,-0.161676841,65.31473694,19.96533715,-85.2801589,2
1.572666073,-13.1600719,11.58740583,-5809.10875,19.51821352,5789.590487,2
109.1943894,-131.9428454,22.748456,-11389.09321,18.08205585,11371.01115,2
211.2877451,-244.0440833,32.75633811,-16392.09824,15.72958346,16376.36868,2
302.6832744,-343.7875812,41.10430683,-20564.79854,12.57991298,20552.21868,2
378.7531987,-426.1228646,47.36966592,-23695.91101,8.792526811,23687.11857,2
435.6457459,-486.8809172,51.23517129,-25626.89294,4.559197894,25622.33386,2
470.4801831,-522.9852777,52.50509456,-26259.96981,0.094279291,26259.87566,2
481.4926817,-532.6078153,51.11513367,-25563.086,-4.376149472,25567.46229,2
468.1256278,-515.2612966,47.13566881,-23571.52797,-8.625729865,23580.15385,2
431.0558572,-471.824056,40.76819872,-20386.13753,-12.43928593,20398.57696,2
372.1603839,-404.4955218,32.33513789,-16168.20574,-15.62371965,16183.82958,2
294.4213581,-316.6848494,22.26349126,-11131.30601,-18.01778837,11149.32389,2
201.7750663,-212.8382992,11.06323289,-5530.479864,-19.50026926,5549.980206,2
98.91261879,-98.21410252,-0.698516275,350.6769389,-19.99609743,-330.6808007,2
-8.957582939,21.38378738,-12.42620444,6214.37422,-19.48016676,-6194.894049,2
-116.3735716,139.899576,-23.52600447,11763.70585,-17.97860116,-11745.72729,2
-217.8963787,251.3322609,-33.43588212,16717.6835,-15.56743181,-16702.11614,2
-308.3854351,350.0394895,-41.65405439,20825.46435,-12.36874731,-20813.09571,2
-383.2588611,431.0232583,-47.76439719,23879.05245,-8.544511828,-23870.50807,2
-438.7254689,490.1829845,-51.45751556,25723.8305,-4.288364043,-25719.54229,2
-471.9767276,524.5231374,-52.54640979,26266.38884,0.184187632,-26266.57321,2
-481.3289722,532.3049163,-50.9759441,25479.25523,4.646677258,-25483.9021,2
-466.3086552,513.1342936,-46.82563841,23402.28588,8.873148384,-23411.15922,2
-427.6763248,467.9819667,-40.30564186,20140.64734,12.64959527,-20153.29712,2
-367.3881147,399.1342067,-31.74609199,15859.49146,15.78479898,-15875.27642,2
-288.4966957,310.0770941,-21.58039839,10775.59295,18.12000969,-10793.7131,2
-194.9967054,205.3200025,-10.32329711,5146.373105,19.53698492,-5165.910203,2
-91.62248089,90.16726811,1.455212774,-743.134645,19.96397671,723.1705882,2
16.39166271,-29.55039356,13.15873085,-6594.717284,19.37936452,6575.337876,2
123.5764696,-147.7711235,24.19465389,-12112.08212,17.81275002,12094.26937,2
224.5046772,-258.5088593,34.00418209,-17015.85947,15.34345818,17000.51604,2
314.0658235,-356.1564372,42.0906137,-21057.74839,12.09652073,21045.65193,2
387.7250132,-435.7695085,48.04449531,-24033.08937,8.236345154,24024.85311,2
441.7525409,-493.3168953,51.56435438,-25791.22713,3.958390051,25787.26886,2
473.4127429,-525.8847072,52.4719642,-26243.13904,-0.520731883,26243.6599,2
481.1025168,-531.8238851,50.72136833,-25365.94271,-4.974221944,25370.91707,2
464.4324936,-510.8337011,46.40120755,-23204.05465,-9.176579286,23213.23138,2
424.2467537,-463.9769853,39.73023163,-19866.94128,-12.91501908,19879.85644,2
362.5800871,-393.62631,31.04622297,-15523.57608,-16.00024677,15539.57645,2
282.5549622,-303.3438554,20.78889312,-10393.88374,-18.27604298,10412.15988,2
188.2234214,-197.7010396,9.477618193,-4737.604303,-19.62717357,4757.231546,2
84.36190695,-82.04704733,-2.314859619,1158.858616,-19.98522451,-1138.873356,2
-23.77059234,37.76202492,-13.99143258,6996.93982,-19.33206599,-6977.607754,2
-130.6988278,155.6596895,-24.96086175,12481.03024,-17.70077039,-12463.32951,2
-231.0085282,265.6762424,-34.66771415,17333.44501,-15.17393771,-17318.27115,2
-319.6205495,362.2410364,-42.62048693,21308.48391,-11.87951315,-21296.6045,2
-392.0480551,440.4645495,-48.41649436,24204.87232,-7.984308621,-24196.88815,2
-444.6237054,496.3859632,-51.76225775,25875.9527,-3.685556296,-25872.26731,2
-474.685352,527.1737176,-52.48836558,26237.11051,0.799078148,-26237.90976,2
-480.7108348,531.2688864,-50.55805164,25270.05864,5.242516964,-25275.30134,2
-462.3950556,508.4641122,-46.0690566,23023.76341,9.419768332,-23033.18336,2
-420.6654271,459.9141061,-39.24867902,19611.96511,13.11931874,-19625.08461,2
-357.6349135,388.0771796,-30.44226614,15207.41888,16.15384286,-15223.57289,2
-276.4950412,296.5907685,-20.09572734,10033.14726,18.36968877,-10051.51709,2
-181.3542973,190.087253,-8.73295571,4351.147541,19.65465796,-4370.802308,2
-77.03009786,73.95939877,3.070699089,-1550.874348,19.94368654,1530.930586,2
31.19514035,-45.9127038,14.71756345,-7374.071747,19.22213971,7354.849568,2
137.8414729,-163.4593756,25.61790278,-12823.58924,17.52655275,12806.06269,2
237.5089025,-272.728685,35.21978251,-17623.49256,14.94278113,17608.54981,2
325.1508063,-368.1878214,43.03701509,-21530.7404,11.60165319,21519.13882,2
396.3294692,-445.0032471,48.6737779,-24347.49074,7.672345737,24339.81849,2
447.4407862,-499.2854418,51.8446556,-25931.11849,3.353817826,25927.76479,2
475.8967548,-528.2858468,52.38909202,-26201.43725,-1.135263457,26202.57265,2
480.2565178,-530.5360377,50.27951985,-25144.75955,-5.567595118,25150.32729,2
460.2993202,-505.9220767,45.62275652,-22814.58987,-9.71874766,22824.30876,2
417.0356872,-455.6902827,38.65459554,-19328.91548,-13.37852899,19342.29415,2
352.6562565,-382.3841237,29.72786716,-14864.23223,-16.36162739,14880.59397,2
270.4208567,-289.7154297,19.29457297,-9646.607673,-18.51699477,9665.124762,2
174.4934464,-182.3764453,7.882998946,-3940.234292,-19.73549486,3959.969852,2
69.73127407,-65.80223997,-3.9290341,1965.947825,-19.95542932,-1945.992365,2
-38.56106688,54.10449514,-15.54342826,7772.88135,-19.1656618,-7753.715693,2
-144.9002343,171.2723273,-26.372093,13186.53437,-17.40618186,-13169.12823,2
-243.9017842,279.7685071,-35.86672289,17932.78857,-14.76608005,-17918.02257,2
-330.5528103,374.0993712,-43.54656088,21771.31916,-11.3790369,-21759.94023,2
-400.4657702,449.4885114,-49.02274121,24507.76355,-7.416554041,-24500.34714,2
-450.1006474,502.1186269,-52.0179795,26003.56291,-3.079270255,-26000.4838,2
-476.9441984,529.3248114,-52.38061295,26182.97798,1.413197752,-26184.39135,2
-479.6372102,529.7294899,-50.09227972,25036.92414,5.833375586,-25042.7577,2
-458.043323,503.3121717,-45.26884867,22623.43139,9.957449238,-22633.38903,2
-413.2559354,451.4104878,-38.1545524,19064.70603,13.57659782,-19078.28281,2
-347.5428399,376.6524605,-29.1096206,14540.94278,16.50756715,-14557.4505,2
-264.2313946,282.8234346,-18.59203999,9281.200679,18.60194872,-9299.802762,2
-167.5400433,174.6744076,-7.134364274,3551.804803,19.75369436,-3571.558602,2
-62.36471643,57.68146498,4.683251441,-2357.139041,19.90448589,2337.234485,2
45.96907264,-62.23149928,16.26242664,-8146.433701,19.04668808,8127.386979,2
151.975883,-178.9927372,27.01685416,-13522.94041,17.22373525,13505.71668,2
250.2880995,-286.6900871,36.40198761,-18214.42179,14.52793197,18199.89389,2
335.9277198,-379.8703342,43.94261431,-21983.32642,11.09577928,21972.23071,2
404.5584138,-453.8153313,49.25691747,-24638.81724,7.101062975,24631.71628,2
452.7050919,-504.7809013,52.07580938,-26046.43448,2.746054075,26043.68855,2
477.9298651,-530.1864217,52.25655654,-26134.90397,-1.748733136,26136.65284,2
478.9554864,-528.7454933,49.7900069,-24899.7461,-6.155706748,24905.90195,2
455.7300239,-500.5310772,44.80105333,-22403.50263,-10.25172126,22413.75449,2
409.4294901,-446.9717997,37.54230964,-18772.56993,-13.82937647,18786.39944,2
342.3982952,-370.7796149,28.38131965,-14190.79892,-16.70751909,14207.50655,2
258.0305387,-275.8124854,17.78194669,-8890.185869,-18.74041542,8908.926375,2
160.5981504,-166.8790365,6.280886075,-3139.125347,-19.82513047,3158.950538,2
55.03458272,-49.49507246,-5.539510264,2771.179843,-19.90674005,-2751.273076,2
-53.31499255,70.3957135,-17.08072095,8541.4636,-18.98111186,-8522.482498,2
-158.9643352,186.7226963,-27.75836106,13879.54976,-17.09511468,-13862.45469,2
-256.5639304,293.5957026,-37.03177225,18515.14631,-14.34424524,-18500.80215,2
-341.1718591,385.6032579,-44.43139878,22213.53156,-10.86779274,-22202.66389,2
-408.5040305,458.0865938,-49.58256331,24787.43915,-6.841786014,-24780.5975,2
-455.1511054,507.3755439,-52.2244385,26106.5402,-2.470080358,-26104.07029,2
-478.7511265,530.9743804,-52.22325397,26104.04254,2.025964585,-26106.06869,2
-478.1091156,527.6881853,-49.57906966,24780.07262,6.418693306,-24786.4915,2
-453.2575808,497.6833536,-44.42577281,22201.66916,10.48568167,-22212.15502,2
-405.4548702,442.4791689,-37.02429867,18499.38863,14.02099928,-18513.4098,2
-337.1214563,364.8708743,-27.74941806,13860.69463,16.84563671,-13877.54042,2
-251.7173757,268.7881368,-17.07076107,8520.46568,18.81656952,-8539.28238,2
-153.5670324,159.0960698,-5.529037454,2749.102267,19.83400032,-2768.936368,2
-47.64023209,41.34889014,6.29134195,-3161.164789,19.84641192,3141.318311,2
60.69946121,-78.4913179,17.79185669,-8911.071334,18.8531759,8892.218129,2
165.9663077,-194.3564902,28.39018254,-14209.47301,16.90458445,14192.56843,2
262.8301599,-300.3798372,37.54967727,-18788.08724,14.09930379,18773.98798,2
346.3863529,-391.1929062,44.80655331,-22415.07761,10.57937832,22404.49831,2
412.4040502,-462.1974117,49.79336151,-24906.79283,6.523038182,24900.2699,2
457.5404703,-509.798067,52.25759672,-26137.06584,2.135674679,26134.93029,2
479.5101475,-531.5846308,52.07448336,-26043.60223,-2.360559635,26045.96293,2
477.2006553,-526.4539486,49.25329332,-24631.13451,-6.737999576,24637.87265,2
450.728934,-494.6658106,43.93687655,-21971.18245,-10.77499507,21981.95759,2
401.4353694,-437.8297972,36.39442784,-18198.43175,-14.26713432,18212.69902,2
331.8159225,-358.8237788,27.00785631,-13503.91423,-17.03759411,13520.95194,2
245.3957481,-261.6481956,16.25244752,-8125.335038,-18.94609322,8144.281218,2
146.5506993,-151.2234969,4.672797605,-2335.036524,-19.89599545,2354.932575,2
40.28575806,-33.1409959,-7.144762165,3573.791704,-19.83920283,-3553.95248,2
-68.01838996,86.620244,-18.60185404,9301.958332,-18.77859099,-9283.179756,2
-172.8778048,201.9961572,-29.11835242,14559.41978,-16.76786357,-14542.65197,2
-268.9829693,307.1447276,-38.16175832,19079.96644,-13.90883296,-19066.05769,2
-351.4676343,396.7417965,-45.27416223,22634.70212,-10.34626505,-22624.35598,2
-416.1552198,466.25065,-50.09543021,25043.63411,-6.260549113,-25037.3737,2
-459.7702941,512.1517332,-52.38143912,26184.78701,-1.858563792,-26182.92862,2
-480.1044242,532.1208619,-52.01643772,26000.37899,2.636798072,-26003.01597,2
-476.127999,525.1469067,-49.0189077,24499.74745,6.997915555,-24506.74555,2
-448.0423635,491.5829913,-43.54062783,21758.87631,11.00396515,-21769.88046,2
-397.2696231,433.1286119,-35.85898873,17916.54854,14.45210206,-17931.00082,2
-326.3806368,352.7435841,-26.36294729,13167.31898,17.16773123,-13184.48686,2
-238.9648418,254.4981737,-15.53333198,7751.663057,19.01334782,-7770.676531,2
-139.4485041,143.3670004,-3.918496285,1943.800492,19.89549976,-1963.696088,2
-32.87059635,24.97714939,7.893446961,-3962.189778,19.76951967,3942.420198,2
75.37234898,-94.67675344,19.30440447,-9667.260155,18.64178654,9648.618345,2
179.7994908,-209.5360775,29.7365867,-14882.53654,16.56940276,14865.96715,2
275.1231999,-313.784964,38.66176405,-19343.94538,13.65730275,19330.28812,2
356.5167959,-402.1448095,45.62801354,-22825.5849,10.05293964,22815.53204,2
419.8589446,-470.1415463,50.28260175,-25151.16361,5.938819059,25145.2249,2
461.9423397,-514.3321851,52.3898454,-26202.9267,1.523257995,26201.40357,2
480.6361045,-532.4791495,51.84304501,-25927.61855,-2.970163224,25930.58886,2
474.9936871,-523.6635748,48.66988766,-24339.1793,-7.313921855,24346.49336,2
445.3007892,-488.3318342,43.03104501,-21518.03897,-11.28807326,21529.32718,2
393.0608995,-428.2729373,35.21203778,-17607.04496,-14.69138773,17621.73648,2
320.9191653,-346.5279438,25.60877851,-12804.229,-17.35153968,12821.58065,2
232.5284563,-247.235981,14.70752468,-7352.779883,-19.13383325,7371.9138,2
132.364403,-135.4246602,3.060257221,-1528.729704,-19.94802264,1548.677778,2
25.49877464,-16.75550583,-8.743268802,4373.022929,-19.75288163,-4353.270031,2
-82.65732761,102.7627138,-20.10538623,10053.64497,-18.55829107,-10035.0867,2
-186.62746,217.0782385,-30.45077847,15225.50024,-16.42473858,-15209.07556,2
-281.1471338,320.4027442,-39.25561042,19626.71378,-13.46025573,-19613.25361,2
-361.4303807,407.5044334,-46.07405268,23034.43177,-9.814947965,-23024.61694,2
-423.4120886,473.9729445,-50.56085594,25276.10568,-5.673394041,-25270.43244,2
-463.9538368,516.4426694,-52.48883257,26238.22919,-1.245299948,-26236.98406,2
-481.0028092,532.7631694,-51.76036015,25872.08553,3.245119468,-25875.33083,2
-473.6957375,522.1080621,-48.41232459,24196.21423,7.570493541,-24203.78491,2
-442.4026124,485.0168648,-42.61425238,21295.4724,11.51180861,-21306.98439,2
-388.7079497,423.3676764,-34.6597267,17316.73801,14.86949772,-17331.60768,2
-315.3305585,340.2820805,-24.95152195,12461.47278,17.47354556,-12478.94648,2
-225.9858757,239.9670851,-13.98120942,6975.521248,19.19209719,-6994.713468,2
-125.1978358,127.5021025,-2.304266742,1136.6625,19.93813444,-1156.600726,2
-18.0698035,8.581755005,9.488048491,-4759.455041,19.67388203,4739.781103,2
89.97383332,-110.7724702,20.79863684,-10414.28368,18.41272032,10395.87094,2
193.4623255,-224.5171165,31.05479094,-15541.49328,16.21850781,15525.27479,2
287.155572,-326.8927663,39.73719428,-19881.46953,13.20234766,19868.26723,2
366.3094503,-412.7156669,46.40621666,-23214.45934,9.516962064,23204.94246,2
426.9160333,-477.640208,50.72417465,-25371.69805,5.348959179,25366.3492,2
465.9065294,-518.3789595,52.47243011,-26243.95467,0.909384313,26243.04542,2
481.3066695,-532.8691303,51.5624608,-25787.06284,-3.57696628,25790.63994,2
472.336673,-520.3770157,48.04034271,-24024.1571,-7.882927874,24032.04017,2
439.4507325,-481.5351496,42.08441701,-21044.50154,-11.79046967,21056.29214,2
384.3140153,-418.3102751,33.99625979,-16998.9699,-15.10173472,17014.07176,2
343.2062311,-36.29708153,-306.9091496,18651.87595,-14.87029949,19.42780591,2
317.4485727,95.54115037,-412.9897231,21400.22102,-15.66609405,16.71137442,2
275.5613617,222.5248808,-498.0862426,23061.18408,-15.65058727,13.16152453,2
219.6729125,338.2019903,-557.8749028,23550.37061,-14.82456794,8.958625358,2
152.6229505,436.6948555,-589.317806,22842.92474,-13.23000744,4.31622784,2
77.81832474,512.9989948,-590.8173195,20974.79223,-10.94792723,-0.529785909,2
-0.940097023,563.237349,-562.297252,18040.89401,-8.094282041,-5.333187913,2
-79.65055209,584.8572774,-505.2067253,14190.3032,-4.814068159,-9.849915323,2
-154.313715,576.7602583,-422.4465433,9618.670648,-1.273956089,-13.8504714,2
-221.1359057,539.3577062,-318.2218005,4558.283738,2.346178084,-17.13158638,2
-276.7218486,474.5500672,-197.8282185,-733.736231,5.862392303,-19.52654573,2
-318.2471886,385.6302562,-67.38306762,-5988.498549,9.096024747,-20.91366102,2
-343.6019982,277.1163423,66.48565592,-10939.00559,11.88277175,-21.22245298,2
-351.4979844,154.5219824,196.9760019,-15333.71911,14.08103614,-20.43723259,2
-341.5339473,24.07626971,317.4576776,-18949.34109,15.57912194,-18.59789827,2
-314.2161658,-107.592771,421.8089368,-21602.15961,16.30090963,-15.79790857,2
-270.9326726,-233.7949567,504.7276293,-23157.38335,16.20972389,-12.17953356,2
-213.8827281,-348.1178787,562.0006068,-23535.99047,15.31019704,-7.926625914,2
-145.9650742,-444.7527206,590.7177948,-22718.74371,13.64803373,-3.255279323,2
-70.63064757,-518.7894082,589.4200558,-20747.16787,11.30768859,1.597151404,2
8.292764294,-566.466093,558.1733287,-17721.43989,8.408075108,6.384110462,2
86.79501548,-585.3602939,498.5652785,-13795.29884,5.096523512,10.8623687,2
160.8873595,-574.5119854,413.6246259,-9168.234297,1.541294862,14.80438224,2
226.8051199,-534.4723765,307.6672566,-4075.350177,-2.07696841,18.00985411,2
281.1989757,-467.2759037,186.076928,1224.581019,-5.57442104,20.31591149,2
321.3051424,-376.3368601,55.03171771,6462.266608,-8.77335623,21.60538132,2
345.0858016,-266.2759131,-78.80988852,11371.57664,-11.51123503,21.81274398,2
351.3326438,-142.6853255,-208.6473184,15703.06614,-13.64894504,20.92746236,2
339.7282632,-11.84480914,-327.8834541,19236.64951,-15.07786879,18.99451726,2
310.8622852,119.5975508,-430.459836,21792.78327,-15.72540269,16.11212189,2
266.2014076,244.9630892,-511.1644968,23241.58874,-15.55864601,12.4267316,2
208.0148763,357.8819077,-565.896784,23509.45123,-14.58607263,8.125602391,2
139.2591838,452.6165336,-591.8757174,22582.7605,-12.85710044,3.427276335,2
63.42784819,524.3534435,-587.7812917,20508.60225,-10.45958043,-1.429522693,2
-15.62609494,569.447642,-553.8215471,17392.36572,-7.515332889,-6.198018709,2
-93.88586729,585.607866,-491.7219987,13392.38874,-4.173957676,-10.63592246,2
-167.3750429,572.0130046,-404.6379617,8711.912568,-0.605232932,-14.51774227,2
-232.3595927,529.353821,-296.9942283,3588.754988,3.009511432,-17.64624146,2
-285.5376126,459.7978539,-174.2602412,-1716.773282,6.486607221,-19.86245997,2
-324.2070957,366.8792836,-42.67218792,-6935.095166,9.649380244,-21.05379131,2
-346.4032223,255.3193586,91.08386368,-11801.0646,12.33712724,-21.1597041,2
-350.9981938,130.7865055,220.2116883,-16067.43875,14.41328131,-20.17481775,2
-337.7585371,-0.391686708,338.1502238,-19517.44059,15.77235095,-18.1491758,2
-307.3569671,-131.5499753,438.9069424,-21975.77346,16.34528016,-15.18570323,2
-261.3382057,-256.0241291,517.3623347,-23317.52798,16.10295718,-11.43497674,2
-202.0404938,-367.4895414,569.5300353,-23474.5288,15.05769374,-7.087573894,2
-132.4767839,-460.282588,592.7593719,-22438.79861,13.26259942,-2.364389715,2
-56.1816497,-529.6883983,585.870048,-20262.96349,10.80888318,2.494587083,2
22.96830721,-572.1804216,549.2121144,-17057.57893,7.821218962,7.242468086,2
100.95143,-585.5996126,484.6481826,-12985.51243,4.451410897,11.63800972,2
173.8053494,-569.2641342,395.4587848,-8253.668128,0.870680094,15.457871,2
237.8283141,-524.0040019,286.1756878,-3102.473883,-2.739035232,18.50796158,2
289.7672787,-452.1189101,162.3516313,2206.335041,-6.194324143,20.63330365,2
326.9831934,-357.2613834,30.27818999,7403.014878,-9.319622202,21.72590641,2
347.5850952,-244.2511898,-103.3339054,12223.51921,-11.956132,21.73025317,2
350.526189,-118.8304449,-231.695744,16422.91532,-13.96989177,20.64612219,2
335.6570361,12.62814785,-348.285184,19787.82937,-15.25858202,18.52859792,2
303.7331471,143.4450986,-447.1782457,22147.28806,-15.7567245,15.48527216,2
256.3765939,266.9735196,-523.3501135,23381.40588,-15.43900915,11.67077722,2
195.9935914,376.9368575,-572.930449,23427.47657,-14.32158015,7.278928993,2
125.6522362,467.7478094,-593.4000456,22283.15925,-12.46121559,2.532879035,2
48.92661472,534.7922161,-583.7188308,20006.59736,-9.952442589,-2.326223895,2
-30.2847982,574.6635111,-544.3787129,16713.46439,-6.922734263,-7.051486748,2
-107.9572231,585.3358101,-477.3785869,12571.08639,-3.526032778,-11.40281697,2
-180.1440776,566.2668471,-386.1227695,7789.940089,0.065072562,-15.15912175,2
-243.1775042,518.4255275,-275.2480234,2612.958389,3.668114675,-18.12954188,2
-293.8547367,444.2426976,-150.3879609,-2696.81316,7.100019965,-20.16314941,2
-329.6008345,347.4876314,-17.88679689,-7869.581879,10.1864104,-21.15661642,2
-348.599517,233.0765119,115.5230051,-12642.51628,12.77046377,-21.05946512,2
-349.8854498,106.8226367,243.0628131,-16773.10071,14.7208819,-19.87663274,2
-333.3932937,-24.85895906,358.2522528,-20051.45769,15.93856202,-17.66822057,2
-299.9610253,-155.2774545,455.2384797,-22311.01193,16.3616322,-14.54644025,2
-251.287358,-277.8062075,529.0935655,-23436.95413,15.96859513,-10.6699122,2
-189.8454302,-386.2194587,576.0648889,-23372.07448,14.77942039,-6.235606027,2
-118.7571431,-475.0086658,593.7658089,-22119.66956,12.85452981,-1.468832367,2
-41.63453518,-539.6623958,581.296931,-19743.37482,10.29172736,3.388205261,2
37.60374752,-576.8955539,539.2918064,-16363.9312,7.221229717,8.088716973,2
114.9315603,-584.8163011,469.8847408,-12153.05028,3.799049834,12.39386606,2
186.4198306,-563.0221794,376.6023488,-7324.689435,0.199069864,16.08490444,2
248.4361966,-512.6205613,264.1843647,-2124.180573,-3.395793914,18.97428733,2
297.8295693,-436.1723831,138.3428138,3184.235328,-6.802885178,20.91520258,2
332.090242,-337.5620227,5.471780686,8330.834473,-9.849088442,21.80903023,2
349.4774092,-221.7999316,-127.6774776,13054.11507,-12.37962515,21.61035348,2
349.1076186,-94.76805123,-254.3395674,17114.08441,-14.26591809,20.32926633,2
330.9996594,37.07905242,-368.0787118,20304.453,-15.41212443,18.03086069,2
296.0736079,167.0421489,-463.1157568,22463.11631,-15.76000561,14.83191905,2
246.1040777,288.5177353,-534.621813,23480.39135,-15.29188645,10.89498066,2
183.6300507,395.3335642,-578.9636148,23304.58979,-14.03155322,6.420082851,2
111.8258695,482.0622592,-593.8881287,21944.64419,-12.04304507,1.634596968,2
34.33994776,544.2970833,-578.6370311,19469.65421,-9.427400166,-3.218324463,2
-44.8906084,578.8758477,-533.9852393,16005.37559,-6.317521848,-7.892102479,2
-121.8400469,584.0415848,-462.2015379,11727.83039,-2.871425766,-12.1492605,2
-192.5985206,559.5318202,-366.9332996,6854.36325,0.735789008,-15.77349066,2
-253.570749,506.5919098,-253.0211608,1632.59797,4.320836862,-18.58064453,2
-301.6586966,427.9117623,-126.2530657,-3672.144427,7.701558502,-20.42808983,2
-334.4189859,327.4891631,6.929822867,-8790.326795,10.70617657,-21.22195764,2
-350.1870471,210.4266447,139.7604024,-13461.89122,13.18202375,-20.92191195,2
-348.1616954,82.67222401,265.4894714,-17449.4727,15.00329991,-19.54319913,2
-328.4458402,-49.28282027,377.7286605,-20550.45983,16.07746404,-17.15587332,2
-292.041256,-178.7337731,470.7750291,-22607.2896,16.34993637,-13.88123683,2
-240.7976815,-299.103154,539.9008355,-23515.45325,15.80687153,-9.885676818,2
-177.3188335,-404.2749225,581.593756,-23228.80643,14.47586213,-5.372210956,2
-104.8301103,-488.9052379,593.7353482,-21761.91385,12.42453668,-0.570172042,2
-27.01470761,-548.693983,575.7086906,-19189.30919,9.757123404,4.27644456,2
52.17352742,-580.6032559,528.4297285,-15641.70804,6.609154301,8.921378468,2
128.710993,-583.0117273,454.3007343,-11299.36614,3.140578708,13.12861692,2
198.7087745,-555.7970213,357.0882468,-6382.920488,-0.472363829,16.68438671,2
258.6102428,-500.3419334,241.7316906,-1142.178637,-4.046098394,19.40801617,2
305.3717682,-419.46417,114.0924018,4156.574178,-7.399042253,21.16111517,2
336.6173696,-317.2731787,-19.34419088,9244.105147,-10.36083118,21.85460679,2
350.7594391,-198.9613451,-151.7980941,13861.91377,-12.78097576,21.45325344,2
347.0794099,-70.54016441,-276.5392455,17775.36642,-14.53650787,19.97744724,2
325.7642662,61.46520606,-387.2294723,20785.61823,-15.53822871,17.50217389,2
287.8970435,190.3474943,-478.2445377,22739.71649,-15.73524113,14.15320264,2
235.4017979,309.5581138,-544.9599117,23538.3723,-15.11753566,10.10069584,2
170.9458444,413.0399015,-583.9857459,23141.00548,-13.71649915,5.55056291,2
97.8042286,495.5348858,-593.3391144,21567.80647,-11.60331996,0.733997945,2
19.69331995,552.8514469,-572.5447668,18898.71047,-8.885370871,-4.104267382,2
-59.41801947,582.077296,-522.6592765,15269.33585,-5.700753357,-8.718398791,2
-135.510095,581.7274502,-446.2173551,10864.0933,-2.211280611,-12.87395038,2
-204.7166227,551.8196853,-347.1030625,5906.815845,1.405744303,-16.35977697,2
-263.5211774,493.8736328,-230.3524554,649.385732,4.966537315,-18.99876249,2
-308.9358643,410.8335665,-101.8977021,-4641.063863,8.290171535,-20.65681941,2
-338.653136,306.9188018,31.7343342,-9695.72202,11.20777025,-21.24970173,2
-351.1630401,187.4093104,163.7537297,-14257.75852,13.57108766,-20.74728563,2
-345.8299409,58.37744124,287.4524996,-18095.37356,15.26004133,-19.17510006,2
-322.9248162,-73.62061903,396.5454353,-21013.57561,16.18881364,-16.6130296,2
-283.6114894,-201.8779697,485.4894592,-22864.08907,16.31021226,-13.19125547,2
-229.8874941,-319.877778,549.7652721,-23552.88825,15.61806798,-9.083640948,2
-164.4825788,-421.6244027,586.1069814,-23044.97483,14.14754822,-4.498897278,2
-90.72000637,-501.9480367,592.6680431,-21366.15621,11.9733701,0.330021079,2
-12.34769752,-556.7673882,569.1150857,-18601.73417,9.206004049,5.157753,2
66.65220374,-583.2970528,516.6448491,-14892.17064,5.986060744,9.738997645,2
142.265665,-580.1890425,437.9233775,-10425.95078,2.477146571,13.84097834,2
210.650721,-547.6012771,336.9505561,-5430.005894,-1.142449295,17.2552701,2
268.3326859,-487.1895606,218.8568747,-158.1829382,-4.68881388,19.80838984,2
312.3807045,-402.0234484,89.64274389,5121.6536,-7.981755131,21.37061111,2
340.5566705,-296.4302819,-44.12638866,10141.23206,-10.85395759,21.86255564,2
351.4289462,-175.7753131,-175.6536331,14645.50465,-13.15948379,21.25922654,2
344.4451047,-46.18909354,-298.2560111,18405.60657,-14.78118941,19.59127845,2
319.9599992,85.74402332,-405.7040225,21230.4848,-15.63667549,16.94345993,2
279.2177325,213.3204366,-492.5381691,22976.60558,-15.68247513,13.45030733,2
224.2884437,330.0579123,-554.346356,23555.24746,-14.91626208,9.289308961,2
157.9631229,430.0249491,-587.988072,22937.00931,-13.37696894,4.671886756,2
83.61179942,508.142162,-591.7539614,21153.30417,-11.14280898,-0.167346174,2
5.012308605,560.4403684,-565.452677,18294.76317,-8.327302076,-4.982506385,2
-73.84166227,584.2622652,-510.4206029,14506.63051,-5.073506682,-9.528933579,2
-148.9434956,578.3974474,-429.4539518,9981.38347,-1.546750952,-13.57562195,2
-216.4772223,543.1439101,-326.6666878,4948.952574,2.073767676,-16.91695771,2
-273.0114131,480.2929064,-207.2814934,-334.9613444,5.604087619,-19.38316647,2
-315.6735318,393.0379338,-77.36440196,-5601.879448,8.864830342,-20.84893957,2
-342.2958907,285.8124696,56.48342111,-10584.18647,11.69031469,-21.23980108,2
-351.5257918,164.0647041,187.4610877,-15028.72839,13.93697524,-20.53589198,2
-342.8942581,33.98071426,308.9135439,-18709.67537,15.49065698,-18.77297919,2
-316.8398632,-97.82985435,414.6697176,-21439.99629,16.27241553,-16.04063825,2
-274.6864465,-224.6696276,499.3560741,-23080.9619,16.24252841,-12.47770193,2
-218.5758483,-340.0938006,558.669649,-23549.19376,15.40251335,-8.265206039,2
-151.359082,-438.2376018,589.5966838,-22820.90071,13.79505116,-3.617190909,2
-76.4514716,-514.1142858,590.5657574,-20933.08777,11.50181709,1.230174141,2
2.340882127,-563.8685127,561.5276306,-17981.67584,8.639330886,6.030590701,2
81.01449244,-584.9722405,503.9577481,-14116.62793,5.353036323,10.54014584,2
155.571906,-576.353176,420.78127,-9534.329446,1.809911143,14.52970548,2
222.2248158,-538.4492591,316.2244433,-4467.609722,-1.810017199,17.79655682,2
277.5865476,-473.1864106,195.5998629,826.0881761,-5.322818831,20.17470829,2
318.8441385,-383.8806749,65.03653633,6077.788282,-8.550007055,21.54332371,2
343.9012656,-275.06973,-68.8315356,11020.64856,-11.32760736,21.83286203,2
351.4847612,-152.2823254,-199.2024358,15403.51932,-13.51448907,21.02861075,2
341.2093033,-21.75736279,-319.4519405,19003.70427,-14.99953627,19.17143348,2
313.5969941,109.8731062,-423.4701003,21638.27585,-15.70729368,16.35569362,2
270.0508316,235.9208585,-505.9716901,23173.36991,-15.60180059,12.72445973,2
212.7834224,349.9813321,-562.7647545,23530.98738,-14.68841802,8.462236089,2
144.7045579,446.259046,-590.9636039,22692.95751,-13.01355634,3.785587966,2
69.27336614,519.8620717,-589.1354378,20701.86112,-10.66231714,-1.067862228,2
-9.677448884,567.0505953,-557.3731464,17658.86699,-7.754169167,-5.851508659,2
-88.13634886,585.4269397,-497.2905908,13718.59149,-4.436878009,-10.32229226,2
-162.11679,574.0573917,-411.9406017,9081.242376,-0.878998085,-14.25305073,2
-227.8597818,533.519645,-305.6598632,3982.44615,2.738691732,-17.44406073,2
-282.0248832,465.8734467,-183.8485634,-1318.724297,6.232373594,-19.73318603,2
-321.8599332,374.5559407,-52.69600754,-6552.913312,9.424530567,-21.00411567,2
-345.3408888,264.2070244,81.13386437,-11454.16861,12.15296638,-21.19227385,2
-351.2746686,140.4335924,210.8410762,-15773.45447,14.27904672,-20.288101,2
-339.3597738,9.524646954,329.8351268,-19291.30537,15.6947433,-18.33753958,2
-310.2016072,-121.8682498,432.069857,-21828.97722,16.32812288,-15.43969967,2
-265.2817129,-247.0689459,512.3506588,-23257.52937,16.1470022,-11.74182313,2
-206.8824977,-359.7159189,566.5984165,-23504.37623,15.16058324,-7.43180217,2
-137.9712606,-454.0855085,592.0567691,-22556.97536,13.41898569,-2.72863242,2
-62.04942313,-525.3827392,587.4321624,-20463.46478,11.01070031,2.128714359,2
17.02538072,-569.984956,552.9595753,-17330.217,8.058092664,6.893432582,2
95.23531269,-585.6258935,490.3905809,-13316.43423,4.711185656,11.32342318,2
168.6064792,-571.5108263,402.9043471,-8626.05917,1.140036783,15.19359478,2
233.4108472,-528.3569493,294.9461021,-3497.412599,-2.473902597,18.30730077,2
286.3556679,-458.356937,172.0012691,1808.915879,-5.947006916,20.50633099,2
324.7507832,-365.0675321,40.31674886,7023.30853,-9.102806517,21.67895053,2
346.6453142,-253.228825,-93.4164892,11880.81894,-11.78095419,21.76557699,2
350.9267866,-128.5234077,-222.403379,16134.63408,-13.8453725,20.76180795,2
337.3776564,2.712362808,-340.0900192,19568.61507,-15.19116797,18.71864464,2
306.6863628,133.8103182,-440.496681,22008.27926,-15.74996079,15.73990053,2
260.4123489,258.1092928,-518.5216417,23329.66585,-15.49335922,11.97692652,2
200.9068251,369.2935811,-570.2004062,23465.63441,-14.43440219,7.620920689,2
131.1933028,461.7138426,-592.9071454,22409.27629,-12.62689681,2.893213428,2
54.81396788,530.6741485,-585.4881164,20214.26568,-10.16268437,-1.9659785,2
-24.35029987,572.6705842,-548.3202844,16992.13238,-7.16697383,-6.70975752,2
-102.2771165,585.5692857,-483.2921692,12906.59493,-3.791979911,-11.09709025,2
-175.0069737,568.7148621,-393.7078884,8165.241931,-0.209188932,-14.90505457,2
-238.8444238,522.9636968,-284.119273,3008.98438,3.399354488,-17.94016641,2
-290.5458477,450.6404341,-160.0945864,-2300.185184,6.850297236,-20.04821078,2
-327.484265,355.4198622,-27.93559717,-7492.504668,9.968293981,-21.12207758,2
-347.7828126,242.1401956,105.642617,-12304.1492,12.59491658,-21.10720387,2
-350.4101091,116.5572421,233.8528671,-16490.63624,14.59670391,-20.00434626,2
-335.2326601,-14.94805314,350.1807132,-19839.24787,15.87194308,-17.86954251,2
-303.0216407,-145.6938271,448.7154678,-22179.83911,16.35583759,-14.81126414,2
-255.4137122,-269.0368085,524.4505208,-23393.48312,16.02379959,-10.98490499,2
-194.8278622,-378.7098666,573.5377288,-23418.51392,14.89269929,-6.584885562,2
-124.3424939,-469.1404474,593.4829413,-22253.65968,13.0200077,-1.834774348,2
-47.53901121,-535.7337189,583.2727301,-19958.10734,10.50087656,3.024071765,2
31.68015478,-575.106037,543.4258822,-16648.49529,7.463303569,7.744771013,2
109.2898307,-585.2568705,475.9670398,-12492.98691,4.061628777,12.08746095,2
181.3466224,-565.6704496,384.3238272,-7702.72606,0.468692463,15.83148602,2
244.189281,-517.341972,273.152691,-2521.108775,-3.132946978,18.78660919,2
294.6247333,-442.7270367,148.1023034,2788.583863,-6.560288945,20.80267798,2
330.0903237,-345.6168733,15.52654956,7956.563188,-9.639188993,21.77725385,2
348.7840243,-230.9457075,-117.8383168,12720.24107,-12.21320722,21.66081715,2
349.7559969,-104.54005,-245.2159469,16837.57218,-14.15155707,20.4592832,2
332.956855,27.17735188,-360.1342069,20099.35245,-15.35575069,18.2337018,2
299.2401731,157.5138579,-456.754031,22339.84888,-15.76460313,15.09715518,2
250.319116,279.846992,-530.166108,23445.22049,-15.35734121,11.20901228,2
188.6793919,387.9609343,-576.6403262,23359.30269,-14.15465901,6.766831098,2
117.4529522,476.3623504,-593.8153026,22086.46102,-12.2176664,1.996320644,2
40.25885502,540.5595114,-580.8183664,19691.36933,-9.644783978,-2.860127463,2
-38.98062122,577.290521,-538.3098998,16295.72367,-6.56674231,-7.55575506,2
-116.2392712,584.6890545,-468.4497833,12072.05882,-3.139939397,-11.85197537,2
-187.5915367,562.3791881,-374.7876515,7234.981741,0.461505994,-15.53049575,2
-249.4119661,511.4944995,-262.0825334,2030.267217,4.054601404,-18.40440924,2
-298.5594264,434.6204701,-136.0610437,-3277.630083,7.456778642,-20.32769145,2
-332.5367057,335.6631156,-3.126409847,-8419.012711,10.49517018,-21.20262014,2
-349.617398,219.6505185,129.9668796,-13132.64393,13.01539268,-20.98474055,2
-348.9336232,92.47734842,256.4562748,-17179.02131,14.88939125,-19.68512413,2
-330.5201242,-39.39464946,369.9147736,-20352.54598,16.02194605,-17.36980606,2
-295.3125019,-169.2649798,464.5774818,-22491.96925,16.35551043,-14.15642993,2
-245.0996769,-290.5348533,535.6345302,-23488.58575,15.87313493,-10.20827017,2
-182.4329928,-397.0424749,579.4754677,-23291.75678,14.59932848,-5.72593603,2
-110.4965815,-483.3761284,593.8727099,-21911.48334,12.5988131,-0.937178482,2
-32.94557531,-545.149149,578.0947243,-19417.89796,9.973235316,3.914681954,2
46.27961272,-579.2228126,532.9431999,-15937.7012,6.856001451,8.583118459,2
123.1535032,-583.8658158,460.7123126,-11647.72395,3.405499175,12.83092409,2
193.7700876,-558.8422449,365.0721573,-6765.942527,-0.202950278,16.44226443,2
254.5412949,-505.4235625,250.8822676,-1540.403166,-3.786000283,19.23364421,2
302.3793036,-426.3240039,123.9447003,3763.38134,-7.161594775,21.06323089,2
334.8534357,-325.5626652,-9.290770546,8875.922518,-10.15821863,21.83806117,2
350.3136612,-208.2592904,-142.0543708,13537.44909,-12.62361244,21.51876461,2
347.9744366,-80.3741344,-267.6003022,17511.10608,-14.43250894,20.12156396,2
327.9546194,51.59488131,-379.5495007,20594.98961,-15.49299785,17.71745095,2
291.2714284,180.9423319,-472.2137603,22632.4057,-15.75119597,14.42857912,2
239.7887586,301.0959957,-540.8847543,23519.83202,-15.19398493,10.42205716,2
176.1224754,405.950793,-582.0732684,23212.17791,-13.84967783,5.90145796,2
103.5075008,490.1789887,-593.6864894,21725.07545,-11.78658057,1.096475005,2
25.6334451,549.5008975,-575.1343426,19134.08522,-9.109521214,-3.748748515,2
-53.54286409,580.9023378,-527.3594737,15570.85699,-5.954523616,-8.388024767,2
-129.998431,582.7877834,-452.7893524,11216.44052,-2.481895949,-12.58563022,2
-199.8485025,555.0614338,-355.2129313,6292.086319,1.131914635,-16.12828289,2
-259.5439545,499.1320815,-239.588127,1048.003792,4.703287397,-18.83597936,2
-306.0516253,417.8415303,-111.789905,-4249.352085,8.050757889,-20.57114083,2
-337.0084322,315.3202019,21.68823026,-9330.819481,11.00423827,-21.24560356,2
-350.8414413,196.7772666,154.0641747,-13938.20599,13.41365957,-20.82509859,2
-346.8477891,68.23596203,278.6118271,-17837.40753,15.1565968,-19.33099291,2
-325.2303956,-63.772451,389.0028466,-20830.30334,16.14448942,-16.8392038,2
-287.0876534,-192.5405458,479.6281992,-22764.82258,16.32714114,-13.47634142,2
-234.3576182,-311.5255383,545.8831564,-23542.67117,15.69527048,-9.413275733,2
-169.7195347,-414.6817295,584.4012642,-23124.32615,14.28098231,-4.856454402,2
-96.45770268,-496.7676915,593.2253942,-21531.04389,12.15613659,-0.037413137,2
-18.29459989,-553.6125874,571.9071873,-18843.78,9.42869717,4.798988807,2
60.79825955,-582.3280938,521.5298342,-15199.07599,6.237246015,9.407010068,2
136.80212,-581.4551586,444.6530386,-10782.12144,2.743941823,13.55251344,2
205.8551797,-551.0381363,345.1829566,-5817.344471,-0.873719379,17.02486254,2
264.4488112,-492.6225339,228.1737227,-557.0083706,-4.431922911,19.64762434,2
309.605837,-409.1764833,99.57064632,4731.606026,-7.749875172,21.28753387,2
339.0318014,-304.9399283,-34.09187307,9779.781048,-10.65898987,21.86126546,2
351.2315536,-185.209191,-166.0223626,14331.0159,-13.011454,21.33966659,2
345.5852168,-56.06786174,-289.517355,18154.0596,-14.6877383,19.74923913,2
322.3796847,75.92231088,-398.3019956,21054.66101,-15.60267061,17.17079277,2
282.7940444,204.054827,-486.8488715,22885.43883,-15.70976353,13.73533906,2
228.839666,321.8191967,-550.6588627,23553.37015,-15.00357646,9.617434569,2
163.2580038,423.2317416,-586.4897454,23024.51698,-13.51999204,5.026311625,2
89.38130141,503.1396295,-592.5209309,21325.75066,-11.33439295,0.195247062,2
10.96327838,557.4826926,-568.445971,18543.38652,-8.557831628,-4.63029071,2
-68.01159849,583.4997273,-515.4881289,14818.79817,-5.331387687,-9.205114096,2
-143.5305683,579.8687925,-436.3382242,10341.23417,-1.818999531,-13.29677445,2
-211.756467,546.7743782,-335.0179112,5338.20224,1.800865435,-16.69737294,2
-269.2226956,485.8980313,-216.6753357,63.90942953,5.344278847,-19.23412399,2
-313.0093606,400.3329156,-87.32355494,-5213.654275,8.631196888,-20.77813462,2
-340.8916354,294.426646,46.46498946,-10226.3327,11.49460843,-21.25095362,2
-351.4528048,173.5603835,177.8924213,-14719.42863,13.78902095,-20.62855764,2
-344.1562494,43.87541552,300.2808339,-18464.64518,15.39785313,-18.94257187,2
-319.3727117,-88.03888693,407.4115987,-21271.68564,16.23935837,-16.27866313,2
-278.3614581,-215.479879,493.8413371,-22997.92261,16.27077845,-12.77218711,2
-223.2062949,-331.9722074,555.1785024,-23555.64494,15.49051603,-8.601310832,2
-156.7096892,-431.5968271,588.3065163,-22916.51443,13.93821586,-3.977959896,2
-82.25037337,-509.2917513,591.5421247,-21113.00568,11.6927504,0.862949585,2
-3.611669916,-561.1092544,564.7209243,-18236.75605,8.868212222,5.675447219,2
75.21074142,-584.4164578,509.2057164,-14433.90951,5.608116966,10.21500624,2
150.2118466,-578.0291087,427.8172621,-9897.690972,2.078111171,14.25096805,2
217.5807945,-542.2717521,324.6909575,-4858.588424,-1.542444304,17.57826213,2
273.8945284,-478.9612406,205.0667122,427.3583127,-5.069587717,20.0278258,2
316.2917138,-391.3144194,75.02270568,5691.567114,-8.324103649,21.47519438,2
342.618124,-283.7846761,-58.83344793,10666.56037,-11.14062905,21.84682534,2
351.5360986,-161.8356614,-189.7004372,15099.5557,-13.37605542,21.12383499,2
342.5925097,-31.66367794,-310.9288318,18765.30994,-14.91680026,19.34295805,2
316.2417866,100.1171577,-416.3589443,21477.56393,-15.68457826,16.59468106,2
273.8228252,226.8109822,-500.6338074,23098.50641,-15.640379,13.01864474,2
217.4909584,341.9804063,-559.4713647,23545.77632,-14.78644914,8.796548774,2
150.1084422,439.7736025,-589.8820447,22796.64762,-13.16617822,4.142919513,2
75.09902264,515.2216398,-590.3206624,20889.18398,-10.86189401,-0.705790222,2
-3.726026689,564.4909581,-560.7649314,17920.30477,-7.990679456,-5.503215458,2
-82.36155774,585.0781539,-502.7165961,14040.86054,-4.698423527,-10.00559702,2
-156.812052,575.9371793,-419.1251273,9447.968163,-1.15240858,-13.98416706,2
-223.2946352,537.5324927,-314.2378575,4374.995267,2.467189384,-17.23677294,2
-278.4312875,471.8154595,-193.384172,-920.2973506,5.976455568,-19.59814867,2
-319.4204823,382.1252013,-62.70471895,-6168.852695,9.197081199,-20.94831221,2
-344.1795343,273.0189341,71.16060021,-11103.98852,11.9654235,-21.21866182,2
-351.450421,150.0404127,201.4100083,-15474.94761,14.14082049,-20.39546174,2
-340.8637044,19.43824962,321.4254548,-19059.63891,15.61273809,-18.52054014,2
-312.9573019,-112.1515809,425.1088828,-21675.92211,16.30638642,-15.68916379,2
-269.1491546,-238.0429205,507.1920751,-23190.86227,16.18651995,-12.0451975,2
-211.6651808,-351.8391549,563.5043356,-23527.4844,15.25922832,-7.773794242,2
-143.4261756,-447.7582289,591.1844045,-22668.6845,13.5716269,-3.091987469,2
-67.89940381,-520.926437,588.8258408,-20658.09872,11.2094629,1.762336538,2
11.07757388,-567.6260586,556.5484847,-17597.88613,8.292758421,6.542525787,2
89.49188986,-585.4842578,495.992368,-13643.53796,4.969712125,11.00569512,2
163.3592657,-573.593649,410.2343832,-8995.977017,1.409169132,14.92506735,2
228.9264557,-532.5584009,303.6319452,-3891.348657,-2.207958084,18.10149595,2
282.8619516,-464.4635392,181.6015877,1410.97789,-5.697881972,20.3735838,2
322.4252584,-372.7690048,50.34374637,6641.588232,-8.883278257,21.62588387,2
345.6061408,-262.1338518,-83.47228902,11534.71192,-11.6022959,21.79476518,2
351.2267643,-138.1795189,-213.0472455,15841.7264,-13.71678082,20.87164589,2
339.0015416,-7.204199942,-331.7973416,19343.7897,-15.11929564,18.90342938,2
309.5516435,124.1371704,-433.6888139,21862.95986,-15.73857859,15.99012101,2
264.3734371,249.1710583,-513.5444954,23271.23635,-15.54316437,12.27974688,2
205.762454,361.544417,-567.3068711,23497.06379,-14.54298296,7.960832437,2
136.6967536,455.5474886,-592.2442423,22528.96776,-12.78885503,3.252823444,2
60.68560554,526.4039207,-587.0895263,20416.1378,-10.36990971,-1.605064213,2
-18.40881825,570.5134554,-552.1046372,17265.92806,-7.409055936,-6.36599922,2
-96.56768259,585.6348609,-489.0671783,13238.4026,-4.056737301,-10.78807649,2
-169.8196887,570.9998094,-401.1801207,8538.202395,-0.483287984,-14.64660849,2
-234.4428583,527.3519167,-292.9090584,3404.147448,3.12972206,-17.74554178,2
-287.1536492,456.9089584,-169.7553092,-1902.897831,6.598712771,-19.92741857,2
-325.2737946,363.2501834,-37.9763888,-7113.279286,9.747421797,-21.08137726,2
-346.8663871,251.1344504,95.73193668,-11962.25431,12.41586049,-21.14878539,2
-350.834294,126.258427,224.575867,-16203.44356,14.46844303,-20.1262188,2
-336.9759037,-5.032861151,342.0087649,-19621.34969,15.80087562,-18.06563557,2
-305.9953693,-136.0684249,442.0637942,-22042.30681,16.34545569,-15.07173606,2
-259.4668303,-260.1902686,519.657099,-23343.30465,16.07451197,-11.29664296,2
-199.7544298,-371.091687,570.8461168,-23458.23872,15.00181041,-6.932171894,2
-129.8921906,-463.1377124,593.029903,-22381.26916,13.18185477,-2.200085134,2
-53.42985504,-531.651431,585.0812861,-20167.11743,10.70711724,2.659176283,2
25.74747971,-573.1516198,547.40414,-16928.28591,7.703339859,7.398709493,2
103.6167658,-585.5296291,481.9128633,-12829.34157,4.323145515,11.7776951,2
176.221418,-568.1565249,391.935107,-8078.554236,0.738283056,15.57363334,2
239.8723503,-521.9150452,282.0426948,-2917.314255,-2.869099357,18.59364944,2
291.3354208,-449.1547471,157.8193263,2392.132671,-6.315709309,20.68429369,2
327.99576,-353.5726251,25.57686517,7580.01036,-9.426423333,21.73933834,2
347.9906339,-240.0252642,-107.9653696,12382.71963,-12.04318503,21.70517507,2
350.304091,-114.282074,-236.022017,16556.23196,-14.03303603,20.58353884,2
334.8185832,17.26785878,-352.086442,19888.48866,-15.29487165,18.4314198,2
302.3209384,147.940403,-450.2613414,22210.17579,-15.76457812,15.35816754,2
254.4623815,271.0960082,-525.5583897,23403.32702,-15.41829023,11.51993497,2
193.6746343,380.4770643,-574.1516986,23407.31763,-14.27360391,7.111744124,2
123.0463589,470.5258542,-593.572213,22221.94485,-12.38868222,2.357576944,2
46.16622018,536.6669448,-582.833165,19907.43819,-9.859300019,-2.501005354,2
-33.05945581,575.5396676,-542.4802118,16581.39912,-6.813977576,-7.217136162,2
-110.605165,585.1688763,-474.5637114,12412.82568,-3.407450405,-11.55118692,2
-182.5307633,565.065305,-382.5345418,7613.525589,0.187192954,-15.28294277,2
-245.1816679,516.2504282,-271.0687603,2427.354169,3.787305664,-18.22279184,2
-295.3745489,441.2045591,-145.8300102,-2882.176099,7.209962988,-20.22135951,2
-330.5590759,343.7408233,-13.18174746,-8045.284797,10.2812568,-21.17709823,2
-348.9475018,228.8114118,120.1360901,-12799.63127,12.84513198,-21.04144721,2
-349.6054999,102.2559568,247.3495431,-16903.64432,14.77131562,-19.82129983,2
-332.4996367,-29.495183,361.9948197,-20148.79659,15.96193634,-17.5786534,2
-298.4990715,-159.7476532,458.2467247,-22370.19993,16.35649713,-14.42745898,2
-249.3313935,-281.8832475,531.214641,-23454.98351,15.93494928,-10.52783154,2
-187.4948417,-389.6961832,577.191025,-23348.02883,14.71871102,-6.077914353,2
-116.1313687,-477.7084203,593.839789,-22054.77031,12.7695793,-1.303811258,2
-38.86699519,-541.4480043,580.3149995,-19640.9192,10.18658984,3.55190183,2
40.37242958,-577.6762886,537.303859,-16229.12471,7.100985013,8.242502344,2
117.5607029,-584.5524924,466.9917895,-11992.74217,3.66954541,12.52965719,2
188.7758422,-561.7272315,372.9513893,-7147.024721,0.066623686,16.19553257,2
250.3993637,-510.3602714,259.9609077,-1938.18617,-3.524714395,19.0538623,2
299.300139,-433.0615979,133.7614588,3369.109272,-6.921991641,20.95941205,2
332.9934907,-333.7588031,0.765312397,8505.194739,-9.952591206,21.81535883,2
349.7674391,-217.4975215,-132.2699176,13209.10265,-12.46252736,21.57821059,2
348.7696899,-90.18505869,-258.5846312,17241.82462,-14.32426959,20.26001611,2
330.0509393,41.70976277,-371.7607021,20398.45563,-15.4432225,17.92775276,2
294.5622983,171.4852879,-466.0475862,22518.60536,-15.76253228,14.69992338,2
244.106966,292.5475443,-536.6545103,23494.54774,-15.26597545,10.74053503,2
181.2486081,398.7452861,-579.9938943,23276.69455,-13.97878322,6.250765753,2
109.1810955,484.6825425,-593.863638,21876.11504,-11.96635944,1.458742537,2
31.56622168,545.9927897,-577.5590114,19363.97349,-9.330957425,-3.392049912,2
-47.65235503,579.5608174,-531.9084623,15867.91334,-6.20648438,-8.05514079,2
-124.4494912,583.6810139,-459.2315226,11565.57149,-2.751697506,-12.29359653,2
-194.9230784,558.1440295,-363.2209512,6675.552507,0.857862555,-15.89205951,2
-255.4923112,504.2474139,-248.7551027,1446.321203,4.438791041,-18.66769055,2
-303.0796306,424.7296863,-121.6500556,-3856.422045,7.809137977,-20.47945905,2
-335.2670965,323.6311902,11.63590632,-8963.24167,10.79765316,-21.23530882,2
-350.4192443,206.0888008,144.3304435,-13614.6571,13.2524875,-20.89683556,2
-347.7661843,78.07491752,269.6912668,-17574.32713,15.04890854,-19.48123817,2
-327.4427202,-53.90599748,381.3487177,-20641.05855,16.09563819,-17.06044487,2
-290.4814993,-183.1479147,473.629414,-22659.02888,16.33949065,-13.75745851,2
-238.7605435,-303.0839748,541.8445183,-23525.70385,15.76807477,-9.740106653,2
-174.9078255,-407.6201546,582.5279801,-23197.04719,14.4104237,-5.212514246,2
-102.1677403,-491.444908,593.6126484,-21689.75812,12.33551964,-0.404731843,2
-24.23625533,-550.2990492,574.5353045,-19080.42292,9.648788876,4.438953376,2
54.92688398,-581.1921637,526.2652797,-15501.62346,6.486744952,9.072429988,2
131.299351,-582.554554,451.255203,-11135.2007,3.010052371,13.2602674,2
201.0006148,-554.3169962,353.3163814,-6203.015195,-0.60463688,16.78967819,2
260.4891124,-497.9142575,237.4251451,-955.6742471,-4.173659121,19.48133004,2
306.7421974,-416.2121949,109.4699975,4340.201602,-7.515671039,21.1984576,2
337.409723,-313.3621393,-24.04758364,9415.525723,-10.46086385,21.85381174,2
350.9334536,-194.5899637,-156.3434899,14012.41785,-12.85959139,21.41409264,2
346.6262405,-65.93055357,-280.6956869,17897.30715,-14.58997373,19.90164183,2
324.7069356,66.07882924,-390.7857649,20872.80005,-15.56408994,17.39330696,2
286.2892721,194.7307088,-481.0199809,22787.70999,-15.73244545,14.01653717,2
233.3252744,313.4882059,-546.8134803,23544.73923,-15.08648685,9.942907279,2
168.506075,416.3171808,-584.8232559,23105.42267,-13.65903655,5.379400004,2
95.12517639,497.9928317,-593.1180081,21492.08225,-11.522625,0.557889014,2
16.91110597,554.3651697,-571.2762757,18786.69277,-8.785805393,-4.276642697,2
-62.16203241,582.5698825,-520.4078501,15126.71668,-5.58763803,-8.878550541,2
-138.0764852,581.1738718,-443.0973866,10698.11957,-2.090624561,-13.01400969,2
-206.9749934,550.2480696,-343.2730762,5725.921127,1.527548813,-16.47289586,2
-265.3567825,491.3638345,-226.007052,462.7617236,5.083039684,-19.07946182,2
-310.2554389,407.5131098,-97.25767094,-4823.934346,8.39519058,-20.70126729,2
-339.3896348,302.9564013,36.43323356,-9865.546881,11.29570828,-21.25590821,2
-351.2790444,183.0062979,168.2727465,-14405.90852,13.63721488,-20.71520381,2
-345.3195595,53.75753639,291.5620231,-18214.32077,15.3007362,-19.10662849,2
-321.8139852,-78.22267609,400.0366612,-21097.27592,16.20174685,-16.51191579,2
-281.9566538,-206.2283458,488.1849995,-22908.28927,16.29446511,-13.06290549,2
-227.7727403,-323.7554278,551.528168,-23555.34216,15.57417905,-8.934844741,2
-162.0153618,-424.8323005,586.8476623,-23005.55744,14.07748599,-4.337483659,2
-88.02569016,-504.3231875,592.3488777,-21286.87,11.88043296,0.495582212,2
-9.563185069,-558.1891091,567.7522941,-18486.60738,9.094652692,5.318781025,2
69.38542653,-583.6931053,514.3076788,-14747.0526,5.861691505,9.887042285,2
144.8087183,-579.539303,434.7305847,-10258.21469,2.345817249,13.96824903,2
212.8743876,-545.9387593,333.0643718,-5248.174178,-1.274327243,17.35503181,2
270.1239768,-484.598738,214.4747613,28.50575767,-4.814801104,19.87530531,2
313.6485999,-398.6359623,84.98736242,5303.713848,-8.095711582,21.40101205,2
341.2367448,-292.4182526,-48.81849227,10309.41361,-10.95035449,21.85462907,2
351.4866413,-171.3425942,-180.1440471,14791.26243,-13.23368457,21.21310697,2
343.8774858,-41.56091415,-302.3165717,18521.53488,-14.82968528,19.50904098,2
318.7959043,90.33250258,-409.1284069,21310.69359,-15.65726372,16.82901486,2
277.5163068,217.6360724,-495.1523792,23017.01972,-15.67437099,13.30920147,2
222.1361345,333.8814244,-556.0175589,23553.81383,-14.88013869,9.128443769,2
155.4692872,433.1620626,-588.6313498,22893.80108,-13.3149231,4.499167702,2
80.90314731,510.4334783,-591.3366256,21070.51713,-11.05825461,-0.343411309,2
2.226465185,561.7694643,-563.9959295,18176.60411,-8.224796737,-5.15323979,2
-76.56314977,584.5616085,-507.9984587,14359.10349,-4.958520032,-9.685928337,2
-151.46235,577.6518282,-426.1894783,9811.984776,-1.425386818,-13.7111692,2
-218.6654621,541.3912138,-322.7257517,4766.289787,2.195081439,-17.02443833,2
-274.7578557,477.6221885,-202.8643328,-521.606682,5.718925729,-19.45738742,2
-316.8894427,389.584895,-72.69545235,-5783.023438,8.96709656,-20.88639773,2
-342.9194918,281.752561,61.16693082,-10750.62474,11.77455158,-21.23886126,2
-351.5254006,159.6042119,191.9211887,-15172.00377,13.99864146,-20.49686999,2
-342.2698978,29.34627877,312.923619,-18822.50763,15.52635802,-18.69812582,2
-315.623261,-102.4027547,418.0260157,-21516.65201,16.28007622,-15.93402488,2
-272.9394218,-228.9486411,501.8880629,-23117.54582,16.22149833,-12.34501367,2
-216.3871717,-343.8615079,560.2486797,-23543.84668,15.35359989,-8.113452867,2
-148.8399645,-441.3025636,590.1425281,-22773.894,13.72047849,-3.454351492,2
-73.72991436,-516.3207695,590.0506838,-20846.80952,11.40511316,1.395557855,2
5.126592065,-565.1044056,559.9778135,-17860.50957,8.525148153,6.1898475,2
83.72280833,-585.1747461,501.4519378,-13966.72984,5.22691538,10.68491584,2
158.0652135,-575.512005,417.4467915,-9363.3156,1.677999177,14.65236489,2
224.3764254,-536.6071519,312.2307265,-4284.169103,-1.941278741,17.89060531,2
279.2871315,-470.4369657,191.1498342,1012.635176,-5.447021537,20.2350993,2
320.0072859,-380.3635934,60.35630748,6257.963435,-8.661101163,21.56672084,2
344.4678731,-270.963717,-73.50415615,11185.2974,-11.42020915,21.81780858,2
351.426036,-147.7960098,-203.6300262,15544.27627,-13.58415442,20.97560371,2
340.5282261,-17.11869702,-323.4095291,19113.41772,-15.04298644,19.08289833,2
312.3281677,114.4284287,-426.7565965,21711.37154,-15.72258195,16.23586104,2
268.2587227,240.161379,-508.4201017,23206.13413,-15.58841113,12.57915065,2
210.559086,353.6915873,-564.2506732,23521.7557,-14.64729213,8.298565957,2
142.1610107,449.2505154,-591.4115261,22642.19934,-12.94704461,3.611605154,2
66.53984412,521.982757,-588.5226011,20612.15584,-10.57406001,-1.243585333,2
-12.46205695,568.1927432,-555.7306863,17534.77292,-7.648911963,-6.02031123,2
-90.83055851,585.5325169,-494.7019584,13566.41426,-4.320229829,-10.4758651,2
-164.58371,573.1210338,-408.5373238,8908.714544,-0.757146795,-14.38385843,2
-229.9740695,531.5889288,-301.6148593,3798.33429,2.859293908,-17.54572462,2
-283.6791137,463.046473,-179.3673593,-1505.065014,6.345337912,-19.80080821,2
-322.9700571,370.9763498,-48.00629278,-6732.014466,9.523856383,-21.03452793,2
-345.8505031,260.0566974,85.79380575,-11616.92963,12.23334604,-21.18419859,2
-351.1578828,135.9234098,215.234473,-15911.60503,14.33613526,-20.24221621,2
-338.6225249,4.883773924,333.738751,-19397.82563,15.72537919,-18.25644435,2
-308.8813585,-126.4040078,435.2853663,-21898.45447,16.33048869,-15.32778214,2
-263.4455501,-251.2691243,514.7146744,-23286.4331,16.12071692,-11.60503753,2
-204.6237205,-363.3671042,567.9908246,-23491.23749,15.10672167,-7.277366262,2
-135.404642,-457.0021818,592.4068237,-22502.46141,13.34002381,-2.564660792,2
-59.30537761,-527.4167026,586.7220802,-20370.34515,10.91038946,2.293622624,2
19.80742337,-571.0328627,551.2254393,-17203.22283,7.941268968,7.050630823,2
97.91399205,-585.6344986,487.7205066,-13162.01783,4.58352427,11.4646565,2
171.0456868,-570.4796927,399.4340059,-8452.066202,1.007763548,15.31141949,2
235.4866423,-526.3384695,290.8518272,-3312.683408,-2.604327496,18.39546259,2
287.962575,-455.4536713,167.4910963,1994.995428,-6.069217192,20.56008286,2
325.8071512,-361.426997,35.6198458,7201.28396,-9.210853263,21.69529377,2
347.0974653,-249.0359985,-98.0614668,12041.64755,-11.86960814,21.7434137,2
350.7517436,-123.9913298,-226.7604138,16270.14441,-13.91038973,20.7019968,2
336.5843101,7.353414476,-343.9377246,19671.92208,-15.22950556,18.6239572,2
305.3150205,138.324529,-443.6395496,22074.13421,-15.75993138,15.61488049,2
258.5326862,262.267293,-520.7999792,23354.72295,-15.47471681,11.82765878,2
198.6143457,372.8841001,-571.4984458,23448.62082,-14.3883546,7.454722219,2
128.6044858,464.554444,-593.1589297,22351.05682,-12.55604431,2.718261469,2
52.06034939,532.6204996,-584.680849,20117.79882,-10.07088758,-2.141061925,2
-27.12880993,573.6237897,-546.4949797,16862.32002,-7.05915755,-6.876343691,2
-104.9393435,585.4809125,-480.541569,12750.03325,-3.673882881,-11.24698219,2
-177.4176515,567.5894006,-390.1717492,7989.886255,-0.087072251,-15.03090352,2
-240.8810675,520.8583324,-279.9772649,2823.744971,3.519025493,-18.03584524,2
-292.1049774,447.6621415,-155.5571641,-2485.895863,6.961181517,-20.10912532,2
-328.4866635,351.7199703,-23.23330678,-7669.250212,10.06449697,-21.14540003,2
-348.1775505,237.906698,110.2708526,-12462.94873,12.67128967,-21.09201649,2
-350.1771328,112.0052453,238.1718875,-16623.42071,14.64910609,-19.95168801,2
-334.3838102,-19.58725938,353.9710696,-19939.27009,15.89745134,-17.78235624,2
-301.6000511,-150.184522,451.7845731,-22242.01656,16.35289541,-14.6942471,2
-253.4916179,-273.1508172,526.6424351,-23414.65619,15.99229605,-10.84427012,2
-192.502929,-382.2381539,574.7410828,-23397.60645,14.83397471,-6.428045817,2
-121.7328562,-471.9037389,593.6365951,-22191.73367,12.93678554,-1.669966061,2
-44.77726943,-537.5916101,582.3688795,-19858.30894,10.397125,3.188207395,2
34.45367175,-575.9641274,541.5104556,-16515.89498,7.344033947,7.899626976,2
111.9341957,-585.07156,473.1373644,-12334.32186,3.93264091,12.22490176,2
183.7274704,-564.451154,380.7236836,-7526.057801,0.336279975,15.94426107,2
246.1856367,-515.1506445,268.9650079,-2335.413592,-3.262316443,18.86872117,2
296.1351574,-439.67502,143.5398626,2973.871024,-6.680302347,20.84968762,2
331.0380676,-341.8592422,10.82117458,8132.028109,-9.744008665,21.78650546,2
349.1209294,-226.6733895,-122.4475399,12876.96861,-12.29776748,21.63157354,2
349.4649417,-99.97012419,-249.4948175,16967.59925,-14.21182163,20.39276318,2
332.052625,31.81268479,-363.8653098,20196.07264,-15.38891771,18.13301822,2
297.7687097,161.9790739,-459.7477835,22398.34811,-15.76924761,14.96715679,2
248.3551819,283.9152107,-532.2703926,23462.52671,-15.33348737,11.05603733,2
186.3227727,391.425447,-577.7482197,23334.53691,-14.10377909,6.598385319,2
114.8233861,479.0471231,-593.8705092,22020.88193,-12.14260582,1.820695854,2
37.48994859,542.3281292,-579.8180778,19588.30938,-9.549616803,-3.03427466,2
-41.7481813,578.0531194,-536.3049381,16160.41973,-6.456564198,-7.719843124,2
-118.8648667,584.4068853,-465.5420186,11911.3861,-3.020608713,-11.99793386,2
-189.9417626,561.0665885,-371.1248259,7057.104457,0.583665849,-15.65117537,2
-251.3674092,509.2181634,-257.8507542,1844.223755,4.173123292,-18.49394513,2
-300.0207326,431.4960595,-131.4753269,-3462.386407,7.565380286,-20.38180117,2
-333.4296283,331.8493836,1.580244686,-8593.093982,10.58807338,-21.21882126,2
-349.8965702,215.3412431,134.5553271,-13287.20464,13.08761687,-20.96247676,2
-348.5848632,87.89148658,260.6933766,-17306.2078,14.93700661,-19.62579357,2
-329.5611558,-44.02408747,373.5852433,-20445.89549,16.04227317,-17.27669022,2
-293.7920541,-173.7027695,467.4948237,-22546.73831,16.34725643,-14.03452692,2
-243.0950077,-294.555508,537.6505156,-23501.99116,15.83645918,-10.06404081,2
-180.0459637,-400.4417027,580.4876664,-23263.11708,14.53583448,-5.566975531,2
-107.8484821,-485.9812125,593.8296946,-21842.2534,12.51146702,-0.771830533,2
-30.1709602,-546.8277236,576.9986838,-19311.59505,9.86621527,4.077749125,2
49.03976052,-579.8895883,530.8498278,-15799.7263,6.734485225,8.735352525,2
125.7589358,-583.4869134,457.7279776,-11485.08731,3.275401121,12.96432318,2
196.0884183,-557.4369166,361.3484984,-6586.907481,-0.335279745,16.54978369,2
256.4547247,-503.063214,246.6084893,-1354.066257,-3.914097354,19.30955378,2
303.7906069,-423.128566,119.337959,3947.552557,-7.279210679,21.10340703,2
335.6909003,-321.6944999,-13.99640036,9048.570528,-10.25963714,21.8401958,2
350.5347317,-203.9149416,-146.6197901,13689.80188,-12.70394031,21.48248255,2
347.5678773,-75.77434112,-271.7935361,17635.42285,-14.48792453,20.04844204,2
326.9410845,56.21640081,-383.1574854,20684.95408,-15.52094534,17.61093787,2
289.7024133,185.3507554,-475.0531686,22683.44706,-15.75051516,14.29382021,2
237.7439827,305.0673285,-542.8113112,23529.35716,-15.16497027,10.26563296,2
173.7058318,409.2832493,-582.9890811,23179.70319,-13.79406338,5.73104984,2
100.8417774,492.7032444,-593.5450218,21652.25127,-11.70745195,0.920474889,2
22.85408594,551.0886936,-573.9427796,19024.61215,-9.011158795,-3.921664561,2
-56.2946413,581.4729974,-525.1783561,15430.29775,-5.842185027,-8.549337363,2
-132.58281,582.3123109,-449.7295009,11051.93735,-2.361548951,-12.72740955,2
-202.1341725,553.5639882,-351.4298158,6111.998065,1.253895386,-16.24359163,2
-261.4147824,496.6887489,-235.2739665,861.4811757,4.820444245,-18.91922515,2
-307.4125563,414.5764578,-107.1639016,-4432.831403,8.156878296,-20.61836042,2
-337.7903197,311.3992899,26.39102984,-9501.932471,11.09367048,-21.25466424,2
-351.0045603,192.3997389,158.6048215,-14088.25796,13.48159979,-20.79580647,2
-346.3838547,63.62424337,282.7596113,-17958.77392,15.19933325,-19.26510283,2
-324.1629835,-68.38403643,392.5470199,-20916.81712,16.15959096,-16.74033016,2
-285.4710027,-196.9176806,482.3886833,-22812.08759,16.3135808,-13.34977452,2
-232.2738749,-315.4458176,547.7196926,-23548.28551,15.65347762,-9.265712944,2
-167.2745783,-417.9459617,585.22054,-23088.00423,14.21282081,-4.695659923,2
-93.77576601,-499.210019,592.985785,-21454.6309,12.06481018,0.128176546,2
-15.51195686,-555.1089141,570.6208709,-18731.1582,9.318586578,4.960693576,2
63.54021805,-582.8023904,519.2621724,-15055.96743,6.113686442,9.556347213,2
139.3640703,-580.8833259,441.5192557,-10615.79721,2.612951826,13.68162867,2
208.1069444,-549.4492295,341.3422851,-5636.255275,-1.005743683,17.12692907,2
266.2759737,-490.0972863,223.8213126,-370.3551249,-4.558532837,19.71718976,2
310.9155549,-405.8432043,94.92764941,4914.339693,-7.86489713,21.32079717,2
339.757524,-300.9679839,-38.78954019,9949.310664,-10.75683905,21.85627019,2
351.3364034,-180.8003979,-170.5360055,14478.72789,-13.08741813,21.29640026,2
345.0638632,-51.44623358,-293.6176296,18272.44898,-14.7382171,19.66963383,2
321.2586149,80.52194642,-401.7805613,21137.71267,-15.6253587,17.05862702,2
281.1302175,208.3987597,-489.5289772,22928.93321,-15.70376758,13.59604579,2
226.7176188,325.6867086,-552.4043274,23555.09759,-14.96946059,9.4578251,2
160.7855557,426.4263222,-587.2118779,22984.39005,-13.45974914,4.854229573,2
86.68407591,505.4989601,-592.183036,21245.80857,-11.25134341,0.019169794,2
8.178319968,558.8868942,-567.0652142,18427.69151,-8.456454673,-4.801682814,2
-70.74278753,583.8774516,-513.1346641,14673.22911,-5.217093737,-9.363378698,2
-146.0692178,579.200847,-433.1316292,10173.18784,-1.697855318,-13.43413622,2
-213.9735897,545.0947016,-331.1211119,5156.217514,1.92244513,-16.8071186,2
-271.0056413,483.2919689,-212.2863276,-122.766607,5.459857126,-19.31094346,2
-314.26754,396.9328831,-82.66534309,-5395.536166,8.734641804,-20.81839081,2
-341.5611226,290.4054009,51.15572171,-10394.17858,11.58040455,-21.2528672,2
-351.499586,169.1222478,182.3773382,-14864.70982,13.85254961,-20.5922975,2
-343.5779508,39.24589347,304.3320573,-18579.97952,15.43562708,-18.87024651,2
-318.19872,-92.62456658,410.8232866,-21351.21259,16.24919902,-16.17421353,2
-276.6514277,-219.7887152,496.4401428,-23037.60102,16.25192651,-12.64118649,2
-221.0471166,-335.7852656,556.8323822,-23553.45839,15.44367011,-8.450681467,2
-154.2110753,-434.7203635,588.9314387,-22872.57369,13.86549698,-3.8156214,2
-79.53928301,-511.5670572,591.1063402,-21029.54307,11.5975942,1.028482666,2
-0.825858389,-562.4207201,563.2465785,-18118.01202,8.755194437,5.835498034,2
77.92972224,-584.6974471,506.7677249,-14285.91718,5.482720884,10.36117651,2
152.7258406,-577.2653443,424.5395038,-9727.969592,1.946449047,14.37556478,2
219.7620609,-540.5020414,320.7399805,-4675.761302,-1.673941822,17.67468852,2
275.6322327,-476.2755037,200.643271,614.0019554,-5.194498331,20.09091641,2
317.4975589,-387.8491203,70.3515613,5872.544137,-8.43633973,21.50147759,2
343.2308373,-279.7158886,-63.51494873,10832.67556,-11.23474695,21.83469975,2
351.5245445,-157.3701232,-194.1544214,15242.36897,-13.44753209,21.07365079,2
341.9572723,-27.02828564,-314.9289866,18877.5652,-14.96226304,19.25699922,2
315.0151394,104.686877,-419.7020163,21553.55776,-15.70197626,16.47704934,2
272.0670918,231.0828382,-503.14993,23134.37785,-15.62908731,12.87505119,2
215.2953456,345.7373435,-561.0326891,23539.70306,-14.74730056,8.634023601,2
147.5845072,442.8247285,-590.4092358,22748.93857,-13.10142098,3.969454874,2
72.37500503,517.4119251,-589.7869302,20802.2636,-10.77507751,-0.881646319,2
-6.511721097,565.709113,-559.1973919,17798.58988,-7.886473926,-5.67279348,2
-85.06738926,585.2622832,-500.1948939,13890.53587,-4.582382733,-10.16054641,2
-159.3005388,575.0779272,-415.7773883,9276.672142,-1.03068763,-14.11688054,2
-225.439339,535.6735184,-310.2341794,4191.43188,2.588146783,-17.34077304,2
-280.1232376,469.0512183,-188.9279808,-1106.800804,6.09024452,-19.66841684,2
-320.5737129,378.5961462,-58.02243322,-6348.819529,9.297661053,-20.98154384,2
-344.7354521,268.9043783,75.83107384,-11268.27418,12.04742478,-21.21343412,2
-351.3807827,145.5494193,205.8313634,-15615.2043,14.19981773,-20.35230606,2
-340.1720515,14.79900869,325.3730428,-19168.73978,15.64547467,-18.44191496,2
-311.6787808,-116.7033468,428.3821276,-21748.32334,16.31094008,-15.57932979,2
-267.3487308,-242.2759335,509.6246643,-23222.88478,16.16240041,-11.91000108,2
-209.434338,-355.538333,564.972671,-23517.50077,15.20740221,-7.620370498,2
-140.8782675,-450.7356148,591.6138823,-22617.20167,13.49446869,-2.9283976,2
-65.16389424,-523.0307479,588.1946421,-20567.73223,11.11063417,1.927514793,2
13.86168894,-568.7503732,554.8886842,-17473.22723,8.177021886,6.700633999,2
92.18314474,-585.5714491,493.3883043,-13490.9203,4.842689595,11.1484341,2
165.820913,-572.6392866,406.8183736,-8823.154859,1.277055883,15.04491886,2
231.0334145,-530.6109768,299.5775623,-3707.102867,-2.338708102,18.19210467,2
284.5071629,-461.6220031,177.1148402,1597.286006,-5.820884059,20.43008028,2
323.525125,-369.1777369,45.65261184,6820.492581,-8.99254138,21.64513194,2
346.1047747,-257.9753266,-88.12944811,11697.1226,-11.69252709,21.77552129,2
351.0988264,-133.6650336,-217.4337929,15979.39156,-13.78365414,20.8146223,2
338.2535294,-2.563138262,-335.6903912,19449.71482,-15.15967194,18.81125798,2
308.2215609,128.6689933,-436.8905542,21931.76316,-15.75066504,15.8672196,2
262.5288632,253.3633778,-515.892241,23299.42222,-15.52660557,12.13209466,2
203.4971097,365.1842187,-568.6813284,23483.20043,-14.49887896,7.79566623,2
134.1257392,458.449832,-592.5755712,22473.75991,-12.71970546,3.07826999,2
57.93955263,528.421336,-586.3608886,20322.39093,-10.27948677,-1.78040119,2
-21.19038411,571.5434365,-550.3530524,17138.40584,-7.302212718,-6.533476172,2
-99.24343151,585.6250737,-486.3816422,13083.58485,-3.939161217,-10.93944923,2
-172.2536674,569.9507513,-397.6970839,8363.955826,-0.361211771,-14.77445108,2
-236.5113979,525.3168908,-288.8054929,3219.325967,3.249837025,-17.84362384,2
-288.7516492,453.9913656,-165.2397165,-2088.902999,6.710504775,-19.99102187,2
-326.3200627,359.5982685,-33.27820573,-7291.016774,9.844952036,-21.10753544,2
-347.3077649,246.9337692,100.3739958,-12122.69283,12.49391482,-21.13643469,2
-350.648358,121.7224186,228.9259395,-16338.43082,14.52279691,-20.07625209,2
-336.1721046,-9.673719483,345.845824,-19724.02655,15.82850875,-17.98085701,2
-304.6145516,-140.5783284,445.19288,-22107.45588,16.34470549,-14.95671859,2
-257.5791574,-264.3400664,521.9192237,-23367.61532,16.04515803,-11.15749599,2
-197.4558185,-374.6705253,572.1263438,-23440.47543,14.94508572,-6.776230837,2
-127.2994379,-465.9637484,593.2631863,-22322.33413,13.10038306,-2.03553871,2
-50.67470337,-533.5810721,584.2557755,-20070.00486,10.60477966,2.823702122,2
28.52503631,-574.0868198,545.5617835,-16797.92981,7.585077777,7.554589858,2
106.2755949,-585.42287,479.1472752,-12672.36508,4.194709449,11.91674439,2
178.6264197,-567.0132313,388.3868116,-7902.933088,0.605940484,15.68852118,2
241.9013221,-519.7933084,277.8919863,-2731.971534,-2.998882451,18.67827311,2
292.8852662,-446.162374,153.2771078,2577.779923,-6.436596978,20.73408824,2
328.9877272,-349.8616599,20.8739327,7756.529628,-9.532531597,21.75150852,2
348.3743175,-235.7842634,-112.5900541,12541.1422,-12.12938085,21.67883733,2
350.0599926,-109.7265252,-240.3334674,16688.50861,-14.09519811,20.5197663,2
333.9591025,21.90648517,-355.8655877,19987.89868,-15.33009985,18.33318766,2
300.889743,152.4264156,-453.3161586,22271.66842,-15.77134081,15.23020192,2
252.5321882,275.20147,-527.7336582,23423.77812,-15.39650213,11.36847279,2
191.3435143,383.9933743,-575.3368886,23385.6884,-14.2246304,6.944216176,2
120.4327546,473.2743466,-593.7071011,22159.33462,-12.31526997,2.182230364,2
43.4029273,538.5079669,-581.9108942,19807.02855,-9.765437438,-2.675526155,2
-35.8320358,576.3796761,-540.5476403,16448.29228,-6.704692151,-7.382228715,2
-113.2461587,584.9651897,-471.719031,12253.78521,-3.288553253,-11.69872779,2
-184.9059835,563.8282728,-378.9222893,7436.63277,0.30940235,-15.40570034,2
-247.1704313,514.0429047,-266.8724734,2241.59736,3.906359539,-18.31479373,2
-296.8758083,438.1387098,-141.2629015,-3067.358151,7.319553924,-20.27819601,2
-331.4965545,339.9724259,-8.475871357,-8220.482547,10.37555821,-21.19614642,2
-349.273569,224.5319407,124.7416283,-12955.94248,12.91909416,-21.0220042,2
-349.303591,97.68285451,251.6207364,-17033.1264,14.82092233,-19.76461848,2
-331.585095,-34.12955442,365.7146495,-20244.87013,15.98440887,-17.48787863,2
-297.0183686,-164.2078185,461.2261872,-22427.98306,16.35043549,-14.30746804,2
-247.3597678,-285.9425832,533.3023511,-23471.53989,15.90040331,-10.38498613,2
-185.132476,-393.148432,578.280908,-23322.51689,14.65717791,-5.91973743,2
-113.4982992,-480.3781714,593.8764705,-21988.48599,12.68392748,-1.138604754,2
-36.09701284,-543.199606,579.2966188,-19537.23012,10.08091322,3.715478816,2
43.13857718,-578.420741,535.2821638,-16093.29904,6.980395011,8.395873523,2
120.182463,-584.2519695,464.0695064,-11831.68096,3.539911204,12.66476484,2
191.1199986,-560.3970031,369.2770046,-6968.911256,-0.065725991,16.30524699,2
252.3468051,-508.0679271,255.721122,-1752.070169,-3.653312819,19.13234403,2
300.7519118,-429.9236133,129.1717015,3553.771476,-7.040562677,21.0024086,2
333.8758262,-329.934621,-3.941205201,8679.020682,-10.05536821,21.82042073,2
350.0355022,-213.181451,-136.8540513,13363.26046,-12.54454616,21.54481589,2
348.4098572,-85.59640186,-262.8134553,17368.48179,-14.38162076,20.18959687,2
329.0814909,46.33785346,-375.4193444,20491.17696,-15.47324997,17.82362229,2
293.0324893,175.9176563,-468.9501457,22572.67995,-15.76396829,14.56710789,2
242.0945239,296.5589792,-538.6535031,23507.22837,-15.23900499,10.58551826,2
178.8557831,402.131964,-580.9877471,23247.33723,-13.92503461,6.081159496,2
106.5294654,487.2723842,-593.8018495,21806.21178,-11.8888216,1.282899917,2
28.79051425,547.6542038,-576.444718,19257.07644,-9.233828005,-3.56545889,2
-50.41110752,580.2093864,-529.7982788,15729.45434,-6.094956479,-8.217569762,2
-127.051118,583.2837836,-456.2326656,11402.58605,-2.631695803,-12.43705701,2
-197.2353923,556.7211834,-359.4857911,6496.322356,0.979982834,-16.00952682,2
-257.3978254,501.8712476,-244.4734222,1259.953462,4.556567037,-18.75346071,2
-304.4815279,421.5209342,-117.0394063,-4040.457587,7.916327581,-20.52943861,2
-336.0941486,319.7528909,16.3412577,-9135.593724,10.88855218,-21.24722287,2
-350.6294314,201.7380131,148.8914184,-13766.56802,13.32221949,-20.87034331,2
-347.3488298,73.47270736,273.8761225,-17698.0779,15.09367257,-19.41795026,2
-326.4190332,-58.525789,384.9448222,-20730.36099,16.11290199,-16.96384154,2
-288.9034971,-187.5505532,476.4540503,-22709.34515,16.32811926,-13.63271274,2
-236.7084084,-307.0457597,543.7541681,-23534.47701,15.72838823,-9.593821376,2
-172.4858309,-410.9397852,583.425616,-23163.83113,14.34418075,-5.052386795,2
-99.49895223,-493.9537119,593.4526642,-21616.24025,12.2458284,-0.239162872,2
-21.45627961,-551.8695526,573.3258322,-18970.33839,9.539948886,4.60128674,2
57.67679197,-581.7445684,524.0677765,-15360.5654,6.364028737,9.223015035,2
133.8794637,-582.0607921,448.1813284,-10970.33603,2.879437523,13.39118837,2
203.279832,-552.8021559,349.522324,-6022.720442,-0.73677142,16.89401849,2
262.3516225,-495.4553089,233.1036864,-769.1099684,-4.300857182,19.55352365,2
308.0933622,-412.9340787,104.8407165,4523.556295,-7.631727261,21.23457194,2
338.1808858,-309.4314185,-28.74946728,9586.354801,-10.56013899,21.85174742,2
351.0854281,-190.2063607,-160.8790675,14162.04172,-12.93729884,21.37369018,2
346.1513017,-61.31680181,-284.8344998,18018.12366,-14.64242272,19.82468975,2
323.6292123,70.6883022,-394.3175145,20958.67078,-15.58887312,17.2834509,2
284.6635209,199.1016928,-483.7652137,22834.27212,-15.72856115,13.87909464,2
231.2340976,317.3986087,-548.6327063,23549.62725,-15.05439001,9.784597517,2
166.0557235,419.5683124,-585.6240359,23068.38855,-13.60061558,5.208002515,2
92.44015086,500.4195001,-592.859651,21415.00804,-11.44110585,0.381848318,2
14.12783108,555.8440744,-569.9719055,18673.49499,-8.685587625,-4.448646138,2
-64.9021399,583.0258795,-518.1237396,14983.14731,-5.474071287,-9.03804139,2
-140.6342018,580.5837914,-439.9495896,10531.4738,-1.969736738,-13.15314837,2
-209.2203632,548.6418943,-339.421531,5544.666644,1.649357844,-16.58487687,2
-267.1757201,488.823175,-221.6474549,276.108516,5.199323258,-19.15885958,2
-311.555526,404.1670585,-92.61153249,-5006.501985,8.499782797,-20.74431173,2
-340.1048163,298.9749729,41.12984341,-10034.75225,11.3830373,-21.26067642,2
-351.3729845,178.5917913,172.7811933,-14553.15386,13.70258603,-20.6817177,2
-344.7874883,49.13425519,295.6532331,-18332.12412,15.3405705,-19.03685366,2
-320.6829406,-82.81982019,403.5027608,-21179.65129,16.2137629,-16.40966169,2
-280.284108,-210.5657691,490.8498771,-22951.0508,16.27779497,-12.93363185,2
-225.6436794,-327.6127434,553.2564228,-23556.31677,15.52941236,-8.785384152,2
-159.5379678,-428.0135159,587.5514837,-22964.69527,14.00664001,-4.175694411,2
-85.32584406,-506.6666632,591.9925072,-21206.24696,11.78685005,0.661215418,2
-6.778070751,-559.5757716,566.3538424,-18370.31964,8.982830527,5.479578186,2
72.11429264,-584.0524977,511.9382051,-14601.00848,5.737054506,10.03456913,2
147.3426778,-578.8531643,431.5104865,-10089.83443,2.214440984,14.09474559,2
215.0846853,-544.2419526,329.1572673,-5066.012972,-1.406024766,17.45380668,2
271.8983031,-481.9774791,210.079176,215.192529,-4.940385542,19.94107565,2
314.8967972,-395.2234391,80.3266419,5485.44085,-8.209059186,21.43017202,2
341.8953882,-288.3878573,-53.50753097,10476.94751,-11.04596326,21.84543304,2
351.5222616,-166.8991137,-184.6231479,14936.09107,-13.30695381,21.16575821,2
343.2882702,-36.93012442,-306.3581458,18636.29976,-14.87714937,19.42568135,2
317.611788,94.91530832,-412.5270963,21389.56377,-15.6767682,16.71361595,2
275.7974523,221.938039,-497.7354913,23055.98809,-15.66518203,13.16736283,2
219.9698748,337.6839664,-557.6538412,23550.90072,-14.84298038,8.967108377,2
152.9656881,436.2719705,-589.2376586,22849.15483,-13.25194065,4.326269195,2
78.18941512,512.6927356,-590.8821508,20986.40657,-10.97290536,-0.519351754,2
-0.559516847,563.063277,-562.5037601,18057.30329,-8.121674493,-5.323546417,2
-79.27982733,584.824237,-505.5444097,14210.67449,-4.843121629,-9.842211637,2
-153.9716901,576.8699284,-422.8982382,9641.969685,-1.303832842,-13.84575218,2
-220.8399669,539.6045142,-318.7645473,4583.327509,2.316357648,-17.1307466,2
-276.4870404,474.9214725,-198.4344321,-708.219393,5.833504955,-19.53028321,2
-318.0854494,386.1073876,-68.02193818,-5963.804346,9.068899881,-20.92244099,2
-343.5215538,277.6749562,65.84659756,-10916.38792,11.85814924,-21.2364844,2
-351.5029299,155.1336954,196.3692345,-15314.32638,14.05952875,-20.45645758,2
-341.6240392,24.71000014,316.9140391,-18934.15783,15.56118418,-18.621995,2
-314.3868341,-106.9692234,421.3560575,-21591.95646,16.28681468,-15.82630767,2
-271.1752533,-233.2132749,504.3885282,-23152.67792,16.1995497,-12.21144699,2
-214.1849032,-347.6076183,561.7925214,-23537.02102,15.30382238,-7.961087057,2
-146.3114976,-444.3398083,590.651306,-22725.45706,13.64514433,-3.291192066,2
-71.00372511,-518.4948245,589.4985496,-20759.22208,11.30779316,1.560956962,2
7.911981242,-566.3048058,558.3928246,-17738.22167,8.410530233,6.348818571,2
86.42586704,-585.3404985,498.9146315,-13815.95466,5.100566397,10.82911778,2
160.5485946,-574.6346876,414.086093,-9191.713804,1.546082064,14.77420705,2
226.5139437,-534.7313418,308.2173981,-4100.459541,-2.072318118,17.98363317,2
280.9701754,-467.657974,186.6877987,1199.118441,-5.570781898,20.29432242,2
321.1503357,-376.8226223,55.67228658,6437.745408,-8.771551065,21.58886644,2
345.0128468,-266.8406854,-78.17216135,11349.24358,-11.51199345,21.80148781,2
351.3452399,-143.3004115,-208.0448284,15684.05679,-13.65286636,20.92138226,2
339.8257625,-12.47895606,-327.3468065,19221.93058,-15.0853916,18.99326763,2
311.0397261,118.9765643,-430.0162904,21783.10346,-15.73678252,16.11511172,2
266.4497665,244.3868157,-510.8365822,23237.4407,-15.57394241,12.43315451,2
208.3215262,357.379628,-565.7011542,23511.04655,-14.60514609,8.134477594,2
139.608536,452.2137687,-591.8223047,22590.01894,-12.87961952,3.43749848,2
63.80214415,524.0706581,-587.8728022,20521.15583,-10.48503857,-1.419127364,2
-15.24588108,569.2992046,-554.0533235,17409.57741,-7.543074173,-6.188632719,2
-93.51906212,585.6013185,-492.0822564,13413.38483,-4.203210134,-10.62867701,2
-167.0402917,572.1486798,-405.1083881,8735.627045,-0.635147782,-14.51365978,2
-232.073912,529.624825,-297.550913,3613.983733,2.979816663,-17.64618357,2
-285.3155259,460.1904168,-174.8748909,-1691.311336,6.458003854,-19.86708382,2
-324.0598949,367.373459,-43.31356412,-6910.692935,9.622684183,-21.06351613,2
-346.3383944,255.890037,90.44835742,-11778.96115,12.31305751,-21.17468988,2
-351.0190405,131.4046903,219.6143502,-16048.75636,14.39242352,-20.19495714,2
-337.8640069,0.24259417,337.6214127,-19503.12769,15.75512755,-18.17409957,2
-307.5417086,-130.9318267,438.4735353,-21966.55647,16.33192895,-15.214799,2
-261.5928398,-255.4535212,517.046361,-23313.87441,16.09351927,-11.46742013,2
-202.3520902,-366.9954674,569.3475575,-23476.62347,15.05201142,-7.122370381,2
-132.8295177,-459.890152,592.7196697,-22446.53427,13.2603242,-2.400425188,2
-56.55760605,-529.4175404,585.9751464,-20275.94626,10.80949348,2.458489724,2
22.58822318,-572.0449042,549.4566811,-17075.14831,7.824046608,7.20748912,2
100.5865229,-585.6063216,485.0197987,-13006.7749,4.455675104,11.60527264,2
173.4741527,-569.4127288,395.938576,-8277.542517,0.875527111,15.4283854,2
237.5476484,-524.2869319,286.7392834,-3127.74629,-2.734488735,18.48257191,2
289.5513972,-452.5217997,162.9704025,2180.949544,-6.190946195,20.61264626,2
326.8430574,-357.7637618,30.92070433,7378.806964,-9.318221422,21.71037724,2
347.5278174,-244.8275308,-102.7002867,12201.71972,-11.95741652,21.71998763,2
350.5546721,-119.4514643,-231.1032078,16404.63272,-13.97443323,20.64098826,2
335.7698252,11.99400431,-347.7638295,19773.99343,-15.26678656,18.52820289,2
303.9245035,142.8300521,-446.7545556,22138.60261,-15.76881208,15.48898255,2
256.6367871,266.4088208,-523.0456079,23378.31306,-15.45500242,11.67775101,2
196.3093931,376.4511992,-572.7605923,23430.13435,-14.34130326,7.288158364,2
126.0075927,467.365868,-593.3734606,22291.4334,-12.48430316,2.543241603,2
49.30346236,534.5333982,-583.8368606,20020.0683,-9.97835823,-2.315908061,2
-29.90561489,574.5409674,-544.6353525,16731.44846,-6.950797873,-7.042395169,2
-107.5949784,585.355767,-477.7607886,12592.67064,-3.555455079,-11.39606493,2
-179.8171849,566.4282905,-386.6111056,7814.028623,0.035149917,-15.15570562,2
-242.9025809,518.7202543,-275.8176734,2638.328078,3.638575491,-18.1302885,2
-293.6457595,444.6557325,-151.009973,-2671.450544,7.071728595,-20.16867408,2
-329.4684293,347.9979878,-18.52955841,-7845.514204,10.16016783,-21.16729161,2
-348.5504191,233.6582581,114.892161,-12620.96562,12.74696691,-21.0754016,2
-349.9221615,107.4462138,242.4759477,-16755.16125,14.7006882,-19.89767388,2
-333.5139575,-24.22523538,357.7391929,-20038.04011,15.92206111,-17.69395035,2
-300.1595177,-154.6657842,454.8253019,-22302.79718,16.34902612,-14.57620439,2
-251.5536012,-277.2476701,528.8012713,-23434.35878,15.95988806,-10.70285139,2
-190.165904,-385.7424338,575.9083377,-23375.22958,14.77441842,-6.270699595,2
-119.1155716,-474.6373914,593.7529629,-22128.41398,12.85285081,-1.504950143,2
-42.01271409,-539.4157366,581.4284507,-19757.26342,10.29282039,3.352245521,2
37.225026,-576.786043,539.561017,-16382.25749,7.224403022,8.054089518,2
114.5715316,-584.8495028,470.2779713,-12174.88226,3.803505995,12.36167748,2
186.0967803,-563.1964068,377.0996266,-7348.916986,0.203946312,16.05613743,2
248.1665313,-512.9269618,264.7604305,-2149.571861,-3.391381071,18.94975079,2
297.6269833,-436.5953885,138.9684052,3158.97127,-6.799796242,20.89549047,2
331.9650211,-338.0801398,6.11511872,8306.982147,-9.848116413,21.79449142,2
349.4359083,-222.3868347,-127.0490736,13032.88725,-12.38145544,21.60107401,2
349.1519387,-95.39391952,-253.7580192,17096.5605,-14.27109367,20.32506504,2
331.1275409,36.44601965,-367.5735606,20291.52424,-15.42101828,18.03129845,2
296.2785454,166.4341164,-462.7126618,22455.44043,-15.77280175,14.83632103,2
246.3756506,287.9655974,-534.341248,23478.35919,-15.30857058,10.90247066,2
183.9544524,394.8653753,-578.8198277,23308.30541,-14.05191345,6.429627786,2
112.1866094,481.7018083,-593.8884177,21953.91963,-12.06668272,1.645059377,2
34.71868874,544.0626849,-578.7813737,19484.019,-9.453749956,-3.208128622,2
-44.51311806,578.7794118,-534.2662938,16024.10066,-6.345880686,-7.883343669,2
-121.4829954,584.0880112,-462.6050158,11749.96513,-2.900988438,-12.14303613,2
-192.2800576,559.7187499,-367.4386923,6878.783803,0.705888916,-15.77076934,2
-253.3070634,506.9098447,-253.6027813,1658.06433,4.291482943,-18.58221683,2
-301.4631941,428.3445479,-126.8813537,-3646.925401,7.67360663,-20.43452814,2
-334.3016079,328.0148092,6.286798735,-8766.635678,10.68041141,-21.23358705,2
-350.1537652,211.0184429,139.1353223,-13440.93095,13.15911891,-20.93879376,2
-348.2142083,83.30010453,264.9141038,-17432.30746,14.98378367,-19.56512775,2
-328.5814875,-48.65076045,377.2322479,-20537.96099,16.06169256,-17.18238666,2
-292.2531529,-178.1296494,470.3828023,-22600.0914,16.33807554,-13.91163984,2
-241.0750691,-298.5576624,539.6327315,-23513.92062,15.79888861,-9.919076759,2
-177.6476252,-403.8157798,581.463405,-23233.01642,14.47152735,-5.40756279,2
-105.1936078,-488.5557734,593.7493812,-21771.65173,12.42343494,-0.606331516,2
-27.39444891,-548.4719534,575.8664023,-19204.07936,9.758675367,4.240662769,2
51.7968295,-580.5199427,528.7231132,-15660.7592,6.61264583,8.887140528,2
128.356471,-583.0713638,454.7148927,-11321.72946,3.14519715,13.09701059,2
198.3944344,-555.9965773,357.6021429,-6407.458864,-0.467488357,16.65636607,2
258.3520486,-500.6712695,242.319221,-1167.644437,-4.0418488,19.38435314,2
305.1828312,-419.9065525,114.7237212,4131.475705,-7.39626961,21.14236028,2
336.5072822,-317.8061299,-18.70115233,9220.650089,-10.36031148,21.84106125,2
350.7337873,-199.5577855,-151.1760018,13841.29471,-12.7833705,21.44495378,2
347.1394894,-71.16978864,-275.9697007,17758.63185,-14.54233041,19.97416348,2
325.9070167,60.83438953,-386.7414062,20773.61925,-15.54781823,17.50342123,2
288.115204,189.7475375,-477.8627415,22733.0636,-15.74874536,14.15826608,2
235.6842759,309.0195009,-544.7037768,23537.40436,-15.13490339,10.10866652,2
171.2782794,412.5899997,-583.8682791,23145.77249,-13.73748283,5.560384289,2
98.16972172,495.1965548,-593.3662765,21578.06703,-11.62748828,0.744519474,2
20.0732926,552.6418774,-572.71517,18913.94406,-8.912130672,-4.094231788,2
-59.04288158,582.0071363,-522.9642547,15288.76925,-5.729379775,-8.710010495,2
-135.1588605,581.800265,-446.6414044,10886.73991,-2.240953902,-12.86828701,2
-204.4071457,552.0317748,-347.6246291,5931.525799,1.375897105,-16.35777766,2
-263.2691903,494.2142206,-230.9450304,674.9043185,4.93739805,-19.00118018,2
-308.7541783,411.285347,-102.5311687,-4616.03244,8.262586104,-20.66418256,2
-338.5509904,307.4588198,31.09217064,-9672.448805,11.18250564,-21.26228749,2
-351.1456326,188.0101271,163.1355055,-14237.42522,13.54879296,-20.76510575,2
-345.8981636,59.00852866,286.8896349,-18079.01251,15.24121476,-19.1979003,2
-323.0752104,-72.99132684,396.0665373,-21002.0173,16.17377725,-16.64030264,2
-283.8364211,-201.2824476,485.1188687,-22857.91997,16.29909553,-13.22226669,2
-230.175542,-319.3462847,549.5218267,-23552.42098,15.61080129,-9.117465752,2
-164.8191147,-421.1839439,586.0030585,-23050.23234,14.14386633,-4.53446808,2
-91.08793833,-501.6209925,592.7089308,-21376.87053,11.97282567,0.293860617,2
-12.72833835,-556.5703758,569.2987142,-18617.36008,9.207990375,5.12218921,2
66.27818698,-583.2400828,516.9618958,-14911.91337,5.989842543,9.705186576,2
141.9172687,-580.2750096,438.3577409,-10448.80637,2.48189737,13.80998702,2
210.3456397,-547.8258133,337.4801736,-5454.812216,-1.13760517,17.22802232,2
268.0864133,-487.541257,219.4548437,-183.6787514,-4.684756812,19.7856192,2
312.2057462,-402.4844354,90.27868913,5096.764571,-7.979325479,21.35282377,2
340.4619087,-296.9771364,-43.48477227,10118.21526,-10.85391299,21.8500046,2
351.419188,-176.3802493,-175.0389387,14625.53039,-13.16246065,21.25189876,2
344.5208383,-46.82137421,-297.6994641,18389.69058,-14.78767061,19.58889552,2
320.1173689,85.11652462,-405.2338936,21219.4366,-15.64696579,16.94549224,2
279.4487347,212.7296034,-492.1783381,22970.98734,-15.69668572,13.45600096,2
224.5813333,329.5337651,-554.1150984,23555.34547,-14.93430492,9.297723983,2
158.3030104,429.59412,-587.8971304,22942.8194,-13.39856126,4.681945008,2
83.98140724,507.8265417,-591.8079489,21164.53196,-11.16748762,-0.156806317,2
5.392849118,560.2559937,-565.6488428,18310.83898,-8.354447003,-4.972670981,2
-73.4695322,584.2185041,-510.7489719,14526.73833,-5.102372532,-9.520952862,2
-148.5986918,578.4965235,-429.8978317,10004.50243,-1.576504887,-13.57055188,2
-216.177272,543.3807891,-327.203517,4973.908807,2.044003654,-16.91570632,2
-272.7715647,480.6555524,-207.8839877,-309.435066,5.575192054,-19.38644773,2
-315.5059798,393.5079203,-78.0019405,-5577.079312,8.837637683,-20.85723712,2
-342.2091561,286.3659164,55.84323978,-10561.37177,11.66557289,-21.25334362,2
-351.5242893,164.67349,186.8507993,-15009.05753,13.91530777,-20.55464169,2
-342.9780717,34.6139065,308.3641652,-18694.14704,15.47253112,-18.79663365,2
-317.0047419,-97.20442873,414.2091706,-21429.39866,16.25811865,-16.06864577,2
-274.9240203,-224.083747,499.0077673,-23075.83263,16.23215336,-12.50928961,2
-218.8740538,-339.5772339,558.4512877,-23549.79265,15.39595374,-8.299419041,2
-151.7027746,-437.8165962,589.5193708,-22827.19652,13.79200676,-3.652940964,2
-76.8231958,-513.8102329,590.6334287,-20944.75978,11.50180911,1.194053436,2
1.960006224,-563.6968617,561.7368555,-17998.13018,8.641726278,5.995284617,2
80.64380972,-584.9417132,504.2979034,-14137.02773,5.357079959,10.50679829,2
155.2302434,-576.4653235,421.2350801,-9557.637359,1.814764176,14.4993609,2
221.9295258,-538.6983832,316.7688574,-4492.640642,-1.805234705,17.77010708,2
277.3526265,-473.5598532,196.2072268,800.6069013,-5.318983198,20.15284742,2
318.6834642,-384.3594613,65.67599711,6053.152188,-8.547946458,21.5265126,2
343.8219945,-275.6295329,-68.19246156,10998.11024,-11.32805975,21.82130502,2
351.4909134,-152.8947009,-198.5962125,15384.22478,-13.51806469,21.02224525,2
341.3005586,-22.39119575,-318.9093629,18988.63468,-15.00668662,19.16993316,2
313.7687082,109.2500211,-423.0187293,21628.19773,-15.7182886,16.35848497,2
270.2942719,235.3401805,-505.6344524,23168.79615,-15.61671454,12.73075121,2
213.0862119,349.4725658,-562.5587777,23532.15119,-14.70712629,8.471058369,2
145.0513041,445.848042,-590.8993461,22699.80058,-13.03574142,3.795843139,2
69.64644295,519.5697133,-589.2161563,20714.03656,-10.68748481,-1.057344834,2
-9.297005306,566.8917374,-557.5947321,17675.75697,-7.781673628,-5.841913005,2
-87.76787672,585.4096538,-497.6417771,13739.33864,-4.465954696,-10.31475544,2
-161.7790192,574.1825561,-412.4035368,9104.793345,-0.908802515,-14.24860519,2
-227.5698823,533.7808998,-306.2110175,4007.605108,2.709041053,-17.44358182,2
-281.7975927,466.2575174,-184.4599247,-1293.234875,6.20375038,-19.73734751,2
-321.706808,375.0433125,-53.33650449,-6528.387743,9.397756361,-21.0133555,2
-345.2697169,264.7729334,80.4967835,-11431.85224,12.12876881,-21.20677189,2
-351.289074,141.0492844,210.2397896,-15754.48038,14.25802252,-20.30776994,2
-339.4590321,10.15883828,329.3001939,-19276.63685,15.67732801,-18.36202932,2
-310.3806828,-121.2477829,431.6284657,-21819.35875,16.31456868,-15.46841513,2
-265.5315144,-246.4937298,512.0252442,-23253.44886,16.13736513,-11.77395448,2
-207.1903401,-359.2151808,566.4055209,-23506.0402,15.15472036,-7.466365996,2
-138.32151,-453.6846912,592.0062012,-22564.29845,13.4165623,-2.764521669,2
-62.42429068,-525.1022086,587.5264993,-20476.07408,11.01120699,2.09267412,2
16.64493461,-569.8389661,553.1940315,-17347.47101,8.060871143,6.85842349,2
94.86861107,-585.6218622,490.7532511,-13337.45544,4.715462272,11.29057501,2
168.2721468,-571.6489584,403.3768117,-8649.778676,1.144961782,15.16392755,2
233.125864,-528.6302264,295.5043625,-3522.624378,-2.46921188,18.2816729,2
286.1345064,-458.7514738,172.6169674,1783.493668,-5.943421207,20.4853957,2
324.6046732,-365.5632819,40.95860876,6998.968421,-9.101140365,21.66312263,2
346.5816719,-253.8005987,-92.78107325,11858.79848,-11.78192457,21.75501183,2
350.9488382,-129.1421531,-221.8066851,16116.05297,-13.84956241,20.75639349,2
337.4842737,2.078084414,-339.5623581,19554.41822,-15.19899677,18.71800719,2
306.872121,133.1927349,-440.0648558,21999.18885,-15.76166291,15.74342369,2
260.6678018,257.5397842,-518.207586,23326.14459,-15.50897226,11.98378252,2
201.2189854,368.8010842,-570.0200696,23467.86203,-14.45376501,7.630112465,2
131.5463019,461.3233815,-592.8696833,22417.14041,-12.64965769,2.903625261,2
55.18986192,530.4055626,-585.5954245,20227.36753,-10.1883189,-1.955524288,2
-23.97061786,572.5375205,-548.5669026,17009.80708,-7.194811576,-6.700440724,2
-101.912946,585.5785051,-483.665559,12927.94522,-3.821238437,-11.09003284,2
-174.6768261,568.8658961,-394.18907,8189.183807,-0.239013588,-14.90126368,2
-238.5650817,523.2488713,-284.6837896,3034.302157,3.369847153,-17.94048316,2
-290.3315123,451.045259,-160.7137467,-2274.777102,6.821974583,-20.05326757,2
-327.3458344,355.9237681,-28.57793378,-7468.296467,9.941963208,-21.1322659,2
-347.7273281,242.7175787,105.0097494,-12282.3701,12.57128371,-21.12265445,2
-350.4403976,117.1787651,233.2616325,-16472.39203,14.57633792,-20.02492243,2
-335.3471901,-14.31397022,349.6611604,-19825.46474,15.85524699,-17.8948471,2
-303.2146007,-145.0794025,448.2940031,-22171.21657,16.34302797,-14.84065973,2
-255.6753053,-268.4732616,524.148567,-23390.45848,16.01489558,-11.01754625,2
-195.1448043,-378.2258316,573.3706359,-23421.24004,14.88752161,-6.619762192,2
-124.6986886,-468.7605185,593.4592071,-22261.99724,13.01818779,-1.870762454,2
-47.91636775,-535.4772005,583.3935683,-19971.63188,10.50187524,2.988152594,2
31.30080256,-574.9859631,543.6851605,-16666.51881,7.466438517,7.710097715,2
108.9277503,-585.2793422,476.3515919,-12514.5928,4.06610914,12.0551472,2
181.0202037,-565.8343251,384.8141214,-7726.81571,0.473659065,15.80252563,2
243.9151019,-517.6389249,273.7238229,-2546.457358,-3.12837799,18.76182561,2
294.4167175,-443.1419786,148.7252611,2763.26514,-6.556981184,20.7826825,2
329.9590329,-346.1287209,16.16968796,7932.561597,-9.637941956,21.76241448,2
348.7361218,-231.5284535,-117.2076684,12698.77696,-12.21471567,21.65123996,2
349.7939092,-105.1640849,-244.6298243,16819.73697,-14.15637572,20.45480692,2
333.078648,26.54373569,-359.6223837,20086.05318,-15.36426602,18.23390599,2
299.4396508,156.9028547,-456.3425055,22331.76209,-15.77701378,15.10138166,2
250.5861352,279.2896472,-529.8757825,23442.7579,-15.37364785,11.2163985,2
189.0003777,387.4855668,-576.4859445,23362.59024,-14.17466431,6.776353997,2
117.8115874,475.9931139,-593.8047013,22095.33249,-12.24098508,2.006848634,2
40.63690961,540.3151669,-580.9520765,19705.37475,-9.670862365,-2.849777008,2
-38.60236408,577.1834838,-538.5811197,16314.15224,-6.594886476,-7.546755711,2
-115.8800386,584.7247631,-468.8447245,12093.97499,-3.169350416,-11.84543201,2
-187.269589,562.5558281,-375.2862391,7259.272744,0.431691449,-15.52738844,2
-249.1436694,511.8030955,-262.6594261,2055.699629,4.025267197,-18.40554342,2
-298.3584205,435.0453422,-136.6869217,-3252.347684,7.428784264,-20.33365702,2
-332.4132115,336.1826757,-3.769464136,-8395.164124,10.46930708,-21.21376147,2
-349.577698,220.2383673,129.3393307,-13111.4401,12.99234404,-21.00113899,2
-348.979742,93.10361705,255.876125,-17161.53881,14.86969729,-19.70659389,2
-330.6497262,-38.76178224,369.4115085,-20339.67229,16.00597657,-17.39590364,2
-295.5190096,-168.6576705,464.1766801,-22484.35768,16.34344602,-14.18647663,2
-245.372605,-289.9839596,535.3565647,-23486.62222,15.86495778,-10.24138663,2
-182.7584814,-396.5759882,579.3344696,-23295.54026,14.59482332,-5.761086864,2
-110.8580999,-483.0177512,593.8758511,-21920.82077,12.5975781,-0.973224903,2
-33.32476212,-544.9170908,578.2418529,-19432.31409,9.97470253,3.878924271,2
45.90201659,-579.1288644,533.2268478,-15956.46273,6.859465663,8.548819203,2
122.796676,-583.9147513,461.1180753,-11669.87677,3.410153732,12.79917888,2
193.4521524,-559.0315777,365.5794253,-6790.360226,-0.197972478,16.41403914,2
254.2783985,-505.7436726,251.465274,-1565.844258,-3.781582731,19.20972591,2
302.1847964,-426.7586263,124.57383,3738.210345,-7.158592464,21.04418784,2
334.7371931,-326.0897166,-8.647476487,8852.301388,-10.15741461,21.82421395,2
73.47809867,344.4646284,-270.9865297,21.50898898,11185.08624,-11.6969551,2
-203.1194163,351.4335559,-148.3141396,20.67231068,15528.77166,-13.85402375,2
-322.5191764,340.6827305,-18.16355417,18.79288223,19089.47507,-15.31174299,2
-425.6570805,312.7542236,112.902857,15.96546699,21687.66093,-15.99661268,2
-507.3327754,269.0562283,238.2765472,12.3326271,23192.3252,-15.8741008,2
-563.4280614,211.792057,351.6360044,8.07753532,23527.60065,-14.95038462,2
-591.1145378,143.8490472,447.2654907,3.41473919,22676.58224,-13.27203921,2
-588.996215,68.65297774,520.3432372,-1.420656744,20682.17947,-10.92368907,2
-557.1799015,-10.0046632,567.1845647,-6.184845218,17644.95285,-8.023741259,2
-497.2698192,-88.15785042,585.4276696,-10.63760934,13718.04346,-4.718415126,2
-412.286716,-161.8659939,574.1527099,-14.55443467,9099.451433,-1.17436976,2
-306.5155554,-227.4126288,533.9281842,-17.73782952,4022.052448,2.429699208,2
-185.2894633,-281.4928047,466.782268,-20.02728277,-1258.14413,5.912069671,2
-54.72082402,-321.3797256,376.1005496,-21.30735704,-6474.903608,9.097155731,2
78.60691395,-345.0622385,266.4553246,-21.51350922,-11365.18988,11.82436097,2
207.9711848,-351.3462391,143.3750544,-20.63534482,-15682.42805,13.95617595,2
326.849266,-339.9148795,13.06561353,-18.71714205,-19208.93712,15.38511161,2
429.247163,-311.3445444,-117.9026187,-15.85561929,-21766.90568,16.03911902,2
510.0018347,-267.0757888,-242.9260459,-12.19505837,-23227.3575,15.88522221,2
565.0415206,-209.3407038,-355.7008168,-7.92002973,-23516.6546,14.9311808,2
591.5910448,-141.0503707,-450.5406741,-3.246086108,-22620.21022,13.22509883,2
588.3117444,-65.64808117,-522.6636632,1.59110593,-20583.22432,10.85299921,2
555.3689661,13.06427893,-568.433245,6.347648607,-17508.40449,7.934486396,2
494.4237295,91.11792531,-585.5416548,10.7837106,-13550.78734,4.616715724,2
408.5489763,164.577287,-573.1262633,14.67561965,-8909.921293,1.06697366,2
302.0746285,229.738443,-531.8130715,17.82714043,-3819.805135,-2.53575702,2
180.3692675,283.3158792,-463.6851467,20.07936902,1462.910555,-6.00982178,2
49.56944306,322.6081485,-372.1775916,21.31874499,6671.864067,-9.180053594,2
-83.72973976,345.6340812,-261.9043414,21.48277736,11544.41288,-11.88660511,2
-212.8071549,351.2326784,-138.4255235,20.56319542,15834.87646,-13.99300836,2
-331.1545434,339.1216512,-7.967107835,18.60636576,19326.92379,-15.39305567,2
-432.8046691,309.9116542,122.8930149,15.71095443,21844.4811,-16.01615481,2
-512.6321944,265.0754951,247.5566993,12.02295201,23260.60973,-15.83088831,2
-566.6121069,206.8738739,359.7382329,7.728312643,23503.90654,-14.8465976,2
-592.0226659,138.2413957,453.7812702,3.043577903,22562.10418,-13.112912,2
-587.5826366,62.63860326,524.9440333,-1.795041487,20482.6896,-10.71724635,2
-553.5158912,-16.12250774,569.6383989,-6.543575731,17370.50971,-7.780393416,2
-491.5401214,-94.07069498,585.6108164,-10.96259725,13382.48487,-4.450433355,2
-404.7802297,-167.2757048,572.0559346,-14.82929294,8719.696695,-0.89526733,2
-297.6107681,-232.0464412,529.6572092,-17.94869873,3617.249319,2.705848307,2
-175.4353663,-285.1170754,460.5524416,-20.1635299,-1667.584926,6.171340362,2
-44.41427439,-323.8117138,368.2259882,-21.36211163,-6868.337508,9.32647397,2
88.846246,-346.1793203,257.3330743,-21.48400978,-11722.77941,12.01216295,2
217.6270182,-351.0920896,133.4650714,-20.52307805,-15986.14307,14.09299118,2
335.4347405,-338.3023133,2.867572743,-18.5277679,-19443.46389,15.46404042,2
436.3293874,-308.4548692,-127.8745182,-15.59868556,-21920.41905,16.05618045,2
515.2237134,-263.0547061,-252.1690074,-11.88351931,-23292.11711,15.83955472,2
568.1397595,-204.390962,-363.7487976,-7.56959287,-23489.39518,14.82508576,2
592.4094266,-135.4215425,-456.987884,-2.874420251,-22502.30624,13.06392442,2
586.809005,-59.62397979,-527.1850252,1.965261582,-20380.62065,10.64487081,2
551.6208756,19.17991011,-570.8007858,6.705429315,-17231.31669,7.689896851,2
488.6192719,97.01672784,-585.6359997,11.10707727,-13213.18654,4.347996311,2
400.9808202,169.9618352,-570.9426554,14.94826839,-8528.829792,0.787672314,2
293.1243706,234.3372406,-527.4616113,18.03532462,-3414.438084,-2.811558809,2
170.488192,286.8970487,-457.3852407,20.21259242,1872.113998,-6.268218973,2
39.25576717,324.9911223,-364.2468895,21.37029101,7064.271309,-9.408018717,2
-93.95598644,346.6987066,-252.7427201,21.45004766,11900.23822,-12.07264511,2
-222.4303511,350.9252755,-128.4949244,20.44784098,16136.17869,-14.12774412,2
-339.6894745,337.4577197,2.231754811,18.4142036,19558.51085,-15.46969489,2
-439.8209923,306.9750917,132.8459006,15.45167432,21994.67605,-16.0308345,2
-517.7761371,261.0143671,256.76177,11.70962791,23321.83954,-15.78286955,2
-569.6243044,201.892948,367.7313564,7.376743476,23473.08392,-14.73830284,2
-592.7512393,132.591817,460.1594223,2.67149096,22440.78325,-12.94980287,2
-585.9908501,56.60523114,529.385619,-2.16888438,20276.98752,-10.50754829,2
-549.6840049,-22.23546245,571.9194674,-6.90032421,17090.79827,-7.534680951,2
-485.6613442,-99.9550088,585.616353,-11.28426287,13042.86749,-4.181096906,2
-397.1509777,-172.6346827,569.7856603,-15.0996562,8337.297357,-0.61588847,2
-288.6157183,-236.6098761,525.2255944,-18.15412684,3211.349112,2.981181653,2
-165.5280615,-288.6548727,454.1829342,-20.2936642,-2076.51996,6.428744251,2
-34.09425434,-326.1454931,360.2397475,-21.41038988,-7259.688309,9.552968485,2
99.05863185,-347.1914092,248.1327773,-21.44799702,-12076.81354,12.19632667,2
227.2168475,-350.7314572,123.5146098,-20.4045894,-16285.00964,14.22553705,2
343.918481,-336.5871432,-7.33133778,-18.33277703,-19672.09364,15.53828404,2
443.2792773,-305.4716426,-137.8076346,-15.33702347,-22067.28417,16.06837709,2
520.2893299,-258.9538414,-261.3354885,-11.56837866,-23349.81245,15.78908816,2
571.0656872,-199.3792303,-371.6864569,-7.216862793,-23455.01167,14.71449932,2
593.0481363,-129.7516423,-463.296494,-2.501885178,-22377.57753,12.89879275,2
585.1282921,-53.58179501,-531.5464971,2.338818623,-20171.83574,10.43351882,2
547.705484,25.28972424,-572.9952083,7.061173765,-16949.00279,7.442979938,2
482.6666209,102.8861062,-585.552727,11.4270727,-12871.57831,4.077963096,2
393.2910506,175.2948357,-568.5858863,15.2163809,-8145.151583,0.508136976,2
284.085211,238.8649661,-522.9501771,18.23803631,-3008.035469,-3.086502978,2
160.5554091,290.3912051,-450.9466142,20.33968298,2280.749646,-6.524710176,2
28.9301854,327.2755296,-356.205715,21.41535306,7454.536026,-9.63312558,2
-104.1537372,347.6581817,-243.5044445,21.41080981,12252.45432,-12.2550187,2
-231.9860863,350.5114404,-118.5253541,20.32628234,16432.58697,-14.25819017,2
-348.1213811,335.6914406,12.42994056,18.21645403,19784.166,-15.5416374,2
-446.703922,303.9454267,142.7584953,15.18770531,22138.20023,-16.04064729,2
-522.7630433,256.874076,265.8889673,11.39274983,23375.99606,-15.73005911,2
-572.4637405,196.8507901,375.6129505,7.022934451,23435.14214,-14.62553319,2
-593.300037,126.9020245,466.3980125,2.298591215,22312.65624,-12.78276128,2
-584.2213384,50.55469124,533.6666471,-2.542072036,20065.13563,-10.29465849,2
-545.6854049,-28.34167333,574.0270782,-7.254982452,16805.90336,-7.286678393,2
-479.6352708,-105.8090072,585.444278,-11.60250866,12699.29434,-3.910487474,2
-389.4012736,-177.9413021,567.3425756,-15.36544244,7952.369397,-0.33631792,2
-279.5331342,-241.1015495,520.6346837,-18.35405154,2804.474933,3.255615734,2
-155.5705536,-292.1051239,447.6756775,-20.41764619,-2484.825209,6.684203262,2
-23.76389383,-328.3803557,352.1442495,-21.45217713,-7648.83732,9.776570574,2
109.2409742,-348.0981983,238.8572241,-21.40548186,-12427.18489,12.37679626,2
236.7377641,-350.2644514,113.5266873,-20.27991481,-16578.93713,14.35377336,2
352.2979143,-334.7698895,-17.52802481,-18.13222856,-19894.75705,15.60781995,2
450.0947249,-302.3957695,-147.6989554,-15.07071237,-22207.4565,16.07570525,2
525.1971477,-254.7744385,-270.4227092,-11.249732,-23400.42602,15.73383781,2
573.8184164,-194.3070289,-379.5113875,-6.861946475,-23413.51448,14.599455,2
593.5069804,-124.0423896,-469.4645908,-2.12859387,-22246.06193,12.72975391,2
583.2701156,-47.52335936,-535.7467563,2.711663761,-19956.93291,10.21900735,2
543.6239787,31.39186827,-575.015847,7.414774069,-16661.54844,7.193810536,2
476.5675818,108.7242802,-585.291862,11.74359986,-12526.06626,3.806697968,2
385.4819996,180.574671,-566.0566706,15.47987588,-7759.00303,0.228452419,2
274.9598911,243.3202463,-518.2801374,18.43521402,-2600.720548,-3.360506148,2
150.5739313,293.7972888,-444.37122,20.46060216,2688.693564,-6.779217606,2
18.59582938,329.4606774,-348.0565067,21.45391748,7842.539853,-9.855305918,2
-114.3198991,348.5122155,-234.1923163,21.3650757,12600.95438,-12.43367057,2
-241.4714625,349.9912987,-108.5198362,20.19855638,16724.01141,-14.38430696,2
-356.4477059,333.8233495,22.62435639,18.01317702,20003.82081,-15.6088614,2
-453.4513709,300.8235781,152.6277928,14.91912745,22275.01011,-16.04559021,2
-527.5914006,252.6558776,274.935523,11.07241389,23423.06287,-15.672473,2
-575.129554,191.7489292,383.3806248,6.666992877,23390.09271,-14.50832288,2
-593.6688927,121.1737439,472.4951488,1.92499177,22177.76203,-12.61183792,2
-582.274638,44.48881862,537.7858194,-2.914491266,19847.19819,-10.07864154,2
-541.5213038,-34.43928843,575.9605923,-7.60744289,16515.91138,-7.036460966,2
-473.4637286,-111.6309148,585.0946434,-11.91723807,12351.86962,-3.638687139,2
-381.5334679,-183.1939536,564.7274215,-15.62657105,7565.029559,-0.056640478,2
-270.3657705,-245.5200991,515.8858695,-18.5484122,2396.750182,3.529067307,2
-145.5658628,-295.4667824,441.0326451,-20.53543827,-2892.376835,6.937639909,2
-13.42632597,-330.5156236,343.9419496,-21.4874607,-8035.666515,9.997212415,2
119.3901848,-348.8994126,229.5092278,-21.35647718,-12773.7872,12.55351697,2
246.1868805,-349.6912138,103.5043333,-20.14909207,-16867.83639,14.47766119,2
360.5704992,-332.8511034,-27.7193958,-17.92618333,-20111.38657,15.67262705,2
456.7736633,-299.2281827,-157.5454806,-14.79983303,-22340.89352,16.0781627,2
529.9456784,-250.517765,-279.4279133,-10.92767597,-23443.94248,15.67382044,2
576.397112,-189.175896,-387.2212159,-6.504951555,-23364.9162,14.47998771,2
593.7858196,-118.295516,-475.4903035,-1.754659538,-22107.79931,12.55685914,2
581.235039,-41.45051031,-539.7845287,3.08368392,-19735.97734,10.00140143,2
539.3775976,37.48449149,-576.8620891,7.766122986,-16369.04079,6.942464208,2
470.3240045,114.5294792,-584.8534837,12.05656274,-12176.75518,3.534283192,2
377.5560357,185.7997398,-563.3557755,15.7386734,-7370.501249,-0.05129654,2
265.7511785,247.7017298,-513.4529083,18.62679796,-2192.616856,-3.633485223,2
140.5467859,297.1142666,-437.6610525,20.57531327,3095.822025,-7.03166408,2
8.255833435,331.545903,-339.8017364,21.48597258,8228.165113,-10.07449235,2
-124.451389,349.260549,-224.80916,21.31285922,12945.63269,-12.60854655,2
-250.8836027,349.365008,-98.48140531,20.06470183,17010.36362,-14.50605625,2
-364.6659236,331.8540132,32.81191044,17.80443423,20217.40865,-15.67134649,2
-460.0612923,297.6104926,162.4507997,14.64602221,22405.0642,-16.04566179,2
-532.2597446,248.3610512,283.8986934,10.74871723,23463.0257,-15.6101287,2
-577.6209363,186.5889128,391.0320235,6.309026714,23337.9493,-14.38670745,2
-593.8576944,115.4087125,478.4489819,1.550805938,22036.14152,-12.43708464,2
-580.1513395,38.40945301,541.7418865,-3.286029115,19623.24128,-9.859562944,2
-537.1929646,-40.5264584,577.7194231,-7.95759862,16220.91028,-6.784104567,2
-467.1485895,-117.4189657,584.5675553,-12.22835566,12000.69869,-3.365778343,2
-373.5499468,-188.3910441,561.9409909,-15.88296284,7175.395321,0.223059025,2
-261.1164074,-249.8641849,510.9805923,-18.73714986,1988.29852,3.801453432,2
-135.5170232,-298.7388286,434.2558518,-20.64700471,-3299.051234,7.188977319,2
-3.084686026,-332.5506494,335.6353354,-21.51622989,-8420.058573,10.21482708,2
129.5031856,-349.5948092,220.0916236,-21.30099785,-13116.51534,12.72643521,2
255.5613308,-349.0119182,93.45058741,-20.01216087,-17151.61981,14.59716297,2
368.7337265,-330.8313667,-37.9023598,-17.71470382,-20321.91651,15.73268567,2
463.3140666,-295.9698428,-167.3442238,-14.5244676,-22467.55478,16.07574867,2
534.5334817,-246.1851119,-288.3483698,-10.60230823,-23480.34861,15.60905422,2
578.800992,-183.9873879,-394.8136041,-6.1459863,-23309.23157,14.35613365,2
593.8845694,-112.5127646,-481.3718048,-1.380195589,-21962.83161,12.38016087,2
579.0236795,-35.3650897,-543.6585898,3.454766274,-19509.03604,9.780767072,2
534.9676285,43.56574606,-578.5333745,8.115113961,-16071.56858,6.689017178,2
463.9377824,120.2999426,-584.2377251,12.36586643,-11823.75101,3.260801381,2
369.5155628,190.9684574,-560.4840202,15.99269498,-6979.764069,-0.331025062,2
256.4618663,252.0080878,-508.4699541,18.81273001,-1783.848165,-3.90535742,2
130.477014,300.3411326,-430.8181466,20.68378154,3502.011553,-7.281973041,2
-2.086666422,333.530574,-331.4439076,21.51150864,8611.29485,-10.29061842,2
-134.5451339,349.9029552,-215.3578213,21.25417621,13286.38471,-12.7795936,2
-260.2196524,348.6327584,-88.41310604,19.92475931,17291.55675,-14.62340112,2
-372.7735417,329.7840288,42.98951294,17.59028899,20424.86475,-15.72907374,2
-466.5316817,294.3071448,172.2245369,14.36847243,22528.32304,-16.04086199,2
-536.7666594,243.9908993,292.7757601,10.42175803,23495.87242,-15.54304512,2
-579.9371318,181.3723058,398.564826,5.949144533,23278.72771,-14.26072379,2
-593.8663849,109.6086789,484.257706,1.17614721,21887.83766,-12.25855442,2
-577.8520867,32.31843822,545.5336485,-3.656572896,19393.33283,-9.637489166,2
-532.7017001,-46.60133707,579.3030372,-8.305343439,15920.98954,-6.52968574,2
-460.6917689,-123.1714046,583.8631735,-12.53576706,11645.88807,-3.091843865,2
-365.4531318,-193.5309974,558.9841292,-16.13454003,6783.584854,0.502695751,2
-251.7878503,-254.1324892,505.9203395,-18.92020728,1579.243824,4.072691486,2
-125.4270827,-301.9202703,427.347353,-20.75231167,-3704.725063,7.438139257,2
7.257889472,-334.4848158,327.2269263,-21.53847597,-8801.89691,10.42934856,2
139.5769093,-350.184177,210.6072677,-21.23906069,-13455.26538,12.89549852,2
264.8582719,-348.2267707,83.36849884,-19.86916272,-17430.2013,14.71224245,2
376.7851206,-328.7112921,-48.07382841,-17.49785416,-20526.28301,15.7879776,2
469.7139513,-292.6217382,-177.0922132,-14.2446996,-22587.40184,16.0684639,2
538.9591662,-241.7777932,-297.181373,-10.27372747,-23509.63339,15.53955881,2
581.0293273,-178.7430782,-402.2862491,-5.785159578,-23246.47749,14.2279304,2
593.8031998,-106.6958891,-487.1073107,-1.00531559,-21811.20281,12.1997127,2
576.6367077,-29.26894318,-547.3677646,3.824798282,-19276.17785,9.557171171,2
530.395409,49.6337876,-580.0291966,8.461641152,-15769.22202,6.433546306,2
457.4108527,126.0339203,-583.4447729,12.67141712,-11467.16081,2.986335472,2
361.3630194,196.0792562,-557.4422756,16.24186358,-6586.909996,-0.610648317,2
247.0947716,256.2380143,-503.3327859,18.9929538,-1374.538453,-4.17604029,2
120.3676697,303.4769082,-423.8445779,20.78597408,3907.138954,-7.53006858,2
-12.42853341,335.4140885,-322.9855551,21.53051793,8991.812864,-10.50361856,2
-144.5980726,350.4392393,-205.8411667,21.18904446,13623.1071,-12.94675985,2
-269.47678,347.794772,-78.31799197,19.77877125,17567.50552,-14.73630598,2
-380.7681013,327.6140242,53.1540771,17.37080623,20626.12618,-15.78202565,2
-472.8605766,290.9145366,181.94604,14.08656228,22644.74927,-16.03119229,2
-541.1107782,239.5467474,301.5640308,10.09163547,23521.59307,-15.47124263,2
-582.0774381,176.1006904,405.9767477,5.587455487,23212.44591,-14.13041013,2
-593.6949615,103.775402,489.9195595,0.80112922,21732.89543,-12.07630145,2
-575.3775771,26.2176216,549.1599555,-4.026010222,19157.54257,-9.412487565,2
-528.0488724,-52.66208197,580.7109543,-8.650571877,15616.24012,-6.273281656,2
-454.0952249,-128.8864868,582.9817117,-12.83937903,11287.54537,-2.816966794,2
-357.2454783,-198.6122547,555.857733,-16.38122631,6389.716991,0.782184881,2
-242.3829284,-258.3237177,500.7066461,-19.09752893,1169.710158,4.3426992,2
-115.2991013,-305.0101425,420.3092438,-20.8513272,-4109.275288,7.685050146,2
17.59826373,-336.3175362,318.7192725,-21.55419219,-9181.06572,10.64071179,2
149.6083007,-350.6673373,201.0590366,-21.17068447,-13789.93457,13.06065561,2
274.0748841,-347.3360094,73.26112538,-19.720141,-17703.49639,14.82286471,2
384.7222393,-326.4915226,-58.23071674,-17.27570012,-20724.42409,15.83848605,2
475.9713764,-289.1848842,-186.7864922,-13.96061386,-22700.39837,16.05631059,2
543.2213898,-237.2971457,-305.924244,-9.942033332,-23531.78793,15.46535527,2
583.0814421,-173.4445574,-409.6368847,-5.422580819,-23176.67297,14.09541681,2
593.5417355,-100.8466537,-492.6950818,-0.630133234,-21652.95888,12.01556934,2
574.0748477,-23.16391964,-550.9109281,4.19366772,-19037.47338,9.330681538,2
525.6623257,55.68677572,-581.3491014,8.805599464,-15462.09282,6.176129066,2
450.7451946,131.7296731,-582.4748677,12.97312215,-11107.09274,2.7109687,2
353.1008782,201.1305861,-554.2314642,16.48610365,-6192.058179,-0.890081505,2
237.6527355,260.3902263,-498.0429618,19.16741467,-964.8118572,-4.445451745,2
110.2218191,306.5206421,-416.7424613,20.88185989,4311.081356,-7.775875462,2
-22.76663095,337.1958752,-314.4292443,21.54299468,9369.603748,-10.71342821,2
-154.6071562,350.8692386,-196.2620825,21.11748374,13955.69774,-13.10999462,2
-278.6521779,346.8513028,-68.19912485,19.62678195,17838.12624,-14.84473661,2
-388.6471775,325.3446574,63.30252012,17.14605253,20821.13191,-15.83018616,2
-479.0460575,287.4336969,191.6123606,13.80037727,22754.30756,-16.01665562,2
-545.2907834,235.0299434,310.26084,9.758449679,23540.17984,-15.39474299,2
-584.0412059,170.7756654,413.2655405,5.224069277,23139.12401,-13.995806,2
-593.3434762,97.91065106,495.4328251,0.425865712,21571.36183,-11.89038098,2
-572.7285611,20.10885345,552.6197076,-4.394229041,18915.94202,-9.184626389,2
-523.2358925,-58.70685495,581.9427475,-8.993179224,15306.75444,-6.014970087,2
-447.3609583,-134.5624789,581.9234373,-13.13909949,10925.77926,-2.541230504,2
-348.9294758,-203.6332748,552.5627506,-16.62294688,5993.911188,1.061441641,2
-232.9044942,-262.436599,495.3410932,-19.26906103,759.8217287,4.611394676,2
-105.1361508,-308.0075081,413.1436589,-20.94402126,-4512.579211,7.929635094,2
27.9333006,-338.0482547,310.1149541,-21.56337377,-9557.450004,10.84885266,2
159.5943174,-351.0441437,191.4498263,-21.09588993,-14120.42141,13.2218564,2
283.208372,-346.3399045,63.13153251,-19.56514089,-17971.42219,14.9289962,2
392.5426757,-324.1727314,-68.36994429,-17.04830907,-20916.27966,15.88419571,2
482.0844441,-285.6603233,-196.4241208,-13.67229654,-22806.5101,16.03929241,2
547.3188596,-232.7445282,-314.5743313,-9.607326414,-23546.80551,15.38646609,2
584.9567141,-168.0934326,-416.8632815,-5.058359985,-23099.8392,13.95863308,2
593.1002559,-94.96683254,-498.1334233,-0.254762306,-21488.14782,11.82778663,2
571.3388765,-17.05187068,-554.2870058,4.561262719,-18792.99503,9.101366857,2
520.7698142,61.72287462,-582.4926888,9.146884584,-15150.27411,5.916843522,2
443.94283,137.3854736,-581.3283036,13.27089002,-10743.656,2.434784574,2
344.7316449,206.120915,-550.8525599,16.72534109,-5795.328374,-1.169239885,2
228.1386217,264.4634646,-492.6020863,19.3360597,-554.7926453,-4.713510083,2
100.0425393,309.4714114,-409.5139508,20.97140989,4713.716248,-8.019319141,2
-33.09782358,338.8753938,-305.7775702,21.5489351,9744.552921,-10.91998372,2
-164.5693489,351.1928228,-186.623474,21.03951575,14284.05575,-13.2692484,2
-287.7430634,345.802637,-58.05957363,19.46883749,18103.33682,-14.94866011,2
-396.408381,322.9766169,73.43176407,16.91609606,21009.8228,-15.87354068,2
-485.0862484,283.8656814,201.2205671,13.5100042,22856.9647,-15.99725641,2
-549.3054072,230.4418571,318.8635501,9.422301702,23551.62712,-15.31356943,2
-585.8278398,165.3988459,420.428994,4.859096118,23058.78423,-13.85695222,2
-592.8120357,92.01620483,500.7958309,0.050470504,21403.28584,-11.70084943,2
-569.9058421,13.99398652,555.9118555,-4.761117672,18668.60444,-8.953974752,2
-518.2642204,-64.73382269,582.9980431,-9.333061567,14992.62638,-5.754829385,2
-440.4910115,-140.1976596,580.6886711,-13.43483753,10560.69947,-2.264718633,2
-340.5076464,-208.5925349,549.1001813,-16.8596284,5596.287489,1.340381329,2
-223.3554223,-266.4698859,489.8253082,-19.43475156,349.7028516,4.878696411,2
-94.94131361,-310.911458,405.8527716,-21.03036576,-4914.514514,8.171819912,2
38.25986558,-339.6764465,301.416581,-21.56601793,-9930.935609,11.05370802,2
169.5319307,-351.3144817,181.7825511,-21.01469975,-14446.62566,13.37905197,2
292.2559656,-345.238758,52.98279244,-19.40420941,-18233.89743,15.03060472,2
400.2440576,-321.7556217,-78.48843594,-16.81574998,-21101.79153,15.92509269,2
488.0513002,-282.0491243,-206.0021759,-13.37983509,-22905.70483,16.01741453,2
551.2503329,-228.1213216,-323.1290113,-9.269708226,-23554.68158,15.3029152,2
586.6545744,-162.6913267,-423.9632477,-4.692607539,-23015.99948,13.81762068,2
592.4788947,-89.05820881,-503.4206859,0.120683351,-21316.81962,11.63642151,2
568.4296237,-10.93465003,-557.4949737,4.927471795,-18542.81695,8.86929667,2
515.7193584,67.74025361,-583.459612,9.485393006,-14833.86047,5.655768307,2
437.0058219,142.9996065,-580.0054283,13.56463042,-10376.96081,2.157866849,2
336.2578579,211.0487296,-547.3065875,16.95950337,-5396.840903,-1.448038797,2
218.5553157,268.4564937,-487.0118094,19.49883777,-144.6051717,-4.980134011,2
89.83291763,312.3283211,-402.1612388,21.05459694,5114.921514,-8.260325792,2
-43.41897797,340.4521348,-297.0331568,21.54833741,10116.54667,-11.12322245,2
-174.4816293,351.4098937,-176.9282644,20.95516415,14608.08154,-13.4244729,2
-296.7466792,344.6490928,-47.90241355,19.30498579,18363.05684,-15.04804499,2
-404.0493576,320.5106207,83.53873685,16.68100657,21192.14161,-15.91207606,2
-490.9793175,280.2115722,210.7677452,13.21553114,22952.68954,-15.97300054,2
-553.153432,225.7838801,327.369552,9.083293497,23555.93141,-15.22774657,2
-587.4367979,159.9718625,427.4649354,4.492646709,22971.45094,-13.71389091,2
-592.1008011,86.09385102,506.00695,-0.324942546,21228.71845,-11.50776428,2
-566.9102762,7.874875381,559.0354008,-5.126564839,18415.60486,-8.720602618,2
-513.1353638,-70.74115726,583.8765211,-9.670115819,14673.95119,-5.492938454,2
-433.4874681,-145.7903196,579.2777878,-13.72650344,10192.41671,-1.98751505,2
-331.9825444,-213.4885308,545.4710752,-17.0911991,5196.96649,1.618919336,2
-213.7386089,-270.4223551,484.1609639,-19.59455025,-60.52208842,5.14452333,2
-84.71768161,-313.7211114,398.438793,-21.11033448,-5314.959295,8.411531141,2
48.57482672,-341.2016178,292.626791,-21.56212387,-10301.40926,11.25521575,2
179.4181266,-351.4782695,172.060143,-20.92713856,-14768.44839,13.53219466,2
301.2149208,-344.032904,42.81798317,-19.23739535,-18490.84251,15.12765946,2
407.8240495,-319.2409266,-88.58312285,-16.57809336,-21280.90343,15.96116459,2
493.8701352,-278.3523826,-215.5177526,-13.0833182,-22997.95249,15.99068356,2
555.0146174,-223.428928,-331.5856895,-8.929281159,-23555.41374,15.21472792,2
588.1745081,-157.239878,-430.9346301,-4.325434403,-22925.17923,13.67242238,2
591.6778405,-83.12257457,-508.555266,0.496089874,-21139.02624,11.44153203,2
565.3479718,-4.814112969,-560.5338589,5.292183884,-18287.01502,8.634541353,2
510.5124899,73.73708767,-584.2495775,9.821022069,-14512.94788,5.392982593,2
429.9362742,148.570369,-578.5066432,13.85425427,-10007.11839,1.880299506,2
327.6820872,215.9125352,-543.5946223,17.18851947,-4996.716624,-1.726393693,2
208.905724,272.3681026,-481.2738266,19.65569949,265.6261578,-5.245242673,2
79.59605048,315.0905047,-394.6865552,21.13139579,5514.575474,-8.498822327,2
-53.72696381,341.92562,-288.1986562,21.54120179,10485.47216,-11.32308279,2
-184.3409911,351.5203854,-167.1793943,20.86445452,14927.67684,-13.57562104,2
-305.6602946,343.3910198,-37.73072517,19.13527654,18617.20752,-15.1428611,2
-411.56779,317.9474169,93.62037312,16.44085537,21368.03305,-15.94578063,2
-496.7234773,276.4724777,220.2509996,12.91704741,23041.45305,-15.94389537,2
-556.8336909,221.057425,335.7762658,8.741527888,23553.09141,-15.13730044,2
-588.8675921,154.4963613,434.3712308,4.124832192,22877.15064,-13.56666548,2
-591.2099881,80.14538582,511.0646023,-0.700259575,21047.71259,-11.3111841,2
-563.742772,1.753375898,561.9893961,-5.490459699,18157.02,-8.484580773,2
-507.8508783,-76.7270367,584.577915,-10.00423975,14350.82554,-5.229376732,2
-426.3524522,-151.3387628,577.6912151,-14.01400877,9821.042702,-1.709703836,2
-323.3567553,-218.3197778,541.6765331,-17.31758874,4796.0693,1.896971177,2
-204.0569706,-274.2928077,478.3497783,-19.74840863,-470.7286741,5.408794802,2
-74.46835557,-316.4356163,390.9039719,-21.18390317,-5713.792102,8.648696071,2
58.87505559,-342.6233059,283.7482503,-21.55169275,-10668.75859,11.45331471,2
189.2499067,-351.5354574,162.2855507,-20.8332329,-15085.792,13.68123799,2
310.0825205,-342.7227081,32.64018759,-19.06474931,-18742.1795,15.22013095,2
415.2803523,-316.6294089,-98.6509434,-16.33541131,-21453.56104,15.99240046,2
499.5391842,-274.5712193,-224.9679649,-12.7828358,-23083.22509,15.9591076,2
558.6105715,-218.6687705,-339.941801,-8.586148457,-23549.00178,15.121931,2
589.5160543,-151.74074,-437.7753143,-3.956951934,-22827.406,13.5230822,2
590.6973362,-77.16173004,-513.5356062,0.871343408,-20954.82159,11.24317727,2
562.0948554,1.30788419,-563.4027396,5.655288377,-18025.66682,8.397172098,2
505.1507879,79.71155803,-584.862346,10.15366998,-14187.63364,5.128566074,2
422.736331,154.0960716,-576.8324026,14.13967374,-9634.240916,1.602166719,2
319.0069337,220.7108566,-539.7177903,17.41231993,-4595.076892,-2.004220158,2
199.1927732,276.1971049,-475.3898782,19.80659731,675.7769242,-5.508755672,2
69.33504263,317.7571245,-387.0921671,21.20178318,5912.556915,-8.73473642,2
-64.01865478,343.2954026,-279.2767478,21.5275304,10851.21751,-11.51950411,2
-194.1444442,351.5242645,-157.3798203,20.76741438,15242.74473,-13.72264701,2
-314.4812063,342.0287998,-27.54759346,18.95976122,18865.71179,-15.2330797,2
-418.9613979,315.2877827,103.6736152,16.19571528,21537.44377,-15.97464416,2
-502.3169857,272.6495317,229.667454,12.61464354,23123.22831,-15.90994975,2
-560.3450675,216.2639255,344.081142,8.397108531,23543.108,-15.04225848,2
-590.1197886,148.9740029,441.1457857,3.755764127,22775.91192,-13.41532058,2
-590.1398669,74.17261334,515.9672536,-1.075366749,20860.32316,-11.11116852,2
-560.4042902,-4.368655337,564.7729455,-5.852691883,17892.9283,-8.245980807,2
-502.4123666,-82.68964556,585.1020121,-10.33533202,14023.34742,-4.964224161,2
-419.0881278,-156.8413065,575.9294343,-14.29726632,9446.690062,-1.431369256,2
-314.6328953,-223.0848105,537.7177058,-17.53872865,4393.717507,2.174452515,2
-194.3134439,-278.0800701,472.3935139,-19.89628004,-880.7924938,5.671430668,2
-64.196444,-319.0541494,383.2505934,-21.25104952,-6110.891973,8.883242765,2
69.15742824,-343.9410796,274.7836514,-21.53472774,-11032.8722,11.64794483,2
199.0242893,-351.486028,152.4617387,-20.73301125,-15398.56024,13.82613677,2
318.8560753,-341.3085678,22.45249253,-18.88632364,-18987.83217,15.30799116,2
422.6107047,-313.9218606,-108.6888441,-16.0877774,-21619.712,16.01879082,2
505.0567279,-270.7067812,-234.3499467,-12.47847901,-23161.49679,15.92269624,2
562.0371044,-213.8422929,-348.1948115,-8.240414186,-23535.44764,15.02455258,2
590.678806,-146.1955805,-444.4832256,-3.587271886,-22722.70944,13.36964542,2
589.5376792,-71.17748308,-518.3601961,1.246330148,-20764.26156,11.0414174,2
558.6712612,7.429484711,-566.1007459,6.016675151,-17758.85161,8.157260889,2
499.6358787,85.66185268,-585.2977314,10.48323587,-13858.01644,4.862598937,2
415.408176,159.5750384,-574.9832145,14.42080225,-9258.44147,1.323552837,2
310.2350285,225.4422386,-535.6772671,17.63083687,-4192.04352,-2.281433938,2
189.4194093,279.9423394,-469.3617487,19.95148545,1085.722733,-5.770593094,2
59.05300614,320.3273717,-379.3803778,21.26573775,6308.745134,-8.967996528,2
-74.29092952,344.561067,-270.2701375,21.50732741,11213.67179,-11.71242685,2
-203.8890151,351.4215297,-147.5325146,20.66407316,15553.18963,-13.8655062,2
-323.2067389,340.5628458,-17.35610687,18.77849307,19108.49427,-15.31867344,2
-426.227939,312.5325249,113.6954141,15.94566067,21700.3224,-15.99865792,2
-507.7581463,268.7438939,239.0142524,12.30841125,23197.99052,-15.87117397,2
-563.686497,211.4048352,352.2816617,8.050139891,23525.98419,-14.94264954,2
-591.1930074,143.4064621,447.7865453,3.385554453,22667.76549,-13.25990213,2
-588.8907621,68.17734506,520.713417,-1.450150297,20666.607,-10.9077782,2
-556.8958432,-10.48936157,567.3852047,-6.213151525,17623.40984,-8.004875094,2
-496.8214781,-88.62717542,585.4486535,-10.66329221,13691.61616,-4.697561168,2
-411.696698,-162.2962816,573.9929797,-14.57619017,9069.472332,-1.152595734,2
-305.8136102,-227.7821837,533.5957939,-17.75455175,3990.033142,2.451279184,2
-184.5109838,-281.7829934,466.2939771,-20.03811962,-1290.589179,5.932351266,2
-53.90506228,-321.5759164,375.4809787,-21.31175315,-6506.138472,9.11510008,2
79.41882612,-345.1545394,265.7357133,-21.51123398,-11393.63965,11.83904706,2
208.7383097,-351.3299962,142.5916866,-20.626504,-15706.65825,13.96684704,2
327.5329241,-339.7909119,12.25798782,-18.70217246,-19227.72601,15.39121342,2
429.8128833,-311.1191028,-118.6937806,-15.83526675,-21779.30592,16.04032766,2
510.4210928,-266.7602404,-243.6608524,-12.17034015,-23232.74382,15.88146049,2
565.293177,-208.950959,-356.3422179,-7.892183199,-23514.75542,14.92262217,2
591.6624106,-140.6060812,-451.0563294,-3.216506373,-22611.12131,13.21215859,2
588.1992212,-65.17164865,-523.0275726,1.620936368,-20567.40394,10.83631359,2
555.0782274,13.54883197,-568.6270594,6.376234607,-17486.65032,7.914880481,2
493.9694348,91.58616696,-585.5556018,10.80961976,-13524.19624,4.595161839,2
407.9540319,165.0056077,-572.9596396,14.69755455,-8879.83403,1.044542352,2
301.3690321,230.1052463,-531.4742784,17.84400404,-3787.738743,-2.557950962,2
179.5885962,283.6026702,-463.1912665,20.09031999,1495.33925,-6.030675535,2
48.75305946,322.8004667,-371.5535262,21.32324011,6703.019972,-9.198531914,2
-84.54067254,345.7222295,-261.181557,21.48059893,11572.72508,-11.90179252,2
-213.5717485,351.2122122,-137.6404637,20.55446221,15858.91741,-14.00415531,2
-331.8342461,338.9936024,-7.159356371,18.59152707,19345.48132,-15.39961635,2
-433.3652093,309.682479,123.6827302,15.69076738,21856.61953,-16.01781463,2
-513.0453089,264.7567487,248.2885601,11.99844342,23265.71701,-15.82757981,2
-566.8569658,206.481628,360.3753378,7.700727204,23501.72517,-14.83850382,2
-592.0869233,137.7954276,454.2914957,3.014315455,22552.74415,-13.10045726,2
-587.4630524,62.16139929,525.3016532,-1.824496548,20466.62286,-10.70107485,2
-553.2184951,-16.60688646,569.8253816,-6.571729297,17348.54638,-7.761336766,2
-491.0799085,-94.5378255,585.617734,-10.98802084,13355.73236,-4.429468635,2
-404.1804047,-167.7020339,571.8824386,-14.85069572,8689.503919,-0.873467827,2
-296.9015748,-232.4104728,529.3120476,-17.9649926,3585.138637,2.727367218,2
-174.6525633,-285.4004547,460.0530179,-20.17388436,-1699.994443,6.191477454,2
-43.59733168,-324.0001525,367.5974842,-21.36599566,-6899.411724,9.344197687,2
89.65613705,-346.2633172,256.6071801,-21.48121859,-11750.95152,12.02656343,2
218.3890218,-351.0674095,132.6783877,-20.51374345,-16009.99258,14.10332612,2
336.1104353,-338.1702007,2.059765353,-18.5123516,-19461.78828,15.46977249,2
436.884704,-308.2219855,-128.6627184,-15.57795594,-21932.29438,16.05700444,2
515.630652,-262.7327938,-252.8978582,-11.85851265,-23296.9446,15.83541287,2
568.3778017,-203.9962523,-364.3815493,-7.541561106,-23486.93142,14.81617069,2
592.4665698,-134.9739375,-457.4926323,-2.844767842,-22492.67545,13.05066944,2
586.6823681,-59.14604828,-527.5363199,1.995048457,-20364.30842,10.62792805,2
551.3168439,19.66407003,-570.9809139,6.733857697,-17209.1455,7.670104379,2
488.1531749,97.48270408,-585.635879,11.13272269,-13186.27429,4.326335885,2
400.3761592,170.3861325,-570.7622917,14.96984672,-8498.533426,0.765219878,2
292.4116334,234.6984653,-527.1100987,18.05175678,-3382.285183,-2.833687376,2
169.7033158,287.1769871,-456.8803029,20.22305881,1904.502245,-6.28892412,2
38.43832645,325.1756596,-363.613986,21.37427282,7095.261847,-9.426272665,2
-94.76477521,346.7785379,-252.0137627,21.44735308,11928.26846,-12.08754367,2
-223.1897077,350.8963756,-127.7066679,20.43861478,16159.83533,-14.13855228,2
-340.3611111,337.3215457,3.039565458,18.39891993,19576.60109,-15.4758839,2
-440.3710441,306.7385095,133.6325346,15.43111272,22006.28776,-16.03210848,2
-518.1768698,260.6893055,257.4875643,11.68483407,23326.38724,-15.77918048,2
-569.8555125,201.4957969,368.3597156,7.348976447,23470.33831,-14.72985291,2
-592.801265,132.1426012,460.6586638,2.64215973,22430.88278,-12.93703434,2
-585.857171,56.1266006,529.7305704,-2.19829196,20260.43139,-10.49112116,2
-549.3733613,-22.71937461,572.0927359,-6.928316443,17068.42127,-7.515439694,2
-485.1893992,-100.4198032,585.6092024,-11.30941943,13015.7979,-4.160027882,2
-396.5415274,-173.0569238,569.5984512,-15.12069971,8306.900062,-0.594070199,2
-287.8994921,-236.968274,524.8677661,-18.16998734,3179.156794,3.002632875,2
-164.7411724,-288.9313567,453.6725291,-20.30353307,-2108.884116,6.448730633,2
-33.27637843,-326.3261226,359.602501,-21.41376058,-7290.592454,9.570466097,2
99.86625615,-347.2670766,247.4008205,-21.44469068,-12104.69944,12.21043707,2
227.9734986,-350.6983475,122.7248488,-20.39476379,-16308.47124,14.23553259,2
344.5860076,-336.4469258,-8.139081856,-18.31691865,-19689.94798,15.54364454,2
443.8240218,-305.2313876,-138.5926342,-15.315923,-22078.631,16.06881609,2
520.6838255,-258.6256628,-262.0581627,-11.5430911,-23354.07964,15.78456732,2
571.2900429,-198.9796755,-372.3103674,-7.188654245,-23451.98406,14.70523042,2
593.0910398,-129.3008575,-463.7901823,-2.472169034,-22367.40778,12.88522696,2
584.9875801,-53.10250946,-531.8850706,2.368552956,-20155.03661,10.41632396,2
547.3882513,25.77334421,-573.1615955,7.089435962,-16926.42131,7.423006813,2
482.1888628,103.3496757,-585.5385385,11.45244667,-12844.35307,4.056202599,2
392.6768564,175.7149808,-568.3918372,15.23759616,-8114.6553,0.485670123,2
283.3655492,239.2205026,-522.5860517,18.25403209,-2975.805811,-3.108559556,2
159.7665659,290.6642061,-450.430772,20.34966166,2313.087622,-6.545260534,2
28.11193548,327.4522299,-355.5641653,21.41882042,7485.351798,-9.651149718,2
-104.9601366,347.7296717,-242.7695351,21.40759994,12280.19412,-12.26962399,2
-232.7399756,350.4741155,-117.73414,20.31656601,16455.85213,-14.26865637,2
-348.784748,335.5471826,13.23756538,18.20073006,19801.78345,-15.54745296,2
-447.2433187,303.7015093,143.5418095,15.16677544,22149.28169,-16.04153515,2
-523.1512727,256.5427977,266.608475,11.3676783,23379.98279,-15.72599069,2
-572.6812276,196.4488542,376.2323735,6.994994307,23431.83313,-14.61672979,2
-593.3358158,126.4496972,466.8861187,2.269200154,22302.21834,-12.76968295,2
-584.0736048,50.0747793,533.9988256,-2.571423163,20048.09513,-10.27798082,2
-545.361608,-28.82497216,574.1865801,-7.282804808,16783.11947,-7.267258462,2
-479.1517368,-106.2713244,585.4230612,-11.62739049,12671.91587,-3.889320632,2
-388.7823829,-178.3593271,567.1417101,-15.38612026,7921.776803,-0.314487595,2
-278.8100922,-241.4542051,520.2642973,-18.36947382,2772.210742,3.276992661,2
-154.7798171,-292.3746287,447.1544459,-20.42702642,-2517.134187,6.704032775,2
-22.94533279,-328.5531211,351.4984539,-21.45503343,-7679.56202,9.793836677,2
110.0460868,-348.1655133,238.1194265,-21.4016613,-12454.77612,12.39061221,2
237.4888334,-350.222922,112.7340886,-20.26960112,-16602.00371,14.36342637,2
352.9570703,-334.6216097,-18.33546059,-18.11593286,-19912.13592,15.61280715,2
450.6287321,-302.1482159,-148.4805162,-15.0492474,-22218.27138,16.07575902,2
525.5790807,-254.4400932,-271.1389874,-11.22417115,-23404.13162,15.72893927,2
574.0290175,-193.9027501,-380.1262674,-6.833569643,-23409.92395,14.58983499,2
593.535631,-123.5885618,-469.9470692,-2.098822949,-22235.3563,12.71588132,2
583.115371,-47.04286513,-536.0725059,2.741336588,-19939.65197,10.2015655,2
543.2936413,31.87480161,-575.1684429,7.442861563,-16638.56351,7.173662717,2
476.0783076,109.1853024,-585.26361,11.76869472,-12498.53628,3.784843902,2
384.8584586,180.9905366,-565.8489951,15.50072169,-7728.316081,0.205977865,2
274.2335229,243.6699866,-517.9035096,18.45076862,-2568.423908,-3.382484146,2
149.7813605,294.0632694,-443.8446299,20.47009016,2720.97146,-6.79960704,2
17.77701843,329.6294871,-347.4065055,21.45686939,7873.171514,-9.873094877,2
-115.1236647,348.5753426,-233.4516779,21.36135159,12628.39532,-12.44797826,2
-242.2196557,349.9455601,-107.7259044,20.18835291,16746.87803,-14.39442812,2
-357.1026019,333.6710514,23.43155045,17.99701758,20020.96013,-15.61430185,2
-453.9799489,300.5723994,153.4075495,14.89783573,22285.55797,-16.04609179,2
-527.967009,252.318483,275.648526,11.04707233,23426.48743,-15.66802656,2
-575.3332541,191.3423305,383.9909237,6.638888148,23386.2213,-14.49916876,2
-593.6904137,120.7184422,472.9719715,1.895549846,22166.78985,-12.59845384,2
-582.1128949,44.00777083,538.105124,-2.943776984,19829.67848,-10.06171847,2
-541.1844518,-34.92182736,576.1062791,-7.635086875,16492.72752,-7.01686835,2
-472.9687522,-112.0906146,585.0593669,-11.94183758,12324.19057,-3.617428998,2
-380.9053246,-183.6076358,564.5129604,-15.64687684,7534.250945,-0.034804819,2
-269.636132,-245.8669054,515.5030374,-18.56339153,2364.423904,3.55036336,2
-144.7715187,-295.7292263,440.500745,-20.54432697,-2924.620838,6.95730644,2
-12.60732804,-330.6804726,343.2878007,-21.48980168,-8066.202451,10.01424167,2
120.1925416,-348.9583548,228.7658133,-21.35214352,-12801.0754,12.56703418,2
246.9321401,-349.6412773,102.7091373,-20.13829338,-16890.50095,14.48696865,2
361.2210846,-332.6948062,-28.5262784,-17.9094552,-20128.2847,15.67723934,2
457.2967711,-298.9734056,-158.3233655,-14.77801001,-22351.17319,16.07783112,2
530.3149329,-250.1773544,-280.1375784,-10.90184952,-23447.08536,15.66854558,2
576.5938948,-188.7670159,-387.8268789,-6.47641499,-23360.76383,14.4700194,2
593.8002086,-117.8387828,-475.9614258,-1.724842815,-22096.56105,12.54268386,2
581.0663087,-40.96895314,-540.0973556,3.113286295,-19718.21984,9.983717793,2
539.0342556,37.96659172,-577.0008473,7.794027313,-16345.6594,6.922147709,2
469.8233625,114.9878143,-584.8111768,12.08137094,-12148.92881,3.512342088,2
376.9233369,186.2111997,-563.1345366,15.75914349,-7339.632941,-0.073772076,2
265.0183243,248.045568,-513.0638924,18.64190671,-2160.263028,-3.655378074,2
139.7507278,297.3731463,-437.1238741,20.58430777,3128.030053,-7.051886504,2
7.43670979,331.706771,-339.1434808,21.4884082,8258.603372,-10.09204084,2
-125.2522769,349.315294,-224.0630172,21.30862204,12972.76645,-12.6225524,2
-251.625873,349.3108697,-97.68499671,20.05401439,17032.82476,-14.5158294,2
-365.3121501,331.6937211,33.61842893,17.78784428,20234.06465,-15.67641028,2
-460.5788913,297.3521288,163.2267625,14.62437514,22415.07525,-16.04577702,2
-532.6226181,248.0176427,284.6049754,10.72311338,23465.88704,-15.60530569,2
-577.8107877,186.1777745,391.6330132,6.280765976,23333.51666,-14.37720549,2
-593.8649512,114.9505746,478.9143765,1.521322133,22024.6384,-12.42339896,2
-579.9756358,37.92741527,542.0482205,-3.315240488,19605.24768,-9.84239972,2
-536.8431596,-41.00809107,577.8512507,-7.985055797,16197.33348,-6.764345305,2
-466.6423209,-117.8759088,584.5182298,-12.25266533,11972.72747,-3.344435449,2
-372.9127414,-188.8002581,561.7129994,-15.90289039,7144.440021,0.244893297,2
-260.3803939,-250.2050367,510.5854305,-18.75168164,1955.919959,3.822662052,2
-134.7193124,-298.9941321,433.7134445,-20.65539912,-3331.22048,7.208474806,2
-2.265499614,-332.707532,334.9730316,-21.51805479,-8450.396484,10.23161423,2
130.3025431,-349.6453607,219.3428176,-21.29615234,-13143.49224,12.73964948,2
256.3005547,-348.9535899,92.65303518,-20.00088039,-17173.87546,14.60612196,2
369.3755441,-330.6670996,-38.70844449,-17.69754827,-20338.32876,15.73692155,2
463.8261166,-295.7079196,-168.118197,-14.5022931,-22477.2961,16.07503176,2
534.8899457,-245.8387392,-289.0512065,-10.57622397,-23482.92783,15.60340455,2
578.9838967,-183.5740304,-395.4098663,-6.117298605,-23304.51863,14.34581997,2
593.8846925,-112.0532645,-481.8314281,-1.350342053,-21951.06413,12.36568711,2
578.8410148,-34.88261564,-543.9583991,3.484289273,-19490.80736,9.762846905,2
534.6113861,44.04686697,-578.6582531,8.142826711,-16047.79781,6.668538062,2
463.4259246,120.7554515,-584.1813761,12.39038049,-11795.63669,3.238779795,2
368.8738981,191.3753868,-560.2492849,16.0127832,-6948.723763,-0.353494862,2
255.7227483,252.3459196,-508.0686679,18.82738839,-1751.446963,-3.927158581,2
129.6777101,300.5928329,-430.270543,20.69227987,3534.139943,-7.302022419,2
-2.905854329,333.6834515,-330.7775972,21.51342728,8641.530475,-10.3079212,2
-135.3429012,349.9493016,-214.6064004,21.2494273,13313.20306,-12.79329345,2
-260.9557746,348.5702368,-87.61446212,19.91359117,17313.6056,-14.63282338,2
-373.4109026,329.6157914,43.79511124,17.57327361,20441.03237,-15.73375943,2
-467.0381447,294.0416743,172.9964703,14.34647662,22537.79426,-16.04059094,2
-537.1166879,243.641581,293.4751069,10.39589973,23498.16967,-15.5378471,2
-580.1130769,180.9567527,399.1563242,5.920736412,23273.73518,-14.25087698,2
-593.8593752,109.1478437,484.7115315,1.146630521,21875.80708,-12.24457141,2
-577.6624757,31.83555673,545.826919,-3.685701009,19374.8708,-9.620091086,2
-532.3390482,-47.08191741,579.4209656,-8.332605428,15897.02695,-6.509765923,2
-460.1743616,-123.6254524,583.7998139,-12.55977947,11617.63315,-3.070422788,2
-364.8070574,-193.935619,558.7426764,-16.15408324,6752.462258,0.524521916,2
-251.0456848,-254.4672832,505.512968,-18.93428704,1546.8228,4.093806145,2
-124.6262471,-302.1683559,426.794603,-20.76020919,-3736.809798,7.457461689,2
8.077015918,-334.6336844,326.5566684,-21.53978417,-8832.027595,10.44588842,2
140.3730251,-350.2263224,209.8532973,-21.23370475,-13481.92278,12.90840574,2
265.5912359,-348.1600682,82.56883231,-19.85740382,-17452.04131,14.72085015,2
377.4179756,-328.5391049,-48.87887072,-17.48027634,-20542.20442,15.79183569,2
470.2147881,-292.3527482,-177.8620398,-14.22218028,-22596.60187,16.06736177,2
539.3027317,-241.4255635,-297.8771682,-10.24739325,-23511.64815,15.53353593,2
581.1982985,-178.3253687,-402.8729298,-5.756329399,-23241.20539,14.21727437,2
593.789057,-106.2337614,-487.5552956,-0.975434242,-21798.90968,12.18494474,2
576.440164,-28.78569855,-547.6544654,3.854233004,-19257.48352,9.539019814,2
530.0263742,50.11378326,-580.1401575,8.489153974,-15745.06908,6.412910686,2
456.8879342,126.4864648,-583.374399,12.69562967,-11438.76707,2.964239986,2
360.7125835,196.4815316,-557.1941151,16.2615639,-6555.707107,-0.633105664,2
246.349614,256.5697373,-502.9193513,19.00715742,-1342.099703,-4.197743246,2
119.5653624,303.7213526,-423.286715,20.7939737,3939.177962,-7.549938931,2
-13.24753713,335.5589292,-322.311392,21.53191906,9021.836686,-10.52067049,2
-145.3924774,350.477173,-205.0846955,21.18378532,13649.6019,-12.96014966,2
-270.2065309,347.7238859,-77.51735495,19.76712587,17589.1354,-14.7453746,2
-381.3964033,327.4378924,53.95851089,17.35337064,20641.80053,-15.78633191,2
-473.3557499,290.6420399,182.71371,14.06422446,22653.67777,-16.03053513,2
-541.4478555,239.1916253,302.2562302,10.0655306,23523.32554,-15.46567126,2
-582.2394235,175.6808485,406.5585749,5.558908653,23206.89501,-14.12022154,2
-593.6736874,103.3120092,490.3616782,0.771588654,21720.34105,-12.06202543,2
-575.1741163,25.7340428,549.4400735,-4.055046188,19138.61771,-9.394860002,2
-527.6734836,-53.14146423,580.8149478,-8.677630354,15591.89901,-6.253207423,2
-453.5668358,-129.3375015,582.9043373,-12.86308684,11259.01532,-2.795474128,2
-356.590731,-199.0121612,555.6028922,-16.40037921,6358.436537,0.803996223,2
-241.6348361,-258.6523522,500.2871883,-19.11115236,1137.256504,4.363713396,2
-114.4953838,-305.250935,419.7463188,-20.85872538,-4141.265779,7.704191565,2
18.41708177,-336.4583456,318.0412638,-21.55498325,-9210.980041,10.65699924,2
150.4009334,-350.701064,200.3001306,-21.16481967,-13816.26439,13.07325178,2
274.8013658,-347.2609529,72.4595871,-19.70790719,-17724.91413,14.83111842,2
385.3459399,-326.3114674,-59.03447251,-17.25770531,-20739.84983,15.84196509,2
476.460848,-288.9089091,-187.5519389,-13.93775651,-22709.05431,16.05482347,2
543.5519525,-236.9391658,-306.6127867,-9.915457091,-23533.23763,15.45896092,2
583.2364286,-173.0226227,-410.2138059,-5.393616846,-23170.84333,14.08442158,2
593.5133311,-100.3820387,-493.1312923,-0.600233083,-21640.14382,12.00051156,2
573.8644845,-22.68005101,-551.1844335,4.223005293,-19018.31907,9.312304399,2
525.2806106,56.16550056,-581.4461111,8.832904068,-15437.56502,6.155343104,2
450.2113741,132.1791161,-582.3904902,12.9970259,-11078.42819,2.688805918,2
352.4418682,201.5280856,-553.9699538,16.50541013,-6160.70217,-0.912519685,2
236.9017644,260.7157398,-497.6175042,19.18115927,-932.3453981,-4.467050012,2
109.4167517,306.7577567,-416.1745084,20.88935844,4343.021266,-7.795560854,2
-23.58520208,337.3326351,-313.747433,21.54387793,9399.40666,-10.73022421,2
-155.3979575,350.8987481,-195.5007906,21.11171601,13981.86096,-13.12307041,2
-279.3753363,346.7720738,-67.39673756,19.6146629,17859.33058,-14.85344893,2
-389.2662302,325.1606848,64.10554542,17.12820207,20836.30823,-15.83411179,2
-479.5297911,287.1542566,192.3755344,13.77770427,22762.69065,-16.01561266,2
-545.6148073,234.6691252,310.9456821,9.732106206,23541.34702,-15.38880008,2
-584.1891825,170.3516621,413.8375204,5.195392441,23133.01642,-13.98527882,2
-593.3079443,97.44484134,495.8631029,0.396310281,21558.28744,-11.87581639,2
-572.5113122,19.62472402,552.8865882,-4.423164,18896.56006,-9.166774787,2
-522.8478808,-59.18489373,582.0327745,-9.020025929,15282.04219,-5.994747624,2
-446.8217477,-135.0103238,581.8320715,-13.16249545,10896.98274,-2.519672866,2
-348.2662541,-204.0283449,552.294599,-16.6417036,5962.482363,1.083231447,2
-232.1507019,-262.7589745,494.9096764,-19.28222394,727.3452877,4.632301937,2
-104.3297953,-308.2409344,412.5707297,-20.95091782,-4544.465757,7.948589598,2
28.75156191,-338.1809623,309.4294004,-21.5636474,-9587.138887,10.86488265,2
160.3832266,-351.0694413,190.6862147,-21.089518,-14146.41567,13.23413759,2
283.9281512,-346.2565168,62.32836557,-19.55243584,-17992.41116,14.93689332,2
393.1570326,-323.9848629,-69.17216974,-17.02990268,-20931.20504,15.88729453,2
482.5624021,-285.3774467,-197.1849554,-13.64910804,-22814.61933,16.03742067,2
547.6363193,-232.3809067,-315.2554125,-9.580516156,-23547.68971,15.37970211,2
585.0976687,-167.6674005,-417.4302682,-5.02927095,-23093.45378,13.94730188,2
593.0575984,-94.49987109,-498.5577273,-0.224852367,-21474.81473,11.81244351,2
571.1147576,-16.56752481,-554.5472328,4.590494299,-18773.38655,9.082769412,2
520.3755344,62.20018345,-582.5757179,9.173972742,-15125.37891,5.895913425,2
443.3982693,137.8316787,-581.229948,13.29447777,-10714.72933,2.412561119,2
344.0642608,206.5135181,-550.5777789,16.74424794,-5763.828754,-1.191652189,2
227.3820647,264.7826699,-492.1647346,19.34934117,-522.3083236,-4.734997207,2
99.23495597,309.7011241,-408.9360801,20.97840515,4745.547372,-8.038813703,2
-33.91571386,339.0040314,-305.0883175,21.54930027,9774.125885,-10.9365188,2
-165.3563069,351.2138991,-185.8575922,21.03324124,14309.87945,-13.28200631,2
-288.4594098,345.7150892,-57.25567943,19.45624851,18124.10919,-14.9570136,2
-397.0179965,322.7848591,74.23313733,16.89783619,21024.49648,-15.87708458,2
-485.5583955,283.5793823,201.9790132,13.48700296,22864.79982,-15.99582805,2
-549.6162794,230.0754522,319.5408273,9.395727674,23552.22863,-15.30725686,2
-585.9617627,164.9708097,420.9909531,4.830298031,23052.12181,-13.84608974,2
-592.7622566,91.54811941,501.2141372,0.020909225,21389.69542,-11.68600077,2
-569.674871,13.50945328,556.1654178,-4.789942795,18648.77127,-8.935904623,2
-517.8637033,-65.21037301,583.0740763,-9.359688305,14967.55048,-5.734464922,2
-439.9411429,-140.6421988,580.5833417,-13.45791449,10531.6452,-2.243102657,2
-339.8361515,-208.9826488,548.8188002,-16.8779832,5564.719825,1.362142893,2
-222.5961587,-266.7859045,489.3820632,-19.44744989,317.2134733,4.8994903,2
-94.1325645,-311.1374473,405.2700118,-21.03675853,-4946.287443,8.190581654,2
39.07732198,-339.801012,300.72369,-21.56577399,-9960.39005,11.06947561,2
170.3168771,-351.3313427,181.0144656,-21.00782256,-14472.27647,13.39101437,2
292.968824,-345.1470644,52.17824042,-19.39103691,-18254.45127,15.03814276,2
400.8488846,-321.5599968,-79.28888777,-16.79693752,-21116.21203,15.92781027,2
488.5175997,-281.7594321,-206.7581676,-13.35632241,-22913.26489,16.01515862,2
551.5545933,-227.7521687,-323.8024246,-9.242672028,-23555,15.29578354,2
586.7814545,-162.2613264,-424.5201281,-4.663402209,-23009.06021,13.80595685,2
592.4219971,-88.58904254,-503.8329546,0.150594062,-21302.97254,11.62079761,2
568.1918172,-10.4499738,-557.7418434,4.956588569,-18522.76024,8.850484461,2
515.3126335,68.21600166,-583.5286351,9.512256556,-14808.60542,5.634700325,2
436.4506862,143.4424384,-579.8931246,13.58789507,-10347.7808,2.135589366,2
335.5823021,211.4363171,-547.0186192,16.97800491,-5365.207227,-1.470418526,2
217.7934023,268.7692939,-486.5626963,19.51165213,-112.1128396,-5.001503573,2
89.02306327,312.5505623,-401.5736256,21.06108683,5146.634199,-8.279623707,2
-44.23593934,340.572611,-296.3366717,21.54818443,10145.88071,-11.1394917,2
-175.2645054,351.4225304,-176.158025,20.94838482,14633.55789,-13.43690915,2
-297.4559963,344.5532526,-47.09725625,19.29193074,18383.39095,-15.0560372,2
-404.649351,320.311136,84.33821503,16.66234289,21206.3082,-15.91523726,2
-491.4397348,279.9185012,211.5212336,13.19220868,22959.97432,-15.97118732,2
-553.4510583,225.4119996,328.0390587,9.056497028,23555.96708,-15.22106636,2
-587.5566265,159.5399233,428.0167032,4.463736159,22964.23571,-13.70269653,2
-592.03679,85.62363185,506.4131582,-0.354500653,21214.61611,-11.49263616,2
-566.6656531,7.39008529,559.2755678,-5.155271329,18395.32649,-8.702319539,2
-512.7224628,-71.21607459,583.9385374,-9.696514459,14648.51925,-5.472438265,2
-432.9271083,-146.2314183,579.1585266,-13.74925436,10163.11353,-1.96584739,2
-331.3029799,-213.8735702,545.1765501,-17.10914636,5165.269561,1.64064596,2
-212.9741042,-270.731921,483.7060252,-19.6067801,-93.01455017,5.165197443,2
-83.90678423,-313.9395953,397.8463795,-21.11622148,-5346.608971,8.430094335,2
49.39123028,-341.3180033,291.926773,-21.56136237,-10330.62033,11.27071605,2
180.1988721,-351.4866886,171.2878165,-20.91975815,-14793.74798,13.54383454,2
301.9206421,-343.9329322,42.0122901,-19.22375934,-18510.95498,15.13483602,2
408.4191631,-319.0376048,-89.38155828,-16.5588805,-21294.81467,15.96350001,2
494.3246347,-278.0559626,-216.2686721,-13.05948842,-23004.96108,15.98804408,2
555.3055862,-223.0543557,-332.2512305,-8.902027168,-23555.1663,15.20723065,2
588.2872752,-156.8060401,-431.4812352,-4.296121584,-22917.68822,13.66042936,2
591.6067201,-82.65134578,-508.9553743,0.525992337,-21124.66936,11.42563198,2
565.0965498,-4.329253396,-560.7672964,5.321177074,-18266.51617,8.61551999,2
510.0934432,74.21113065,-584.3045739,9.847652917,-14487.34062,5.371783019,2
429.3707319,149.0096934,-578.3804253,13.87718882,-9977.693888,1.857974653,2
326.9985646,216.2949895,-543.2935541,17.20661013,-4964.958486,-1.748734157,2
208.1386853,272.674403,-480.8130883,19.66804291,298.1166458,-5.266488289,2
78.78417075,315.305207,-394.0893777,21.13737841,5546.160101,-8.51791784,2
-54.54274849,342.0378984,-287.4951499,21.54053075,10514.55839,-11.33908135,2
-185.1195478,351.5245787,-166.4050309,20.85717247,14952.79812,-13.58773197,2
-306.3623674,343.2869164,-36.92454896,19.12175945,18637.0972,-15.15048972,2
-412.1579794,317.7402657,94.41771374,16.42179358,21381.68826,-15.94855826,2
-497.1720252,276.1727235,220.9993017,12.89341086,23048.18528,-15.94169794,2
-557.117981,220.6801818,336.4377992,8.714517158,23552.56123,-15.13025471,2
-588.97329,154.06065,434.91264,4.095818001,22869.38478,-13.55514269,2
-591.1317644,79.67317551,511.4585889,-0.729805492,21033.10262,-11.29578121,2
-563.4845709,1.268475985,562.216095,-5.519038797,18136.30258,-8.466090386,2
-507.4257187,-77.20017701,584.6258957,-10.03040223,14325.04528,-5.208747131,2
-425.7817712,-151.7762873,577.5580584,-14.0364267,9791.499473,-1.68799116,2
-322.6693273,-218.6996259,541.3689532,-17.33512296,4764.25272,1.918656176,2
-203.2874568,-274.5958271,477.8832838,-19.76016625,-503.2143647,5.429342771,2
-73.65555586,-316.6465284,390.3020842,-21.18928256,-5745.308926,8.667054989,2
59.69015871,-342.7314762,283.0413175,-21.55041388,-10697.71743,11.46854293,2
190.0262147,-351.5354321,161.5092175,-20.82535145,-15110.7327,13.69255172,2
310.7808908,-342.6144886,31.83359782,-19.05065388,-18761.8445,15.22694377,2
415.865572,-316.4184517,-99.44712028,-16.31580381,-21466.95882,15.9943529,2
499.9817459,-274.2681614,-225.7135845,-12.75869609,-23089.6801,15.95608526,2
558.8881604,-218.2888925,-340.5992679,-8.558684886,-23548.18854,15.1140703,2
589.6146742,-151.3031959,-438.3114782,-3.927540462,-22819.36552,13.51076353,2
590.6120145,-76.68858164,-513.9234328,0.901228608,-20939.95928,11.2270058,2
561.8298941,1.79278006,-563.6226742,5.684149244,-18004.73205,8.377947253,2
504.7195467,80.18375217,-584.9032988,10.18006011,-14161.68196,5.107241241,2
422.1605536,154.5317553,-576.6923089,14.16227128,-9604.580842,1.57980117,2
318.3156516,221.0880619,-539.4037135,17.42999428,-4563.203924,-2.026514677,2
198.4208419,276.4968126,-474.9176544,19.8184661,708.2557139,-5.529870995,2
68.52138376,317.9642227,-386.4856065,21.20725676,5944.003906,-8.753623837,2
-64.83301536,343.3994491,-278.5664337,21.52634158,10880.04711,-11.53522724,2
-194.9184453,351.520013,-156.6015677,20.75963188,15267.50331,-13.73442903,2
-315.1758218,341.9164647,-26.74064285,18.94578623,18885.15099,-15.2403425,2
-419.5416044,315.0730279,104.4685765,16.17626124,21550.58345,-15.97703748,2
-502.7535283,272.3431854,230.4103429,12.59070012,23129.40596,-15.90736886,2
-560.6159352,215.8814339,344.7345013,8.369891786,23542.01213,-15.03484947,2
-590.2113238,148.5346517,441.6766721,3.726655148,22767.59779,-13.40347297,2
-590.0474544,73.69855511,516.3488993,-1.104891462,20845.20999,-11.09549562,2
-560.1325895,-4.853518007,564.9861075,-5.881134868,17871.77811,-8.227288818,2
-501.9750772,-83.16086534,585.1359426,-10.36125036,13997.22665,-4.943471502,2
-418.5072985,-157.2751239,575.7824225,-14.31934439,9416.915752,-1.409618247,2
-313.9378123,-223.459352,537.3971643,-17.55584446,4361.790926,2.196089215,2
-193.5391543,-278.3764509,471.9156052,-19.9075618,-913.2615606,5.691846165,2
-63.38198848,-319.2574257,382.6394141,-21.25591961,-6142.266386,8.901391742,2
69.97098371,-344.041002,274.0700183,-21.53293183,-11061.57002,11.66289625,2
199.7959241,-351.4775583,151.6816342,-20.72463109,-15423.13447,13.83712083,2
319.5468826,-341.1921333,21.6452507,-18.87177301,-19007.04374,15.31443807,2
423.185853,-313.703332,-109.482521,-16.06778117,-21632.59224,16.0203596,2
505.4872175,-270.3971773,-235.0900402,-12.45403664,-23167.39625,15.91929185,2
562.3012293,-213.4572243,-348.844005,-8.21274931,-23534.06885,15.01633073,2
590.7632488,-145.754463,-445.0087858,-3.557770627,-22714.12193,13.35700474,2
589.4381821,-70.70255858,-518.7356235,1.276189075,-20748.89832,11.02497932,2
558.3928409,7.914269812,-566.3071107,6.045394996,-17737.48726,8.137838295,2
499.1925736,86.13205476,-585.3246284,10.50937731,-13831.7282,4.841155216,2
414.8223382,160.0069492,-574.8292873,14.44305599,-9228.554823,1.301153279,2
309.5361966,225.8140804,-535.350277,17.64808962,-4160.065387,-2.303675847,2
188.6428193,280.2353634,-468.8781827,19.96287607,1118.179974,-5.791571817,2
58.23781491,320.526803,-378.7646179,21.27070069,6340.044951,-8.986670217,2
-75.10361901,344.6568501,-269.5532311,21.5056212,11242.23601,-11.72786988,2
-204.658226,351.4088349,-146.7506089,20.65579262,15577.57801,-13.87695584,2
-323.8936865,340.4423131,-16.54862659,18.76406448,19127.47711,-15.3255683,2
-426.7979864,312.3102316,114.4877548,15.92582032,21712.94257,-16.0006663,2
-508.1825511,268.4310483,239.7515028,12.28416828,23203.61171,-15.86821051,2
-563.94386,211.0172113,352.9266488,8.022725438,23524.32296,-14.93487959,2
-591.2703522,142.9636043,448.3067479,3.356359568,22658.90562,-13.24773338,2
-588.7841887,67.70158269,521.082606,-1.479644798,20650.99521,-10.89184015,2
-556.6107253,-10.97403995,567.5847652,-6.241449717,17601.83331,-7.985987268,2
-496.3721917,-89.09633176,585.4685234,-10.68895848,13665.1628,-4.676691841,2
-411.1058968,-162.7262605,573.8321573,-14.59792164,9039.475973,-1.130813085,2
-305.111083,-228.1513051,533.2623882,-17.77124391,3958.006242,2.472860925,2
-183.7321532,-282.0726458,465.804799,-20.04892206,-1323.031775,5.952628003,2
-53.08919797,-321.7714953,374.8606932,-21.31611242,-6537.360959,9.133033515,2
80.23058719,-345.2461835,265.0155963,-21.50892152,-11422.06774,11.85371705,2
209.5050374,-351.3130848,141.8080474,-20.61762763,-15730.85856,13.97749799,2
328.215959,-339.6662977,11.45033875,-18.68717098,-19246.47833,15.39729238,2
430.3777859,-310.8930691,-119.4847167,-15.8148878,-21791.66471,16.04151221,2
510.8393798,-266.4441844,-244.3951954,-12.14560248,-23238.08595,15.87767499,2
565.5437578,-208.5608167,-356.9829411,-7.864325356,-23512.81151,14.91404158,2
591.7326507,-140.1615241,-451.5711265,-3.186924223,-22601.98938,13.19919964,2
588.0855789,-64.69509209,-523.3904868,1.650760018,-20551.54442,10.81961378,2
554.7864327,14.03335927,-568.8197919,6.404804772,-17464.86287,7.895265933,2
493.5142004,92.05423438,-585.5684347,10.83550466,-13497.57942,4.573605637,2
407.3583112,165.4336146,-572.7919258,14.71945779,-8849.729874,1.022115482,2
300.6628623,230.4716118,-531.134474,17.86082999,-3755.665146,-2.580133613,2
178.8075833,283.8889216,-462.6965049,20.10122903,1527.765099,-6.051511391,2
47.9365831,322.9921707,-370.9287538,21.32769095,6734.163121,-9.216986308,2
-85.35144446,345.8097201,-260.4582756,21.47837591,11601.01525,-11.91695086,2
-214.3359358,351.1910779,-136.8551421,20.5456862,15882.92818,-14.01526919,2
-332.5133173,338.8649086,-6.351591328,18.5766493,19364.00205,-15.4061413,2
-433.9249248,309.4527147,124.4722102,15.67054678,21868.71636,-16.01943755,2
-513.4574471,264.4374987,249.0199484,11.9739083,23270.78003,-15.82423477,2
-567.1007463,206.0889892,361.011757,7.673123411,23499.49909,-14.83037538,2
-592.1500541,137.3491974,454.8008567,2.985043571,22543.34121,-13.08797117,2
-587.3423505,61.68407707,525.6582735,-1.853951837,20450.51718,-10.68487657,2
-552.9200465,-17.09123354,570.01128,-6.59987406,17326.55003,-7.742258928,2
-490.6187613,-95.00477611,585.6235374,-11.01342722,13328.95444,-4.408489067,2
-403.5798106,-168.1280439,571.7078544,-14.87207394,8659.294607,-0.851660241,2
-296.1918166,-232.7740622,528.9658787,-17.98125598,3553.021133,2.748887359,2
-173.869428,-285.6832909,459.5527189,-20.18420413,-1732.400727,6.211609184,2
-42.78030601,-324.1879747,366.9682807,-21.36984273,-6930.472815,9.361910045,2
90.46585752,-346.3466552,255.8807976,-21.47839023,-11779.10127,12.04094745,2
219.1506098,-351.0420614,131.8914516,-20.50437351,-16033.81164,14.11364063,2
336.7854907,-338.0374447,1.251954,-18.49690378,-19480.07565,15.47548155,2
437.4391894,-307.9885154,-129.4506739,-15.55720039,-21944.12798,16.05780429,2
516.0366095,-262.4103815,-253.626228,-11.83348713,-23301.72777,15.8312473,2
568.6147623,-203.6011545,-365.0136078,-7.513518691,-23484.42297,14.80723386,2
592.5225858,-134.5260756,-457.9965102,-2.815113719,-22483.00186,13.03739605,2
586.554615,-58.66800419,-527.8866108,2.024827839,-20347.95744,10.61097148,2
551.0117631,20.14819258,-571.1599557,6.76226957,-17186.94156,7.650303729,2
487.6861491,97.94849488,-585.6346439,11.15834324,-13159.33695,4.304673643,2
399.7707364,170.8101056,-570.5808421,14.99139287,-8468.220891,0.742772401,2
291.6983399,235.0592434,-526.7575832,18.06815089,-3350.125849,-2.855804136,2
168.9181167,287.4563791,-456.3744958,20.23348302,1936.886867,-6.309610887,2
37.6208126,325.3595781,-362.9803907,21.37821027,7126.238883,-9.444502263,2
-95.57338365,346.8577094,-251.2843258,21.44461398,11956.27602,-12.10241282,2
-223.9486396,350.8668081,-126.9181685,20.429346,16183.46122,-14.14932713,2
-341.0321001,337.1847299,3.847370277,18.38359755,19594.65407,-15.48203705,2
-440.9202581,306.5013438,134.4189143,15.41051807,22017.85759,-16.03334556,2
-518.5766165,260.3637479,258.2128687,11.66001429,23330.89055,-15.77545498,2
-570.0856364,201.0982625,368.9873739,7.32119174,23467.54805,-14.72136855,2
-592.8501627,131.693134,461.1570288,2.612819779,22420.93963,-12.92423479,2
-585.7223772,55.64786331,530.0745139,-2.227699053,20243.83671,-10.47466766,2
-549.0616725,-23.20324349,572.2649159,-6.956299188,17046.01179,-7.496177726,2
-484.7165311,-100.8844064,585.6009375,-11.33455815,12988.70354,-4.138944531,2
-395.9313226,-173.4788356,569.4101582,-15.14171815,8276.48696,-0.572244386,2
-287.182718,-237.3262211,524.5089391,-18.18581698,3146.958425,3.024084793,2
-163.9539699,-289.207291,453.1612608,-20.313367,-2141.244261,6.468711155,2
-32.45843921,-326.5061311,358.9645703,-21.41709423,-7321.482729,9.587951909,2
100.6736904,-347.3420833,246.6683928,-21.44134722,-12132.56231,12.22453065,2
228.729716,-350.6645704,121.9348543,-20.38490307,-16331.90182,14.24550745,2
345.2528786,-336.3060681,-8.94681049,-18.30102912,-19707.76486,15.54898187,2
444.3679218,-304.9905518,-139.3773701,-15.29479709,-22089.93582,16.06923091,2
521.0773304,-258.2969922,-262.7803383,-11.51778527,-23358.3024,15.78002287,2
571.5133116,-198.5797421,-372.9335695,-7.16043571,-23448.91183,14.69593995,2
593.1328147,-128.8498266,-464.2829881,-2.442451877,-22357.19547,12.87164306,2
584.8457549,-52.62312283,-532.2226321,2.398279091,-20138.19913,10.39911569,2
547.0699771,26.25691517,-573.3268923,7.117680979,-16903.80763,7.40302597,2
481.7101873,103.8130486,-585.5232359,11.47779515,-12817.10338,4.034440791,2
392.0619151,176.1347917,-568.1967068,15.25877874,-8084.14358,0.463208751,2
282.6453482,239.5755838,-522.2209321,18.26998944,-2943.570493,-3.130603815,2
158.9774188,290.936654,-449.9140728,20.35959793,2345.421194,-6.565792034,2
27.29363207,327.6283071,-354.9219392,21.42224334,7516.153326,-9.669149087,2
-105.7663364,347.8005002,-242.0341639,21.40434565,12307.91056,-12.28419953,2
-233.4934219,350.4361239,-116.9427019,20.30680733,16479.08597,-14.27908902,2
-349.4474513,335.4022863,14.04516498,18.18496777,19819.36323,-15.55323254,2
-447.7818645,303.4570141,144.3248504,15.14581303,22160.32101,-16.0423861,2
-523.5385067,256.2110313,267.3274755,11.34258145,23383.92504,-15.72188594,2
-572.8976251,196.0465446,376.8510805,6.967037165,23428.47953,-14.60789217,2
-593.3704657,125.9971293,467.3733364,2.239801087,22291.738,-12.75657391,2
-583.92476,49.59477212,534.3299879,-2.600773086,20031.01649,-10.26127719,2
-545.0367734,-29.30821611,574.3449895,-7.310616995,16760.30365,-7.247818303,2
-478.6672911,-106.7334394,585.4007305,-11.65225388,12644.51329,-3.86813999,2
-388.1627525,-178.7770128,566.9397653,-15.40677248,7891.169135,-0.292650272,2
-278.0865198,-241.8064012,519.892921,-18.38486485,2739.941275,3.298369754,2
-153.9887861,-292.6435773,446.6323634,-20.43637147,-2549.438378,6.723855931,2
-22.12672808,-328.7252613,350.8519894,-21.45785259,-7710.272109,9.811090544,2
110.85099,-348.2321659,237.3811758,-21.39780371,-12482.34366,12.40441098,2
238.2394508,-350.1807262,111.9412754,-20.25925255,-16625.0387,14.37305846,2
353.6155548,-334.4726932,-19.14286153,-18.09960638,-19929.4769,15.61777104,2
451.1618819,-301.9000874,-149.2617945,-15.02775748,-22229.044,16.0757886,2
525.9600136,-254.1052638,-271.8547498,-11.19859263,-23407.79269,15.7240172,2
574.2385265,-193.4981024,-380.7404241,-6.805183494,-23406.28887,14.58019362,2
593.5631522,-123.1344987,-470.4286535,-2.06905172,-22224.60836,12.70199093,2
582.9595169,-46.56228136,-536.3972355,2.771000513,-19922.3331,10.18411064,2
542.9622701,32.35767433,-575.3199445,7.47093121,-16615.54693,7.153507646,2
475.5881276,109.6461168,-585.2342445,11.7937635,-12470.98251,3.762989032,2
384.2341853,181.4060578,-565.6402431,15.52153432,-7697.614429,0.183509315,2
273.506633,244.0192634,-517.5258964,18.46628442,-2536.122382,-3.404449314,2
148.9885047,294.3286906,-443.3171953,20.47953552,2753.244177,-6.819977142,2
16.95817366,329.7976697,-346.7558434,21.45977679,7903.788192,-9.890858655,2
-115.9272112,348.6378066,-232.7105954,21.35758314,12655.81223,-12.46225587,2
-242.9673881,349.8991558,-106.9317678,20.17810736,16769.71277,-14.4045155,2
-357.7568184,333.5181185,24.23869989,17.98082022,20038.06136,-15.61970619,2
-454.5076631,300.3206489,154.1870142,14.87651197,22296.06342,-16.04655644,2
-528.3416128,251.9806084,276.3610044,11.02170607,23429.86741,-15.66354391,2
-575.5358596,190.9353677,384.6004919,6.610767103,23382.30539,-14.48998066,2
-593.7108052,120.2629109,473.4478942,1.866100632,22155.7755,-12.58503939,2
-581.9500441,43.52663935,538.4234048,-2.973060783,19812.12105,-10.04476987,2
-540.84657,-35.40429979,576.2508698,-7.662720016,16469.51228,-6.997255991,2
-472.4728759,-112.5501012,585.0229772,-11.96641805,12296.48808,-3.596157584,2
-380.2764565,-184.0209687,564.2974252,-15.66715655,7503.457994,-0.012962704,2
-268.9059806,-246.2132438,515.1192244,-18.57833922,2332.093126,3.571659048,2
-143.9768991,-295.9911076,439.9680067,-20.55318025,-2956.859277,6.976966123,2
-11.78830612,-330.8446924,342.6329985,-21.49210545,-8096.723041,10.03125827,2
120.9946696,-349.016633,228.0219634,-21.34777291,-12828.33925,12.58053387,2
247.6769298,-349.5906756,101.9137457,-20.12746004,-16913.13336,14.49625494,2
361.8709828,-332.537876,-29.33310676,-17.89269666,-20145.14452,15.68182819,2
457.8190089,-298.7180597,-159.1009492,-14.75616256,-22361.41033,16.07747534,2
530.6831784,-249.8364678,-280.8467106,-10.87600602,-23450.18363,15.66324729,2
576.7895805,-188.3577766,-388.4318039,-6.447869784,-23356.56701,14.46002994,2
593.8134679,-117.3818253,-476.4316426,-1.69502649,-22085.28075,12.5284911,2
580.8964729,-40.48731798,-540.4091549,3.142879066,-19700.42482,9.966021545,2
538.689888,38.44861974,-577.1385078,7.821913131,-16322.2469,6.901824425,2
469.3218267,115.4459305,-584.7677573,12.10615247,-12121.07932,3.490400687,2
376.2899209,186.6223053,-562.9122262,15.77957992,-7308.750669,-0.096241087,2
264.2849659,248.3889343,-512.6739003,18.65697631,-2127.905092,-3.677257584,2
138.9544038,297.6314603,-436.5858641,20.59325942,3160.232127,-7.072089125,2
6.617572,331.867008,-338.48458,21.49079925,8289.025916,-10.10956373,2
-126.0529264,349.3693745,-223.3164481,21.30434064,12999.87552,-12.63652784,2
-252.3676645,349.2560668,-96.88840229,20.0432851,17055.25349,-14.52556853,2
-365.9576814,331.532798,34.42488342,17.77121681,20250.68215,-15.68143785,2
-461.0956139,297.0931994,164.0024146,14.60269656,22425.04365,-16.04585533,2
-532.9844781,247.6737623,285.3107158,10.69748546,23468.70373,-15.6004466,2
-577.9995397,185.7662821,392.2332576,6.252489611,23329.03961,-14.3676698,2
-593.871078,114.492218,479.37886,1.491831757,22013.09337,-12.40968327,2
-579.7988285,37.44530541,542.3535231,-3.344449229,19587.21678,-9.825211388,2
-536.4923332,-41.48964568,577.9819789,-8.012501458,16173.72586,-6.744566791,2
-466.1351644,-118.3326276,584.4677921,-12.27695537,11944.73346,-3.323079811,2
-372.2748263,-189.2091128,561.4839391,-15.92279136,7113.471126,0.266733484,2
-259.6438849,-250.5454124,510.1892972,-18.76618141,1923.537674,3.84386978,2
-133.9213452,-299.2488667,433.170212,-20.6637579,-3363.383391,7.227964958,2
-1.446308887,-332.8637815,334.3100904,-21.51984241,-8480.718318,10.24838829,2
131.1016527,-349.6952469,218.5935942,-21.29126999,-13170.44412,12.75284589,2
257.0392909,-348.8945975,91.85530661,-19.98956553,-17196.09844,14.61505955,2
370.0166589,-330.5022033,-39.51445558,-17.68036272,-20354.70232,15.74113387,2
464.337284,-295.4454337,-168.8918503,-14.48009468,-22486.99466,16.07429063,2
535.2453921,-245.4918988,-289.7534933,-10.55012326,-23485.46236,15.59773156,2
579.1656998,-183.1603236,-396.0053762,-6.088602945,-23299.76134,14.33548537,2
593.8836857,-111.5935511,-482.2901346,-1.320489623,-21939.25489,12.35119619,2
578.6572487,-34.40007516,-544.2571735,3.513801968,-19472.5416,9.744914539,2
534.2541266,44.5279041,-578.7820307,8.170520294,-16023.9965,6.648052634,2
462.9131851,121.2107306,-584.1239157,12.41486731,-11767.49993,3.216758424,2
368.2315316,191.7819521,-560.0134836,16.03283728,-6917.670237,-0.375957614,2
254.9831438,252.6832714,-507.6664152,18.84200728,-1719.04243,-3.948945894,2
128.8781594,300.8439613,-429.7221207,20.70073514,3566.261607,-7.32205153,2
-3.725036701,333.8356942,-330.1106575,21.51530131,8671.749657,-10.32519799,2
-136.140411,349.9949822,-213.8545711,21.24463428,13339.99607,-12.80696259,2
-261.6914004,348.5070519,-86.81565154,19.90238147,17335.62151,-14.64221143,2
-374.047553,329.4469268,44.60062618,17.55622112,20457.1611,-15.7384088,2
-467.543719,293.7756444,173.7680746,14.32444984,22547.22259,-16.04028299,2
-537.4656944,243.2917992,294.1738952,10.37001797,23500.42222,-15.53261313,2
-580.2879182,180.5408554,399.7470628,5.892313354,23268.69837,-14.24099668,2
-593.8512355,108.6868008,485.1644347,1.11710798,21863.73488,-12.23055872,2
-577.4717656,31.3526147,546.1191509,-3.714825781,19356.37191,-9.60266833,2
-531.9753835,-47.56240813,579.5377916,-8.359855232,15873.03411,-6.489827348,2
-459.6560787,-124.0792649,583.7353436,-12.58377165,11589.35613,-3.048989498,2
-364.1602889,-194.3398716,558.5001605,-16.17359939,6721.326811,0.546353455,2
-250.3030417,-254.8015929,505.1046346,-18.94833445,1514.398831,4.114919385,2
-123.8251744,-302.4158666,426.2410409,-20.76807088,-3768.887424,7.476776302,2
8.896127001,-334.7819162,325.8857892,-21.54105506,-8862.141477,10.46241476,2
141.1688739,-350.2678015,209.0989276,-21.22831207,-13508.55453,12.92129478,2
266.3236945,-348.0927031,81.76900864,-19.84561081,-17473.84812,14.72943622,2
378.0501125,-328.3662925,-49.68382008,-17.46266893,-20558.08675,15.79567011,2
470.7147301,-292.083202,-178.6315281,-14.19963758,-22605.7589,16.06623543,2
539.6452711,-241.0728744,-298.5723967,-10.22104321,-23513.61818,15.52748987,2
581.3661639,-177.9073199,-403.458844,-5.727491936,-23235.88908,14.20659767,2
593.7737844,-105.7714316,-488.0023528,-0.945554707,-21786.57507,12.17015996,2
576.2425234,-28.30239911,-547.9401243,3.883656726,-19238.75254,9.520856674,2
529.656331,50.59368361,-580.2500147,8.516646976,-15720.88617,6.392269232,2
456.3641464,126.9387687,-583.3029152,12.7198144,-11410.35157,2.942145226,2
360.0614612,196.8834333,-556.9448945,16.2812296,-6524.491745,-0.65555544,2
245.6039878,256.9009721,-502.5049598,19.0213212,-1309.658401,-4.21943185,2
118.7628275,303.9652192,-422.7280468,20.80193009,3971.209474,-7.56978855,2
-14.06651563,335.7031314,-321.6366158,21.53327556,9051.84334,-10.53769604,2
-146.1866056,350.5144398,-204.3278342,21.1784822,13676.07073,-12.97350844,2
-270.9357678,347.6523383,-76.71657049,19.75543921,17610.7318,-14.75440881,2
-382.0239797,327.2611377,54.76284197,17.33589836,20657.4356,-15.79060177,2
-473.8500226,290.3689903,183.4810324,14.04185622,22662.56317,-16.02984111,2
-541.7839026,238.8360482,302.9478545,10.03940291,23525.01326,-15.46006411,2
-582.400301,175.2606724,407.1396286,5.530347576,23201.29996,-14.10999973,2
-593.6512838,102.84842,490.8028638,0.742042954,21707.74533,-12.0477201,2
-574.9695611,25.25041508,549.7191461,-4.084078103,19119.65643,-9.377208202,2
-527.2970908,-53.62074533,580.9178362,-8.704675984,15567.52823,-6.233114931,2
-453.0375837,-129.7882701,582.8258538,-12.88677384,11230.46385,-2.773969782,2
-355.9353052,-199.411689,555.3469941,-16.41950457,6327.143982,0.825812396,2
-240.886284,-258.9804946,499.8667786,-19.12474308,1104.800684,4.384725649,2
-113.6914485,-305.4911466,419.1825951,-20.86608754,-4173.248393,7.723324686,2
19.23586478,-336.5985148,317.36265,-21.55573696,-9240.876837,10.67327276,2
151.19328,-350.7341233,199.5408434,-21.15891826,-13842.56793,13.08582944,2
275.5273247,-347.1852356,71.6579109,-19.69563956,-17746.29815,14.83935028,2
385.9689073,-326.1307913,-59.83811599,-17.23968133,-20755.2361,15.84542034,2
476.949413,-288.6323842,-188.3170288,-13.9148763,-22717.66705,16.05331217,2
543.881481,-236.580735,-307.300746,-9.888865647,-23534.64255,15.45254351,2
583.3903053,-172.6003586,-410.7899467,-5.364646274,-23164.9696,14.07340591,2
593.4837973,-99.91723268,-493.5665646,-0.570335452,-21627.2876,11.98543731,2
573.6530294,-22.19613919,-551.4568903,4.252331169,-18999.12857,9.293915898,2
524.897896,56.64411857,-581.5420145,8.860188204,-15413.00786,6.134551787,2
449.676697,132.6283076,-582.3050046,13.02090126,-11049.74256,2.666644376,2
351.7821877,201.9252017,-553.7073894,16.52468154,-6129.33444,-0.934949772,2
236.1503424,261.0407573,-497.1910997,19.19486371,-899.8771666,-4.488633424,2
108.6114761,306.9942876,-415.6057636,20.89681358,4374.952911,-7.815225059,2
-24.40372833,337.4687531,-313.0650248,21.54471653,9429.191687,-10.74699345,2
-156.1884632,350.9275899,-194.7391267,21.10590445,14007.99757,-13.13611488,2
-280.097963,346.6921851,-66.59422208,19.60250287,17880.50093,-14.86212665,2
-389.8845422,324.9760935,64.9084487,17.11031535,20851.44489,-15.83800093,2
-480.0126122,286.87427,193.1383421,13.75500141,22771.03042,-16.01453287,2
-545.9377931,234.3078605,311.6299326,9.705740556,23542.46939,-15.38282153,2
-584.3360476,169.9273347,414.4087129,5.16670206,23126.86482,-13.97471868,2
-593.2712835,96.97884626,496.2924372,0.366750436,21545.17204,-11.86122284,2
-572.292974,19.14055729,553.1524168,-4.452094202,18877.14215,-9.148899392,2
-522.4588742,-59.66281987,582.121694,-9.046859131,15257.30086,-5.974507403,2
-446.2816869,-135.4579118,581.7395987,-13.18587003,10868.16548,-2.498104082,2
-347.6023697,-204.4230267,552.0253965,-16.66043231,5931.042191,1.105025543,2
-231.396468,-263.08085,494.4773179,-19.29535381,694.867461,4.653206735,2
-103.5232412,-308.4737742,411.9970153,-20.95777816,-4576.343657,7.967535328,2
29.56976852,-338.3130264,308.7432578,-21.56388365,-9616.809531,10.88089832,2
161.1718306,-351.0940709,189.9222403,-21.08310959,-14172.38301,13.24639996,2
284.6473902,-346.1724702,61.52507998,-19.53969725,-18013.3659,14.94476837,2
393.7706415,-323.7963779,-69.97426362,-17.01146753,-20946.0906,15.89036948,2
483.0394419,-285.0940271,-197.9454148,-13.62589722,-22822.68515,16.03552475,2
547.952737,-232.016843,-315.935894,-9.553691326,-23548.5291,15.37291521,2
585.2375102,-167.2410494,-417.9964608,-5.000176002,-23087.02441,13.93595049,2
593.0138125,-94.0327298,-498.9810827,-0.194945656,-21461.44078,11.79708426,2
570.8895521,-16.08314737,-554.8064048,4.619713488,-18753.74234,9.064161032,2
519.9802645,62.67737396,-582.6576384,9.201039789,-15100.45493,5.874978457,2
442.852865,138.2776216,-581.1304866,13.31803657,-10685.78228,2.390339421,2
343.3962222,206.9057282,-550.3019504,16.76311927,-5732.318169,-1.21405588,2
226.6250751,265.1013714,-491.7264465,19.36258217,-489.8230098,-4.756468976,2
98.42718379,309.9302476,-408.3574314,20.98535683,4777.369466,-8.058286623,2
-34.73353961,339.1320239,-304.3984843,21.54962077,9803.68025,-10.95302673,2
-166.1429504,351.2343071,-185.0913568,21.02692306,14335.67592,-13.2947326,2
-289.1752073,345.6268836,-56.45167633,19.44361885,18144.84708,-14.96533229,2
-397.6268566,322.5924872,75.03436931,16.87954052,21039.13015,-15.88059192,2
-486.0296186,283.2925437,202.7370749,13.4639724,22872.59143,-15.99436292,2
-549.9261059,229.7086095,320.2174964,9.369132115,23552.78533,-15.30090882,2
-586.0945707,164.5424596,421.5521111,4.8014871,23045.41552,-13.83519458,2
-592.7113498,91.07985983,501.6314899,-0.008655747,21376.0643,-11.67112354,2
-569.4428161,13.02489438,556.4179217,-4.818762457,18628.90262,-8.91781115,2
-517.4622008,-65.68679922,583.1490001,-9.386300886,14942.4461,-5.714083206,2
-439.3904373,-141.0864703,580.4769076,-13.48096951,10502.5709,-2.221476072,2
-339.1640099,-209.372365,548.5363749,-16.89630954,5533.141571,1.383908206,2
-221.8364716,-267.1014155,488.937887,-19.46011487,284.7234898,4.920281208,2
-93.32363627,-311.3628446,404.6864809,-21.04311492,-4978.050963,8.209334153,2
39.89470403,-339.9249309,300.0302268,-21.56549266,-9989.825542,11.08522848,2
171.1014994,-351.3475351,180.2460356,-21.00090906,-14497.89976,13.40295763,2
293.6811249,-345.054714,51.37358908,-19.37783117,-18274.97037,15.04565852,2
401.4529489,-321.3637601,-80.08918878,-16.77809676,-21130.59235,15.93050389,2
488.9829696,-281.4692037,-207.5137659,-13.33278796,-22920.78135,16.01287858,2
551.8578043,-227.3825825,-324.4752218,-9.215621896,-23555.27361,15.28862912,2
586.9072182,-161.8310175,-425.0762007,-4.634191657,-23002.07716,13.79427309,2
592.3639723,-88.11970768,-504.2442646,0.180500835,-21289.08492,11.60515793,2
567.9529296,-9.96527766,-557.9876519,4.985692261,-18502.66829,8.83166175,2
415.5011835,-584.6065455,169.105362,-14.26003986,4.800818852,23115.16569,2
497.7659531,-593.130128,95.36417494,-12.11590673,-0.046142729,21499.95749,2
554.4609246,-571.1849402,16.72401557,-9.364374462,-4.907081638,18780.3399,2
582.6737281,-519.8982867,-62.77544145,-6.146785971,-9.532294855,15096.01722,2
580.9550971,-441.9047171,-139.0503801,-2.628425044,-13.68418838,10636.24982,2
549.3933161,-341.2106913,-208.1826248,1.009974119,-17.14948222,5630.131959,2
