voltage_phase_a,voltage_phase_b,voltage_phase_c,current_phase_a,current_phase_b,current_phase_c,types
-2207.60096,-22774.47396,24982.07492,-181.2852486,-137.1065299,318.3917786,1
-1166.829021,-23349.9513,24516.78032,-171.2445982,-147.8823025,319.1269007,1
-124.3989538,-23892.24709,24016.64604,-160.9605998,-158.4479263,319.4085261,1
918.2078911,-24400.59069,23482.3828,-150.4478676,-168.7883868,319.2362545,1
1959.509912,-24874.25971,22914.7498,-139.7213408,-178.8889899,318.6103307,1
2998.027363,-25312.58105,22314.55368,-128.7962623,-188.7353819,317.5316442,1
4032.284452,-25714.93182,21682.64737,-117.6881572,-198.3135705,316.0017278,1
5060.811445,-26080.74027,21019.92883,-106.4128109,-207.6099448,314.0227557,1
6082.146748,-26409.48656,20327.33981,-94.98624609,-216.611294,311.5975401,1
7094.838987,-26700.70353,19605.86454,-83.42470065,-225.3048266,308.7295273,1
8097.449072,-26953.97733,18856.52826,-71.74460415,-233.6781888,305.4227929,1
9088.552239,-27168.94806,18080.39582,-59.96255463,-241.7194815,301.6820361,1
10066.74008,-27345.31022,17278.57015,-48.09529505,-249.4172775,297.5125726,1
11030.62252,-27482.81321,16452.19068,-36.15968942,-256.760638,292.9203274,1
11978.82985,-27581.26161,15602.43176,-24.17269889,-263.7391276,287.9118264,1
12910.01461,-27640.51553,14730.50092,-12.15135764,-270.3428294,282.494187,1
13822.85353,-27660.49077,13837.63723,-0.112748637,-276.5623592,276.6751079,1
14716.04942,-27641.15893,12925.10951,11.92602058,-282.3888789,270.4628583,1
15588.333,-27582.54749,11994.2145,23.94784228,-287.8141084,263.8662662,1
16438.4647,-27484.73975,11046.27505,35.93563278,-292.8303384,256.8947056,1
17265.23645,-27347.87469,10082.63824,47.87235678,-297.4304405,249.5580837,1
18067.47335,-27172.1468,9104.673451,59.74105154,-301.6078776,241.866826,1
18844.03538,-26957.8058,8113.770423,71.52485099,-305.3567134,233.8318624,1
19593.819,-26705.15629,7111.337282,83.20700972,-308.6716206,225.4646109,1
20315.75874,-26414.55728,6098.798543,94.77092674,-311.5478885,216.7769618,1
21008.82867,-26086.42175,5077.593076,106.2001691,-313.9814299,207.7812608,1
21672.04391,-25721.21598,4049.172073,117.4784952,-315.9687865,198.4902913,1
22304.46199,-25319.45896,3014.996974,128.5898779,-317.5071341,188.9172562,1
22905.1842,-24881.7216,1976.537399,139.5185274,-318.5942867,179.0757593,1
23473.3569,-24408.62596,935.2690568,150.2489134,-319.2286994,168.979786,1
24008.17267,-23900.84432,-107.3283541,160.7657875,-319.4094707,158.6436832,1
24508.87151,-23359.09827,-1149.773245,171.0542046,-319.1363436,148.082139,1
24974.74191,-22784.15766,-2190.584246,181.0995443,-318.4097063,137.310162,1
25405.12183,-22176.83953,-3228.282307,190.8875316,-317.2305914,126.3430598,1
25799.39969,-21538.00688,-4261.392802,200.4042573,-315.6006744,115.1964171,1
26157.01518,-20868.56756,-5288.447624,209.6361977,-313.5222717,103.886074,1
26477.46013,-20169.47285,-6307.987273,218.5702335,-310.9983366,92.42810315,1
26760.27915,-19441.71622,-7318.562927,227.193669,-308.0324559,80.83878689,1
27005.07036,-18686.33185,-8318.738503,235.4942499,-304.6288442,69.13459429,1
27211.48588,-17904.39318,-9307.092696,243.4601806,-300.7923382,57.33215765,1
27379.23239,-17097.01139,-10282.221,251.080141,-296.5283899,45.44824888,1
27508.07151,-16265.33381,-11242.73771,258.3433029,-291.8430585,33.49975565,1
27597.82016,-15410.54229,-12187.27787,265.2393447,-286.7430022,21.50365744,1
27648.3508,-14533.85156,-13114.49924,271.758467,-281.2354683,9.477001359,1
27659.59162,-13636.50743,-14023.08419,277.8914056,-275.3282835,-2.563122062,1
27631.52664,-12719.78507,-14911.74157,283.6294453,-269.0298421,-14.59960315,1
27564.19575,-11784.9872,-15779.20855,288.964432,-262.3490946,-26.61533739,1
27457.69463,-10833.44222,-16624.25241,293.8887845,-255.2955347,-38.59324979,1
27312.17463,-9866.502327,-17445.6723,298.3955049,-247.8791858,-50.51631907,1
27127.84253,-8885.541594,-18242.30094,302.478189,-240.1105871,-62.3676019,1
26904.96028,-7891.95402,-19013.00626,306.131035,-232.000778,-74.13025695,1
26643.84462,-6887.151548,-19756.69307,309.3488521,-223.5612832,-85.78756884,1
26344.86659,-5872.562056,-20472.30453,312.1270675,-214.8040956,-97.32297191,1
26008.45106,-4849.627332,-21158.82373,314.4617333,-205.7416595,-108.7200737,1
25635.0761,-3819.801022,-21815.27508,316.3495317,-196.3868534,-119.9626783,1
25225.2723,-2784.546567,-22440.72573,317.7877802,-186.7529707,-131.0348094,1
24779.622,-1745.335118,-23034.28688,318.7744348,-176.8537019,-141.9207329,1
24298.7585,-703.6434521,-23595.11505,319.3080935,-166.7031143,-152.6049792,1
23783.36514,339.0481293,-24122.41327,319.387998,-156.3156324,-163.0723655,1
23234.17432,1381.257905,-24615.43222,319.0140346,-145.7060175,-173.3080171,1
22651.96646,2421.504837,-25073.4713,318.1867348,-134.8893463,-183.2973885,1
22037.56892,3458.310679,-25495.8796,316.9072743,-123.88099,-193.0262842,1
21391.85479,4490.202072,-25882.05686,315.1774712,-112.6965921,-202.4808791,1
20715.74166,5515.712642,-26231.4543,312.9997836,-101.3520461,-211.6477375,1
20010.19033,6533.385082,-26543.57541,310.3773062,-89.86347329,-220.5138329,1
19276.20342,7541.773225,-26817.97665,307.3137657,-78.24719959,-229.0665662,1
18514.82398,8539.444095,-27054.26807,303.8135156,-66.51973233,-237.2937832,1
17727.13395,9524.979949,-27252.1139,299.8815297,-54.6977369,-245.1837929,1
16914.2527,10496.98028,-27411.23299,295.5233959,-42.79801299,-252.7253829,1
16077.33537,11454.06384,-27531.39921,290.7453071,-30.83747076,-259.9078363,1
15217.57127,12394.87054,-27612.4418,285.5540533,-18.83310679,-266.7209465,1
14336.18216,13318.06345,-27654.24561,279.9570116,-6.801979953,-273.1550316,1
13434.42056,14222.33066,-27656.75122,273.9621356,5.238812872,-279.2009485,1
12513.56791,15106.38717,-27619.95507,267.5779445,17.27216106,-284.8501056,1
11574.93279,15968.97667,-27543.90946,260.8135105,29.28096456,-290.094475,1
10619.84906,16808.87338,-27428.72244,253.6784462,41.2481582,-294.9266044,1
9649.673949,17624.88376,-27274.55771,246.1828909,53.15673596,-299.3396269,1
8665.786119,18415.84822,-27081.63434,238.3374963,64.98977508,-303.3272714,1
7669.583733,19180.64275,-26850.22649,230.1534111,76.73046018,-306.8838713,1
6662.482449,19918.18054,-26580.66299,221.6422652,88.3621071,-310.0043723,1
5645.913412,20627.4135,-26273.32692,212.8161536,99.86818663,-312.6843403,1
4621.321224,21307.33378,-25928.65501,203.6876186,111.232348,-314.9199666,1
3590.161886,21956.97518,-25547.13706,194.2696323,122.4384421,-316.7080745,1
2553.90073,22575.41451,-25129.31524,184.5755783,133.4705445,-318.0461228,1
1514.010343,23161.77294,-24675.78328,174.6192323,144.3129779,-318.9322102,1
471.9684633,23715.21722,-24187.18568,164.4147427,154.9503348,-319.3650775,1
-570.744109,24234.96088,-23664.21677,153.9766109,165.3674987,-319.3441095,1
-1612.645623,24720.26534,-23107.61972,143.3196698,175.5496663,-318.8693361,1
-2652.255479,25170.44095,-22518.18547,132.4590636,185.4823682,-317.9414319,1
-3688.096335,25584.84798,-21896.75165,121.4102259,195.1514896,-316.5617155,1
-4718.696204,25962.89754,-21244.20134,110.1888576,204.54329,-314.7321476,1
-5742.590548,26304.05241,-20561.46186,98.81090491,213.6444232,-312.4553281,1
-6758.324356,26607.82778,-19849.50342,87.2925365,222.441956,-309.7344925,1
-7764.454215,26873.79197,-19109.33775,75.65012063,230.9233866,-306.5735072,1
-8759.550361,27101.56703,-18342.01667,63.90020179,239.0766625,-302.9768642,1
-9742.198706,27290.82928,-17548.63057,52.05947727,246.8901973,-298.9496745,1
-10711.00285,27441.30977,-16730.30691,40.14477338,254.3528876,-294.497661,1
-11664.58608,27552.79465,-15888.20857,28.17302158,261.4541286,-289.6271501,1
-12601.59329,27625.12551,-15023.53222,16.16123437,268.1838289,-284.3450633,1
-13520.69295,27658.19955,-14137.50661,4.12648116,274.5324253,-278.6589065,1
-14420.57896,27651.96978,-13231.39082,-7.914136004,280.4908962,-272.5767602,1
-15299.97254,27606.44505,-12306.4725,-19.94350675,286.0507741,-266.1072674,1
-16157.62403,27521.69004,-11364.06602,-31.94453668,291.2041582,-259.2596216,1
-16992.31464,27397.82521,-10405.51057,-43.90017167,295.9437253,-252.0435537,1
-17802.85825,27235.02657,-9432.168323,-55.79342212,300.2627402,-244.4693181,1
-18588.10302,27033.52547,-8445.422449,-67.60738706,304.1550653,-236.5476782,1
-19346.93308,26793.60825,-7446.675168,-79.32527821,307.6151694,-228.2898911,1
-20078.27009,26515.61584,-6437.345754,-90.9304438,310.6381355,-219.7076917,1
-20781.07477,26199.94329,-5418.868519,-102.4063922,313.2196678,-210.8132755,1
-21454.34842,25847.03919,-4392.690776,-113.7368156,315.3560978,-201.6192822,1
-22097.13426,25457.40504,-3360.270779,-124.9056127,317.0443895,-192.1387768,1
-22708.51886,25031.59451,-2323.075653,-135.8969121,318.2821439,-182.3852317,1
-23287.63342,24570.21273,-1282.579309,-146.6950946,319.0676018,-172.3725072,1
-23833.65497,24073.91532,-240.2603502,-157.2848153,319.3996473,-162.114832,1
-24345.8076,23543.40757,802.4000319,-167.6510257,319.2778084,-151.6267827,1
-24823.3635,22979.44334,1843.92016,-177.7789948,318.7022582,-140.9232634,1
-25265.64405,22382.82407,2882.819976,-187.6543302,317.6738147,-130.0194845,1
-25672.02073,21754.39758,3917.623147,-197.2629986,316.1939394,-118.9309408,1
-26041.91606,21095.0569,4946.859162,-206.5913454,314.2647351,-107.6733897,1
-26374.80441,20405.73899,5969.065419,-215.6261146,311.8889435,-96.26282884,1
-26670.21272,19687.42341,6982.789307,-224.3544673,309.0699406,-84.71547322,1
-26927.72119,18941.13092,7986.59027,-232.7640001,305.8117324,-73.04773228,1
-27146.9639,18167.92205,8979.04185,-240.8427625,302.118949,-61.27618651,1
-27327.62929,17368.89557,9958.733722,-248.5792741,297.996838,-49.41756393,1
-27469.46062,16545.18694,10924.27369,-255.9625409,293.4512572,-37.48871629,1
-27572.25635,15697.96669,11874.28966,-262.982071,288.4886662,-25.50659512,1
-27635.87039,14828.43877,12807.43162,-269.6278892,283.1161169,-13.4882277,1
-27660.21235,13937.83883,13722.37352,-275.8905514,277.3412442,-1.450692757,1
-27645.24763,13027.43246,14617.81517,-281.761158,271.1722543,10.58890369,1
-27590.9975,12098.51339,15492.48411,-287.2313666,264.6179139,22.61345274,1
-27497.53906,11152.40167,16345.13739,-292.2934038,257.6875369,34.60586682,1
-27365.0051,10190.44178,17174.56332,-296.9400759,250.3909719,46.54910408,1
-27193.58398,9214.000715,17979.58327,-301.16478,242.7385875,58.42619251,1
-26983.51929,8224.466051,18759.05324,-304.9615125,234.7412584,70.22025413,1
-26735.10954,7223.24397,19511.86557,-308.324878,226.4103491,81.91452892,1
-26448.70773,6211.757264,20236.95047,-311.2500969,217.7576982,93.49239868,1
-26124.72087,5191.443311,20933.27756,-313.7330124,208.7956018,104.9374106,1
-25763.60934,4163.752034,21599.85731,-315.7700962,199.5367954,116.2333008,1
-25365.88632,3130.143836,22235.74249,-317.3584534,189.9944363,127.364017,1
-24932.11699,2092.087534,22840.02946,-318.4958268,180.1820847,138.3137421,1
-24462.91775,1051.05826,23411.85949,-319.1806002,170.1136845,149.0669157,1
-23958.95537,8.535374747,23950.42,-319.4118006,159.8035435,159.6082571,1
-23420.946,-1033.99964,24454.94564,-319.1890993,149.2663128,169.9227864,1
-22849.65419,-2075.065284,24924.71947,-318.5128128,138.5169666,179.9958462,1
-22245.89177,-3113.182147,25359.07391,-317.3839022,127.5707802,189.813122,1
-21610.51671,-4146.875007,25757.39172,-315.8039717,116.4433087,199.3606629,1
-20944.43194,-5174.674932,26119.10687,-313.7752664,105.1503649,208.6249015,1
-20248.58397,-6195.12136,26443.70533,-311.3006694,93.70799672,217.5926726,1
-19523.96166,-7206.764182,26730.72585,-308.383697,82.13246432,226.2512327,1
-18771.59474,-8208.165797,26979.76054,-305.0284946,70.44021719,234.5882774,1
-17992.55235,-9197.90316,27190.45551,-301.2398299,58.64787066,242.5919593,1
-17187.94156,-10174.5698,27362.51136,-297.023087,46.77218229,250.2509047,1
-16358.90576,-11136.77782,27495.68358,-292.3842581,34.8300281,257.55423,1
-15506.62306,-12083.15987,27589.78293,-287.3299351,22.83837853,264.4915565,1
-14632.30461,-13012.37108,27644.67569,-281.8673005,10.81427437,271.0530261,1
-13737.19285,-13923.09101,27660.28385,-276.0041171,-1.225197461,277.2293145,1
-12822.55978,-14814.02546,27636.58524,-269.7487167,-13.26292822,283.0116449,1
-11889.70516,-15683.90837,27573.61353,-263.1099886,-25.28181163,288.3918003,1
-10939.95461,-16531.50359,27471.4582,-256.0973669,-37.26476821,293.3621351,1
-9974.657791,-17355.60663,27330.26443,-248.7208168,-49.19476951,297.9155863,1
-8995.186437,-18155.04642,27150.23285,-240.9908208,-61.05486235,302.0456831,1
-8002.932431,-18928.68688,26931.61931,-232.9183636,-72.82819289,305.7465565,1
-6999.30582,-19675.42865,26674.73447,-224.5149167,-84.49803058,309.0129473,1
-5985.732812,-20394.21055,26379.94337,-215.7924218,-96.04779195,311.8402138,1
-4963.65375,-21084.01117,26047.66492,-206.7632741,-107.4610642,314.2243383,1
-3934.521065,-21743.85025,25678.37132,-197.4403045,-118.7216283,316.1619328,1
-2899.79721,-22372.79013,25272.58734,-187.8367613,-129.8134825,317.6502439,1
-1860.952585,-22969.93706,24830.88964,-177.9662919,-140.7208647,318.6871566,1
-819.4634436,-23534.44244,24353.90589,-167.8429226,-151.4282748,319.2711974,1
223.1901997,-24065.5041,23842.3139,-157.4810394,-161.920497,319.4015364,1
1265.526678,-24562.36735,23296.84068,-146.895367,-172.1826214,319.0779883,1
2306.064773,-25024.32614,22718.26137,-136.1009482,-182.2000648,318.301013,1
3343.325824,-25450.724,22107.39817,-125.1131225,-191.958592,317.0717145,1
4375.835826,-25840.95498,21465.11915,-113.9475042,-201.4443355,315.3918397,1
5402.127526,-26194.46455,20792.33702,-102.6199603,-210.6438156,313.2637759,1
6420.742507,-26510.75035,20090.00784,-91.14658785,-219.5439593,310.6905471,1
7430.233261,-26789.36292,19359.12966,-79.54369107,-228.132119,307.67581,1
8429.165248,-27029.90635,18600.7411,-67.82775836,-236.3960905,304.2238488,1
9416.118929,-27232.0388,17815.91987,-56.0154387,-244.3241302,300.3395689,1
10389.69179,-27395.47303,17005.78124,-44.12351802,-251.9049719,296.0284899,1
11348.50033,-27519.97679,16171.47646,-32.16889542,-259.1278429,291.2967383,1
12291.18203,-27605.37316,15314.19113,-20.16855906,-265.9824791,286.1510381,1
13216.39729,-27651.54079,14435.1435,-8.139562064,-272.4591396,280.5987017,1
14122.83133,-27658.41407,13535.58274,3.90100169,-278.5486207,274.6476191,1
15009.19604,-27625.98322,12616.78717,15.93602191,-284.2422691,268.3062472,1
15874.23187,-27554.29434,11680.06247,27.94839617,-289.5319936,261.5835974,1
16716.70955,-27443.4493,10726.73975,39.92105422,-294.4102773,254.4892231,1
17535.43187,-27293.60562,9758.173746,51.83698228,-298.8701879,247.0332056,1
18329.23538,-27104.97623,8775.740846,63.67924715,-302.9053876,239.2261404,1
19096.99205,-26877.82918,7780.837138,75.43102032,-306.5101421,231.0791218,1
19837.61084,-26612.48727,6774.876434,87.07560188,-309.679329,222.6037271,1
20550.0393,-26309.32756,5759.28826,98.59644425,-312.4084446,213.8120004,1
21233.26503,-25968.78086,4735.515823,109.9771757,-314.6936107,204.716435,1
21886.31714,-25591.33109,3705.013958,121.2016235,-316.53158,195.3299565,1
22508.26758,-25177.51465,2669.247066,132.2538372,-317.9197406,185.6659034,1
23098.23255,-24727.91958,1629.687027,143.118111,-318.8561198,175.7380088,1
23655.37366,-24243.18478,587.8111146,153.7790061,-319.3393871,165.560381,1
24178.8992,-23723.99909,-454.90011,164.2213728,-319.3688556,155.1474827,1
24668.06519,-23171.1003,-1496.964897,174.430372,-318.9444834,144.5141115,1
25122.17652,-22585.27411,-2536.902414,184.391496,-318.0668737,133.6753777,1
25540.58786,-21967.353,-3573.234855,194.0905897,-316.7372736,122.6466839,1
25922.70462,-21318.21509,-4604.489533,203.51387,-314.9575725,111.4437025,1
26267.9838,-20638.78283,-5629.200979,212.6479459,-312.7302994,100.0823535,1
26575.93475,-19930.02172,-6645.913023,221.4798375,-310.0586195,88.578782,1
26846.11983,-19192.93897,-7653.180861,229.9969941,-306.9463293,76.94933518,1
27078.15511,-18428.582,-8649.573111,238.1873124,-303.3978516,65.21053915,1
27271.71084,-17638.037,-9633.673843,246.0391536,-299.4182289,53.37907538,1
27426.51199,-16822.42739,-10604.0846,253.5413596,-295.0131166,41.47175702,1
27542.33856,-15982.91219,-11559.42637,260.6832694,-290.1887744,29.50550502,1
27619.02596,-15120.6844,-12498.34156,267.4547341,-284.9520582,17.49732408,1
27656.46521,-14236.96928,-13419.49593,273.8461309,-279.3104094,5.464278495,1
27654.60311,-13333.02266,-14321.58045,279.8483775,-273.2718453,-6.576532134,1
27613.44231,-12410.12908,-15203.31323,285.4529441,-266.844947,-18.60799715,1
27533.0413,-11469.60003,-16063.44127,290.6518665,-260.0388473,-30.61301918,1
27413.51433,-10512.77205,-16900.74228,295.4377567,-252.8632183,-42.57453844,1
27255.03125,-9541.004839,-17714.02641,299.8038137,-245.3282568,-54.47555695,1
27057.81728,-8555.679343,-18502.13794,303.7438331,-237.4446704,-66.29916271,1
26822.15268,-7558.195758,-19263.95692,307.2522158,-229.2236621,-78.02855374,1
26548.37232,-6549.971564,-19998.40076,310.3239764,-220.6769144,-89.64706192,1
26236.86528,-5532.439502,-20704.42578,312.9547496,-211.8165728,-101.1381767,1
25888.07422,-4507.04554,-21381.02868,315.1407969,-202.6552283,-112.4855686,1
25502.49478,-3475.24682,-22027.24796,316.879012,-193.2058996,-123.6731124,1
25080.67491,-2438.509585,-22642.16532,318.1669246,-183.4820147,-134.6849099,1
24623.21402,-1398.307093,-23224.90693,319.0027046,-173.4973918,-145.5053128,1
24130.7622,-356.117531,-23774.64467,319.3851644,-163.2662197,-156.1189447,1
23604.01925,686.5780938,-24290.59734,319.3137603,-152.8030373,-166.510723,1
23043.73369,1728.298053,-24772.03174,318.7885939,-142.1227135,-176.6658804,1
22450.70173,2767.562007,-25218.26373,317.8104115,-131.2404255,-186.569986,1
21825.76609,3802.893104,-25628.65919,316.380603,-120.1716376,-196.2089654,1
21169.81484,4832.820081,-26002.63492,314.5012005,-108.9320793,-205.5691212,1
20483.78013,5855.879357,-26339.65949,312.1748745,-97.53772257,-214.6371519,1
19768.63685,6870.617107,-26639.25395,309.4049309,-86.00475938,-223.4001716,1
19025.40125,7875.591335,-26900.99258,306.195306,-74.34957872,-231.8457273,1
18255.12951,8869.373916,-27124.50343,302.5505609,-62.58874324,-239.9618176,1
17458.91624,9850.552632,-27309.46887,298.4758748,-50.73896573,-247.7369091,1
16637.89289,10817.73317,-27455.62606,293.9770382,-38.81708538,-255.1599528,1
15793.22618,11769.54112,-27562.76731,289.0604441,-26.84004382,-262.2204002,1
14926.11644,12704.62391,-27630.74035,283.7330793,-14.82486109,-268.9082182,1
14037.79587,13621.65274,-27659.44861,278.0025142,-2.788611423,-275.2139028,1
13129.52682,14519.32445,-27648.85127,271.8768924,9.251601013,-281.1284934,1
12202.6,15396.3634,-27598.9634,265.3649187,21.27866642,-286.6435851,1
11258.33261,16251.52328,-27509.85589,258.4758469,33.27549367,-291.7513405,1
10298.06652,17083.58886,-27381.65538,251.2194667,45.22503463,-296.4445013,1
9323.166311,17891.37772,-27214.54403,243.60609,57.11030834,-300.7163983,1
8335.017373,18673.74195,-27008.75932,235.6465356,68.91442518,-304.5609608,1
7335.023919,19429.56978,-26764.5937,227.3521147,80.62061085,-307.9727255,1
6324.606995,20157.78712,-26482.39412,218.7346139,92.21223022,-310.9468441,1
5305.202458,20857.35915,-26162.5616,209.8062793,103.672811,-313.4790902,1
4278.258938,21527.29172,-25805.55066,200.5797985,114.986067,-315.5658654,1
3245.235778,22166.63284,-25411.86862,191.0682828,126.1359215,-317.2042043,1
2207.60096,22774.47396,-24982.07492,181.2852486,137.1065299,-318.3917786,1
1166.829021,23349.9513,-24516.78032,171.2445982,147.8823025,-319.1269007,1
124.3989538,23892.24709,-24016.64604,160.9605998,158.4479263,-319.4085261,1
-918.2078911,24400.59069,-23482.3828,150.4478676,168.7883868,-319.2362545,1
-1959.509912,24874.25971,-22914.7498,139.7213408,178.8889899,-318.6103307,1
-2998.027363,25312.58105,-22314.55368,128.7962623,188.7353819,-317.5316442,1
-4032.284452,25714.93182,-21682.64737,117.6881572,198.3135705,-316.0017278,1
-5060.811445,26080.74027,-21019.92883,106.4128109,207.6099448,-314.0227557,1
-6082.146748,26409.48656,-20327.33981,94.98624609,216.611294,-311.5975401,1
-7094.838987,26700.70353,-19605.86454,83.42470065,225.3048266,-308.7295273,1
-8097.449072,26953.97733,-18856.52826,71.74460415,233.6781888,-305.4227929,1
-9088.552239,27168.94806,-18080.39582,59.96255463,241.7194815,-301.6820361,1
-10066.74008,27345.31022,-17278.57015,48.09529505,249.4172775,-297.5125726,1
-11030.62252,27482.81321,-16452.19068,36.15968942,256.760638,-292.9203274,1
-11978.82985,27581.26161,-15602.43176,24.17269889,263.7391276,-287.9118264,1
-12910.01461,27640.51553,-14730.50092,12.15135764,270.3428294,-282.494187,1
-13822.85353,27660.49077,-13837.63723,0.112748637,276.5623592,-276.6751079,1
-14716.04942,27641.15893,-12925.10951,-11.92602058,282.3888789,-270.4628583,1
-15588.333,27582.54749,-11994.2145,-23.94784228,287.8141084,-263.8662662,1
-16438.4647,27484.73975,-11046.27505,-35.93563278,292.8303384,-256.8947056,1
-17265.23645,27347.87469,-10082.63824,-47.87235678,297.4304405,-249.5580837,1
-18067.47335,27172.1468,-9104.673451,-59.74105154,301.6078776,-241.866826,1
-18844.03538,26957.8058,-8113.770423,-71.52485099,305.3567134,-233.8318624,1
-19593.819,26705.15629,-7111.337282,-83.20700972,308.6716206,-225.4646109,1
-20315.75874,26414.55728,-6098.798543,-94.77092674,311.5478885,-216.7769618,1
-21008.82867,26086.42175,-5077.593076,-106.2001691,313.9814299,-207.7812608,1
-21672.04391,25721.21598,-4049.172073,-117.4784952,315.9687865,-198.4902913,1
-22304.46199,25319.45896,-3014.996974,-128.5898779,317.5071341,-188.9172562,1
-22905.1842,24881.7216,-1976.537399,-139.5185274,318.5942867,-179.0757593,1
-23473.3569,24408.62596,-935.2690568,-150.2489134,319.2286994,-168.979786,1
-24008.17267,23900.84432,107.3283541,-160.7657875,319.4094707,-158.6436832,1
-24508.87151,23359.09827,1149.773245,-171.0542046,319.1363436,-148.082139,1
-24974.74191,22784.15766,2190.584246,-181.0995443,318.4097063,-137.310162,1
-25405.12183,22176.83953,3228.282307,-190.8875316,317.2305914,-126.3430598,1
-25799.39969,21538.00688,4261.392802,-200.4042573,315.6006744,-115.1964171,1
-26157.01518,20868.56756,5288.447624,-209.6361977,313.5222717,-103.886074,1
-26477.46013,20169.47285,6307.987273,-218.5702335,310.9983366,-92.42810315,1
-26760.27915,19441.71622,7318.562927,-227.193669,308.0324559,-80.83878689,1
-27005.07036,18686.33185,8318.738503,-235.4942499,304.6288442,-69.13459429,1
-27211.48588,17904.39318,9307.092696,-243.4601806,300.7923382,-57.33215765,1
-27379.23239,17097.01139,10282.221,-251.080141,296.5283899,-45.44824888,1
-27508.07151,16265.33381,11242.73771,-258.3433029,291.8430585,-33.49975565,1
-27597.82016,15410.54229,12187.27787,-265.2393447,286.7430022,-21.50365744,1
-27648.3508,14533.85156,13114.49924,-271.758467,281.2354683,-9.477001359,1
-27659.59162,13636.50743,14023.08419,-277.8914056,275.3282835,2.563122062,1
-27631.52664,12719.78507,14911.74157,-283.6294453,269.0298421,14.59960315,1
-27564.19575,11784.9872,15779.20855,-288.964432,262.3490946,26.61533739,1
-27457.69463,10833.44222,16624.25241,-293.8887845,255.2955347,38.59324979,1
-27312.17463,9866.502327,17445.6723,-298.3955049,247.8791858,50.51631907,1
-27127.84253,8885.541594,18242.30094,-302.478189,240.1105871,62.3676019,1
-26904.96028,7891.95402,19013.00626,-306.131035,232.000778,74.13025695,1
-26643.84462,6887.151548,19756.69307,-309.3488521,223.5612832,85.78756884,1
-26344.86659,5872.562056,20472.30453,-312.1270675,214.8040956,97.32297191,1
-26008.45106,4849.627332,21158.82373,-314.4617333,205.7416595,108.7200737,1
-25635.0761,3819.801022,21815.27508,-316.3495317,196.3868534,119.9626783,1
-25225.2723,2784.546567,22440.72573,-317.7877802,186.7529707,131.0348094,1
-24779.622,1745.335118,23034.28688,-318.7744348,176.8537019,141.9207329,1
-24298.7585,703.6434521,23595.11505,-319.3080935,166.7031143,152.6049792,1
-23783.36514,-339.0481293,24122.41327,-319.387998,156.3156324,163.0723655,1
-23234.17432,-1381.257905,24615.43222,-319.0140346,145.7060175,173.3080171,1
-22651.96646,-2421.504837,25073.4713,-318.1867348,134.8893463,183.2973885,1
-22037.56892,-3458.310679,25495.8796,-316.9072743,123.88099,193.0262842,1
-21391.85479,-4490.202072,25882.05686,-315.1774712,112.6965921,202.4808791,1
-20715.74166,-5515.712642,26231.4543,-312.9997836,101.3520461,211.6477375,1
-20010.19033,-6533.385082,26543.57541,-310.3773062,89.86347329,220.5138329,1
-19276.20342,-7541.773225,26817.97665,-307.3137657,78.24719959,229.0665662,1
-18514.82398,-8539.444095,27054.26807,-303.8135156,66.51973233,237.2937832,1
-17727.13395,-9524.979949,27252.1139,-299.8815297,54.6977369,245.1837929,1
-16914.2527,-10496.98028,27411.23299,-295.5233959,42.79801299,252.7253829,1
-16077.33537,-11454.06384,27531.39921,-290.7453071,30.83747076,259.9078363,1
-15217.57127,-12394.87054,27612.4418,-285.5540533,18.83310679,266.7209465,1
-14336.18216,-13318.06345,27654.24561,-279.9570116,6.801979953,273.1550316,1
-13434.42056,-14222.33066,27656.75122,-273.9621356,-5.238812872,279.2009485,1
-12513.56791,-15106.38717,27619.95507,-267.5779445,-17.27216106,284.8501056,1
-11574.93279,-15968.97667,27543.90946,-260.8135105,-29.28096456,290.094475,1
-10619.84906,-16808.87338,27428.72244,-253.6784462,-41.2481582,294.9266044,1
-9649.673949,-17624.88376,27274.55771,-246.1828909,-53.15673596,299.3396269,1
-8665.786119,-18415.84822,27081.63434,-238.3374963,-64.98977508,303.3272714,1
-7669.583733,-19180.64275,26850.22649,-230.1534111,-76.73046018,306.8838713,1
-6662.482449,-19918.18054,26580.66299,-221.6422652,-88.3621071,310.0043723,1
-5645.913412,-20627.4135,26273.32692,-212.8161536,-99.86818663,312.6843403,1
-4621.321224,-21307.33378,25928.65501,-203.6876186,-111.232348,314.9199666,1
-3590.161886,-21956.97518,25547.13706,-194.2696323,-122.4384421,316.7080745,1
-2553.90073,-22575.41451,25129.31524,-184.5755783,-133.4705445,318.0461228,1
-1514.010343,-23161.77294,24675.78328,-174.6192323,-144.3129779,318.9322102,1
-471.9684633,-23715.21722,24187.18568,-164.4147427,-154.9503348,319.3650775,1
570.744109,-24234.96088,23664.21677,-153.9766109,-165.3674987,319.3441095,1
1612.645623,-24720.26534,23107.61972,-143.3196698,-175.5496663,318.8693361,1
2652.255479,-25170.44095,22518.18547,-132.4590636,-185.4823682,317.9414319,1
3688.096335,-25584.84798,21896.75165,-121.4102259,-195.1514896,316.5617155,1
4718.696204,-25962.89754,21244.20134,-110.1888576,-204.54329,314.7321476,1
5742.590548,-26304.05241,20561.46186,-98.81090491,-213.6444232,312.4553281,1
6758.324356,-26607.82778,19849.50342,-87.2925365,-222.441956,309.7344925,1
7764.454215,-26873.79197,19109.33775,-75.65012063,-230.9233866,306.5735072,1
8759.550361,-27101.56703,18342.01667,-63.90020179,-239.0766625,302.9768642,1
9742.198706,-27290.82928,17548.63057,-52.05947727,-246.8901973,298.9496745,1
10711.00285,-27441.30977,16730.30691,-40.14477338,-254.3528876,294.497661,1
11664.58608,-27552.79465,15888.20857,-28.17302158,-261.4541286,289.6271501,1
12601.59329,-27625.12551,15023.53222,-16.16123437,-268.1838289,284.3450633,1
13520.69295,-27658.19955,14137.50661,-4.12648116,-274.5324253,278.6589065,1
14420.57896,-27651.96978,13231.39082,7.914136004,-280.4908962,272.5767602,1
15299.97254,-27606.44505,12306.4725,19.94350675,-286.0507741,266.1072674,1
16157.62403,-27521.69004,11364.06602,31.94453668,-291.2041582,259.2596216,1
16992.31464,-27397.82521,10405.51057,43.90017167,-295.9437253,252.0435537,1
17802.85825,-27235.02657,9432.168323,55.79342212,-300.2627402,244.4693181,1
18588.10302,-27033.52547,8445.422449,67.60738706,-304.1550653,236.5476782,1
19346.93308,-26793.60825,7446.675168,79.32527821,-307.6151694,228.2898911,1
20078.27009,-26515.61584,6437.345754,90.9304438,-310.6381355,219.7076917,1
20781.07477,-26199.94329,5418.868519,102.4063922,-313.2196678,210.8132755,1
21454.34842,-25847.03919,4392.690776,113.7368156,-315.3560978,201.6192822,1
22097.13426,-25457.40504,3360.270779,124.9056127,-317.0443895,192.1387768,1
22708.51886,-25031.59451,2323.075653,135.8969121,-318.2821439,182.3852317,1
23287.63342,-24570.21273,1282.579309,146.6950946,-319.0676018,172.3725072,1
23833.65497,-24073.91532,240.2603502,157.2848153,-319.3996473,162.114832,1
24345.8076,-23543.40757,-802.4000319,167.6510257,-319.2778084,151.6267827,1
24823.3635,-22979.44334,-1843.92016,177.7789948,-318.7022582,140.9232634,1
25265.64405,-22382.82407,-2882.819976,187.6543302,-317.6738147,130.0194845,1
25672.02073,-21754.39758,-3917.623147,197.2629986,-316.1939394,118.9309408,1
26041.91606,-21095.0569,-4946.859162,206.5913454,-314.2647351,107.6733897,1
26374.80441,-20405.73899,-5969.065419,215.6261146,-311.8889435,96.26282884,1
26670.21272,-19687.42341,-6982.789307,224.3544673,-309.0699406,84.71547322,1
26927.72119,-18941.13092,-7986.59027,232.7640001,-305.8117324,73.04773228,1
27146.9639,-18167.92205,-8979.04185,240.8427625,-302.118949,61.27618651,1
27327.62929,-17368.89557,-9958.733722,248.5792741,-297.996838,49.41756393,1
27469.46062,-16545.18694,-10924.27369,255.9625409,-293.4512572,37.48871629,1
27572.25635,-15697.96669,-11874.28966,262.982071,-288.4886662,25.50659512,1
27635.87039,-14828.43877,-12807.43162,269.6278892,-283.1161169,13.4882277,1
27660.21235,-13937.83883,-13722.37352,275.8905514,-277.3412442,1.450692757,1
27645.24763,-13027.43246,-14617.81517,281.761158,-271.1722543,-10.58890369,1
27590.9975,-12098.51339,-15492.48411,287.2313666,-264.6179139,-22.61345274,1
27497.53906,-11152.40167,-16345.13739,292.2934038,-257.6875369,-34.60586682,1
27365.0051,-10190.44178,-17174.56332,296.9400759,-250.3909719,-46.54910408,1
27193.58398,-9214.000715,-17979.58327,301.16478,-242.7385875,-58.42619251,1
26983.51929,-8224.466051,-18759.05324,304.9615125,-234.7412584,-70.22025413,1
26735.10954,-7223.24397,-19511.86557,308.324878,-226.4103491,-81.91452892,1
26448.70773,-6211.757264,-20236.95047,311.2500969,-217.7576982,-93.49239868,1
26124.72087,-5191.443311,-20933.27756,313.7330124,-208.7956018,-104.9374106,1
25763.60934,-4163.752034,-21599.85731,315.7700962,-199.5367954,-116.2333008,1
25365.88632,-3130.143836,-22235.74249,317.3584534,-189.9944363,-127.364017,1
24932.11699,-2092.087534,-22840.02946,318.4958268,-180.1820847,-138.3137421,1
24462.91775,-1051.05826,-23411.85949,319.1806002,-170.1136845,-149.0669157,1
23958.95537,-8.535374748,-23950.42,319.4118006,-159.8035435,-159.6082571,1
23420.946,1033.99964,-24454.94564,319.1890993,-149.2663128,-169.9227864,1
22849.65419,2075.065284,-24924.71947,318.5128128,-138.5169666,-179.9958462,1
22245.89177,3113.182147,-25359.07391,317.3839022,-127.5707802,-189.813122,1
21610.51671,4146.875007,-25757.39172,315.8039717,-116.4433087,-199.3606629,1
20944.43194,5174.674932,-26119.10687,313.7752664,-105.1503649,-208.6249015,1
20248.58397,6195.12136,-26443.70533,311.3006694,-93.70799672,-217.5926726,1
19523.96166,7206.764182,-26730.72585,308.383697,-82.13246432,-226.2512327,1
18771.59474,8208.165797,-26979.76054,305.0284946,-70.44021719,-234.5882774,1
17992.55235,9197.90316,-27190.45551,301.2398299,-58.64787066,-242.5919593,1
17187.94156,10174.5698,-27362.51136,297.023087,-46.77218229,-250.2509047,1
16358.90576,11136.77782,-27495.68358,292.3842581,-34.8300281,-257.55423,1
15506.62306,12083.15987,-27589.78293,287.3299351,-22.83837853,-264.4915565,1
14632.30461,13012.37108,-27644.67569,281.8673005,-10.81427437,-271.0530261,1
13737.19285,13923.09101,-27660.28385,276.0041171,1.225197461,-277.2293145,1
12822.55978,14814.02546,-27636.58524,269.7487167,13.26292822,-283.0116449,1
11889.70516,15683.90837,-27573.61353,263.1099886,25.28181163,-288.3918003,1
10939.95461,16531.50359,-27471.4582,256.0973669,37.26476821,-293.3621351,1
9974.657791,17355.60663,-27330.26443,248.7208168,49.19476951,-297.9155863,1
8995.186437,18155.04642,-27150.23285,240.9908208,61.05486235,-302.0456831,1
8002.932431,18928.68688,-26931.61931,232.9183636,72.82819289,-305.7465565,1
6999.30582,19675.42865,-26674.73447,224.5149167,84.49803058,-309.0129473,1
5985.732812,20394.21055,-26379.94337,215.7924218,96.04779195,-311.8402138,1
4963.65375,21084.01117,-26047.66492,206.7632741,107.4610642,-314.2243383,1
3934.521065,21743.85025,-25678.37132,197.4403045,118.7216283,-316.1619328,1
2899.79721,22372.79013,-25272.58734,187.8367613,129.8134825,-317.6502439,1
1860.952585,22969.93706,-24830.88964,177.9662919,140.7208647,-318.6871566,1
819.4634436,23534.44244,-24353.90589,167.8429226,151.4282748,-319.2711974,1
-223.1901997,24065.5041,-23842.3139,157.4810394,161.920497,-319.4015364,1
-1265.526678,24562.36735,-23296.84068,146.895367,172.1826214,-319.0779883,1
-2306.064773,25024.32614,-22718.26137,136.1009482,182.2000648,-318.301013,1
-3343.325824,25450.724,-22107.39817,125.1131225,191.958592,-317.0717145,1
-4375.835826,25840.95498,-21465.11915,113.9475042,201.4443355,-315.3918397,1
-5402.127526,26194.46455,-20792.33702,102.6199603,210.6438156,-313.2637759,1
-6420.742507,26510.75035,-20090.00784,91.14658785,219.5439593,-310.6905471,1
-7430.233261,26789.36292,-19359.12966,79.54369107,228.132119,-307.67581,1
-8429.165248,27029.90635,-18600.7411,67.82775836,236.3960905,-304.2238488,1
-9416.118929,27232.0388,-17815.91987,56.0154387,244.3241302,-300.3395689,1
-10389.69179,27395.47303,-17005.78124,44.12351802,251.9049719,-296.0284899,1
-11348.50033,27519.97679,-16171.47646,32.16889542,259.1278429,-291.2967383,1
-12291.18203,27605.37316,-15314.19113,20.16855906,265.9824791,-286.1510381,1
-13216.39729,27651.54079,-14435.1435,8.139562064,272.4591396,-280.5987017,1
-14122.83133,27658.41407,-13535.58274,-3.90100169,278.5486207,-274.6476191,1
-15009.19604,27625.98322,-12616.78717,-15.93602191,284.2422691,-268.3062472,1
-15874.23187,27554.29434,-11680.06247,-27.94839617,289.5319936,-261.5835974,1
-16716.70955,27443.4493,-10726.73975,-39.92105422,294.4102773,-254.4892231,1
-17535.43187,27293.60562,-9758.173746,-51.83698228,298.8701879,-247.0332056,1
-18329.23538,27104.97623,-8775.740846,-63.67924715,302.9053876,-239.2261404,1
-19096.99205,26877.82918,-7780.837138,-75.43102032,306.5101421,-231.0791218,1
-19837.61084,26612.48727,-6774.876434,-87.07560188,309.679329,-222.6037271,1
-20550.0393,26309.32756,-5759.28826,-98.59644425,312.4084446,-213.8120004,1
-21233.26503,25968.78086,-4735.515823,-109.9771757,314.6936107,-204.716435,1
-21886.31714,25591.33109,-3705.013958,-121.2016235,316.53158,-195.3299565,1
-22508.26758,25177.51465,-2669.247066,-132.2538372,317.9197406,-185.6659034,1
-23098.23255,24727.91958,-1629.687027,-143.118111,318.8561198,-175.7380088,1
-23655.37366,24243.18478,-587.8111146,-153.7790061,319.3393871,-165.560381,1
-24178.8992,23723.99909,454.90011,-164.2213728,319.3688556,-155.1474827,1
-24668.06519,23171.1003,1496.964897,-174.430372,318.9444834,-144.5141115,1
-25122.17652,22585.27411,2536.902414,-184.391496,318.0668737,-133.6753777,1
-25540.58786,21967.353,3573.234855,-194.0905897,316.7372736,-122.6466839,1
-25922.70462,21318.21509,4604.489533,-203.51387,314.9575725,-111.4437025,1
-26267.9838,20638.78283,5629.200979,-212.6479459,312.7302994,-100.0823535,1
-26575.93475,19930.02172,6645.913023,-221.4798375,310.0586195,-88.578782,1
-26846.11983,19192.93897,7653.180861,-229.9969941,306.9463293,-76.94933518,1
-27078.15511,18428.582,8649.573111,-238.1873124,303.3978516,-65.21053915,1
-27271.71084,17638.037,9633.673843,-246.0391536,299.4182289,-53.37907538,1
-27426.51199,16822.42739,10604.0846,-253.5413596,295.0131166,-41.47175702,1
-27542.33856,15982.91219,11559.42637,-260.6832694,290.1887744,-29.50550502,1
-27619.02596,15120.6844,12498.34156,-267.4547341,284.9520582,-17.49732408,1
-27656.46521,14236.96928,13419.49593,-273.8461309,279.3104094,-5.464278495,1
-27654.60311,13333.02266,14321.58045,-279.8483775,273.2718453,6.576532134,1
-27613.44231,12410.12908,15203.31323,-285.4529441,266.844947,18.60799715,1
-27533.0413,11469.60003,16063.44127,-290.6518665,260.0388473,30.61301918,1
-27413.51433,10512.77205,16900.74228,-295.4377567,252.8632183,42.57453844,1
-27255.03125,9541.004839,17714.02641,-299.8038137,245.3282568,54.47555695,1
-27057.81728,8555.679343,18502.13794,-303.7438331,237.4446704,66.29916271,1
-26822.15268,7558.195758,19263.95692,-307.2522158,229.2236621,78.02855374,1
-26548.37232,6549.971564,19998.40076,-310.3239764,220.6769144,89.64706192,1
-26236.86528,5532.439502,20704.42578,-312.9547496,211.8165728,101.1381767,1
-25888.07422,4507.04554,21381.02868,-315.1407969,202.6552283,112.4855686,1
-25502.49478,3475.24682,22027.24796,-316.879012,193.2058996,123.6731124,1
-25080.67491,2438.509585,22642.16532,-318.1669246,183.4820147,134.6849099,1
-24623.21402,1398.307093,23224.90693,-319.0027046,173.4973918,145.5053128,1
-24130.7622,356.117531,23774.64467,-319.3851644,163.2662197,156.1189447,1
-23604.01925,-686.5780938,24290.59734,-319.3137603,152.8030373,166.510723,1
-23043.73369,-1728.298053,24772.03174,-318.7885939,142.1227135,176.6658804,1
-22450.70173,-2767.562007,25218.26373,-317.8104115,131.2404255,186.569986,1
-21825.76609,-3802.893104,25628.65919,-316.380603,120.1716376,196.2089654,1
-21169.81484,-4832.820081,26002.63492,-314.5012005,108.9320793,205.5691212,1
-20483.78013,-5855.879357,26339.65949,-312.1748745,97.53772257,214.6371519,1
-19768.63685,-6870.617107,26639.25395,-309.4049309,86.00475938,223.4001716,1
-19025.40125,-7875.591335,26900.99258,-306.195306,74.34957872,231.8457273,1
-18255.12951,-8869.373916,27124.50343,-302.5505609,62.58874324,239.9618176,1
-17458.91624,-9850.552632,27309.46887,-298.4758748,50.73896573,247.7369091,1
-16637.89289,-10817.73317,27455.62606,-293.9770382,38.81708538,255.1599528,1
-15793.22618,-11769.54112,27562.76731,-289.0604441,26.84004382,262.2204002,1
-14926.11644,-12704.62391,27630.74035,-283.7330793,14.82486109,268.9082182,1
-14037.79587,-13621.65274,27659.44861,-278.0025142,2.788611423,275.2139028,1
-13129.52682,-14519.32445,27648.85127,-271.8768924,-9.251601013,281.1284934,1
-12202.6,-15396.3634,27598.9634,-265.3649187,-21.27866642,286.6435851,1
-11258.33261,-16251.52328,27509.85589,-258.4758469,-33.27549367,291.7513405,1
-10298.06652,-17083.58886,27381.65538,-251.2194667,-45.22503463,296.4445013,1
-9323.166311,-17891.37772,27214.54403,-243.60609,-57.11030834,300.7163983,1
-8335.017373,-18673.74195,27008.75932,-235.6465356,-68.91442518,304.5609608,1
-7335.023919,-19429.56978,26764.5937,-227.3521147,-80.62061085,307.9727255,1
-6324.606995,-20157.78712,26482.39412,-218.7346139,-92.21223022,310.9468441,1
-5305.202458,-20857.35915,26162.5616,-209.8062793,-103.672811,313.4790902,1
-4278.258938,-21527.29172,25805.55066,-200.5797985,-114.986067,315.5658654,1
-3245.235778,-22166.63284,25411.86862,-191.0682828,-126.1359215,317.2042043,1
-2207.60096,-22774.47396,24982.07492,-181.2852486,-137.1065299,318.3917786,1
-1166.829021,-23349.9513,24516.78032,-171.2445982,-147.8823025,319.1269007,1
-124.3989538,-23892.24709,24016.64604,-160.9605998,-158.4479263,319.4085261,1
918.2078911,-24400.59069,23482.3828,-150.4478676,-168.7883868,319.2362545,1
1959.509912,-24874.25971,22914.7498,-139.7213408,-178.8889899,318.6103307,1
2998.027363,-25312.58105,22314.55368,-128.7962623,-188.7353819,317.5316442,1
4032.284452,-25714.93182,21682.64737,-117.6881572,-198.3135705,316.0017278,1
5060.811445,-26080.74027,21019.92883,-106.4128109,-207.6099448,314.0227557,1
6082.146748,-26409.48656,20327.33981,-94.98624609,-216.611294,311.5975401,1
7094.838987,-26700.70353,19605.86454,-83.42470065,-225.3048266,308.7295273,1
8097.449072,-26953.97733,18856.52826,-71.74460415,-233.6781888,305.4227929,1
9088.552239,-27168.94806,18080.39582,-59.96255463,-241.7194815,301.6820361,1
10066.74008,-27345.31022,17278.57015,-48.09529505,-249.4172775,297.5125726,1
11030.62252,-27482.81321,16452.19068,-36.15968942,-256.760638,292.9203274,1
11978.82985,-27581.26161,15602.43176,-24.17269889,-263.7391276,287.9118264,1
12910.01461,-27640.51553,14730.50092,-12.15135764,-270.3428294,282.494187,1
13822.85353,-27660.49077,13837.63723,-0.112748637,-276.5623592,276.6751079,1
14716.04942,-27641.15893,12925.10951,11.92602058,-282.3888789,270.4628583,1
15588.333,-27582.54749,11994.2145,23.94784228,-287.8141084,263.8662662,1
16438.4647,-27484.73975,11046.27505,35.93563278,-292.8303384,256.8947056,1
17265.23645,-27347.87469,10082.63824,47.87235678,-297.4304405,249.5580837,1
18067.47335,-27172.1468,9104.673451,59.74105154,-301.6078776,241.866826,1
18844.03538,-26957.8058,8113.770423,71.52485099,-305.3567134,233.8318624,1
19593.819,-26705.15629,7111.337282,83.20700972,-308.6716206,225.4646109,1
20315.75874,-26414.55728,6098.798543,94.77092674,-311.5478885,216.7769618,1
21008.82867,-26086.42175,5077.593076,106.2001691,-313.9814299,207.7812608,1
21672.04391,-25721.21598,4049.172073,117.4784952,-315.9687865,198.4902913,1
22304.46199,-25319.45896,3014.996974,128.5898779,-317.5071341,188.9172562,1
22905.1842,-24881.7216,1976.537399,139.5185274,-318.5942867,179.0757593,1
23473.3569,-24408.62596,935.2690568,150.2489134,-319.2286994,168.979786,1
24008.17267,-23900.84432,-107.3283541,160.7657875,-319.4094707,158.6436832,1
24508.87151,-23359.09827,-1149.773245,171.0542046,-319.1363436,148.082139,1
24974.74191,-22784.15766,-2190.584246,181.0995443,-318.4097063,137.310162,1
25405.12183,-22176.83953,-3228.282307,190.8875316,-317.2305914,126.3430598,1
25799.39969,-21538.00688,-4261.392802,200.4042573,-315.6006744,115.1964171,1
26157.01518,-20868.56756,-5288.447624,209.6361977,-313.5222717,103.886074,1
26477.46013,-20169.47285,-6307.987273,218.5702335,-310.9983366,92.42810315,1
26760.27915,-19441.71622,-7318.562927,227.193669,-308.0324559,80.83878689,1
27005.07036,-18686.33185,-8318.738503,235.4942499,-304.6288442,69.13459429,1
27211.48588,-17904.39318,-9307.092696,243.4601806,-300.7923382,57.33215765,1
27379.23239,-17097.01139,-10282.221,251.080141,-296.5283899,45.44824888,1
27508.07151,-16265.33381,-11242.73771,258.3433029,-291.8430585,33.49975565,1
27597.82016,-15410.54229,-12187.27787,265.2393447,-286.7430022,21.50365744,1
27648.3508,-14533.85156,-13114.49924,271.758467,-281.2354683,9.477001359,1
27659.59162,-13636.50743,-14023.08419,277.8914056,-275.3282835,-2.563122062,1
27631.52664,-12719.78507,-14911.74157,283.6294453,-269.0298421,-14.59960315,1
27564.19575,-11784.9872,-15779.20855,288.964432,-262.3490946,-26.61533739,1
27457.69463,-10833.44222,-16624.25241,293.8887845,-255.2955347,-38.59324979,1
27312.17463,-9866.502327,-17445.6723,298.3955049,-247.8791858,-50.51631907,1
27127.84253,-8885.541594,-18242.30094,302.478189,-240.1105871,-62.3676019,1
26904.96028,-7891.95402,-19013.00626,306.131035,-232.000778,-74.13025695,1
26643.84462,-6887.151548,-19756.69307,309.3488521,-223.5612832,-85.78756884,1
26344.86659,-5872.562056,-20472.30453,312.1270675,-214.8040956,-97.32297191,1
26008.45106,-4849.627332,-21158.82373,314.4617333,-205.7416595,-108.7200737,1
25635.0761,-3819.801022,-21815.27508,316.3495317,-196.3868534,-119.9626783,1
25225.2723,-2784.546567,-22440.72573,317.7877802,-186.7529707,-131.0348094,1
24779.622,-1745.335118,-23034.28688,318.7744348,-176.8537019,-141.9207329,1
24298.7585,-703.6434521,-23595.11505,319.3080935,-166.7031143,-152.6049792,1
23783.36514,339.0481293,-24122.41327,319.387998,-156.3156324,-163.0723655,1
23234.17432,1381.257905,-24615.43222,319.0140346,-145.7060175,-173.3080171,1
22651.96646,2421.504837,-25073.4713,318.1867348,-134.8893463,-183.2973885,1
22037.56892,3458.310679,-25495.8796,316.9072743,-123.88099,-193.0262842,1
21391.85479,4490.202072,-25882.05686,315.1774712,-112.6965921,-202.4808791,1
20715.74166,5515.712642,-26231.4543,312.9997836,-101.3520461,-211.6477375,1
20010.19033,6533.385082,-26543.57541,310.3773062,-89.86347329,-220.5138329,1
19276.20342,7541.773225,-26817.97665,307.3137657,-78.24719959,-229.0665662,1
18514.82398,8539.444095,-27054.26807,303.8135156,-66.51973233,-237.2937832,1
17727.13395,9524.979949,-27252.1139,299.8815297,-54.6977369,-245.1837929,1
16914.2527,10496.98028,-27411.23299,295.5233959,-42.79801299,-252.7253829,1
16077.33537,11454.06384,-27531.39921,290.7453071,-30.83747076,-259.9078363,1
15217.57127,12394.87054,-27612.4418,285.5540533,-18.83310679,-266.7209465,1
14336.18216,13318.06345,-27654.24561,279.9570116,-6.801979953,-273.1550316,1
13434.42056,14222.33066,-27656.75122,273.9621356,5.238812872,-279.2009485,1
12513.56791,15106.38717,-27619.95507,267.5779445,17.27216106,-284.8501056,1
11574.93279,15968.97667,-27543.90946,260.8135105,29.28096456,-290.094475,1
10619.84906,16808.87338,-27428.72244,253.6784462,41.2481582,-294.9266044,1
9649.673949,17624.88376,-27274.55771,246.1828909,53.15673596,-299.3396269,1
8665.786119,18415.84822,-27081.63434,238.3374963,64.98977508,-303.3272714,1
7669.583733,19180.64275,-26850.22649,230.1534111,76.73046018,-306.8838713,1
6662.482449,19918.18054,-26580.66299,221.6422652,88.3621071,-310.0043723,1
5645.913412,20627.4135,-26273.32692,212.8161536,99.86818663,-312.6843403,1
4621.321224,21307.33378,-25928.65501,203.6876186,111.232348,-314.9199666,1
3590.161886,21956.97518,-25547.13706,194.2696323,122.4384421,-316.7080745,1
2553.90073,22575.41451,-25129.31524,184.5755783,133.4705445,-318.0461228,1
1514.010343,23161.77294,-24675.78328,174.6192323,144.3129779,-318.9322102,1
471.9684633,23715.21722,-24187.18568,164.4147427,154.9503348,-319.3650775,1
-570.744109,24234.96088,-23664.21677,153.9766109,165.3674987,-319.3441095,1
-1612.645623,24720.26534,-23107.61972,143.3196698,175.5496663,-318.8693361,1
-2652.255479,25170.44095,-22518.18547,132.4590636,185.4823682,-317.9414319,1
-3688.096335,25584.84798,-21896.75165,121.4102259,195.1514896,-316.5617155,1
-4718.696204,25962.89754,-21244.20134,110.1888576,204.54329,-314.7321476,1
-5742.590548,26304.05241,-20561.46186,98.81090491,213.6444232,-312.4553281,1
-6758.324356,26607.82778,-19849.50342,87.2925365,222.441956,-309.7344925,1
-7764.454215,26873.79197,-19109.33775,75.65012063,230.9233866,-306.5735072,1
-8759.550361,27101.56703,-18342.01667,63.90020179,239.0766625,-302.9768642,1
-9742.198706,27290.82928,-17548.63057,52.05947727,246.8901973,-298.9496745,1
-10711.00285,27441.30977,-16730.30691,40.14477338,254.3528876,-294.497661,1
-11664.58608,27552.79465,-15888.20857,28.17302158,261.4541286,-289.6271501,1
-12601.59329,27625.12551,-15023.53222,16.16123437,268.1838289,-284.3450633,1
-13520.69295,27658.19955,-14137.50661,4.12648116,274.5324253,-278.6589065,1
-14420.57896,27651.96978,-13231.39082,-7.914136004,280.4908962,-272.5767602,1
-15299.97254,27606.44505,-12306.4725,-19.94350675,286.0507741,-266.1072674,1
-16157.62403,27521.69004,-11364.06602,-31.94453668,291.2041582,-259.2596216,1
-16992.31464,27397.82521,-10405.51057,-43.90017167,295.9437253,-252.0435537,1
-17802.85825,27235.02657,-9432.168323,-55.79342212,300.2627402,-244.4693181,1
-18588.10302,27033.52547,-8445.422449,-67.60738706,304.1550653,-236.5476782,1
-19346.93308,26793.60825,-7446.675168,-79.32527821,307.6151694,-228.2898911,1
-20078.27009,26515.61584,-6437.345754,-90.9304438,310.6381355,-219.7076917,1
-20781.07477,26199.94329,-5418.868519,-102.4063922,313.2196678,-210.8132755,1
-21454.34842,25847.03919,-4392.690776,-113.7368156,315.3560978,-201.6192822,1
-22097.13426,25457.40504,-3360.270779,-124.9056127,317.0443895,-192.1387768,1
-22708.51886,25031.59451,-2323.075653,-135.8969121,318.2821439,-182.3852317,1
-23287.63342,24570.21273,-1282.579309,-146.6950946,319.0676018,-172.3725072,1
-23833.65497,24073.91532,-240.2603502,-157.2848153,319.3996473,-162.114832,1
-24345.8076,23543.40757,802.4000319,-167.6510257,319.2778084,-151.6267827,1
-24823.3635,22979.44334,1843.92016,-177.7789948,318.7022582,-140.9232634,1
-25265.64405,22382.82407,2882.819976,-187.6543302,317.6738147,-130.0194845,1
-25672.02073,21754.39758,3917.623147,-197.2629986,316.1939394,-118.9309408,1
-26041.91606,21095.0569,4946.859162,-206.5913454,314.2647351,-107.6733897,1
-26374.80441,20405.73899,5969.065419,-215.6261146,311.8889435,-96.26282884,1
-26670.21272,19687.42341,6982.789307,-224.3544673,309.0699406,-84.71547322,1
-26927.72119,18941.13092,7986.59027,-232.7640001,305.8117324,-73.04773228,1
-27146.9639,18167.92205,8979.04185,-240.8427625,302.118949,-61.27618651,1
-27327.62929,17368.89557,9958.733722,-248.5792741,297.996838,-49.41756393,1
-27469.46062,16545.18694,10924.27369,-255.9625409,293.4512572,-37.48871629,1
-27572.25635,15697.96669,11874.28966,-262.982071,288.4886662,-25.50659512,1
-27635.87039,14828.43877,12807.43162,-269.6278892,283.1161169,-13.4882277,1
-27660.21235,13937.83883,13722.37352,-275.8905514,277.3412442,-1.450692757,1
-27645.24763,13027.43246,14617.81517,-281.761158,271.1722543,10.58890369,1
-27590.9975,12098.51339,15492.48411,-287.2313666,264.6179139,22.61345274,1
-27497.53906,11152.40167,16345.13739,-292.2934038,257.6875369,34.60586682,1
-27365.0051,10190.44178,17174.56332,-296.9400759,250.3909719,46.54910408,1
-27193.58398,9214.000715,17979.58327,-301.16478,242.7385875,58.42619251,1
-26983.51929,8224.466051,18759.05324,-304.9615125,234.7412584,70.22025413,1
-26735.10954,7223.24397,19511.86557,-308.324878,226.4103491,81.91452892,1
-26448.70773,6211.757264,20236.95047,-311.2500969,217.7576982,93.49239868,1
-26124.72087,5191.443311,20933.27756,-313.7330124,208.7956018,104.9374106,1
-25763.60934,4163.752034,21599.85731,-315.7700962,199.5367954,116.2333008,1
-25365.88632,3130.143836,22235.74249,-317.3584534,189.9944363,127.364017,1
-24932.11699,2092.087534,22840.02946,-318.4958268,180.1820847,138.3137421,1
-24462.91775,1051.05826,23411.85949,-319.1806002,170.1136845,149.0669157,1
-23958.95537,8.535374748,23950.42,-319.4118006,159.8035435,159.6082571,1
-23420.946,-1033.99964,24454.94564,-319.1890993,149.2663128,169.9227864,1
-22849.65419,-2075.065284,24924.71947,-318.5128128,138.5169666,179.9958462,1
-22245.89177,-3113.182147,25359.07391,-317.3839022,127.5707802,189.813122,1
-21610.51671,-4146.875007,25757.39172,-315.8039717,116.4433087,199.3606629,1
-20944.43194,-5174.674932,26119.10687,-313.7752664,105.1503649,208.6249015,1
-20248.58397,-6195.12136,26443.70533,-311.3006694,93.70799672,217.5926726,1
-19523.96166,-7206.764182,26730.72585,-308.383697,82.13246432,226.2512327,1
-18771.59474,-8208.165797,26979.76054,-305.0284946,70.44021719,234.5882774,1
-17992.55235,-9197.90316,27190.45551,-301.2398299,58.64787066,242.5919593,1
-17187.94156,-10174.5698,27362.51136,-297.023087,46.77218229,250.2509047,1
-16358.90576,-11136.77782,27495.68358,-292.3842581,34.8300281,257.55423,1
-15506.62306,-12083.15987,27589.78293,-287.3299351,22.83837853,264.4915565,1
-14632.30461,-13012.37108,27644.67569,-281.8673005,10.81427437,271.0530261,1
-13737.19285,-13923.09101,27660.28385,-276.0041171,-1.225197461,277.2293145,1
-12822.55978,-14814.02546,27636.58524,-269.7487167,-13.26292822,283.0116449,1
-11889.70516,-15683.90837,27573.61353,-263.1099886,-25.28181163,288.3918003,1
-10939.95461,-16531.50359,27471.4582,-256.0973669,-37.26476821,293.3621351,1
-9974.657791,-17355.60663,27330.26443,-248.7208168,-49.19476951,297.9155863,1
-8995.186437,-18155.04642,27150.23285,-240.9908208,-61.05486235,302.0456831,1
-8002.932431,-18928.68688,26931.61931,-232.9183636,-72.82819289,305.7465565,1
-6999.30582,-19675.42865,26674.73447,-224.5149167,-84.49803058,309.0129473,1
-5985.732812,-20394.21055,26379.94337,-215.7924218,-96.04779195,311.8402138,1
-4963.65375,-21084.01117,26047.66492,-206.7632741,-107.4610642,314.2243383,1
-3934.521065,-21743.85025,25678.37132,-197.4403045,-118.7216283,316.1619328,1
-2899.79721,-22372.79013,25272.58734,-187.8367613,-129.8134825,317.6502439,1
-1860.952585,-22969.93706,24830.88964,-177.9662919,-140.7208647,318.6871566,1
-819.4634436,-23534.44244,24353.90589,-167.8429226,-151.4282748,319.2711974,1
223.1901997,-24065.5041,23842.3139,-157.4810394,-161.920497,319.4015364,1
1265.526678,-24562.36735,23296.84068,-146.895367,-172.1826214,319.0779883,1
2306.064773,-25024.32614,22718.26137,-136.1009482,-182.2000648,318.301013,1
3343.325824,-25450.724,22107.39817,-125.1131225,-191.958592,317.0717145,1
4375.835826,-25840.95498,21465.11915,-113.9475042,-201.4443355,315.3918397,1
5402.127526,-26194.46455,20792.33702,-102.6199603,-210.6438156,313.2637759,1
6420.742507,-26510.75035,20090.00784,-91.14658785,-219.5439593,310.6905471,1
7430.233261,-26789.36292,19359.12966,-79.54369107,-228.132119,307.67581,1
8429.165248,-27029.90635,18600.7411,-67.82775836,-236.3960905,304.2238488,1
9416.118929,-27232.0388,17815.91987,-56.0154387,-244.3241302,300.3395689,1
10389.69179,-27395.47303,17005.78124,-44.12351802,-251.9049719,296.0284899,1
11348.50033,-27519.97679,16171.47646,-32.16889542,-259.1278429,291.2967383,1
12291.18203,-27605.37316,15314.19113,-20.16855906,-265.9824791,286.1510381,1
13216.39729,-27651.54079,14435.1435,-8.139562064,-272.4591396,280.5987017,1
14122.83133,-27658.41407,13535.58274,3.90100169,-278.5486207,274.6476191,1
15009.19604,-27625.98322,12616.78717,15.93602191,-284.2422691,268.3062472,1
15874.23187,-27554.29434,11680.06247,27.94839617,-289.5319936,261.5835974,1
16716.70955,-27443.4493,10726.73975,39.92105422,-294.4102773,254.4892231,1
17535.43187,-27293.60562,9758.173746,51.83698228,-298.8701879,247.0332056,1
18329.23538,-27104.97623,8775.740846,63.67924715,-302.9053876,239.2261404,1
19096.99205,-26877.82918,7780.837138,75.43102032,-306.5101421,231.0791218,1
19837.61084,-26612.48727,6774.876434,87.07560188,-309.679329,222.6037271,1
20550.0393,-26309.32756,5759.28826,98.59644425,-312.4084446,213.8120004,1
21233.26503,-25968.78086,4735.515823,109.9771757,-314.6936107,204.716435,1
21886.31714,-25591.33109,3705.013958,121.2016235,-316.53158,195.3299565,1
22508.26758,-25177.51465,2669.247066,132.2538372,-317.9197406,185.6659034,1
23098.23255,-24727.91958,1629.687027,143.118111,-318.8561198,175.7380088,1
23655.37366,-24243.18478,587.8111146,153.7790061,-319.3393871,165.560381,1
24178.8992,-23723.99909,-454.90011,164.2213728,-319.3688556,155.1474827,1
24668.06519,-23171.1003,-1496.964897,174.430372,-318.9444834,144.5141115,1
25122.17652,-22585.27411,-2536.902414,184.391496,-318.0668737,133.6753777,1
25540.58786,-21967.353,-3573.234855,194.0905897,-316.7372736,122.6466839,1
25922.70462,-21318.21509,-4604.489533,203.51387,-314.9575725,111.4437025,1
26267.9838,-20638.78283,-5629.200979,212.6479459,-312.7302994,100.0823535,1
26575.93475,-19930.02172,-6645.913023,221.4798375,-310.0586195,88.578782,1
26846.11983,-19192.93897,-7653.180861,229.9969941,-306.9463293,76.94933518,1
27078.15511,-18428.582,-8649.573111,238.1873124,-303.3978516,65.21053915,1
27271.71084,-17638.037,-9633.673843,246.0391536,-299.4182289,53.37907538,1
27426.51199,-16822.42739,-10604.0846,253.5413596,-295.0131166,41.47175702,1
27542.33856,-15982.91219,-11559.42637,260.6832694,-290.1887744,29.50550502,1
27619.02596,-15120.6844,-12498.34156,267.4547341,-284.9520582,17.49732408,1
27656.46521,-14236.96928,-13419.49593,273.8461309,-279.3104094,5.464278495,1
27654.60311,-13333.02266,-14321.58045,279.8483775,-273.2718453,-6.576532134,1
27613.44231,-12410.12908,-15203.31323,285.4529441,-266.844947,-18.60799715,1
27533.0413,-11469.60003,-16063.44127,290.6518665,-260.0388473,-30.61301918,1
27413.51433,-10512.77205,-16900.74228,295.4377567,-252.8632183,-42.57453844,1
27255.03125,-9541.004839,-17714.02641,299.8038137,-245.3282568,-54.47555695,1
27057.81728,-8555.679343,-18502.13794,303.7438331,-237.4446704,-66.29916271,1
26822.15268,-7558.195758,-19263.95692,307.2522158,-229.2236621,-78.02855374,1
26548.37232,-6549.971564,-19998.40076,310.3239764,-220.6769144,-89.64706192,1
26236.86528,-5532.439502,-20704.42578,312.9547496,-211.8165728,-101.1381767,1
25888.07422,-4507.04554,-21381.02868,315.1407969,-202.6552283,-112.4855686,1
25502.49478,-3475.24682,-22027.24796,316.879012,-193.2058996,-123.6731124,1
25080.67491,-2438.509585,-22642.16532,318.1669246,-183.4820147,-134.6849099,1
24623.21402,-1398.307093,-23224.90693,319.0027046,-173.4973918,-145.5053128,1
24130.7622,-356.117531,-23774.64467,319.3851644,-163.2662197,-156.1189447,1
23604.01925,686.5780938,-24290.59734,319.3137603,-152.8030373,-166.510723,1
23043.73369,1728.298053,-24772.03174,318.7885939,-142.1227135,-176.6658804,1
22450.70173,2767.562007,-25218.26373,317.8104115,-131.2404255,-186.569986,1
21825.76609,3802.893104,-25628.65919,316.380603,-120.1716376,-196.2089654,1
21169.81484,4832.820081,-26002.63492,314.5012005,-108.9320793,-205.5691212,1
20483.78013,5855.879357,-26339.65949,312.1748745,-97.53772257,-214.6371519,1
19768.63685,6870.617107,-26639.25395,309.4049309,-86.00475938,-223.4001716,1
19025.40125,7875.591335,-26900.99258,306.195306,-74.34957872,-231.8457273,1
18255.12951,8869.373916,-27124.50343,302.5505609,-62.58874324,-239.9618176,1
17458.91624,9850.552632,-27309.46887,298.4758748,-50.73896573,-247.7369091,1
16637.89289,10817.73317,-27455.62606,293.9770382,-38.81708538,-255.1599528,1
15793.22618,11769.54112,-27562.76731,289.0604441,-26.84004382,-262.2204002,1
14926.11644,12704.62391,-27630.74035,283.7330793,-14.82486109,-268.9082182,1
14037.79587,13621.65274,-27659.44861,278.0025142,-2.788611423,-275.2139028,1
13129.52682,14519.32445,-27648.85127,271.8768924,9.251601013,-281.1284934,1
12202.6,15396.3634,-27598.9634,265.3649187,21.27866642,-286.6435851,1
11258.33261,16251.52328,-27509.85589,258.4758469,33.27549367,-291.7513405,1
10298.06652,17083.58886,-27381.65538,251.2194667,45.22503463,-296.4445013,1
9323.166311,17891.37772,-27214.54403,243.60609,57.11030834,-300.7163983,1
8335.017373,18673.74195,-27008.75932,235.6465356,68.91442518,-304.5609608,1
7335.023919,19429.56978,-26764.5937,227.3521147,80.62061085,-307.9727255,1
6324.606995,20157.78712,-26482.39412,218.7346139,92.21223022,-310.9468441,1
5305.202458,20857.35915,-26162.5616,209.8062793,103.672811,-313.4790902,1
4278.258938,21527.29172,-25805.55066,200.5797985,114.986067,-315.5658654,1
3245.235778,22166.63284,-25411.86862,191.0682828,126.1359215,-317.2042043,1
2207.60096,22774.47396,-24982.07492,181.2852486,137.1065299,-318.3917786,1
1166.829021,23349.9513,-24516.78032,171.2445982,147.8823025,-319.1269007,1
124.3989538,23892.24709,-24016.64604,160.9605998,158.4479263,-319.4085261,1
-918.2078911,24400.59069,-23482.3828,150.4478676,168.7883868,-319.2362545,1
-1959.509912,24874.25971,-22914.7498,139.7213408,178.8889899,-318.6103307,1
-2998.027363,25312.58105,-22314.55368,128.7962623,188.7353819,-317.5316442,1
-4032.284452,25714.93182,-21682.64737,117.6881572,198.3135705,-316.0017278,1
-5060.811445,26080.74027,-21019.92883,106.4128109,207.6099448,-314.0227557,1
-6082.146748,26409.48656,-20327.33981,94.98624609,216.611294,-311.5975401,1
-7094.838987,26700.70353,-19605.86454,83.42470065,225.3048266,-308.7295273,1
-8097.449072,26953.97733,-18856.52826,71.74460415,233.6781888,-305.4227929,1
-9088.552239,27168.94806,-18080.39582,59.96255463,241.7194815,-301.6820361,1
-10066.74008,27345.31022,-17278.57015,48.09529505,249.4172775,-297.5125726,1
-11030.62252,27482.81321,-16452.19068,36.15968942,256.760638,-292.9203274,1
-11978.82985,27581.26161,-15602.43176,24.17269889,263.7391276,-287.9118264,1
-12910.01461,27640.51553,-14730.50092,12.15135764,270.3428294,-282.494187,1
-13822.85353,27660.49077,-13837.63723,0.112748637,276.5623592,-276.6751079,1
-14716.04942,27641.15893,-12925.10951,-11.92602058,282.3888789,-270.4628583,1
-15588.333,27582.54749,-11994.2145,-23.94784228,287.8141084,-263.8662662,1
-16438.4647,27484.73975,-11046.27505,-35.93563278,292.8303384,-256.8947056,1
-17265.23645,27347.87469,-10082.63824,-47.87235678,297.4304405,-249.5580837,1
-18067.47335,27172.1468,-9104.673451,-59.74105154,301.6078776,-241.866826,1
-18844.03538,26957.8058,-8113.770423,-71.52485099,305.3567134,-233.8318624,1
-19593.819,26705.15629,-7111.337282,-83.20700972,308.6716206,-225.4646109,1
-20315.75874,26414.55728,-6098.798543,-94.77092674,311.5478885,-216.7769618,1
-21008.82867,26086.42175,-5077.593076,-106.2001691,313.9814299,-207.7812608,1
-21672.04391,25721.21598,-4049.172073,-117.4784952,315.9687865,-198.4902913,1
-22304.46199,25319.45896,-3014.996974,-128.5898779,317.5071341,-188.9172562,1
-22905.1842,24881.7216,-1976.537399,-139.5185274,318.5942867,-179.0757593,1
-23473.3569,24408.62596,-935.2690568,-150.2489134,319.2286994,-168.979786,1
-24008.17267,23900.84432,107.3283541,-160.7657875,319.4094707,-158.6436832,1
-24508.87151,23359.09827,1149.773245,-171.0542046,319.1363436,-148.082139,1
-24974.74191,22784.15766,2190.584246,-181.0995443,318.4097063,-137.310162,1
-25405.12183,22176.83953,3228.282307,-190.8875316,317.2305914,-126.3430598,1
-25799.39969,21538.00688,4261.392802,-200.4042573,315.6006744,-115.1964171,1
-26157.01518,20868.56756,5288.447624,-209.6361977,313.5222717,-103.886074,1
-26477.46013,20169.47285,6307.987273,-218.5702335,310.9983366,-92.42810315,1
-26760.27915,19441.71622,7318.562927,-227.193669,308.0324559,-80.83878689,1
-27005.07036,18686.33185,8318.738503,-235.4942499,304.6288442,-69.13459429,1
-27211.48588,17904.39318,9307.092696,-243.4601806,300.7923382,-57.33215765,1
-27379.23239,17097.01139,10282.221,-251.080141,296.5283899,-45.44824888,1
-27508.07151,16265.33381,11242.73771,-258.3433029,291.8430585,-33.49975565,1
-27597.82016,15410.54229,12187.27787,-265.2393447,286.7430022,-21.50365744,1
-27648.3508,14533.85156,13114.49924,-271.758467,281.2354683,-9.477001359,1
-27659.59162,13636.50743,14023.08419,-277.8914056,275.3282835,2.563122062,1
-27631.52664,12719.78507,14911.74157,-283.6294453,269.0298421,14.59960315,1
-27564.19575,11784.9872,15779.20855,-288.964432,262.3490946,26.61533739,1
-27457.69463,10833.44222,16624.25241,-293.8887845,255.2955347,38.59324979,1
-27312.17463,9866.502327,17445.6723,-298.3955049,247.8791858,50.51631907,1
-27127.84253,8885.541594,18242.30094,-302.478189,240.1105871,62.3676019,1
-26904.96028,7891.95402,19013.00626,-306.131035,232.000778,74.13025695,1
-26643.84462,6887.151548,19756.69307,-309.3488521,223.5612832,85.78756884,1
-26344.86659,5872.562056,20472.30453,-312.1270675,214.8040956,97.32297191,1
-26008.45106,4849.627332,21158.82373,-314.4617333,205.7416595,108.7200737,1
-25635.0761,3819.801022,21815.27508,-316.3495317,196.3868534,119.9626783,1
-25225.2723,2784.546567,22440.72573,-317.7877802,186.7529707,131.0348094,1
-24779.622,1745.335118,23034.28688,-318.7744348,176.8537019,141.9207329,1
-24298.7585,703.6434521,23595.11505,-319.3080935,166.7031143,152.6049792,1
-23783.36514,-339.0481293,24122.41327,-319.387998,156.3156324,163.0723655,1
-23234.17432,-1381.257905,24615.43222,-319.0140346,145.7060175,173.3080171,1
-22651.96646,-2421.504837,25073.4713,-318.1867348,134.8893463,183.2973885,1
-22037.56892,-3458.310679,25495.8796,-316.9072743,123.88099,193.0262842,1
-21391.85479,-4490.202072,25882.05686,-315.1774712,112.6965921,202.4808791,1
-20715.74166,-5515.712642,26231.4543,-312.9997836,101.3520461,211.6477375,1
-20010.19033,-6533.385082,26543.57541,-310.3773062,89.86347329,220.5138329,1
-19276.20342,-7541.773225,26817.97665,-307.3137657,78.24719959,229.0665662,1
-18514.82398,-8539.444095,27054.26807,-303.8135156,66.51973233,237.2937832,1
-17727.13395,-9524.979949,27252.1139,-299.8815297,54.6977369,245.1837929,1
-16914.2527,-10496.98028,27411.23299,-295.5233959,42.79801299,252.7253829,1
-16077.33537,-11454.06384,27531.39921,-290.7453071,30.83747076,259.9078363,1
-15217.57127,-12394.87054,27612.4418,-285.5540533,18.83310679,266.7209465,1
-14336.18216,-13318.06345,27654.24561,-279.9570116,6.801979953,273.1550316,1
-13434.42056,-14222.33066,27656.75122,-273.9621356,-5.238812872,279.2009485,1
-12513.56791,-15106.38717,27619.95507,-267.5779445,-17.27216106,284.8501056,1
-11574.93279,-15968.97667,27543.90946,-260.8135105,-29.28096456,290.094475,1
-10619.84906,-16808.87338,27428.72244,-253.6784462,-41.2481582,294.9266044,1
-9649.673949,-17624.88376,27274.55771,-246.1828909,-53.15673596,299.3396269,1
-8665.786119,-18415.84822,27081.63434,-238.3374963,-64.98977508,303.3272714,1
-7669.583733,-19180.64275,26850.22649,-230.1534111,-76.73046018,306.8838713,1
-6662.482449,-19918.18054,26580.66299,-221.6422652,-88.3621071,310.0043723,1
-5645.913412,-20627.4135,26273.32692,-212.8161536,-99.86818663,312.6843403,1
-4621.321224,-21307.33378,25928.65501,-203.6876186,-111.232348,314.9199666,1
-3590.161886,-21956.97518,25547.13706,-194.2696323,-122.4384421,316.7080745,1
-2553.90073,-22575.41451,25129.31524,-184.5755783,-133.4705445,318.0461228,1
-1514.010343,-23161.77294,24675.78328,-174.6192323,-144.3129779,318.9322102,1
-471.9684633,-23715.21722,24187.18568,-164.4147427,-154.9503348,319.3650775,1
570.744109,-24234.96088,23664.21677,-153.9766109,-165.3674987,319.3441095,1
1612.645623,-24720.26534,23107.61972,-143.3196698,-175.5496663,318.8693361,1
2652.255479,-25170.44095,22518.18547,-132.4590636,-185.4823682,317.9414319,1
3688.096335,-25584.84798,21896.75165,-121.4102259,-195.1514896,316.5617155,1
4718.696204,-25962.89754,21244.20134,-110.1888576,-204.54329,314.7321476,1
5742.590548,-26304.05241,20561.46186,-98.81090491,-213.6444232,312.4553281,1
6758.324356,-26607.82778,19849.50342,-87.2925365,-222.441956,309.7344925,1
7764.454215,-26873.79197,19109.33775,-75.65012063,-230.9233866,306.5735072,1
8759.550361,-27101.56703,18342.01667,-63.90020179,-239.0766625,302.9768642,1
9742.198706,-27290.82928,17548.63057,-52.05947727,-246.8901973,298.9496745,1
10711.00285,-27441.30977,16730.30691,-40.14477338,-254.3528876,294.497661,1
11664.58608,-27552.79465,15888.20857,-28.17302158,-261.4541286,289.6271501,1
12601.59329,-27625.12551,15023.53222,-16.16123437,-268.1838289,284.3450633,1
13520.69295,-27658.19955,14137.50661,-4.12648116,-274.5324253,278.6589065,1
14420.57896,-27651.96978,13231.39082,7.914136004,-280.4908962,272.5767602,1
15299.97254,-27606.44505,12306.4725,19.94350675,-286.0507741,266.1072674,1
16157.62403,-27521.69004,11364.06602,31.94453668,-291.2041582,259.2596216,1
16992.31464,-27397.82521,10405.51057,43.90017167,-295.9437253,252.0435537,1
17802.85825,-27235.02657,9432.168323,55.79342212,-300.2627402,244.4693181,1
18588.10302,-27033.52547,8445.422449,67.60738706,-304.1550653,236.5476782,1
19346.93308,-26793.60825,7446.675168,79.32527821,-307.6151694,228.2898911,1
20078.27009,-26515.61584,6437.345754,90.9304438,-310.6381355,219.7076917,1
20781.07477,-26199.94329,5418.868519,102.4063922,-313.2196678,210.8132755,1
21454.34842,-25847.03919,4392.690776,113.7368156,-315.3560978,201.6192822,1
22097.13426,-25457.40504,3360.270779,124.9056127,-317.0443895,192.1387768,1
22708.51886,-25031.59451,2323.075653,135.8969121,-318.2821439,182.3852317,1
23287.63342,-24570.21273,1282.579309,146.6950946,-319.0676018,172.3725072,1
23833.65497,-24073.91532,240.2603502,157.2848153,-319.3996473,162.114832,1
24345.8076,-23543.40757,-802.4000319,167.6510257,-319.2778084,151.6267827,1
24823.3635,-22979.44334,-1843.92016,177.7789948,-318.7022582,140.9232634,1
25265.64405,-22382.82407,-2882.819976,187.6543302,-317.6738147,130.0194845,1
25672.02073,-21754.39758,-3917.623147,197.2629986,-316.1939394,118.9309408,1
26041.91606,-21095.0569,-4946.859162,206.5913454,-314.2647351,107.6733897,1
26374.80441,-20405.73899,-5969.065419,215.6261146,-311.8889435,96.26282884,1
26670.21272,-19687.42341,-6982.789307,224.3544673,-309.0699406,84.71547322,1
26927.72119,-18941.13092,-7986.59027,232.7640001,-305.8117324,73.04773228,1
27146.9639,-18167.92205,-8979.04185,240.8427625,-302.118949,61.27618651,1
27327.62929,-17368.89557,-9958.733722,248.5792741,-297.996838,49.41756393,1
27469.46062,-16545.18694,-10924.27369,255.9625409,-293.4512572,37.48871629,1
27572.25635,-15697.96669,-11874.28966,262.982071,-288.4886662,25.50659512,1
27635.87039,-14828.43877,-12807.43162,269.6278892,-283.1161169,13.4882277,1
27660.21235,-13937.83883,-13722.37352,275.8905514,-277.3412442,1.450692757,1
27645.24763,-13027.43246,-14617.81517,281.761158,-271.1722543,-10.58890369,1
27590.9975,-12098.51339,-15492.48411,287.2313666,-264.6179139,-22.61345274,1
27497.53906,-11152.40167,-16345.13739,292.2934038,-257.6875369,-34.60586682,1
27365.0051,-10190.44178,-17174.56332,296.9400759,-250.3909719,-46.54910408,1
27193.58398,-9214.000715,-17979.58327,301.16478,-242.7385875,-58.42619251,1
26983.51929,-8224.466051,-18759.05324,304.9615125,-234.7412584,-70.22025413,1
26735.10954,-7223.24397,-19511.86557,308.324878,-226.4103491,-81.91452892,1
26448.70773,-6211.757264,-20236.95047,311.2500969,-217.7576982,-93.49239868,1
26124.72087,-5191.443311,-20933.27756,313.7330124,-208.7956018,-104.9374106,1
25763.60934,-4163.752034,-21599.85731,315.7700962,-199.5367954,-116.2333008,1
25365.88632,-3130.143836,-22235.74249,317.3584534,-189.9944363,-127.364017,1
24932.11699,-2092.087534,-22840.02946,318.4958268,-180.1820847,-138.3137421,1
24462.91775,-1051.05826,-23411.85949,319.1806002,-170.1136845,-149.0669157,1
23958.95537,-8.535374748,-23950.42,319.4118006,-159.8035435,-159.6082571,1
23420.946,1033.99964,-24454.94564,319.1890993,-149.2663128,-169.9227864,1
22849.65419,2075.065284,-24924.71947,318.5128128,-138.5169666,-179.9958462,1
22245.89177,3113.182147,-25359.07391,317.3839022,-127.5707802,-189.813122,1
21610.51671,4146.875007,-25757.39172,315.8039717,-116.4433087,-199.3606629,1
20944.43194,5174.674932,-26119.10687,313.7752664,-105.1503649,-208.6249015,1
20248.58397,6195.12136,-26443.70533,311.3006694,-93.70799672,-217.5926726,1
19523.96166,7206.764182,-26730.72585,308.383697,-82.13246432,-226.2512327,1
18771.59474,8208.165797,-26979.76054,305.0284946,-70.44021719,-234.5882774,1
17992.55235,9197.90316,-27190.45551,301.2398299,-58.64787066,-242.5919593,1
17187.94156,10174.5698,-27362.51136,297.023087,-46.77218229,-250.2509047,1
16358.90576,11136.77782,-27495.68358,292.3842581,-34.8300281,-257.55423,1
15506.62306,12083.15987,-27589.78293,287.3299351,-22.83837853,-264.4915565,1
14632.30461,13012.37108,-27644.67569,281.8673005,-10.81427437,-271.0530261,1
13737.19285,13923.09101,-27660.28385,276.0041171,1.225197461,-277.2293145,1
12822.55978,14814.02546,-27636.58524,269.7487167,13.26292822,-283.0116449,1
11889.70516,15683.90837,-27573.61353,263.1099886,25.28181163,-288.3918003,1
10939.95461,16531.50359,-27471.4582,256.0973669,37.26476821,-293.3621351,1
9974.657791,17355.60663,-27330.26443,248.7208168,49.19476951,-297.9155863,1
8995.186437,18155.04642,-27150.23285,240.9908208,61.05486235,-302.0456831,1
8002.932431,18928.68688,-26931.61931,232.9183636,72.82819289,-305.7465565,1
6999.30582,19675.42865,-26674.73447,224.5149167,84.49803058,-309.0129473,1
5985.732812,20394.21055,-26379.94337,215.7924218,96.04779195,-311.8402138,1
4963.65375,21084.01117,-26047.66492,206.7632741,107.4610642,-314.2243383,1
3934.521065,21743.85025,-25678.37132,197.4403045,118.7216283,-316.1619328,1
2899.79721,22372.79013,-25272.58734,187.8367613,129.8134825,-317.6502439,1
1860.952585,22969.93706,-24830.88964,177.9662919,140.7208647,-318.6871566,1
819.4634436,23534.44244,-24353.90589,167.8429226,151.4282748,-319.2711974,1
-223.1901997,24065.5041,-23842.3139,157.4810394,161.920497,-319.4015364,1
-1265.526678,24562.36735,-23296.84068,146.895367,172.1826214,-319.0779883,1
-2306.064773,25024.32614,-22718.26137,136.1009482,182.2000648,-318.301013,1
-3343.325824,25450.724,-22107.39817,125.1131225,191.958592,-317.0717145,1
-4375.835826,25840.95498,-21465.11915,113.9475042,201.4443355,-315.3918397,1
-5402.127526,26194.46455,-20792.33702,102.6199603,210.6438156,-313.2637759,1
-6420.742507,26510.75035,-20090.00784,91.14658785,219.5439593,-310.6905471,1
-7430.233261,26789.36292,-19359.12966,79.54369107,228.132119,-307.67581,1
-8429.165248,27029.90635,-18600.7411,67.82775836,236.3960905,-304.2238488,1
-9416.118929,27232.0388,-17815.91987,56.0154387,244.3241302,-300.3395689,1
-10389.69179,27395.47303,-17005.78124,44.12351802,251.9049719,-296.0284899,1
-11348.50033,27519.97679,-16171.47646,32.16889542,259.1278429,-291.2967383,1
-12291.18203,27605.37316,-15314.19113,20.16855906,265.9824791,-286.1510381,1
-13216.39729,27651.54079,-14435.1435,8.139562064,272.4591396,-280.5987017,1
-14122.83133,27658.41407,-13535.58274,-3.90100169,278.5486207,-274.6476191,1
-15009.19604,27625.98322,-12616.78717,-15.93602191,284.2422691,-268.3062472,1
-15874.23187,27554.29434,-11680.06247,-27.94839617,289.5319936,-261.5835974,1
-16716.70955,27443.4493,-10726.73975,-39.92105422,294.4102773,-254.4892231,1
-17535.43187,27293.60562,-9758.173746,-51.83698228,298.8701879,-247.0332056,1
-18329.23538,27104.97623,-8775.740846,-63.67924715,302.9053876,-239.2261404,1
-19096.99205,26877.82918,-7780.837138,-75.43102032,306.5101421,-231.0791218,1
-19837.61084,26612.48727,-6774.876434,-87.07560188,309.679329,-222.6037271,1
-20550.0393,26309.32756,-5759.28826,-98.59644425,312.4084446,-213.8120004,1
-21233.26503,25968.78086,-4735.515823,-109.9771757,314.6936107,-204.716435,1
-21886.31714,25591.33109,-3705.013958,-121.2016235,316.53158,-195.3299565,1
-22508.26758,25177.51465,-2669.247066,-132.2538372,317.9197406,-185.6659034,1
-23098.23255,24727.91958,-1629.687027,-143.118111,318.8561198,-175.7380088,1
-23655.37366,24243.18478,-587.8111146,-153.7790061,319.3393871,-165.560381,1
-24178.8992,23723.99909,454.90011,-164.2213728,319.3688556,-155.1474827,1
-24668.06519,23171.1003,1496.964897,-174.430372,318.9444834,-144.5141115,1
-25122.17652,22585.27411,2536.902414,-184.391496,318.0668737,-133.6753777,1
-25540.58786,21967.353,3573.234855,-194.0905897,316.7372736,-122.6466839,1
-25922.70462,21318.21509,4604.489533,-203.51387,314.9575725,-111.4437025,1
-26267.9838,20638.78283,5629.200979,-212.6479459,312.7302994,-100.0823535,1
-26575.93475,19930.02172,6645.913023,-221.4798375,310.0586195,-88.578782,1
-26846.11983,19192.93897,7653.180861,-229.9969941,306.9463293,-76.94933518,1
-27078.15511,18428.582,8649.573111,-238.1873124,303.3978516,-65.21053915,1
-27271.71084,17638.037,9633.673843,-246.0391536,299.4182289,-53.37907538,1
-27426.51199,16822.42739,10604.0846,-253.5413596,295.0131166,-41.47175702,1
-27542.33856,15982.91219,11559.42637,-260.6832694,290.1887744,-29.50550502,1
-27619.02596,15120.6844,12498.34156,-267.4547341,284.9520582,-17.49732408,1
-27656.46521,14236.96928,13419.49593,-273.8461309,279.3104094,-5.464278495,1
-27654.60311,13333.02266,14321.58045,-279.8483775,273.2718453,6.576532134,1
-27613.44231,12410.12908,15203.31323,-285.4529441,266.844947,18.60799715,1
-27533.0413,11469.60003,16063.44127,-290.6518665,260.0388473,30.61301918,1
-27413.51433,10512.77205,16900.74228,-295.4377567,252.8632183,42.57453844,1
-27255.03125,9541.004839,17714.02641,-299.8038137,245.3282568,54.47555695,1
-27057.81728,8555.679343,18502.13794,-303.7438331,237.4446704,66.29916271,1
-26822.15268,7558.195758,19263.95692,-307.2522158,229.2236621,78.02855374,1
-26548.37232,6549.971564,19998.40076,-310.3239764,220.6769144,89.64706192,1
-26236.86528,5532.439502,20704.42578,-312.9547496,211.8165728,101.1381767,1
-25888.07422,4507.04554,21381.02868,-315.1407969,202.6552283,112.4855686,1
-25502.49478,3475.24682,22027.24796,-316.879012,193.2058996,123.6731124,1
-25080.67491,2438.509585,22642.16532,-318.1669246,183.4820147,134.6849099,1
-24623.21402,1398.307093,23224.90693,-319.0027046,173.4973918,145.5053128,1
-24130.7622,356.117531,23774.64467,-319.3851644,163.2662197,156.1189447,1
-23604.01925,-686.5780938,24290.59734,-319.3137603,152.8030373,166.510723,1
-23043.73369,-1728.298053,24772.03174,-318.7885939,142.1227135,176.6658804,1
-22450.70173,-2767.562007,25218.26373,-317.8104115,131.2404255,186.569986,1
-21825.76609,-3802.893104,25628.65919,-316.380603,120.1716376,196.2089654,1
-21169.81484,-4832.820081,26002.63492,-314.5012005,108.9320793,205.5691212,1
-20483.78013,-5855.879357,26339.65949,-312.1748745,97.53772257,214.6371519,1
-19768.63685,-6870.617107,26639.25395,-309.4049309,86.00475938,223.4001716,1
-19025.40125,-7875.591335,26900.99258,-306.195306,74.34957872,231.8457273,1
-18255.12951,-8869.373916,27124.50343,-302.5505609,62.58874324,239.9618176,1
-17458.91624,-9850.552632,27309.46887,-298.4758748,50.73896573,247.7369091,1
-16637.89289,-10817.73317,27455.62606,-293.9770382,38.81708538,255.1599528,1
-15793.22618,-11769.54112,27562.76731,-289.0604441,26.84004382,262.2204002,1
-14926.11644,-12704.62391,27630.74035,-283.7330793,14.82486109,268.9082182,1
-14037.79587,-13621.65274,27659.44861,-278.0025142,2.788611423,275.2139028,1
-13129.52682,-14519.32445,27648.85127,-271.8768924,-9.251601013,281.1284934,1
-12202.6,-15396.3634,27598.9634,-265.3649187,-21.27866642,286.6435851,1
-11258.33261,-16251.52328,27509.85589,-258.4758469,-33.27549367,291.7513405,1
-10298.06652,-17083.58886,27381.65538,-251.2194667,-45.22503463,296.4445013,1
-9323.166311,-17891.37772,27214.54403,-243.60609,-57.11030834,300.7163983,1
-8335.017373,-18673.74195,27008.75932,-235.6465356,-68.91442518,304.5609608,1
-7335.023919,-19429.56978,26764.5937,-227.3521147,-80.62061085,307.9727255,1
-6324.606995,-20157.78712,26482.39412,-218.7346139,-92.21223022,310.9468441,1
-5305.202458,-20857.35915,26162.5616,-209.8062793,-103.672811,313.4790902,1
-4278.258938,-21527.29172,25805.55066,-200.5797985,-114.986067,315.5658654,1
-3245.235778,-22166.63284,25411.86862,-191.0682828,-126.1359215,317.2042043,1
-2207.60096,-22774.47396,24982.07492,-181.2852486,-137.1065299,318.3917786,1
-1166.829021,-23349.9513,24516.78032,-171.2445982,-147.8823025,319.1269007,1
-124.3989538,-23892.24709,24016.64604,-160.9605998,-158.4479263,319.4085261,1
918.2078911,-24400.59069,23482.3828,-150.4478676,-168.7883868,319.2362545,1
1959.509912,-24874.25971,22914.7498,-139.7213408,-178.8889899,318.6103307,1
2998.027363,-25312.58105,22314.55368,-128.7962623,-188.7353819,317.5316442,1
4032.284452,-25714.93182,21682.64737,-117.6881572,-198.3135705,316.0017278,1
5060.811445,-26080.74027,21019.92883,-106.4128109,-207.6099448,314.0227557,1
6082.146748,-26409.48656,20327.33981,-94.98624609,-216.611294,311.5975401,1
7094.838987,-26700.70353,19605.86454,-83.42470065,-225.3048266,308.7295273,1
8097.449072,-26953.97733,18856.52826,-71.74460415,-233.6781888,305.4227929,1
9088.552239,-27168.94806,18080.39582,-59.96255463,-241.7194815,301.6820361,1
10066.74008,-27345.31022,17278.57015,-48.09529505,-249.4172775,297.5125726,1
11030.62252,-27482.81321,16452.19068,-36.15968942,-256.760638,292.9203274,1
11978.82985,-27581.26161,15602.43176,-24.17269889,-263.7391276,287.9118264,1
12910.01461,-27640.51553,14730.50092,-12.15135764,-270.3428294,282.494187,1
13822.85353,-27660.49077,13837.63723,-0.112748637,-276.5623592,276.6751079,1
14716.04942,-27641.15893,12925.10951,11.92602058,-282.3888789,270.4628583,1
15588.333,-27582.54749,11994.2145,23.94784228,-287.8141084,263.8662662,1
16438.4647,-27484.73975,11046.27505,35.93563278,-292.8303384,256.8947056,1
17265.23645,-27347.87469,10082.63824,47.87235678,-297.4304405,249.5580837,1
18067.47335,-27172.1468,9104.673451,59.74105154,-301.6078776,241.866826,1
18844.03538,-26957.8058,8113.770423,71.52485099,-305.3567134,233.8318624,1
19593.819,-26705.15629,7111.337282,83.20700972,-308.6716206,225.4646109,1
20315.75874,-26414.55728,6098.798543,94.77092674,-311.5478885,216.7769618,1
21008.82867,-26086.42175,5077.593076,106.2001691,-313.9814299,207.7812608,1
21672.04391,-25721.21598,4049.172073,117.4784952,-315.9687865,198.4902913,1
22304.46199,-25319.45896,3014.996974,128.5898779,-317.5071341,188.9172562,1
22905.1842,-24881.7216,1976.537399,139.5185274,-318.5942867,179.0757593,1
23473.3569,-24408.62596,935.2690568,150.2489134,-319.2286994,168.979786,1
24008.17267,-23900.84432,-107.3283541,160.7657875,-319.4094707,158.6436832,1
24508.87151,-23359.09827,-1149.773245,171.0542046,-319.1363436,148.082139,1
24974.74191,-22784.15766,-2190.584246,181.0995443,-318.4097063,137.310162,1
25405.12183,-22176.83953,-3228.282307,190.8875316,-317.2305914,126.3430598,1
25799.39969,-21538.00688,-4261.392802,200.4042573,-315.6006744,115.1964171,1
26157.01518,-20868.56756,-5288.447624,209.6361977,-313.5222717,103.886074,1
26477.46013,-20169.47285,-6307.987273,218.5702335,-310.9983366,92.42810315,1
26760.27915,-19441.71622,-7318.562927,227.193669,-308.0324559,80.83878689,1
27005.07036,-18686.33185,-8318.738503,235.4942499,-304.6288442,69.13459429,1
27211.48588,-17904.39318,-9307.092696,243.4601806,-300.7923382,57.33215765,1
27379.23239,-17097.01139,-10282.221,251.080141,-296.5283899,45.44824888,1
27508.07151,-16265.33381,-11242.73771,258.3433029,-291.8430585,33.49975565,1
27597.82016,-15410.54229,-12187.27787,265.2393447,-286.7430022,21.50365744,1
27648.3508,-14533.85156,-13114.49924,271.758467,-281.2354683,9.477001359,1
27659.59162,-13636.50743,-14023.08419,277.8914056,-275.3282835,-2.563122062,1
27631.52664,-12719.78507,-14911.74157,283.6294453,-269.0298421,-14.59960315,1
27564.19575,-11784.9872,-15779.20855,288.964432,-262.3490946,-26.61533739,1
27457.69463,-10833.44222,-16624.25241,293.8887845,-255.2955347,-38.59324979,1
27312.17463,-9866.502327,-17445.6723,298.3955049,-247.8791858,-50.51631907,1
27127.84253,-8885.541594,-18242.30094,302.478189,-240.1105871,-62.3676019,1
26904.96028,-7891.95402,-19013.00626,306.131035,-232.000778,-74.13025695,1
26643.84462,-6887.151548,-19756.69307,309.3488521,-223.5612832,-85.78756884,1
26344.86659,-5872.562056,-20472.30453,312.1270675,-214.8040956,-97.32297191,1
26008.45106,-4849.627332,-21158.82373,314.4617333,-205.7416595,-108.7200737,1
25635.0761,-3819.801022,-21815.27508,316.3495317,-196.3868534,-119.9626783,1
25225.2723,-2784.546567,-22440.72573,317.7877802,-186.7529707,-131.0348094,1
24779.622,-1745.335118,-23034.28688,318.7744348,-176.8537019,-141.9207329,1
24298.7585,-703.6434521,-23595.11505,319.3080935,-166.7031143,-152.6049792,1
23783.36514,339.0481293,-24122.41327,319.387998,-156.3156324,-163.0723655,1
23234.17432,1381.257905,-24615.43222,319.0140346,-145.7060175,-173.3080171,1
22651.96646,2421.504837,-25073.4713,318.1867348,-134.8893463,-183.2973885,1
22037.56892,3458.310679,-25495.8796,316.9072743,-123.88099,-193.0262842,1
21391.85479,4490.202072,-25882.05686,315.1774712,-112.6965921,-202.4808791,1
20715.74166,5515.712642,-26231.4543,312.9997836,-101.3520461,-211.6477375,1
20010.19033,6533.385082,-26543.57541,310.3773062,-89.86347329,-220.5138329,1
19276.20342,7541.773225,-26817.97665,307.3137657,-78.24719959,-229.0665662,1
18514.82398,8539.444095,-27054.26807,303.8135156,-66.51973233,-237.2937832,1
17727.13395,9524.979949,-27252.1139,299.8815297,-54.6977369,-245.1837929,1
16914.2527,10496.98028,-27411.23299,295.5233959,-42.79801299,-252.7253829,1
16077.33537,11454.06384,-27531.39921,290.7453071,-30.83747076,-259.9078363,1
15217.57127,12394.87054,-27612.4418,285.5540533,-18.83310679,-266.7209465,1
14336.18216,13318.06345,-27654.24561,279.9570116,-6.801979953,-273.1550316,1
13434.42056,14222.33066,-27656.75122,273.9621356,5.238812872,-279.2009485,1
12513.56791,15106.38717,-27619.95507,267.5779445,17.27216106,-284.8501056,1
11574.93279,15968.97667,-27543.90946,260.8135105,29.28096456,-290.094475,1
10619.84906,16808.87338,-27428.72244,253.6784462,41.2481582,-294.9266044,1
9649.673949,17624.88376,-27274.55771,246.1828909,53.15673596,-299.3396269,1
8665.786119,18415.84822,-27081.63434,238.3374963,64.98977508,-303.3272714,1
7669.583733,19180.64275,-26850.22649,230.1534111,76.73046018,-306.8838713,1
6662.482449,19918.18054,-26580.66299,221.6422652,88.3621071,-310.0043723,1
5645.913412,20627.4135,-26273.32692,212.8161536,99.86818663,-312.6843403,1
4621.321224,21307.33378,-25928.65501,203.6876186,111.232348,-314.9199666,1
3590.161886,21956.97518,-25547.13706,194.2696323,122.4384421,-316.7080745,1
2553.90073,22575.41451,-25129.31524,184.5755783,133.4705445,-318.0461228,1
1514.010343,23161.77294,-24675.78328,174.6192323,144.3129779,-318.9322102,1
471.9684633,23715.21722,-24187.18568,164.4147427,154.9503348,-319.3650775,1
-570.744109,24234.96088,-23664.21677,153.9766109,165.3674987,-319.3441095,1
-1612.645623,24720.26534,-23107.61972,143.3196698,175.5496663,-318.8693361,1
-2652.255479,25170.44095,-22518.18547,132.4590636,185.4823682,-317.9414319,1
-3688.096335,25584.84798,-21896.75165,121.4102259,195.1514896,-316.5617155,1
-4718.696204,25962.89754,-21244.20134,110.1888576,204.54329,-314.7321476,1
-5742.590548,26304.05241,-20561.46186,98.81090491,213.6444232,-312.4553281,1
-6758.324356,26607.82778,-19849.50342,87.2925365,222.441956,-309.7344925,1
-7764.454215,26873.79197,-19109.33775,75.65012063,230.9233866,-306.5735072,1
-8759.550361,27101.56703,-18342.01667,63.90020179,239.0766625,-302.9768642,1
-9742.198706,27290.82928,-17548.63057,52.05947727,246.8901973,-298.9496745,1
-10711.00285,27441.30977,-16730.30691,40.14477338,254.3528876,-294.497661,1
-11664.58608,27552.79465,-15888.20857,28.17302158,261.4541286,-289.6271501,1
-12601.59329,27625.12551,-15023.53222,16.16123437,268.1838289,-284.3450633,1
-13520.69295,27658.19955,-14137.50661,4.12648116,274.5324253,-278.6589065,1
-14420.57896,27651.96978,-13231.39082,-7.914136004,280.4908962,-272.5767602,1
-15299.97254,27606.44505,-12306.4725,-19.94350675,286.0507741,-266.1072674,1
-16157.62403,27521.69004,-11364.06602,-31.94453668,291.2041582,-259.2596216,1
-16992.31464,27397.82521,-10405.51057,-43.90017167,295.9437253,-252.0435537,1
-17802.85825,27235.02657,-9432.168323,-55.79342212,300.2627402,-244.4693181,1
-18588.10302,27033.52547,-8445.422449,-67.60738706,304.1550653,-236.5476782,1
-19346.93308,26793.60825,-7446.675168,-79.32527821,307.6151694,-228.2898911,1
-20078.27009,26515.61584,-6437.345754,-90.9304438,310.6381355,-219.7076917,1
-20781.07477,26199.94329,-5418.868519,-102.4063922,313.2196678,-210.8132755,1
-21454.34842,25847.03919,-4392.690776,-113.7368156,315.3560978,-201.6192822,1
-22097.13426,25457.40504,-3360.270779,-124.9056127,317.0443895,-192.1387768,1
-22708.51886,25031.59451,-2323.075653,-135.8969121,318.2821439,-182.3852317,1
-23287.63342,24570.21273,-1282.579309,-146.6950946,319.0676018,-172.3725072,1
-23833.65497,24073.91532,-240.2603502,-157.2848153,319.3996473,-162.114832,1
-24345.8076,23543.40757,802.4000319,-167.6510257,319.2778084,-151.6267827,1
-24823.3635,22979.44334,1843.92016,-177.7789948,318.7022582,-140.9232634,1
-25265.64405,22382.82407,2882.819976,-187.6543302,317.6738147,-130.0194845,1
-25672.02073,21754.39758,3917.623147,-197.2629986,316.1939394,-118.9309408,1
-26041.91606,21095.0569,4946.859162,-206.5913454,314.2647351,-107.6733897,1
-26374.80441,20405.73899,5969.065419,-215.6261146,311.8889435,-96.26282884,1
-26670.21272,19687.42341,6982.789307,-224.3544673,309.0699406,-84.71547322,1
-26927.72119,18941.13092,7986.59027,-232.7640001,305.8117324,-73.04773228,1
-27146.9639,18167.92205,8979.04185,-240.8427625,302.118949,-61.27618651,1
-27327.62929,17368.89557,9958.733722,-248.5792741,297.996838,-49.41756393,1
-27469.46062,16545.18694,10924.27369,-255.9625409,293.4512572,-37.48871629,1
-27572.25635,15697.96669,11874.28966,-262.982071,288.4886662,-25.50659512,1
-27635.87039,14828.43877,12807.43162,-269.6278892,283.1161169,-13.4882277,1
-27660.21235,13937.83883,13722.37352,-275.8905514,277.3412442,-1.450692757,1
-27645.24763,13027.43246,14617.81517,-281.761158,271.1722543,10.58890369,1
-27590.9975,12098.51339,15492.48411,-287.2313666,264.6179139,22.61345274,1
-27497.53906,11152.40167,16345.13739,-292.2934038,257.6875369,34.60586682,1
-27365.0051,10190.44178,17174.56332,-296.9400759,250.3909719,46.54910408,1
-27193.58398,9214.000715,17979.58327,-301.16478,242.7385875,58.42619251,1
-26983.51929,8224.466051,18759.05324,-304.9615125,234.7412584,70.22025413,1
-26735.10954,7223.24397,19511.86557,-308.324878,226.4103491,81.91452892,1
-26448.70773,6211.757264,20236.95047,-311.2500969,217.7576982,93.49239868,1
-26124.72087,5191.443311,20933.27756,-313.7330124,208.7956018,104.9374106,1
-25763.60934,4163.752034,21599.85731,-315.7700962,199.5367954,116.2333008,1
-25365.88632,3130.143836,22235.74249,-317.3584534,189.9944363,127.364017,1
-24932.11699,2092.087534,22840.02946,-318.4958268,180.1820847,138.3137421,1
-24462.91775,1051.05826,23411.85949,-319.1806002,170.1136845,149.0669157,1
-23958.95537,8.535374748,23950.42,-319.4118006,159.8035435,159.6082571,1
-23420.946,-1033.99964,24454.94564,-319.1890993,149.2663128,169.9227864,1
-22849.65419,-2075.065284,24924.71947,-318.5128128,138.5169666,179.9958462,1
-22245.89177,-3113.182147,25359.07391,-317.3839022,127.5707802,189.813122,1
-21610.51671,-4146.875007,25757.39172,-315.8039717,116.4433087,199.3606629,1
-20944.43194,-5174.674932,26119.10687,-313.7752664,105.1503649,208.6249015,1
-20248.58397,-6195.12136,26443.70533,-311.3006694,93.70799672,217.5926726,1
-19523.96166,-7206.764182,26730.72585,-308.383697,82.13246432,226.2512327,1
-18771.59474,-8208.165797,26979.76054,-305.0284946,70.44021719,234.5882774,1
-17992.55235,-9197.90316,27190.45551,-301.2398299,58.64787066,242.5919593,1
-17187.94156,-10174.5698,27362.51136,-297.023087,46.77218229,250.2509047,1
-16358.90576,-11136.77782,27495.68358,-292.3842581,34.8300281,257.55423,1
-15506.62306,-12083.15987,27589.78293,-287.3299351,22.83837853,264.4915565,1
-14632.30461,-13012.37108,27644.67569,-281.8673005,10.81427437,271.0530261,1
-13737.19285,-13923.09101,27660.28385,-276.0041171,-1.225197461,277.2293145,1
-12822.55978,-14814.02546,27636.58524,-269.7487167,-13.26292822,283.0116449,1
-11889.70516,-15683.90837,27573.61353,-263.1099886,-25.28181163,288.3918003,1
-10939.95461,-16531.50359,27471.4582,-256.0973669,-37.26476821,293.3621351,1
-9974.657791,-17355.60663,27330.26443,-248.7208168,-49.19476951,297.9155863,1
-8995.186437,-18155.04642,27150.23285,-240.9908208,-61.05486235,302.0456831,1
-8002.932431,-18928.68688,26931.61931,-232.9183636,-72.82819289,305.7465565,1
-6999.30582,-19675.42865,26674.73447,-224.5149167,-84.49803058,309.0129473,1
-5985.732812,-20394.21055,26379.94337,-215.7924218,-96.04779195,311.8402138,1
-4963.65375,-21084.01117,26047.66492,-206.7632741,-107.4610642,314.2243383,1
-3934.521065,-21743.85025,25678.37132,-197.4403045,-118.7216283,316.1619328,1
-2899.79721,-22372.79013,25272.58734,-187.8367613,-129.8134825,317.6502439,1
-1860.952585,-22969.93706,24830.88964,-177.9662919,-140.7208647,318.6871566,1
-819.4634436,-23534.44244,24353.90589,-167.8429226,-151.4282748,319.2711974,1
223.1901997,-24065.5041,23842.3139,-157.4810394,-161.920497,319.4015364,1
1265.526678,-24562.36735,23296.84068,-146.895367,-172.1826214,319.0779883,1
2306.064773,-25024.32614,22718.26137,-136.1009482,-182.2000648,318.301013,1
3343.325824,-25450.724,22107.39817,-125.1131225,-191.958592,317.0717145,1
4375.835826,-25840.95498,21465.11915,-113.9475042,-201.4443355,315.3918397,1
5402.127526,-26194.46455,20792.33702,-102.6199603,-210.6438156,313.2637759,1
6420.742507,-26510.75035,20090.00784,-91.14658785,-219.5439593,310.6905471,1
7430.233261,-26789.36292,19359.12966,-79.54369107,-228.132119,307.67581,1
8429.165248,-27029.90635,18600.7411,-67.82775836,-236.3960905,304.2238488,1
9416.118929,-27232.0388,17815.91987,-56.0154387,-244.3241302,300.3395689,1
10389.69179,-27395.47303,17005.78124,-44.12351802,-251.9049719,296.0284899,1
11348.50033,-27519.97679,16171.47646,-32.16889542,-259.1278429,291.2967383,1
12291.18203,-27605.37316,15314.19113,-20.16855906,-265.9824791,286.1510381,1
13216.39729,-27651.54079,14435.1435,-8.139562064,-272.4591396,280.5987017,1
14122.83133,-27658.41407,13535.58274,3.90100169,-278.5486207,274.6476191,1
15009.19604,-27625.98322,12616.78717,15.93602191,-284.2422691,268.3062472,1
15874.23187,-27554.29434,11680.06247,27.94839617,-289.5319936,261.5835974,1
16716.70955,-27443.4493,10726.73975,39.92105422,-294.4102773,254.4892231,1
17535.43187,-27293.60562,9758.173746,51.83698228,-298.8701879,247.0332056,1
18329.23538,-27104.97623,8775.740846,63.67924715,-302.9053876,239.2261404,1
19096.99205,-26877.82918,7780.837138,75.43102032,-306.5101421,231.0791218,1
19837.61084,-26612.48727,6774.876434,87.07560188,-309.679329,222.6037271,1
20550.0393,-26309.32756,5759.28826,98.59644425,-312.4084446,213.8120004,1
21233.26503,-25968.78086,4735.515823,109.9771757,-314.6936107,204.716435,1
21886.31714,-25591.33109,3705.013958,121.2016235,-316.53158,195.3299565,1
22508.26758,-25177.51465,2669.247066,132.2538372,-317.9197406,185.6659034,1
23098.23255,-24727.91958,1629.687027,143.118111,-318.8561198,175.7380088,1
23655.37366,-24243.18478,587.8111146,153.7790061,-319.3393871,165.560381,1
24178.8992,-23723.99909,-454.90011,164.2213728,-319.3688556,155.1474827,1
24668.06519,-23171.1003,-1496.964897,174.430372,-318.9444834,144.5141115,1
25122.17652,-22585.27411,-2536.902414,184.391496,-318.0668737,133.6753777,1
25540.58786,-21967.353,-3573.234855,194.0905897,-316.7372736,122.6466839,1
25922.70462,-21318.21509,-4604.489533,203.51387,-314.9575725,111.4437025,1
26267.9838,-20638.78283,-5629.200979,212.6479459,-312.7302994,100.0823535,1
26575.93475,-19930.02172,-6645.913023,221.4798375,-310.0586195,88.578782,1
26846.11983,-19192.93897,-7653.180861,229.9969941,-306.9463293,76.94933518,1
27078.15511,-18428.582,-8649.573111,238.1873124,-303.3978516,65.21053915,1
27271.71084,-17638.037,-9633.673843,246.0391536,-299.4182289,53.37907538,1
27426.51199,-16822.42739,-10604.0846,253.5413596,-295.0131166,41.47175702,1
27542.33856,-15982.91219,-11559.42637,260.6832694,-290.1887744,29.50550502,1
27619.02596,-15120.6844,-12498.34156,267.4547341,-284.9520582,17.49732408,1
27656.46521,-14236.96928,-13419.49593,273.8461309,-279.3104094,5.464278495,1
27654.60311,-13333.02266,-14321.58045,279.8483775,-273.2718453,-6.576532134,1
27613.44231,-12410.12908,-15203.31323,285.4529441,-266.844947,-18.60799715,1
27533.0413,-11469.60003,-16063.44127,290.6518665,-260.0388473,-30.61301918,1
27413.51433,-10512.77205,-16900.74228,295.4377567,-252.8632183,-42.57453844,1
27255.03125,-9541.004839,-17714.02641,299.8038137,-245.3282568,-54.47555695,1
27057.81728,-8555.679343,-18502.13794,303.7438331,-237.4446704,-66.29916271,1
26822.15268,-7558.195758,-19263.95692,307.2522158,-229.2236621,-78.02855374,1
26548.37232,-6549.971564,-19998.40076,310.3239764,-220.6769144,-89.64706192,1
26236.86528,-5532.439502,-20704.42578,312.9547496,-211.8165728,-101.1381767,1
25888.07422,-4507.04554,-21381.02868,315.1407969,-202.6552283,-112.4855686,1
25502.49478,-3475.24682,-22027.24796,316.879012,-193.2058996,-123.6731124,1
25080.67491,-2438.509585,-22642.16532,318.1669246,-183.4820147,-134.6849099,1
24623.21402,-1398.307093,-23224.90693,319.0027046,-173.4973918,-145.5053128,1
24130.7622,-356.117531,-23774.64467,319.3851644,-163.2662197,-156.1189447,1
23604.01925,686.5780938,-24290.59734,319.3137603,-152.8030373,-166.510723,1
23043.73369,1728.298053,-24772.03174,318.7885939,-142.1227135,-176.6658804,1
22450.70173,2767.562007,-25218.26373,317.8104115,-131.2404255,-186.569986,1
21825.76609,3802.893104,-25628.65919,316.380603,-120.1716376,-196.2089654,1
21169.81484,4832.820081,-26002.63492,314.5012005,-108.9320793,-205.5691212,1
20483.78013,5855.879357,-26339.65949,312.1748745,-97.53772257,-214.6371519,1
19768.63685,6870.617107,-26639.25395,309.4049309,-86.00475938,-223.4001716,1
19025.40125,7875.591335,-26900.99258,306.195306,-74.34957872,-231.8457273,1
18255.12951,8869.373916,-27124.50343,302.5505609,-62.58874324,-239.9618176,1
17458.91624,9850.552632,-27309.46887,298.4758748,-50.73896573,-247.7369091,1
16637.89289,10817.73317,-27455.62606,293.9770382,-38.81708538,-255.1599528,1
15793.22618,11769.54112,-27562.76731,289.0604441,-26.84004382,-262.2204002,1
14926.11644,12704.62391,-27630.74035,283.7330793,-14.82486109,-268.9082182,1
14037.79587,13621.65274,-27659.44861,278.0025142,-2.788611423,-275.2139028,1
13129.52682,14519.32445,-27648.85127,271.8768924,9.251601013,-281.1284934,1
12202.6,15396.3634,-27598.9634,265.3649187,21.27866642,-286.6435851,1
11258.33261,16251.52328,-27509.85589,258.4758469,33.27549367,-291.7513405,1
10298.06652,17083.58886,-27381.65538,251.2194667,45.22503463,-296.4445013,1
9323.166311,17891.37772,-27214.54403,243.60609,57.11030834,-300.7163983,1
8335.017373,18673.74195,-27008.75932,235.6465356,68.91442518,-304.5609608,1
7335.023919,19429.56978,-26764.5937,227.3521147,80.62061085,-307.9727255,1
6324.606995,20157.78712,-26482.39412,218.7346139,92.21223022,-310.9468441,1
5305.202458,20857.35915,-26162.5616,209.8062793,103.672811,-313.4790902,1
4278.258938,21527.29172,-25805.55066,200.5797985,114.986067,-315.5658654,1
3245.235778,22166.63284,-25411.86862,191.0682828,126.1359215,-317.2042043,1
2207.60096,22774.47396,-24982.07492,181.2852486,137.1065299,-318.3917786,1
1166.829021,23349.9513,-24516.78032,171.2445982,147.8823025,-319.1269007,1
124.3989538,23892.24709,-24016.64604,160.9605998,158.4479263,-319.4085261,1
-918.2078911,24400.59069,-23482.3828,150.4478676,168.7883868,-319.2362545,1
-1959.509912,24874.25971,-22914.7498,139.7213408,178.8889899,-318.6103307,1
-2998.027363,25312.58105,-22314.55368,128.7962623,188.7353819,-317.5316442,1
-4032.284452,25714.93182,-21682.64737,117.6881572,198.3135705,-316.0017278,1
-5060.811445,26080.74027,-21019.92883,106.4128109,207.6099448,-314.0227557,1
-6082.146748,26409.48656,-20327.33981,94.98624609,216.611294,-311.5975401,1
-7094.838987,26700.70353,-19605.86454,83.42470065,225.3048266,-308.7295273,1
-8097.449072,26953.97733,-18856.52826,71.74460415,233.6781888,-305.4227929,1
-9088.552239,27168.94806,-18080.39582,59.96255463,241.7194815,-301.6820361,1
-10066.74008,27345.31022,-17278.57015,48.09529505,249.4172775,-297.5125726,1
-11030.62252,27482.81321,-16452.19068,36.15968942,256.760638,-292.9203274,1
-11978.82985,27581.26161,-15602.43176,24.17269889,263.7391276,-287.9118264,1
-12910.01461,27640.51553,-14730.50092,12.15135764,270.3428294,-282.494187,1
-13822.85353,27660.49077,-13837.63723,0.112748637,276.5623592,-276.6751079,1
-14716.04942,27641.15893,-12925.10951,-11.92602058,282.3888789,-270.4628583,1
-15588.333,27582.54749,-11994.2145,-23.94784228,287.8141084,-263.8662662,1
-16438.4647,27484.73975,-11046.27505,-35.93563278,292.8303384,-256.8947056,1
-17265.23645,27347.87469,-10082.63824,-47.87235678,297.4304405,-249.5580837,1
-18067.47335,27172.1468,-9104.673451,-59.74105154,301.6078776,-241.866826,1
-18844.03538,26957.8058,-8113.770423,-71.52485099,305.3567134,-233.8318624,1
-19593.819,26705.15629,-7111.337282,-83.20700972,308.6716206,-225.4646109,1
-20315.75874,26414.55728,-6098.798543,-94.77092674,311.5478885,-216.7769618,1
-21008.82867,26086.42175,-5077.593076,-106.2001691,313.9814299,-207.7812608,1
-21672.04391,25721.21598,-4049.172073,-117.4784952,315.9687865,-198.4902913,1
-22304.46199,25319.45896,-3014.996974,-128.5898779,317.5071341,-188.9172562,1
-22905.1842,24881.7216,-1976.537399,-139.5185274,318.5942867,-179.0757593,1
-23473.3569,24408.62596,-935.2690568,-150.2489134,319.2286994,-168.979786,1
-24008.17267,23900.84432,107.3283541,-160.7657875,319.4094707,-158.6436832,1
-24508.87151,23359.09827,1149.773245,-171.0542046,319.1363436,-148.082139,1
-24974.74191,22784.15766,2190.584246,-181.0995443,318.4097063,-137.310162,1
-25405.12183,22176.83953,3228.282307,-190.8875316,317.2305914,-126.3430598,1
-25799.39969,21538.00688,4261.392802,-200.4042573,315.6006744,-115.1964171,1
-26157.01518,20868.56756,5288.447624,-209.6361977,313.5222717,-103.886074,1
-26477.46013,20169.47285,6307.987273,-218.5702335,310.9983366,-92.42810315,1
-26760.27915,19441.71622,7318.562927,-227.193669,308.0324559,-80.83878689,1
-27005.07036,18686.33185,8318.738503,-235.4942499,304.6288442,-69.13459429,1
-27211.48588,17904.39318,9307.092696,-243.4601806,300.7923382,-57.33215765,1
-27379.23239,17097.01139,10282.221,-251.080141,296.5283899,-45.44824888,1
-27508.07151,16265.33381,11242.73771,-258.3433029,291.8430585,-33.49975565,1
-27597.82016,15410.54229,12187.27787,-265.2393447,286.7430022,-21.50365744,1
-27648.3508,14533.85156,13114.49924,-271.758467,281.2354683,-9.477001359,1
-27659.59162,13636.50743,14023.08419,-277.8914056,275.3282835,2.563122062,1
-27631.52664,12719.78507,14911.74157,-283.6294453,269.0298421,14.59960315,1
-27564.19575,11784.9872,15779.20855,-288.964432,262.3490946,26.61533739,1
-27457.69463,10833.44222,16624.25241,-293.8887845,255.2955347,38.59324979,1
-27312.17463,9866.502327,17445.6723,-298.3955049,247.8791858,50.51631907,1
-27127.84253,8885.541594,18242.30094,-302.478189,240.1105871,62.3676019,1
-26904.96028,7891.95402,19013.00626,-306.131035,232.000778,74.13025695,1
-26643.84462,6887.151548,19756.69307,-309.3488521,223.5612832,85.78756884,1
-26344.86659,5872.562056,20472.30453,-312.1270675,214.8040956,97.32297191,1
-26008.45106,4849.627332,21158.82373,-314.4617333,205.7416595,108.7200737,1
-25635.0761,3819.801022,21815.27508,-316.3495317,196.3868534,119.9626783,1
-25225.2723,2784.546567,22440.72573,-317.7877802,186.7529707,131.0348094,1
-24779.622,1745.335118,23034.28688,-318.7744348,176.8537019,141.9207329,1
-24298.7585,703.6434521,23595.11505,-319.3080935,166.7031143,152.6049792,1
-23783.36514,-339.0481293,24122.41327,-319.387998,156.3156324,163.0723655,1
-23234.17432,-1381.257905,24615.43222,-319.0140346,145.7060175,173.3080171,1
-22651.96646,-2421.504837,25073.4713,-318.1867348,134.8893463,183.2973885,1
-22037.56892,-3458.310679,25495.8796,-316.9072743,123.88099,193.0262842,1
-21391.85479,-4490.202072,25882.05686,-315.1774712,112.6965921,202.4808791,1
-20715.74166,-5515.712642,26231.4543,-312.9997836,101.3520461,211.6477375,1
-20010.19033,-6533.385082,26543.57541,-310.3773062,89.86347329,220.5138329,1
-19276.20342,-7541.773225,26817.97665,-307.3137657,78.24719959,229.0665662,1
-18514.82398,-8539.444095,27054.26807,-303.8135156,66.51973233,237.2937832,1
-17727.13395,-9524.979949,27252.1139,-299.8815297,54.6977369,245.1837929,1
-16914.2527,-10496.98028,27411.23299,-295.5233959,42.79801299,252.7253829,1
-16077.33537,-11454.06384,27531.39921,-290.7453071,30.83747076,259.9078363,1
-15217.57127,-12394.87054,27612.4418,-285.5540533,18.83310679,266.7209465,1
-14336.18216,-13318.06345,27654.24561,-279.9570116,6.801979953,273.1550316,1
-13434.42056,-14222.33066,27656.75122,-273.9621356,-5.238812872,279.2009485,1
-12513.56791,-15106.38717,27619.95507,-267.5779445,-17.27216106,284.8501056,1
-11574.93279,-15968.97667,27543.90946,-260.8135105,-29.28096456,290.094475,1
-10619.84906,-16808.87338,27428.72244,-253.6784462,-41.2481582,294.9266044,1
-9649.673949,-17624.88376,27274.55771,-246.1828909,-53.15673596,299.3396269,1
-8665.786119,-18415.84822,27081.63434,-238.3374963,-64.98977508,303.3272714,1
-7669.583733,-19180.64275,26850.22649,-230.1534111,-76.73046018,306.8838713,1
-6662.482449,-19918.18054,26580.66299,-221.6422652,-88.3621071,310.0043723,1
-5645.913412,-20627.4135,26273.32692,-212.8161536,-99.86818663,312.6843403,1
-4621.321224,-21307.33378,25928.65501,-203.6876186,-111.232348,314.9199666,1
-3590.161886,-21956.97518,25547.13706,-194.2696323,-122.4384421,316.7080745,1
-2553.90073,-22575.41451,25129.31524,-184.5755783,-133.4705445,318.0461228,1
-1514.010343,-23161.77294,24675.78328,-174.6192323,-144.3129779,318.9322102,1
-471.9684633,-23715.21722,24187.18568,-164.4147427,-154.9503348,319.3650775,1
570.744109,-24234.96088,23664.21677,-153.9766109,-165.3674987,319.3441095,1
1612.645623,-24720.26534,23107.61972,-143.3196698,-175.5496663,318.8693361,1
2652.255479,-25170.44095,22518.18547,-132.4590636,-185.4823682,317.9414319,1
3688.096335,-25584.84798,21896.75165,-121.4102259,-195.1514896,316.5617155,1
4718.696204,-25962.89754,21244.20134,-110.1888576,-204.54329,314.7321476,1
5742.590548,-26304.05241,20561.46186,-98.81090491,-213.6444232,312.4553281,1
6758.324356,-26607.82778,19849.50342,-87.2925365,-222.441956,309.7344925,1
7764.454215,-26873.79197,19109.33775,-75.65012063,-230.9233866,306.5735072,1
8759.550361,-27101.56703,18342.01667,-63.90020179,-239.0766625,302.9768642,1
9742.198706,-27290.82928,17548.63057,-52.05947727,-246.8901973,298.9496745,1
10711.00285,-27441.30977,16730.30691,-40.14477338,-254.3528876,294.497661,1
11664.58608,-27552.79465,15888.20857,-28.17302158,-261.4541286,289.6271501,1
12601.59329,-27625.12551,15023.53222,-16.16123437,-268.1838289,284.3450633,1
13520.69295,-27658.19955,14137.50661,-4.12648116,-274.5324253,278.6589065,1
14420.57896,-27651.96978,13231.39082,7.914136004,-280.4908962,272.5767602,1
15299.97254,-27606.44505,12306.4725,19.94350675,-286.0507741,266.1072674,1
16157.62403,-27521.69004,11364.06602,31.94453668,-291.2041582,259.2596216,1
16992.31464,-27397.82521,10405.51057,43.90017167,-295.9437253,252.0435537,1
17802.85825,-27235.02657,9432.168323,55.79342212,-300.2627402,244.4693181,1
18588.10302,-27033.52547,8445.422449,67.60738706,-304.1550653,236.5476782,1
19346.93308,-26793.60825,7446.675168,79.32527821,-307.6151694,228.2898911,1
20078.27009,-26515.61584,6437.345754,90.9304438,-310.6381355,219.7076917,1
20781.07477,-26199.94329,5418.868519,102.4063922,-313.2196678,210.8132755,1
21454.34842,-25847.03919,4392.690776,113.7368156,-315.3560978,201.6192822,1
22097.13426,-25457.40504,3360.270779,124.9056127,-317.0443895,192.1387768,1
22708.51886,-25031.59451,2323.075653,135.8969121,-318.2821439,182.3852317,1
23287.63342,-24570.21273,1282.579309,146.6950946,-319.0676018,172.3725072,1
23833.65497,-24073.91532,240.2603502,157.2848153,-319.3996473,162.114832,1
24345.8076,-23543.40757,-802.4000319,167.6510257,-319.2778084,151.6267827,1
24823.3635,-22979.44334,-1843.92016,177.7789948,-318.7022582,140.9232634,1
25265.64405,-22382.82407,-2882.819976,187.6543302,-317.6738147,130.0194845,1
25672.02073,-21754.39758,-3917.623147,197.2629986,-316.1939394,118.9309408,1
26041.91606,-21095.0569,-4946.859162,206.5913454,-314.2647351,107.6733897,1
26374.80441,-20405.73899,-5969.065419,215.6261146,-311.8889435,96.26282884,1
26670.21272,-19687.42341,-6982.789307,224.3544673,-309.0699406,84.71547322,1
26927.72119,-18941.13092,-7986.59027,232.7640001,-305.8117324,73.04773228,1
27146.9639,-18167.92205,-8979.04185,240.8427625,-302.118949,61.27618651,1
27327.62929,-17368.89557,-9958.733722,248.5792741,-297.996838,49.41756393,1
27469.46062,-16545.18694,-10924.27369,255.9625409,-293.4512572,37.48871629,1
27572.25635,-15697.96669,-11874.28966,262.982071,-288.4886662,25.50659512,1
27635.87039,-14828.43877,-12807.43162,269.6278892,-283.1161169,13.4882277,1
27660.21235,-13937.83883,-13722.37352,275.8905514,-277.3412442,1.450692757,1
27645.24763,-13027.43246,-14617.81517,281.761158,-271.1722543,-10.58890369,1
27590.9975,-12098.51339,-15492.48411,287.2313666,-264.6179139,-22.61345274,1
27497.53906,-11152.40167,-16345.13739,292.2934038,-257.6875369,-34.60586682,1
27365.0051,-10190.44178,-17174.56332,296.9400759,-250.3909719,-46.54910408,1
27193.58398,-9214.000715,-17979.58327,301.16478,-242.7385875,-58.42619251,1
26983.51929,-8224.466051,-18759.05324,304.9615125,-234.7412584,-70.22025413,1
26735.10954,-7223.24397,-19511.86557,308.324878,-226.4103491,-81.91452892,1
26448.70773,-6211.757264,-20236.95047,311.2500969,-217.7576982,-93.49239868,1
26124.72087,-5191.443311,-20933.27756,313.7330124,-208.7956018,-104.9374106,1
25763.60934,-4163.752034,-21599.85731,315.7700962,-199.5367954,-116.2333008,1
25365.88632,-3130.143836,-22235.74249,317.3584534,-189.9944363,-127.364017,1
24932.11699,-2092.087534,-22840.02946,318.4958268,-180.1820847,-138.3137421,1
24462.91775,-1051.05826,-23411.85949,319.1806002,-170.1136845,-149.0669157,1
23958.95537,-8.535374748,-23950.42,319.4118006,-159.8035435,-159.6082571,1
23420.946,1033.99964,-24454.94564,319.1890993,-149.2663128,-169.9227864,1
22849.65419,2075.065284,-24924.71947,318.5128128,-138.5169666,-179.9958462,1
22245.89177,3113.182147,-25359.07391,317.3839022,-127.5707802,-189.813122,1
21610.51671,4146.875007,-25757.39172,315.8039717,-116.4433087,-199.3606629,1
20944.43194,5174.674932,-26119.10687,313.7752664,-105.1503649,-208.6249015,1
20248.58397,6195.12136,-26443.70533,311.3006694,-93.70799672,-217.5926726,1
19523.96166,7206.764182,-26730.72585,308.383697,-82.13246432,-226.2512327,1
18771.59474,8208.165797,-26979.76054,305.0284946,-70.44021719,-234.5882774,1
17992.55235,9197.90316,-27190.45551,301.2398299,-58.64787066,-242.5919593,1
17187.94156,10174.5698,-27362.51136,297.023087,-46.77218229,-250.2509047,1
16358.90576,11136.77782,-27495.68358,292.3842581,-34.8300281,-257.55423,1
15506.62306,12083.15987,-27589.78293,287.3299351,-22.83837853,-264.4915565,1
14632.30461,13012.37108,-27644.67569,281.8673005,-10.81427437,-271.0530261,1
13737.19285,13923.09101,-27660.28385,276.0041171,1.225197461,-277.2293145,1
12822.55978,14814.02546,-27636.58524,269.7487167,13.26292822,-283.0116449,1
11889.70516,15683.90837,-27573.61353,263.1099886,25.28181163,-288.3918003,1
10939.95461,16531.50359,-27471.4582,256.0973669,37.26476821,-293.3621351,1
9974.657791,17355.60663,-27330.26443,248.7208168,49.19476951,-297.9155863,1
8995.186437,18155.04642,-27150.23285,240.9908208,61.05486235,-302.0456831,1
8002.932431,18928.68688,-26931.61931,232.9183636,72.82819289,-305.7465565,1
6999.30582,19675.42865,-26674.73447,224.5149167,84.49803058,-309.0129473,1
5985.732812,20394.21055,-26379.94337,215.7924218,96.04779195,-311.8402138,1
4963.65375,21084.01117,-26047.66492,206.7632741,107.4610642,-314.2243383,1
3934.521065,21743.85025,-25678.37132,197.4403045,118.7216283,-316.1619328,1
2899.79721,22372.79013,-25272.58734,187.8367613,129.8134825,-317.6502439,1
1860.952585,22969.93706,-24830.88964,177.9662919,140.7208647,-318.6871566,1
819.4634436,23534.44244,-24353.90589,167.8429226,151.4282748,-319.2711974,1
-223.1901997,24065.5041,-23842.3139,157.4810394,161.920497,-319.4015364,1
-1265.526678,24562.36735,-23296.84068,146.895367,172.1826214,-319.0779883,1
-2306.064773,25024.32614,-22718.26137,136.1009482,182.2000648,-318.301013,1
-3343.325824,25450.724,-22107.39817,125.1131225,191.958592,-317.0717145,1
-4375.835826,25840.95498,-21465.11915,113.9475042,201.4443355,-315.3918397,1
-5402.127526,26194.46455,-20792.33702,102.6199603,210.6438156,-313.2637759,1
-6420.742507,26510.75035,-20090.00784,91.14658785,219.5439593,-310.6905471,1
-7430.233261,26789.36292,-19359.12966,79.54369107,228.132119,-307.67581,1
-8429.165248,27029.90635,-18600.7411,67.82775836,236.3960905,-304.2238488,1
-9416.118929,27232.0388,-17815.91987,56.0154387,244.3241302,-300.3395689,1
-10389.69179,27395.47303,-17005.78124,44.12351802,251.9049719,-296.0284899,1
-11348.50033,27519.97679,-16171.47646,32.16889542,259.1278429,-291.2967383,1
-12291.18203,27605.37316,-15314.19113,20.16855906,265.9824791,-286.1510381,1
-13216.39729,27651.54079,-14435.1435,8.139562064,272.4591396,-280.5987017,1
-14122.83133,27658.41407,-13535.58274,-3.90100169,278.5486207,-274.6476191,1
-15009.19604,27625.98322,-12616.78717,-15.93602191,284.2422691,-268.3062472,1
-15874.23187,27554.29434,-11680.06247,-27.94839617,289.5319936,-261.5835974,1
-16716.70955,27443.4493,-10726.73975,-39.92105422,294.4102773,-254.4892231,1
-17535.43187,27293.60562,-9758.173746,-51.83698228,298.8701879,-247.0332056,1
-18329.23538,27104.97623,-8775.740846,-63.67924715,302.9053876,-239.2261404,1
-19096.99205,26877.82918,-7780.837138,-75.43102032,306.5101421,-231.0791218,1
-19837.61084,26612.48727,-6774.876434,-87.07560188,309.679329,-222.6037271,1
-20550.0393,26309.32756,-5759.28826,-98.59644425,312.4084446,-213.8120004,1
-21233.26503,25968.78086,-4735.515823,-109.9771757,314.6936107,-204.716435,1
-21886.31714,25591.33109,-3705.013958,-121.2016235,316.53158,-195.3299565,1
-22508.26758,25177.51465,-2669.247066,-132.2538372,317.9197406,-185.6659034,1
-23098.23255,24727.91958,-1629.687027,-143.118111,318.8561198,-175.7380088,1
-23655.37366,24243.18478,-587.8111146,-153.7790061,319.3393871,-165.560381,1
-24178.8992,23723.99909,454.90011,-164.2213728,319.3688556,-155.1474827,1
-24668.06519,23171.1003,1496.964897,-174.430372,318.9444834,-144.5141115,1
-25122.17652,22585.27411,2536.902414,-184.391496,318.0668737,-133.6753777,1
-25540.58786,21967.353,3573.234855,-194.0905897,316.7372736,-122.6466839,1
-25922.70462,21318.21509,4604.489533,-203.51387,314.9575725,-111.4437025,1
-26267.9838,20638.78283,5629.200979,-212.6479459,312.7302994,-100.0823535,1
-26575.93475,19930.02172,6645.913023,-221.4798375,310.0586195,-88.578782,1
-26846.11983,19192.93897,7653.180861,-229.9969941,306.9463293,-76.94933518,1
-27078.15511,18428.582,8649.573111,-238.1873124,303.3978516,-65.21053915,1
-27271.71084,17638.037,9633.673843,-246.0391536,299.4182289,-53.37907538,1
-27426.51199,16822.42739,10604.0846,-253.5413596,295.0131166,-41.47175702,1
-27542.33856,15982.91219,11559.42637,-260.6832694,290.1887744,-29.50550502,1
-27619.02596,15120.6844,12498.34156,-267.4547341,284.9520582,-17.49732408,1
-27656.46521,14236.96928,13419.49593,-273.8461309,279.3104094,-5.464278495,1
-27654.60311,13333.02266,14321.58045,-279.8483775,273.2718453,6.576532134,1
-27613.44231,12410.12908,15203.31323,-285.4529441,266.844947,18.60799715,1
-27533.0413,11469.60003,16063.44127,-290.6518665,260.0388473,30.61301918,1
-27413.51433,10512.77205,16900.74228,-295.4377567,252.8632183,42.57453844,1
-27255.03125,9541.004839,17714.02641,-299.8038137,245.3282568,54.47555695,1
-27057.81728,8555.679343,18502.13794,-303.7438331,237.4446704,66.29916271,1
-26822.15268,7558.195758,19263.95692,-307.2522158,229.2236621,78.02855374,1
-26548.37232,6549.971564,19998.40076,-310.3239764,220.6769144,89.64706192,1
-26236.86528,5532.439502,20704.42578,-312.9547496,211.8165728,101.1381767,1
-25888.07422,4507.04554,21381.02868,-315.1407969,202.6552283,112.4855686,1
-25502.49478,3475.24682,22027.24796,-316.879012,193.2058996,123.6731124,1
-25080.67491,2438.509585,22642.16532,-318.1669246,183.4820147,134.6849099,1
-24623.21402,1398.307093,23224.90693,-319.0027046,173.4973918,145.5053128,1
-24130.7622,356.117531,23774.64467,-319.3851644,163.2662197,156.1189447,1
-23604.01925,-686.5780938,24290.59734,-319.3137603,152.8030373,166.510723,1
-23043.73369,-1728.298053,24772.03174,-318.7885939,142.1227135,176.6658804,1
-22450.70173,-2767.562007,25218.26373,-317.8104115,131.2404255,186.569986,1
-21825.76609,-3802.893104,25628.65919,-316.380603,120.1716376,196.2089654,1
-21169.81484,-4832.820081,26002.63492,-314.5012005,108.9320793,205.5691212,1
-20483.78013,-5855.879357,26339.65949,-312.1748745,97.53772257,214.6371519,1
-19768.63685,-6870.617107,26639.25395,-309.4049309,86.00475938,223.4001716,1
-19025.40125,-7875.591335,26900.99258,-306.195306,74.34957872,231.8457273,1
-18255.12951,-8869.373916,27124.50343,-302.5505609,62.58874324,239.9618176,1
-17458.91624,-9850.552632,27309.46887,-298.4758748,50.73896573,247.7369091,1
-16637.89289,-10817.73317,27455.62606,-293.9770382,38.81708538,255.1599528,1
-15793.22618,-11769.54112,27562.76731,-289.0604441,26.84004382,262.2204002,1
-14926.11644,-12704.62391,27630.74035,-283.7330793,14.82486109,268.9082182,1
-14037.79587,-13621.65274,27659.44861,-278.0025142,2.788611423,275.2139028,1
-13129.52682,-14519.32445,27648.85127,-271.8768924,-9.251601013,281.1284934,1
-12202.6,-15396.3634,27598.9634,-265.3649187,-21.27866642,286.6435851,1
-11258.33261,-16251.52328,27509.85589,-258.4758469,-33.27549367,291.7513405,1
-10298.06652,-17083.58886,27381.65538,-251.2194667,-45.22503463,296.4445013,1
-9323.166311,-17891.37772,27214.54403,-243.60609,-57.11030834,300.7163983,1
-8335.017373,-18673.74195,27008.75932,-235.6465356,-68.91442518,304.5609608,1
-7335.023919,-19429.56978,26764.5937,-227.3521147,-80.62061085,307.9727255,1
-6324.606995,-20157.78712,26482.39412,-218.7346139,-92.21223022,310.9468441,1
-5305.202458,-20857.35915,26162.5616,-209.8062793,-103.672811,313.4790902,1
-4278.258938,-21527.29172,25805.55066,-200.5797985,-114.986067,315.5658654,1
-3245.235778,-22166.63284,25411.86862,-191.0682828,-126.1359215,317.2042043,1
-2207.60096,-22774.47396,24982.07492,-181.2852486,-137.1065299,318.3917786,1
-1166.829021,-23349.9513,24516.78032,-171.2445982,-147.8823025,319.1269007,1
-124.3989538,-23892.24709,24016.64604,-160.9605998,-158.4479263,319.4085261,1
918.2078911,-24400.59069,23482.3828,-150.4478676,-168.7883868,319.2362545,1
1959.509912,-24874.25971,22914.7498,-139.7213408,-178.8889899,318.6103307,1
2998.027363,-25312.58105,22314.55368,-128.7962623,-188.7353819,317.5316442,1
4032.284452,-25714.93182,21682.64737,-117.6881572,-198.3135705,316.0017278,1
5060.811445,-26080.74027,21019.92883,-106.4128109,-207.6099448,314.0227557,1
6082.146748,-26409.48656,20327.33981,-94.98624609,-216.611294,311.5975401,1
7094.838987,-26700.70353,19605.86454,-83.42470065,-225.3048266,308.7295273,1
8097.449072,-26953.97733,18856.52826,-71.74460415,-233.6781888,305.4227929,1
9088.552239,-27168.94806,18080.39582,-59.96255463,-241.7194815,301.6820361,1
10066.74008,-27345.31022,17278.57015,-48.09529505,-249.4172775,297.5125726,1
11030.62252,-27482.81321,16452.19068,-36.15968942,-256.760638,292.9203274,1
11978.82985,-27581.26161,15602.43176,-24.17269889,-263.7391276,287.9118264,1
12910.01461,-27640.51553,14730.50092,-12.15135764,-270.3428294,282.494187,1
13822.85353,-27660.49077,13837.63723,-0.112748637,-276.5623592,276.6751079,1
14716.04942,-27641.15893,12925.10951,11.92602058,-282.3888789,270.4628583,1
15588.333,-27582.54749,11994.2145,23.94784228,-287.8141084,263.8662662,1
16438.4647,-27484.73975,11046.27505,35.93563278,-292.8303384,256.8947056,1
17265.23645,-27347.87469,10082.63824,47.87235678,-297.4304405,249.5580837,1
18067.47335,-27172.1468,9104.673451,59.74105154,-301.6078776,241.866826,1
18844.03538,-26957.8058,8113.770423,71.52485099,-305.3567134,233.8318624,1
19593.819,-26705.15629,7111.337282,83.20700972,-308.6716206,225.4646109,1
20315.75874,-26414.55728,6098.798543,94.77092674,-311.5478885,216.7769618,1
21008.82867,-26086.42175,5077.593076,106.2001691,-313.9814299,207.7812608,1
21672.04391,-25721.21598,4049.172073,117.4784952,-315.9687865,198.4902913,1
22304.46199,-25319.45896,3014.996974,128.5898779,-317.5071341,188.9172562,1
22905.1842,-24881.7216,1976.537399,139.5185274,-318.5942867,179.0757593,1
23473.3569,-24408.62596,935.2690568,150.2489134,-319.2286994,168.979786,1
24008.17267,-23900.84432,-107.3283541,160.7657875,-319.4094707,158.6436832,1
24508.87151,-23359.09827,-1149.773245,171.0542046,-319.1363436,148.082139,1
24974.74191,-22784.15766,-2190.584246,181.0995443,-318.4097063,137.310162,1
25405.12183,-22176.83953,-3228.282307,190.8875316,-317.2305914,126.3430598,1
25799.39969,-21538.00688,-4261.392802,200.4042573,-315.6006744,115.1964171,1
26157.01518,-20868.56756,-5288.447624,209.6361977,-313.5222717,103.886074,1
26477.46013,-20169.47285,-6307.987273,218.5702335,-310.9983366,92.42810315,1
26760.27915,-19441.71622,-7318.562927,227.193669,-308.0324559,80.83878689,1
27005.07036,-18686.33185,-8318.738503,235.4942499,-304.6288442,69.13459429,1
27211.48588,-17904.39318,-9307.092696,243.4601806,-300.7923382,57.33215765,1
27379.23239,-17097.01139,-10282.221,251.080141,-296.5283899,45.44824888,1
27508.07151,-16265.33381,-11242.73771,258.3433029,-291.8430585,33.49975565,1
27597.82016,-15410.54229,-12187.27787,265.2393447,-286.7430022,21.50365744,1
27648.3508,-14533.85156,-13114.49924,271.758467,-281.2354683,9.477001359,1
27659.59162,-13636.50743,-14023.08419,277.8914056,-275.3282835,-2.563122062,1
27631.52664,-12719.78507,-14911.74157,283.6294453,-269.0298421,-14.59960315,1
27564.19575,-11784.9872,-15779.20855,288.964432,-262.3490946,-26.61533739,1
27457.69463,-10833.44222,-16624.25241,293.8887845,-255.2955347,-38.59324979,1
27312.17463,-9866.502327,-17445.6723,298.3955049,-247.8791858,-50.51631907,1
27127.84253,-8885.541594,-18242.30094,302.478189,-240.1105871,-62.3676019,1
26904.96028,-7891.95402,-19013.00626,306.131035,-232.000778,-74.13025695,1
26643.84462,-6887.151548,-19756.69307,309.3488521,-223.5612832,-85.78756884,1
26344.86659,-5872.562056,-20472.30453,312.1270675,-214.8040956,-97.32297191,1
26008.45106,-4849.627332,-21158.82373,314.4617333,-205.7416595,-108.7200737,1
25635.0761,-3819.801022,-21815.27508,316.3495317,-196.3868534,-119.9626783,1
25225.2723,-2784.546567,-22440.72573,317.7877802,-186.7529707,-131.0348094,1
24779.622,-1745.335118,-23034.28688,318.7744348,-176.8537019,-141.9207329,1
24298.7585,-703.6434521,-23595.11505,319.3080935,-166.7031143,-152.6049792,1
23783.36514,339.0481293,-24122.41327,319.387998,-156.3156324,-163.0723655,1
23234.17432,1381.257905,-24615.43222,319.0140346,-145.7060175,-173.3080171,1
22651.96646,2421.504837,-25073.4713,318.1867348,-134.8893463,-183.2973885,1
22037.56892,3458.310679,-25495.8796,316.9072743,-123.88099,-193.0262842,1
21391.85479,4490.202072,-25882.05686,315.1774712,-112.6965921,-202.4808791,1
20715.74166,5515.712642,-26231.4543,312.9997836,-101.3520461,-211.6477375,1
20010.19033,6533.385082,-26543.57541,310.3773062,-89.86347329,-220.5138329,1
19276.20342,7541.773225,-26817.97665,307.3137657,-78.24719959,-229.0665662,1
18514.82398,8539.444095,-27054.26807,303.8135156,-66.51973233,-237.2937832,1
17727.13395,9524.979949,-27252.1139,299.8815297,-54.6977369,-245.1837929,1
16914.2527,10496.98028,-27411.23299,295.5233959,-42.79801299,-252.7253829,1
16077.33537,11454.06384,-27531.39921,290.7453071,-30.83747076,-259.9078363,1
15217.57127,12394.87054,-27612.4418,285.5540533,-18.83310679,-266.7209465,1
14336.18216,13318.06345,-27654.24561,279.9570116,-6.801979953,-273.1550316,1
13434.42056,14222.33066,-27656.75122,273.9621356,5.238812872,-279.2009485,1
12513.56791,15106.38717,-27619.95507,267.5779445,17.27216106,-284.8501056,1
11574.93279,15968.97667,-27543.90946,260.8135105,29.28096456,-290.094475,1
10619.84906,16808.87338,-27428.72244,253.6784462,41.2481582,-294.9266044,1
9649.673949,17624.88376,-27274.55771,246.1828909,53.15673596,-299.3396269,1
8665.786119,18415.84822,-27081.63434,238.3374963,64.98977508,-303.3272714,1
7669.583733,19180.64275,-26850.22649,230.1534111,76.73046018,-306.8838713,1
6662.482449,19918.18054,-26580.66299,221.6422652,88.3621071,-310.0043723,1
5645.913412,20627.4135,-26273.32692,212.8161536,99.86818663,-312.6843403,1
4621.321224,21307.33378,-25928.65501,203.6876186,111.232348,-314.9199666,1
3590.161886,21956.97518,-25547.13706,194.2696323,122.4384421,-316.7080745,1
2553.90073,22575.41451,-25129.31524,184.5755783,133.4705445,-318.0461228,1
1514.010343,23161.77294,-24675.78328,174.6192323,144.3129779,-318.9322102,1
471.9684633,23715.21722,-24187.18568,164.4147427,154.9503348,-319.3650775,1
-570.744109,24234.96088,-23664.21677,153.9766109,165.3674987,-319.3441095,1
-1612.645623,24720.26534,-23107.61972,143.3196698,175.5496663,-318.8693361,1
-2652.255479,25170.44095,-22518.18547,132.4590636,185.4823682,-317.9414319,1
-3688.096335,25584.84798,-21896.75165,121.4102259,195.1514896,-316.5617155,1
-4718.696204,25962.89754,-21244.20134,110.1888576,204.54329,-314.7321476,1
-5742.590548,26304.05241,-20561.46186,98.81090491,213.6444232,-312.4553281,1
-6758.324356,26607.82778,-19849.50342,87.2925365,222.441956,-309.7344925,1
-7764.454215,26873.79197,-19109.33775,75.65012063,230.9233866,-306.5735072,1
-8759.550361,27101.56703,-18342.01667,63.90020179,239.0766625,-302.9768642,1
-9742.198706,27290.82928,-17548.63057,52.05947727,246.8901973,-298.9496745,1
-10711.00285,27441.30977,-16730.30691,40.14477338,254.3528876,-294.497661,1
-11664.58608,27552.79465,-15888.20857,28.17302158,261.4541286,-289.6271501,1
-12601.59329,27625.12551,-15023.53222,16.16123437,268.1838289,-284.3450633,1
-13520.69295,27658.19955,-14137.50661,4.12648116,274.5324253,-278.6589065,1
-14420.57896,27651.96978,-13231.39082,-7.914136004,280.4908962,-272.5767602,1
-15299.97254,27606.44505,-12306.4725,-19.94350675,286.0507741,-266.1072674,1
-16157.62403,27521.69004,-11364.06602,-31.94453668,291.2041582,-259.2596216,1
-16992.31464,27397.82521,-10405.51057,-43.90017167,295.9437253,-252.0435537,1
-17802.85825,27235.02657,-9432.168323,-55.79342212,300.2627402,-244.4693181,1
-18588.10302,27033.52547,-8445.422449,-67.60738706,304.1550653,-236.5476782,1
-19346.93308,26793.60825,-7446.675168,-79.32527821,307.6151694,-228.2898911,1
-20078.27009,26515.61584,-6437.345754,-90.9304438,310.6381355,-219.7076917,1
-20781.07477,26199.94329,-5418.868519,-102.4063922,313.2196678,-210.8132755,1
-21454.34842,25847.03919,-4392.690776,-113.7368156,315.3560978,-201.6192822,1
-22097.13426,25457.40504,-3360.270779,-124.9056127,317.0443895,-192.1387768,1
-22708.51886,25031.59451,-2323.075653,-135.8969121,318.2821439,-182.3852317,1
-23287.63342,24570.21273,-1282.579309,-146.6950946,319.0676018,-172.3725072,1
-23833.65497,24073.91532,-240.2603502,-157.2848153,319.3996473,-162.114832,1
-24345.8076,23543.40757,802.4000319,-167.6510257,319.2778084,-151.6267827,1
-24823.3635,22979.44334,1843.92016,-177.7789948,318.7022582,-140.9232634,1
-25265.64405,22382.82407,2882.819976,-187.6543302,317.6738147,-130.0194845,1
-25672.02073,21754.39758,3917.623147,-197.2629986,316.1939394,-118.9309408,1
-26041.91606,21095.0569,4946.859162,-206.5913454,314.2647351,-107.6733897,1
-26374.80441,20405.73899,5969.065419,-215.6261146,311.8889435,-96.26282884,1
-26670.21272,19687.42341,6982.789307,-224.3544673,309.0699406,-84.71547322,1
-26927.72119,18941.13092,7986.59027,-232.7640001,305.8117324,-73.04773228,1
-27146.9639,18167.92205,8979.04185,-240.8427625,302.118949,-61.27618651,1
-27327.62929,17368.89557,9958.733722,-248.5792741,297.996838,-49.41756393,1
-27469.46062,16545.18694,10924.27369,-255.9625409,293.4512572,-37.48871629,1
-27572.25635,15697.96669,11874.28966,-262.982071,288.4886662,-25.50659512,1
-27635.87039,14828.43877,12807.43162,-269.6278892,283.1161169,-13.4882277,1
-27660.21235,13937.83883,13722.37352,-275.8905514,277.3412442,-1.450692757,1
-27645.24763,13027.43246,14617.81517,-281.761158,271.1722543,10.58890369,1
-27590.9975,12098.51339,15492.48411,-287.2313666,264.6179139,22.61345274,1
-27497.53906,11152.40167,16345.13739,-292.2934038,257.6875369,34.60586682,1
-27365.0051,10190.44178,17174.56332,-296.9400759,250.3909719,46.54910408,1
-27193.58398,9214.000715,17979.58327,-301.16478,242.7385875,58.42619251,1
-26983.51929,8224.466051,18759.05324,-304.9615125,234.7412584,70.22025413,1
-26735.10954,7223.24397,19511.86557,-308.324878,226.4103491,81.91452892,1
-26448.70773,6211.757264,20236.95047,-311.2500969,217.7576982,93.49239868,1
-26124.72087,5191.443311,20933.27756,-313.7330124,208.7956018,104.9374106,1
-25763.60934,4163.752034,21599.85731,-315.7700962,199.5367954,116.2333008,1
-25365.88632,3130.143836,22235.74249,-317.3584534,189.9944363,127.364017,1
-24932.11699,2092.087534,22840.02946,-318.4958268,180.1820847,138.3137421,1
-24462.91775,1051.05826,23411.85949,-319.1806002,170.1136845,149.0669157,1
-23958.95537,8.535374748,23950.42,-319.4118006,159.8035435,159.6082571,1
-23420.946,-1033.99964,24454.94564,-319.1890993,149.2663128,169.9227864,1
-22849.65419,-2075.065284,24924.71947,-318.5128128,138.5169666,179.9958462,1
-22245.89177,-3113.182147,25359.07391,-317.3839022,127.5707802,189.813122,1
-21610.51671,-4146.875007,25757.39172,-315.8039717,116.4433087,199.3606629,1
-20944.43194,-5174.674932,26119.10687,-313.7752664,105.1503649,208.6249015,1
-20248.58397,-6195.12136,26443.70533,-311.3006694,93.70799672,217.5926726,1
-19523.96166,-7206.764182,26730.72585,-308.383697,82.13246432,226.2512327,1
-18771.59474,-8208.165797,26979.76054,-305.0284946,70.44021719,234.5882774,1
-17992.55235,-9197.90316,27190.45551,-301.2398299,58.64787066,242.5919593,1
-17187.94156,-10174.5698,27362.51136,-297.023087,46.77218229,250.2509047,1
-16358.90576,-11136.77782,27495.68358,-292.3842581,34.8300281,257.55423,1
-15506.62306,-12083.15987,27589.78293,-287.3299351,22.83837853,264.4915565,1
-14632.30461,-13012.37108,27644.67569,-281.8673005,10.81427437,271.0530261,1
-13737.19285,-13923.09101,27660.28385,-276.0041171,-1.225197461,277.2293145,1
-12822.55978,-14814.02546,27636.58524,-269.7487167,-13.26292822,283.0116449,1
-11889.70516,-15683.90837,27573.61353,-263.1099886,-25.28181163,288.3918003,1
-10939.95461,-16531.50359,27471.4582,-256.0973669,-37.26476821,293.3621351,1
-9974.657791,-17355.60663,27330.26443,-248.7208168,-49.19476951,297.9155863,1
-8995.186437,-18155.04642,27150.23285,-240.9908208,-61.05486235,302.0456831,1
-8002.932431,-18928.68688,26931.61931,-232.9183636,-72.82819289,305.7465565,1
-6999.30582,-19675.42865,26674.73447,-224.5149167,-84.49803058,309.0129473,1
-5985.732812,-20394.21055,26379.94337,-215.7924218,-96.04779195,311.8402138,1
-4963.65375,-21084.01117,26047.66492,-206.7632741,-107.4610642,314.2243383,1
-3934.521065,-21743.85025,25678.37132,-197.4403045,-118.7216283,316.1619328,1
-2899.79721,-22372.79013,25272.58734,-187.8367613,-129.8134825,317.6502439,1
-1860.952585,-22969.93706,24830.88964,-177.9662919,-140.7208647,318.6871566,1
-819.4634436,-23534.44244,24353.90589,-167.8429226,-151.4282748,319.2711974,1
223.1901997,-24065.5041,23842.3139,-157.4810394,-161.920497,319.4015364,1
1265.526678,-24562.36735,23296.84068,-146.895367,-172.1826214,319.0779883,1
2306.064773,-25024.32614,22718.26137,-136.1009482,-182.2000648,318.301013,1
3343.325824,-25450.724,22107.39817,-125.1131225,-191.958592,317.0717145,1
4375.835826,-25840.95498,21465.11915,-113.9475042,-201.4443355,315.3918397,1
5402.127526,-26194.46455,20792.33702,-102.6199603,-210.6438156,313.2637759,1
6420.742507,-26510.75035,20090.00784,-91.14658785,-219.5439593,310.6905471,1
7430.233261,-26789.36292,19359.12966,-79.54369107,-228.132119,307.67581,1
8429.165248,-27029.90635,18600.7411,-67.82775836,-236.3960905,304.2238488,1
9416.118929,-27232.0388,17815.91987,-56.0154387,-244.3241302,300.3395689,1
10389.69179,-27395.47303,17005.78124,-44.12351802,-251.9049719,296.0284899,1
11348.50033,-27519.97679,16171.47646,-32.16889542,-259.1278429,291.2967383,1
12291.18203,-27605.37316,15314.19113,-20.16855906,-265.9824791,286.1510381,1
13216.39729,-27651.54079,14435.1435,-8.139562064,-272.4591396,280.5987017,1
14122.83133,-27658.41407,13535.58274,3.90100169,-278.5486207,274.6476191,1
15009.19604,-27625.98322,12616.78717,15.93602191,-284.2422691,268.3062472,1
15874.23187,-27554.29434,11680.06247,27.94839617,-289.5319936,261.5835974,1
16716.70955,-27443.4493,10726.73975,39.92105422,-294.4102773,254.4892231,1
17535.43187,-27293.60562,9758.173746,51.83698228,-298.8701879,247.0332056,1
18329.23538,-27104.97623,8775.740846,63.67924715,-302.9053876,239.2261404,1
19096.99205,-26877.82918,7780.837138,75.43102032,-306.5101421,231.0791218,1
19837.61084,-26612.48727,6774.876434,87.07560188,-309.679329,222.6037271,1
20550.0393,-26309.32756,5759.28826,98.59644425,-312.4084446,213.8120004,1
21233.26503,-25968.78086,4735.515823,109.9771757,-314.6936107,204.716435,1
21886.31714,-25591.33109,3705.013958,121.2016235,-316.53158,195.3299565,1
22508.26758,-25177.51465,2669.247066,132.2538372,-317.9197406,185.6659034,1
23098.23255,-24727.91958,1629.687027,143.118111,-318.8561198,175.7380088,1
23655.37366,-24243.18478,587.8111146,153.7790061,-319.3393871,165.560381,1
24178.8992,-23723.99909,-454.90011,164.2213728,-319.3688555,155.1474827,1
24668.06519,-23171.1003,-1496.964897,174.430372,-318.9444834,144.5141115,1
25122.17652,-22585.27411,-2536.902414,184.391496,-318.0668737,133.6753777,1
25540.58786,-21967.353,-3573.234855,194.0905897,-316.7372736,122.6466839,1
25922.70462,-21318.21509,-4604.489533,203.51387,-314.9575725,111.4437025,1
26267.9838,-20638.78283,-5629.200979,212.6479459,-312.7302994,100.0823535,1
26575.93475,-19930.02172,-6645.913023,221.4798375,-310.0586195,88.578782,1
26846.11983,-19192.93897,-7653.180861,229.9969941,-306.9463293,76.94933518,1
27078.15511,-18428.582,-8649.573111,238.1873124,-303.3978516,65.21053915,1
27271.71084,-17638.037,-9633.673843,246.0391536,-299.4182289,53.37907538,1
27426.51199,-16822.42739,-10604.0846,253.5413596,-295.0131166,41.47175702,1
27542.33856,-15982.91219,-11559.42637,260.6832694,-290.1887744,29.50550502,1
27619.02596,-15120.6844,-12498.34156,267.4547341,-284.9520582,17.49732408,1
27656.46521,-14236.96928,-13419.49593,273.8461309,-279.3104094,5.464278495,1
27654.60311,-13333.02266,-14321.58045,279.8483775,-273.2718453,-6.576532134,1
27613.44231,-12410.12908,-15203.31323,285.4529441,-266.844947,-18.60799715,1
27533.0413,-11469.60003,-16063.44127,290.6518665,-260.0388473,-30.61301918,1
27413.51433,-10512.77205,-16900.74228,295.4377567,-252.8632183,-42.57453844,1
27255.03125,-9541.004839,-17714.02641,299.8038137,-245.3282568,-54.47555695,1
27057.81728,-8555.679343,-18502.13794,303.7438331,-237.4446704,-66.29916271,1
26822.15268,-7558.195758,-19263.95692,307.2522158,-229.2236621,-78.02855374,1
26548.37232,-6549.971564,-19998.40076,310.3239764,-220.6769144,-89.64706192,1
26236.86528,-5532.439502,-20704.42578,312.9547496,-211.8165728,-101.1381767,1
25888.07422,-4507.04554,-21381.02868,315.1407969,-202.6552283,-112.4855686,1
25502.49478,-3475.24682,-22027.24796,316.879012,-193.2058996,-123.6731124,1
25080.67491,-2438.509585,-22642.16532,318.1669246,-183.4820147,-134.6849099,1
24623.21402,-1398.307093,-23224.90693,319.0027046,-173.4973918,-145.5053128,1
24130.7622,-356.117531,-23774.64467,319.3851644,-163.2662197,-156.1189447,1
23604.01925,686.5780938,-24290.59734,319.3137603,-152.8030373,-166.510723,1
23043.73369,1728.298053,-24772.03174,318.7885939,-142.1227135,-176.6658804,1
22450.70173,2767.562007,-25218.26373,317.8104115,-131.2404255,-186.569986,1
21825.76609,3802.893104,-25628.65919,316.380603,-120.1716376,-196.2089654,1
21169.81484,4832.820081,-26002.63492,314.5012005,-108.9320793,-205.5691212,1
20483.78013,5855.879357,-26339.65949,312.1748745,-97.53772257,-214.6371519,1
19768.63685,6870.617107,-26639.25395,309.4049309,-86.00475938,-223.4001716,1
19025.40125,7875.591335,-26900.99258,306.195306,-74.34957872,-231.8457273,1
18255.12951,8869.373916,-27124.50343,302.5505609,-62.58874324,-239.9618176,1
17458.91624,9850.552632,-27309.46887,298.4758748,-50.73896573,-247.7369091,1
16637.89289,10817.73317,-27455.62606,293.9770382,-38.81708538,-255.1599528,1
15793.22618,11769.54112,-27562.76731,289.0604441,-26.84004382,-262.2204002,1
14926.11644,12704.62391,-27630.74035,283.7330793,-14.82486109,-268.9082182,1
14037.79587,13621.65274,-27659.44861,278.0025142,-2.788611423,-275.2139028,1
13129.52682,14519.32445,-27648.85127,271.8768924,9.251601013,-281.1284934,1
12202.6,15396.3634,-27598.9634,265.3649187,21.27866642,-286.6435851,1
11258.33261,16251.52328,-27509.85589,258.4758469,33.27549367,-291.7513405,1
10298.06652,17083.58886,-27381.65538,251.2194667,45.22503463,-296.4445013,1
9323.166311,17891.37772,-27214.54403,243.60609,57.11030834,-300.7163983,1
8335.017373,18673.74195,-27008.75932,235.6465356,68.91442518,-304.5609608,1
7335.023919,19429.56978,-26764.5937,227.3521147,80.62061085,-307.9727255,1
6324.606995,20157.78712,-26482.39412,218.7346139,92.21223022,-310.9468441,1
5305.202458,20857.35915,-26162.5616,209.8062793,103.672811,-313.4790902,1
4278.258938,21527.29172,-25805.55066,200.5797985,114.986067,-315.5658654,1
3245.235778,22166.63284,-25411.86862,191.0682828,126.1359215,-317.2042043,1
2207.60096,22774.47396,-24982.07492,181.2852486,137.1065299,-318.3917786,1
1166.829021,23349.9513,-24516.78032,171.2445982,147.8823025,-319.1269007,1
124.3989538,23892.24709,-24016.64604,160.9605998,158.4479263,-319.4085261,1
-918.2078911,24400.59069,-23482.3828,150.4478676,168.7883868,-319.2362545,1
-1959.509912,24874.25971,-22914.7498,139.7213408,178.8889899,-318.6103307,1
-2998.027363,25312.58105,-22314.55368,128.7962623,188.7353819,-317.5316442,1
-4032.284452,25714.93182,-21682.64737,117.6881572,198.3135705,-316.0017278,1
-5060.811445,26080.74027,-21019.92883,106.4128109,207.6099448,-314.0227557,1
-6082.146748,26409.48656,-20327.33981,94.98624609,216.611294,-311.5975401,1
-7094.838987,26700.70353,-19605.86454,83.42470065,225.3048266,-308.7295273,1
-8097.449072,26953.97733,-18856.52826,71.74460415,233.6781888,-305.4227929,1
-9088.552239,27168.94806,-18080.39582,59.96255463,241.7194815,-301.6820361,1
-10066.74008,27345.31022,-17278.57015,48.09529505,249.4172775,-297.5125726,1
-11030.62252,27482.81321,-16452.19068,36.15968942,256.760638,-292.9203274,1
-11978.82985,27581.26161,-15602.43176,24.17269889,263.7391276,-287.9118264,1
-12910.01461,27640.51553,-14730.50092,12.15135764,270.3428294,-282.494187,1
-13822.85353,27660.49077,-13837.63723,0.112748637,276.5623592,-276.6751079,1
-14716.04942,27641.15893,-12925.10951,-11.92602058,282.3888789,-270.4628583,1
-15588.333,27582.54749,-11994.2145,-23.94784228,287.8141084,-263.8662662,1
-16438.4647,27484.73975,-11046.27505,-35.93563278,292.8303384,-256.8947056,1
-17265.23645,27347.87469,-10082.63824,-47.87235678,297.4304405,-249.5580837,1
-18067.47335,27172.1468,-9104.673451,-59.74105154,301.6078776,-241.866826,1
-18844.03538,26957.8058,-8113.770423,-71.52485099,305.3567134,-233.8318624,1
-19593.819,26705.15629,-7111.337282,-83.20700972,308.6716206,-225.4646109,1
-20315.75874,26414.55728,-6098.798543,-94.77092674,311.5478885,-216.7769618,1
-21008.82867,26086.42175,-5077.593076,-106.2001691,313.9814299,-207.7812608,1
-21672.04391,25721.21598,-4049.172073,-117.4784952,315.9687865,-198.4902913,1
-22304.46199,25319.45896,-3014.996974,-128.5898779,317.5071341,-188.9172562,1
-22905.1842,24881.7216,-1976.537399,-139.5185274,318.5942867,-179.0757593,1
-23473.3569,24408.62596,-935.2690568,-150.2489134,319.2286994,-168.979786,1
-24008.17267,23900.84432,107.3283541,-160.7657875,319.4094707,-158.6436832,1
-24508.87151,23359.09827,1149.773245,-171.0542046,319.1363436,-148.082139,1
-24974.74191,22784.15766,2190.584246,-181.0995443,318.4097063,-137.310162,1
-25405.12183,22176.83953,3228.282307,-190.8875316,317.2305914,-126.3430598,1
-25799.39969,21538.00688,4261.392802,-200.4042573,315.6006744,-115.1964171,1
-26157.01518,20868.56756,5288.447624,-209.6361977,313.5222717,-103.886074,1
-26477.46013,20169.47285,6307.987273,-218.5702335,310.9983366,-92.42810315,1
-26760.27915,19441.71622,7318.562927,-227.193669,308.0324559,-80.83878689,1
-27005.07036,18686.33185,8318.738503,-235.4942499,304.6288442,-69.13459429,1
-27211.48588,17904.39318,9307.092696,-243.4601806,300.7923382,-57.33215765,1
-27379.23239,17097.01139,10282.221,-251.080141,296.5283899,-45.44824888,1
-27508.07151,16265.33381,11242.73771,-258.3433029,291.8430585,-33.49975565,1
-27597.82016,15410.54229,12187.27787,-265.2393447,286.7430022,-21.50365744,1
-27648.3508,14533.85156,13114.49924,-271.758467,281.2354683,-9.477001359,1
-27659.59162,13636.50743,14023.08419,-277.8914056,275.3282835,2.563122062,1
-27631.52664,12719.78507,14911.74157,-283.6294453,269.0298421,14.59960315,1
-27564.19575,11784.9872,15779.20855,-288.964432,262.3490946,26.61533739,1
-27457.69463,10833.44222,16624.25241,-293.8887845,255.2955347,38.59324979,1
-27312.17463,9866.502327,17445.6723,-298.3955049,247.8791858,50.51631907,1
-27127.84253,8885.541594,18242.30094,-302.478189,240.1105871,62.3676019,1
-26904.96028,7891.95402,19013.00626,-306.131035,232.000778,74.13025695,1
-26643.84462,6887.151548,19756.69307,-309.3488521,223.5612832,85.78756884,1
-26344.86659,5872.562056,20472.30453,-312.1270675,214.8040956,97.32297191,1
-26008.45106,4849.627332,21158.82373,-314.4617333,205.7416595,108.7200737,1
-25635.0761,3819.801022,21815.27508,-316.3495317,196.3868534,119.9626783,1
-25225.2723,2784.546567,22440.72573,-317.7877802,186.7529707,131.0348094,1
-24779.622,1745.335118,23034.28688,-318.7744348,176.8537019,141.9207329,1
-24298.7585,703.6434521,23595.11505,-319.3080935,166.7031143,152.6049792,1
-23783.36514,-339.0481293,24122.41327,-319.387998,156.3156324,163.0723655,1
-23234.17432,-1381.257905,24615.43222,-319.0140346,145.7060175,173.3080171,1
-22651.96646,-2421.504837,25073.4713,-318.1867348,134.8893463,183.2973885,1
-22037.56892,-3458.310679,25495.8796,-316.9072743,123.88099,193.0262842,1
-21391.85479,-4490.202072,25882.05686,-315.1774712,112.6965921,202.4808791,1
-20715.74166,-5515.712642,26231.4543,-312.9997836,101.3520461,211.6477375,1
-20010.19033,-6533.385082,26543.57541,-310.3773062,89.86347329,220.5138329,1
-19276.20342,-7541.773225,26817.97665,-307.3137657,78.24719959,229.0665662,1
-18514.82398,-8539.444095,27054.26807,-303.8135156,66.51973233,237.2937832,1
-17727.13395,-9524.979949,27252.1139,-299.8815297,54.6977369,245.1837929,1
-16914.2527,-10496.98028,27411.23299,-295.5233959,42.79801299,252.7253829,1
-16077.33537,-11454.06384,27531.39921,-290.7453071,30.83747076,259.9078363,1
-15217.57127,-12394.87054,27612.4418,-285.5540533,18.83310679,266.7209465,1
-14336.18216,-13318.06345,27654.24561,-279.9570116,6.801979953,273.1550316,1
-13434.42056,-14222.33066,27656.75122,-273.9621356,-5.238812872,279.2009485,1
-12513.56791,-15106.38717,27619.95507,-267.5779445,-17.27216106,284.8501056,1
-11574.93279,-15968.97667,27543.90946,-260.8135105,-29.28096456,290.094475,1
-10619.84906,-16808.87338,27428.72244,-253.6784462,-41.2481582,294.9266044,1
-9649.673949,-17624.88376,27274.55771,-246.1828909,-53.15673596,299.3396269,1
-8665.786119,-18415.84822,27081.63434,-238.3374963,-64.98977508,303.3272714,1
-7669.583733,-19180.64275,26850.22649,-230.1534111,-76.73046018,306.8838713,1
-6662.482449,-19918.18054,26580.66299,-221.6422652,-88.3621071,310.0043723,1
-5645.913412,-20627.4135,26273.32692,-212.8161536,-99.86818663,312.6843403,1
-4621.321224,-21307.33378,25928.65501,-203.6876186,-111.232348,314.9199666,1
-3590.161886,-21956.97518,25547.13706,-194.2696323,-122.4384421,316.7080745,1
-2553.90073,-22575.41451,25129.31524,-184.5755783,-133.4705445,318.0461228,1
-1514.010343,-23161.77294,24675.78328,-174.6192323,-144.3129779,318.9322102,1
-471.9684633,-23715.21722,24187.18568,-164.4147427,-154.9503348,319.3650775,1
570.744109,-24234.96088,23664.21677,-153.9766109,-165.3674987,319.3441095,1
1612.645623,-24720.26534,23107.61972,-143.3196698,-175.5496663,318.8693361,1
2652.255479,-25170.44095,22518.18547,-132.4590636,-185.4823682,317.9414319,1
3688.096335,-25584.84798,21896.75165,-121.4102259,-195.1514896,316.5617155,1
4718.696204,-25962.89754,21244.20134,-110.1888576,-204.54329,314.7321476,1
5742.590548,-26304.05241,20561.46186,-98.81090491,-213.6444232,312.4553281,1
6758.324356,-26607.82778,19849.50342,-87.2925365,-222.441956,309.7344925,1
7764.454215,-26873.79197,19109.33775,-75.65012063,-230.9233866,306.5735072,1
8759.550361,-27101.56703,18342.01667,-63.90020179,-239.0766625,302.9768642,1
9742.198706,-27290.82928,17548.63057,-52.05947727,-246.8901973,298.9496745,1
10711.00285,-27441.30977,16730.30691,-40.14477338,-254.3528876,294.497661,1
11664.58608,-27552.79465,15888.20857,-28.17302158,-261.4541286,289.6271501,1
12601.59329,-27625.12551,15023.53222,-16.16123437,-268.1838289,284.3450633,1
13520.69295,-27658.19955,14137.50661,-4.12648116,-274.5324253,278.6589065,1
14420.57896,-27651.96978,13231.39082,7.914136004,-280.4908962,272.5767602,1
15299.97254,-27606.44505,12306.4725,19.94350675,-286.0507741,266.1072674,1
16157.62403,-27521.69004,11364.06602,31.94453668,-291.2041582,259.2596216,1
16992.31464,-27397.82521,10405.51057,43.90017167,-295.9437253,252.0435537,1
17802.85825,-27235.02657,9432.168323,55.79342212,-300.2627402,244.4693181,1
18588.10302,-27033.52547,8445.422449,67.60738706,-304.1550653,236.5476782,1
19346.93308,-26793.60825,7446.675168,79.32527821,-307.6151694,228.2898911,1
20078.27009,-26515.61584,6437.345754,90.9304438,-310.6381355,219.7076917,1
20781.07477,-26199.94329,5418.868519,102.4063922,-313.2196678,210.8132755,1
21454.34842,-25847.03919,4392.690776,113.7368156,-315.3560978,201.6192822,1
22097.13426,-25457.40504,3360.270779,124.9056127,-317.0443895,192.1387768,1
22708.51886,-25031.59451,2323.075653,135.8969121,-318.2821439,182.3852317,1
23287.63342,-24570.21273,1282.579309,146.6950946,-319.0676018,172.3725072,1
23833.65497,-24073.91532,240.2603502,157.2848153,-319.3996473,162.114832,1
24345.8076,-23543.40757,-802.4000319,167.6510257,-319.2778084,151.6267827,1
24823.3635,-22979.44334,-1843.92016,177.7789948,-318.7022582,140.9232634,1
25265.64405,-22382.82407,-2882.819976,187.6543302,-317.6738147,130.0194845,1
25672.02073,-21754.39758,-3917.623147,197.2629986,-316.1939394,118.9309408,1
26041.91606,-21095.0569,-4946.859162,206.5913454,-314.2647351,107.6733897,1
26374.80441,-20405.73899,-5969.065419,215.6261146,-311.8889435,96.26282884,1
26670.21272,-19687.42341,-6982.789307,224.3544673,-309.0699406,84.71547322,1
26927.72119,-18941.13092,-7986.59027,232.7640001,-305.8117324,73.04773228,1
27146.9639,-18167.92205,-8979.04185,240.8427625,-302.118949,61.27618651,1
27327.62929,-17368.89557,-9958.733722,248.5792741,-297.996838,49.41756393,1
27469.46062,-16545.18694,-10924.27369,255.9625409,-293.4512572,37.48871629,1
27572.25635,-15697.96669,-11874.28966,262.982071,-288.4886662,25.50659512,1
27635.87039,-14828.43877,-12807.43162,269.6278892,-283.1161169,13.4882277,1
27660.21235,-13937.83883,-13722.37352,275.8905514,-277.3412442,1.450692757,1
27645.24763,-13027.43246,-14617.81517,281.761158,-271.1722543,-10.58890369,1
27590.9975,-12098.51339,-15492.48411,287.2313666,-264.6179139,-22.61345274,1
27497.53906,-11152.40167,-16345.13739,292.2934038,-257.6875369,-34.60586682,1
27365.0051,-10190.44178,-17174.56332,296.9400759,-250.3909719,-46.54910408,1
27193.58398,-9214.000715,-17979.58327,301.16478,-242.7385875,-58.42619251,1
26983.51929,-8224.466051,-18759.05324,304.9615125,-234.7412584,-70.22025413,1
26735.10954,-7223.24397,-19511.86557,308.324878,-226.4103491,-81.91452892,1
26448.70773,-6211.757264,-20236.95047,311.2500969,-217.7576982,-93.49239868,1
26124.72087,-5191.443311,-20933.27756,313.7330124,-208.7956018,-104.9374106,1
25763.60934,-4163.752034,-21599.85731,315.7700962,-199.5367954,-116.2333008,1
25365.88632,-3130.143836,-22235.74249,317.3584534,-189.9944363,-127.364017,1
24932.11699,-2092.087534,-22840.02946,318.4958268,-180.1820847,-138.3137421,1
24462.91775,-1051.05826,-23411.85949,319.1806002,-170.1136845,-149.0669157,1
23958.95537,-8.535374748,-23950.42,319.4118006,-159.8035435,-159.6082571,1
23420.946,1033.99964,-24454.94564,319.1890993,-149.2663128,-169.9227864,1
22849.65419,2075.065284,-24924.71947,318.5128128,-138.5169666,-179.9958462,1
22245.89177,3113.182147,-25359.07391,317.3839022,-127.5707802,-189.813122,1
21610.51671,4146.875007,-25757.39172,315.8039717,-116.4433087,-199.3606629,1
20944.43194,5174.674932,-26119.10687,313.7752664,-105.1503649,-208.6249015,1
20248.58397,6195.12136,-26443.70533,311.3006694,-93.70799672,-217.5926726,1
19523.96166,7206.764182,-26730.72585,308.383697,-82.13246432,-226.2512327,1
18771.59474,8208.165797,-26979.76054,305.0284946,-70.44021719,-234.5882774,1
17992.55235,9197.90316,-27190.45551,301.2398299,-58.64787066,-242.5919593,1
17187.94156,10174.5698,-27362.51136,297.023087,-46.77218229,-250.2509047,1
16358.90576,11136.77782,-27495.68358,292.3842581,-34.8300281,-257.55423,1
15506.62306,12083.15987,-27589.78293,287.3299351,-22.83837853,-264.4915565,1
14632.30461,13012.37108,-27644.67569,281.8673005,-10.81427437,-271.0530261,1
13737.19285,13923.09101,-27660.28385,276.0041171,1.225197461,-277.2293145,1
12822.55978,14814.02546,-27636.58524,269.7487167,13.26292822,-283.0116449,1
11889.70516,15683.90837,-27573.61353,263.1099886,25.28181163,-288.3918003,1
10939.95461,16531.50359,-27471.4582,256.0973669,37.26476821,-293.3621351,1
9974.657791,17355.60663,-27330.26443,248.7208168,49.19476951,-297.9155863,1
8995.186437,18155.04642,-27150.23285,240.9908208,61.05486235,-302.0456831,1
8002.932431,18928.68688,-26931.61931,232.9183636,72.82819289,-305.7465565,1
6999.30582,19675.42865,-26674.73447,224.5149167,84.49803058,-309.0129473,1
5985.732812,20394.21055,-26379.94337,215.7924218,96.04779195,-311.8402138,1
4963.65375,21084.01117,-26047.66492,206.7632741,107.4610642,-314.2243383,1
3934.521065,21743.85025,-25678.37132,197.4403045,118.7216283,-316.1619328,1
2899.79721,22372.79013,-25272.58734,187.8367613,129.8134825,-317.6502439,1
1860.952585,22969.93706,-24830.88964,177.9662919,140.7208647,-318.6871566,1
819.4634436,23534.44244,-24353.90589,167.8429226,151.4282748,-319.2711974,1
-223.1901997,24065.5041,-23842.3139,157.4810394,161.920497,-319.4015364,1
-1265.526678,24562.36735,-23296.84068,146.895367,172.1826214,-319.0779883,1
-2306.064773,25024.32614,-22718.26137,136.1009482,182.2000648,-318.301013,1
-3343.325824,25450.724,-22107.39817,125.1131225,191.958592,-317.0717145,1
-4375.835826,25840.95498,-21465.11915,113.9475042,201.4443355,-315.3918397,1
-5402.127526,26194.46455,-20792.33702,102.6199603,210.6438156,-313.2637759,1
-6420.742507,26510.75035,-20090.00784,91.14658785,219.5439593,-310.6905471,1
-7430.233261,26789.36292,-19359.12966,79.54369107,228.132119,-307.67581,1
-8429.165248,27029.90635,-18600.7411,67.82775836,236.3960905,-304.2238488,1
-9416.118929,27232.0388,-17815.91987,56.0154387,244.3241302,-300.3395689,1
-10389.69179,27395.47303,-17005.78124,44.12351802,251.9049719,-296.0284899,1
-11348.50033,27519.97679,-16171.47646,32.16889542,259.1278429,-291.2967383,1
-12291.18203,27605.37316,-15314.19113,20.16855906,265.9824791,-286.1510381,1
-13216.39729,27651.54079,-14435.1435,8.139562064,272.4591396,-280.5987017,1
-14122.83133,27658.41407,-13535.58274,-3.90100169,278.5486207,-274.6476191,1
-15009.19604,27625.98322,-12616.78717,-15.93602191,284.2422691,-268.3062472,1
-15874.23187,27554.29434,-11680.06247,-27.94839617,289.5319936,-261.5835974,1
-16716.70955,27443.4493,-10726.73975,-39.92105422,294.4102773,-254.4892231,1
-17535.43187,27293.60562,-9758.173746,-51.83698228,298.8701879,-247.0332056,1
-18329.23538,27104.97623,-8775.740846,-63.67924715,302.9053876,-239.2261404,1
-19096.99205,26877.82918,-7780.837138,-75.43102032,306.5101421,-231.0791218,1
-19837.61084,26612.48727,-6774.876434,-87.07560188,309.679329,-222.6037271,1
-20550.0393,26309.32756,-5759.28826,-98.59644425,312.4084446,-213.8120004,1
-21233.26503,25968.78086,-4735.515823,-109.9771757,314.6936107,-204.716435,1
-21886.31714,25591.33109,-3705.013958,-121.2016235,316.53158,-195.3299565,1
-22508.26758,25177.51465,-2669.247066,-132.2538372,317.9197406,-185.6659034,1
-23098.23255,24727.91958,-1629.687027,-143.118111,318.8561198,-175.7380088,1
-23655.37366,24243.18478,-587.8111146,-153.7790061,319.3393871,-165.560381,1
-24178.8992,23723.99909,454.90011,-164.2213728,319.3688555,-155.1474827,1
-24668.06519,23171.1003,1496.964897,-174.430372,318.9444834,-144.5141115,1
-25122.17652,22585.27411,2536.902414,-184.391496,318.0668737,-133.6753777,1
-25540.58786,21967.353,3573.234855,-194.0905897,316.7372736,-122.6466839,1
-25922.70462,21318.21509,4604.489533,-203.51387,314.9575725,-111.4437025,1
-26267.9838,20638.78283,5629.200979,-212.6479459,312.7302994,-100.0823535,1
-26575.93475,19930.02172,6645.913023,-221.4798375,310.0586195,-88.578782,1
-26846.11983,19192.93897,7653.180861,-229.9969941,306.9463293,-76.94933518,1
-27078.15511,18428.582,8649.573111,-238.1873124,303.3978516,-65.21053915,1
-27271.71084,17638.037,9633.673843,-246.0391536,299.4182289,-53.37907538,1
-27426.51199,16822.42739,10604.0846,-253.5413596,295.0131166,-41.47175702,1
-27542.33856,15982.91219,11559.42637,-260.6832694,290.1887744,-29.50550502,1
-27619.02596,15120.6844,12498.34156,-267.4547341,284.9520582,-17.49732408,1
-27656.46521,14236.96928,13419.49593,-273.8461309,279.3104094,-5.464278495,1
-27654.60311,13333.02266,14321.58045,-279.8483775,273.2718453,6.576532134,1
-27613.44231,12410.12908,15203.31323,-285.4529441,266.844947,18.60799715,1
-27533.0413,11469.60003,16063.44127,-290.6518665,260.0388473,30.61301918,1
-27413.51433,10512.77205,16900.74228,-295.4377567,252.8632183,42.57453844,1
-27255.03125,9541.004839,17714.02641,-299.8038137,245.3282568,54.47555695,1
-27057.81728,8555.679343,18502.13794,-303.7438331,237.4446704,66.29916271,1
-26822.15268,7558.195758,19263.95692,-307.2522158,229.2236621,78.02855374,1
-26548.37232,6549.971564,19998.40076,-310.3239764,220.6769144,89.64706192,1
-26236.86528,5532.439502,20704.42578,-312.9547496,211.8165728,101.1381767,1
-25888.07422,4507.04554,21381.02868,-315.1407969,202.6552283,112.4855686,1
-25502.49478,3475.24682,22027.24796,-316.879012,193.2058996,123.6731124,1
-25080.67491,2438.509585,22642.16532,-318.1669246,183.4820147,134.6849099,1
-24623.21402,1398.307093,23224.90693,-319.0027046,173.4973918,145.5053128,1
-24130.7622,356.117531,23774.64467,-319.3851644,163.2662197,156.1189447,1
-23604.01925,-686.5780938,24290.59734,-319.3137603,152.8030373,166.510723,1
-23043.73369,-1728.298053,24772.03174,-318.7885939,142.1227135,176.6658804,1
-22450.70173,-2767.562007,25218.26373,-317.8104115,131.2404255,186.569986,1
-21825.76609,-3802.893104,25628.65919,-316.380603,120.1716376,196.2089654,1
-21169.81484,-4832.820081,26002.63492,-314.5012005,108.9320793,205.5691212,1
-20483.78013,-5855.879357,26339.65949,-312.1748745,97.53772257,214.6371519,1
-19768.63685,-6870.617107,26639.25395,-309.4049309,86.00475938,223.4001716,1
-19025.40125,-7875.591335,26900.99258,-306.195306,74.34957872,231.8457273,1
-18255.12951,-8869.373916,27124.50343,-302.5505609,62.58874324,239.9618176,1
-17458.91624,-9850.552632,27309.46887,-298.4758748,50.73896573,247.7369091,1
-16637.89289,-10817.73317,27455.62606,-293.9770382,38.81708538,255.1599528,1
-15793.22618,-11769.54112,27562.76731,-289.0604441,26.84004382,262.2204002,1
-14926.11644,-12704.62391,27630.74035,-283.7330793,14.82486109,268.9082182,1
-14037.79587,-13621.65274,27659.44861,-278.0025142,2.788611423,275.2139028,1
-13129.52682,-14519.32445,27648.85127,-271.8768924,-9.251601013,281.1284934,1
-12202.6,-15396.3634,27598.9634,-265.3649187,-21.27866642,286.6435851,1
-11258.33261,-16251.52328,27509.85589,-258.4758469,-33.27549367,291.7513405,1
-10298.06652,-17083.58886,27381.65538,-251.2194667,-45.22503463,296.4445013,1
-9323.166311,-17891.37772,27214.54403,-243.60609,-57.11030834,300.7163983,1
-8335.017373,-18673.74195,27008.75932,-235.6465356,-68.91442518,304.5609608,1
-7335.023919,-19429.56978,26764.5937,-227.3521147,-80.62061085,307.9727255,1
-6324.606995,-20157.78712,26482.39412,-218.7346139,-92.21223022,310.9468441,1
-5305.202458,-20857.35915,26162.5616,-209.8062793,-103.672811,313.4790902,1
-4278.258938,-21527.29172,25805.55066,-200.5797985,-114.986067,315.5658654,1
-3245.235778,-22166.63284,25411.86862,-191.0682828,-126.1359215,317.2042043,1
-0.379961609,-0.038084467,0.418046075,-532.0104129,227.9203581,304.0900548,2
-0.369766036,-0.055422402,0.425188438,-529.9749191,209.5645028,320.4104162,2
-0.359045005,-0.072681579,0.431726584,-527.1863019,190.9108449,336.275457,2
-0.347813752,-0.089837471,0.437651223,-523.6485241,171.9858922,351.6626318,2
-0.336088237,-0.1068657,0.442953936,-519.3666131,152.8165382,366.5500749,2
-0.323885121,-0.123742066,0.447627187,-514.3466537,133.4300235,380.9166302,2
-0.311221748,-0.140442588,0.451664336,-508.5957796,113.8538974,394.7418822,2
-0.298116111,-0.156943534,0.455059644,-502.1221631,94.11597874,408.0061843,2
-0.284586834,-0.173221454,0.457808289,-494.9350035,74.2443161,420.6906874,2
-0.270653145,-0.189253217,0.459906362,-487.0445141,54.26714822,432.7773659,2
-0.256334842,-0.205016041,0.461350883,-478.4619079,34.21286375,444.2490441,2
-0.241652274,-0.220487526,0.4621398,-469.1993811,14.10996093,455.0894202,2
-0.226626304,-0.235645686,0.46227199,-459.2700963,-6.012992912,465.2830892,2
-0.211278286,-0.250468981,0.461747267,-448.6881636,-26.12740196,474.8155655,2
-0.19563003,-0.264936345,0.460566375,-437.4686204,-46.20468255,483.673303,2
-0.179703773,-0.279027221,0.458730994,-425.6274104,-66.21630375,491.8437142,2
-0.163522147,-0.292721583,0.456243731,-413.1813606,-86.13382796,499.3151885,2
-0.147108148,-0.305999972,0.45310812,-400.1481574,-105.9289513,506.0771087,2
-0.130485099,-0.318843519,0.449328618,-386.5463218,-125.5735438,512.1198656,2
-0.113676624,-0.331233971,0.444910596,-372.3951828,-145.0396894,517.4348722,2
-0.096706609,-0.343153722,0.439860331,-357.7148498,-164.2997257,522.0145754,2
-0.079599168,-0.354585833,0.434185,-342.5261844,-183.3262831,525.8524674,2
-0.062378612,-0.365514057,0.427892669,-326.8507706,-202.0923238,528.9430943,2
-0.045069413,-0.375922866,0.420992279,-310.7108839,-220.5711802,531.2820641,2
-0.027696167,-0.385797469,0.413493636,-294.1294601,-238.736593,532.866053,2
-0.010283564,-0.395123832,0.405407396,-277.1300622,-256.5627479,533.6928101,2
0.007143652,-0.403888702,0.396745049,-259.7368473,-274.0243132,533.7611605,2
0.024560717,-0.412079624,0.387518907,-241.9745322,-291.0964749,533.0710071,2
0.04194288,-0.419684959,0.377742079,-223.868358,-307.7549726,531.6233306,2
0.05926544,-0.426693898,0.367428458,-205.4440546,-323.9761337,529.4201883,2
0.076503781,-0.433096482,0.356592702,-186.727804,-339.7369069,526.4647109,2
0.093633405,-0.438883613,0.345250208,-167.746203,-355.0148954,522.7610984,2
0.110629971,-0.444047065,0.333417094,-148.5262254,-369.7883883,518.3146137,2
0.127469326,-0.448579503,0.321110177,-129.0951839,-384.0363917,513.1315756,2
0.14412754,-0.452474484,0.308346944,-109.4806911,-397.7386583,507.2193495,2
0.160580941,-0.455726474,0.295145534,-89.71062029,-410.8757166,500.5863369,2
0.176806147,-0.458330853,0.281524705,-69.81306575,-423.428898,493.2419637,2
0.192780103,-0.460283917,0.267503815,-49.81630302,-435.3803637,485.1966667,2
0.208480107,-0.461582894,0.253102787,-29.7487486,-446.7131301,476.4618787,2
0.22388385,-0.462225935,0.238342086,-9.638919577,-457.4110928,467.0500123,2
0.238969441,-0.462212129,0.223242688,10.48460688,-467.4590492,456.9744423,2
0.253715444,-0.461541493,0.20782605,30.59323413,-476.8427207,446.2494866,2
0.268100903,-0.460214982,0.192114079,50.65838673,-485.5487727,434.8903859,2
0.282105376,-0.458234481,0.176129104,70.65155098,-493.5648332,422.9132822,2
0.295708962,-0.455602803,0.15989384,90.54431552,-500.8795112,410.3351956,2
0.30889233,-0.452323688,0.143431358,110.3084116,-507.4824119,397.1740003,2
0.321636744,-0.448401797,0.126765053,129.9157534,-513.3641524,383.4483989,2
0.333924096,-0.443842702,0.109918607,149.3384779,-518.5163743,369.1778964,2
0.345736922,-0.438652883,0.092915961,168.5489841,-522.931756,354.3827719,2
0.357058438,-0.432839714,0.075781276,187.5199731,-526.6040232,339.0840501,2
0.367872554,-0.426411455,0.058538901,206.2244859,-529.5279572,323.3034713,2
0.378163903,-0.419377243,0.04121334,224.6359424,-531.699403,307.0634606,2
0.38791786,-0.411747073,0.023829213,242.728179,-533.1152748,290.3870958,2
0.397120565,-0.403531788,0.006411223,260.4754855,-533.7735607,273.2980752,2
0.40575894,-0.394743062,-0.011015878,277.8526421,-533.6733251,255.820683,2
0.413820709,-0.385393384,-0.028427325,294.8349549,-532.8147106,237.9797556,2
0.421294417,-0.375496042,-0.045798375,311.3982911,-531.1989372,219.800646,2
0.428169441,-0.365065099,-0.063104343,327.5191133,-528.828301,201.3091876,2
0.434436014,-0.354115378,-0.080320636,343.174513,-525.7061709,182.5316579,2
0.44008523,-0.34266244,-0.097422789,358.3422428,-521.8369835,163.4947407,2
0.44510906,-0.33072256,-0.114386499,373.0007487,-517.2262372,144.2254885,2
0.449500365,-0.318312705,-0.13118766,387.1292002,-511.8804842,124.751284,2
0.453252907,-0.305450511,-0.147802396,400.7075198,-505.8073209,105.0998011,2
0.456361351,-0.292154254,-0.164207096,413.7164122,-499.0153778,85.29896565,2
0.45882128,-0.278442831,-0.180378449,426.1373909,-491.5143066,65.37691568,2
0.4606292,-0.264335725,-0.196293475,437.952805,-483.3147666,45.36196155,2
0.46178254,-0.249852983,-0.211929557,449.1458643,-474.4284098,25.28254558,2
0.462279662,-0.235015187,-0.227264475,459.7006627,-464.8678644,5.167201728,2
0.462119859,-0.219843421,-0.242276438,469.6022013,-454.6467163,-14.955485,2
0.461303359,-0.204359245,-0.256944113,478.8364094,-443.7794903,-35.05691916,2
0.459831321,-0.188584664,-0.271246656,487.3901649,-432.2816293,-55.10853552,2
0.457705838,-0.172542094,-0.285163743,495.2513122,-420.1694726,-75.08183964,2
0.454929929,-0.156254332,-0.298675597,502.4086803,-407.460232,-94.94844835,2
0.451507541,-0.139744524,-0.311763016,508.8520982,-394.1719681,-114.6801301,2
0.447443535,-0.123036132,-0.324407403,514.5724095,-380.3235643,-134.2488452,2
0.442743688,-0.106152898,-0.33659079,519.5614851,-365.9346999,-153.6267852,2
0.437414678,-0.089118816,-0.348295862,523.8122355,-351.0258223,-172.7864133,2
0.431464077,-0.07195809,-0.359505987,527.31862,-335.6181177,-191.7005023,2
0.424900343,-0.054695108,-0.370205234,530.0756559,-319.7334815,-210.3421745,2
0.417732802,-0.037354402,-0.3803784,532.0794253,-303.3944864,-228.6849389,2
0.409971639,-0.019960613,-0.390011027,533.3270808,-286.6243513,-246.7027295,2
0.401627885,-0.002538458,-0.399089426,533.8168492,-269.4469072,-264.369942,2
0.392713395,0.014887303,-0.407600698,533.5480347,-251.8865643,-281.6614704,2
0.383240838,0.032291909,-0.415532747,532.5210193,-233.9682768,-298.5527424,2
0.373223675,0.049650626,-0.422874302,530.7372623,-215.7175077,-315.0197547,2
0.362676141,0.066938787,-0.429614928,528.1992987,-197.1601921,-331.0391066,2
0.351613224,0.084131825,-0.435745049,524.9107349,-178.3227011,-346.5880338,2
0.340050645,0.101205306,-0.441255952,520.8762443,-159.2318038,-361.6444405,2
0.328004836,0.118134969,-0.446139806,516.10156,-139.9146294,-376.1869306,2
0.315492914,0.134896756,-0.450389671,510.5934672,-120.3986286,-390.1948386,2
0.30253266,0.151466848,-0.453999507,504.3597931,-100.7115348,-403.6482583,2
0.289142489,0.167821696,-0.456964186,497.4093962,-80.88132443,-416.5280717,2
0.275341432,0.183938061,-0.459279493,489.7521532,-60.93617724,-428.815976,2
0.261149099,0.19979304,-0.460942139,481.3989457,-40.90443641,-440.4945093,2
0.246585659,0.215364101,-0.461949761,472.3616439,-20.81456814,-451.5470758,2
0.231671808,0.230629119,-0.462300927,462.6530904,-0.695121228,-461.9579692,2
0.216428738,0.2455664,-0.461995138,452.2870815,19.42531349,-471.712395,2
0.200878111,0.260154718,-0.461032829,441.278348,39.51814377,-480.7964917,2
0.185042025,0.274373342,-0.459415367,429.6425337,59.55481661,-489.1973503,2
0.168942985,0.288202066,-0.457145051,417.3961739,79.5068588,-496.9030327,2
0.152603867,0.301621239,-0.454225106,404.5566713,99.34591738,-503.9025887,2
0.136047891,0.314611792,-0.450659683,391.1422716,119.0438,-510.1860716,2
0.119298583,0.327155265,-0.446453847,377.1720372,138.5725148,-515.7445521,2
0.102379745,0.339233832,-0.441613577,362.6658208,157.9043106,-520.5701314,2
0.08531542,0.350830329,-0.436145749,347.6442364,177.0117156,-524.655952,2
0.068129858,0.361928277,-0.430058134,332.1286305,195.8675773,-527.9962078,2
0.050847479,0.372511905,-0.423359383,316.1410517,214.4451005,-530.5861522,2
0.033492843,0.382566173,-0.416059016,299.7042191,232.7178855,-532.4221045,2
0.016090612,0.392076794,-0.408167405,282.8414904,250.6599656,-533.501456,2
-0.001334485,0.401030252,-0.399695767,265.5768285,268.2458442,-533.8226726,2
-0.018757686,0.409413824,-0.390656139,247.9347673,285.4505307,-533.3852981,2
-0.03615423,0.417215597,-0.381061367,229.9403774,302.2495765,-532.1899538,2
-0.053499398,0.424424484,-0.370925086,211.6192295,318.619109,-530.2383385,2
-0.07076854,0.43103024,-0.3602617,192.9973592,334.5358664,-527.5332255,2
-0.087937116,0.437023479,-0.349086363,174.101229,349.97723,-524.0784589,2
-0.104980728,0.442395683,-0.337414955,154.9576915,364.9212568,-519.8789482,2
-0.121875158,0.447139219,-0.325264061,135.5939506,379.3467105,-514.940661,2
-0.138596396,0.451247346,-0.31265095,116.0375232,393.2330918,-509.270615,2
-0.155120681,0.454714225,-0.299593545,96.31620025,406.5606673,-502.8768676,2
-0.17142453,0.457534931,-0.2861104,76.45800667,419.3104979,-495.7685046,2
-0.187484777,0.459705454,-0.272220678,56.49116208,431.4644653,-487.9556274,2
-0.203278597,0.461222711,-0.257944114,36.44404046,443.0052981,-479.4493386,2
-0.218783547,0.462084545,-0.243300998,16.34512986,453.9165962,-470.2617261,2
-0.233977594,0.462289732,-0.228312138,-3.777008059,464.1828539,-460.4058459,2
-0.248839146,0.46183798,-0.212998834,-23.89377865,473.7894824,-449.8957038,2
-0.263347083,0.460729931,-0.197382847,-43.97659487,482.7228301,-438.7462353,2
-0.27748079,0.458967159,-0.181486369,-63.99691794,490.9702023,-426.9732843,2
-0.291220182,0.45655217,-0.165331988,-83.92629789,498.5198789,-414.593581,2
-0.304545734,0.453488395,-0.148942661,-103.736414,505.3611315,-401.6247175,2
-0.31743851,0.449780188,-0.132341678,-123.3991149,511.4842383,-388.0851234,2
-0.329880188,0.445432819,-0.115552631,-142.886459,516.880498,-373.994039,2
-0.341853089,0.440452466,-0.098599378,-162.1707536,521.5422422,-359.3714886,2
-0.353340197,0.434846206,-0.081506009,-181.2245947,525.4628464,-344.2382517,2
-0.36432519,0.428622005,-0.064296815,-200.0209057,528.6367391,-328.6158334,2
-0.374792457,0.421788709,-0.046996253,-218.5329761,531.05941,-312.526434,2
-0.384727123,0.414356029,-0.029628906,-236.7344991,532.7274165,-295.9929174,2
-0.394115071,0.406334525,-0.012219455,-254.5996095,533.6383882,-279.0387787,2
-0.40294296,0.397735598,0.005207361,-272.1029199,533.7910305,-261.6881107,2
-0.411198244,0.388571467,0.022626777,-289.2195571,533.1851266,-243.9655695,2
-0.418869194,0.378855155,0.040014039,-305.9251976,531.8215374,-225.8963399,2
-0.425944907,0.368600469,0.057344439,-322.1961016,529.7022008,-207.5060992,2
-0.43241533,0.357821981,0.074593349,-338.0091473,526.8301283,-188.820981,2
-0.438271267,0.346535009,0.091736258,-353.3418635,523.2094013,-169.8675379,2
-0.443504396,0.334755592,0.108748804,-368.1724616,518.8451652,-150.6727036,2
-0.448107281,0.322500468,0.125606813,-382.4798664,513.7436217,-131.2637553,2
-0.452073381,0.309787054,0.142286328,-396.2437465,507.9120204,-111.6682739,2
-0.455397061,0.296633415,0.158763646,-409.4445425,501.3586484,-91.91410588,2
-0.458073596,0.283058244,0.175015352,-422.0634954,494.0928183,-72.02932284,2
-0.460099183,0.269080832,0.191018351,-434.082673,486.1248552,-52.04218218,2
-0.461470945,0.254721041,0.206749903,-445.4849954,477.4660821,-31.98108674,2
-0.46218693,0.239999278,0.222187653,-456.2542592,468.1288036,-11.87454443,2
-0.462246123,0.224936462,0.237309661,-466.3751607,458.1262884,8.248872262,2
-0.461648439,0.209554,0.252094439,-475.8333176,447.4727508,28.36056685,2
-0.460394728,0.19387375,0.266520978,-484.6152893,436.1833298,48.43195953,2
-0.45848677,0.177917994,0.280568775,-492.7085962,424.2740685,68.43452774,2
-0.455927277,0.161709408,0.294217869,-500.1017372,411.7618905,88.33984674,2
-0.452719887,0.145271023,0.307448863,-506.7842063,398.6645763,108.11963,2
-0.448869157,0.128626201,0.320242956,-512.7465073,385.000738,127.7457693,2
-0.444380559,0.111798593,0.332581966,-517.9801674,370.7897925,147.1903749,2
-0.439260472,0.094812114,0.344448358,-522.4777494,356.0519345,166.425815,2
-0.433516172,0.077690901,0.355825271,-526.2328619,340.8081071,185.4247548,2
-0.427155822,0.060459286,0.366696537,-529.2401688,325.0799728,204.1601959,2
-0.42018846,0.043141754,0.377046706,-531.4953963,308.8898821,222.6055142,2
-0.412623988,0.025762916,0.386861072,-532.9953399,292.260842,240.7344979,2
-0.404473154,0.008347467,0.396125687,-533.7378679,275.2164832,258.5213847,2
-0.395747541,-0.009079844,0.404827385,-533.7219252,257.7810267,275.9408985,2
-0.38645955,-0.026494252,0.412953802,-532.9475344,239.9792492,292.9682851,2
-0.376622379,-0.04387101,0.420493389,-531.415796,221.8364482,309.5793478,2
-0.366250006,-0.061185426,0.427435432,-529.1288867,203.3784054,325.7504813,2
-0.355357172,-0.078412893,0.433770065,-526.0900563,184.6313507,341.4587055,2
-0.343959356,-0.095528931,0.439488288,-522.3036231,165.6219248,356.6816983,2
-0.332072756,-0.112509218,0.444581973,-517.7749679,146.3771411,371.3978268,2
-0.319714261,-0.129329623,0.449043884,-512.5105261,126.9243475,385.5861787,2
-0.306901435,-0.145966243,0.452867678,-506.5177789,107.2911874,399.2265915,2
-0.293652486,-0.162395437,0.456047923,-499.8052421,87.50556065,412.2996815,2
-0.27998624,-0.178593859,0.458580098,-492.3824548,67.59558373,424.7868711,2
-0.265922118,-0.194538488,0.460460606,-484.259965,47.58954978,436.6704153,2
-0.251480107,-0.210206668,0.461686775,-475.4493154,27.51588848,447.9334269,2
-0.236680728,-0.225576133,0.462256861,-465.9630262,7.4031256,458.5599006,2
-0.221545013,-0.240625042,0.462170055,-455.8145781,-12.72015753,468.5347357,2
-0.206094471,-0.255332009,0.46142648,-445.0183926,-32.82536462,477.8437572,2
-0.190351057,-0.269676136,0.460027193,-433.5898115,-52.88392507,486.4737366,2
-0.174337144,-0.283637038,0.457974182,-421.5450756,-72.86733457,494.4124102,2
-0.158075488,-0.297194877,0.455270365,-408.9013011,-92.7471956,501.6484967,2
-0.141589198,-0.310330385,0.451919583,-395.6764554,-112.4952578,508.1717132,2
-0.124901703,-0.323024896,0.447926599,-381.8893319,-132.0834581,513.97279,2
-0.108036715,-0.335260372,0.443297087,-367.5595227,-151.4839605,519.0434833,2
-0.091018201,-0.347019425,0.438037625,-352.7073914,-170.669196,523.3765873,2
-0.073870345,-0.358285343,0.432155688,-337.3540435,-189.6119012,526.9659447,2
-0.056617516,-0.369042119,0.425659635,-321.5212971,-208.2851575,529.8064545,2
-0.039284229,-0.379274466,0.418558695,-305.2316513,-226.6624292,531.8940804,2
-0.021895118,-0.388967842,0.410862961,-288.5082546,-244.7176011,533.2258558,2
-0.004474893,-0.398108475,0.402583368,-271.3748719,-262.425016,533.799888,2
0.012951692,-0.406683373,0.393731682,-253.8558507,-279.7595106,533.6153613,2
0.030359871,-0.414680352,0.384320481,-235.9760865,-296.6964516,532.672538,2
0.047724907,-0.422088048,0.37436314,-217.7609872,-313.2117707,530.972758,2
0.065022124,-0.428895933,0.363873809,-199.2364378,-329.2819987,528.5184365,2
0.082226941,-0.435094334,0.352867393,-180.4287624,-344.884299,525.3130614,2
0.099314908,-0.440674442,0.341359533,-161.3646879,-359.9964999,521.3611878,2
0.116261744,-0.445628327,0.329366583,-142.0713053,-374.597126,516.6684313,2
0.133043365,-0.44994895,0.316905585,-122.5760317,-388.6654291,511.2414608,2
0.149635925,-0.453630171,0.303994246,-102.9065708,-402.1814174,505.0879881,2
0.166015844,-0.456666759,0.290650916,-83.09087399,-415.1258838,498.2167578,2
0.182159845,-0.459054398,0.276894554,-63.15710054,-427.4804337,490.6375342,2
0.198044987,-0.460789696,0.26274471,-43.13357739,-439.2275105,482.3610879,2
0.213648696,-0.461870187,0.248221491,-23.04875906,-450.3504209,473.39918,2
0.228948799,-0.462294335,0.233345536,-2.931187193,-460.8333588,463.764546,2
0.243923553,-0.462061537,0.218137984,17.19055006,-470.6614272,453.4708772,2
0.258551678,-0.461172124,0.202620446,37.28785859,-479.82066,442.5328014,2
0.272812387,-0.459627361,0.186814974,57.33217904,-488.2980414,430.9658624,2
0.286685415,-0.457429442,0.170744027,77.29502732,-496.0815246,418.7864973,2
0.300151047,-0.454581491,0.154430444,97.14803515,-503.1600487,406.0120136,2
0.313190148,-0.451087554,0.137897406,116.8629903,-509.5235549,392.6605646,2
0.325784189,-0.446952598,0.121168409,136.4118767,-515.1630003,378.7511235,2
0.337915272,-0.442182497,0.104267225,155.7669144,-520.0703708,364.3034564,2
0.34956616,-0.436784031,0.087217871,174.9005988,-524.2386929,349.3380941,2
0.360720295,-0.430764871,0.070044576,193.7857399,-527.6620431,333.8763032,2
0.371361826,-0.42413357,0.052771744,212.3955008,-530.3355567,317.9400558,2
0.381475633,-0.416899553,0.03542392,230.7034361,-532.2554344,301.5519983,2
0.391047341,-0.409073098,0.018025757,248.6835292,-533.418948,284.7354188,2
0.40006335,-0.400665328,0.000601978,266.3102294,-533.8244442,267.5142147,2
0.408510847,-0.391688191,-0.016822656,283.5584882,-533.4713465,249.9128583,2
0.416377827,-0.382154443,-0.034223384,300.4037949,-532.3601569,231.956362,2
0.423653112,-0.372077633,-0.051575479,316.8222113,-530.4924544,213.6702431,2
0.430326363,-0.36147208,-0.068854282,332.790406,-527.8708931,195.0804871,2
0.436388096,-0.350352856,-0.08603524,348.2856874,-524.4991984,176.213511,2
0.441829698,-0.338735761,-0.103093937,363.2860357,-520.3821615,157.0961258,2
0.446643435,-0.326637304,-0.120006131,377.7701347,-515.5256332,137.7554985,2
0.450822468,-0.314074678,-0.136747791,391.7174017,-509.9365148,118.2191131,2
0.454360858,-0.301065734,-0.153295124,405.1080168,-503.6227486,98.5147318,2
0.457253576,-0.287628959,-0.169624617,417.9229512,-496.593307,78.67035572,2
0.459496512,-0.273783448,-0.185713063,430.1439943,-488.8581791,58.71418476,2
0.461086478,-0.259548876,-0.201537602,441.7537792,-480.4283569,38.67457773,2
0.462021214,-0.24494547,-0.217075744,452.7358078,-471.3158198,18.580012,2
0.462299394,-0.229993984,-0.23230541,463.0744741,-461.5335172,-1.540956934,2
0.46192062,-0.214715663,-0.247204957,472.7550862,-451.0953501,-21.65973609,2
0.460885433,-0.19913222,-0.261753212,481.7638874,-440.0161519,-41.74773557,2
0.459195301,-0.183265799,-0.275929502,490.0880758,-428.3116666,-61.77640924,2
0.456852628,-0.167138948,-0.289713681,497.7158223,-415.998527,-81.71729524,2
0.453860743,-0.150774582,-0.303086161,504.6362873,-403.0942308,-101.5420565,2
0.450223897,-0.134195958,-0.316027938,510.8396365,-389.6171156,-121.2225209,2
0.445947257,-0.117426634,-0.328520623,516.3170547,-375.5863331,-140.7307216,2
0.441036903,-0.10049044,-0.340546462,521.060758,-361.0218219,-160.0389361,2
0.43549981,-0.083411444,-0.352088366,525.0640056,-345.944279,-179.1197266,2
0.429343849,-0.066213916,-0.363129933,528.3211084,-330.3751303,-197.9459781,2
0.422577767,-0.048922294,-0.373655473,530.827438,-314.3365005,-216.4909376,2
0.415211178,-0.031561151,-0.383650027,532.5794328,-297.8511813,-234.7282516,2
0.407254552,-0.014155158,-0.393099394,533.5746031,-280.9425993,-252.6320039,2
0.398719194,0.003270951,-0.401990145,533.8115347,-263.6347824,-270.1767523,2
0.389617235,0.020692411,-0.410309647,533.2898909,-245.9523261,-287.3375647,2
0.379961609,0.038084467,-0.418046075,532.0104129,-227.9203581,-304.0900548,2
0.369766036,0.055422402,-0.425188438,529.9749191,-209.5645028,-320.4104162,2
0.359045005,0.072681579,-0.431726584,527.1863019,-190.9108449,-336.275457,2
0.347813752,0.089837471,-0.437651223,523.6485241,-171.9858922,-351.6626318,2
0.336088237,0.1068657,-0.442953936,519.3666131,-152.8165382,-366.5500749,2
0.323885121,0.123742066,-0.447627187,514.3466537,-133.4300235,-380.9166302,2
0.311221748,0.140442588,-0.451664336,508.5957796,-113.8538974,-394.7418822,2
0.298116111,0.156943534,-0.455059644,502.1221631,-94.11597874,-408.0061843,2
0.284586834,0.173221454,-0.457808289,494.9350035,-74.2443161,-420.6906874,2
0.270653145,0.189253217,-0.459906362,487.0445141,-54.26714822,-432.7773659,2
0.256334842,0.205016041,-0.461350883,478.4619079,-34.21286375,-444.2490441,2
0.241652274,0.220487526,-0.4621398,469.1993811,-14.10996093,-455.0894202,2
0.226626304,0.235645686,-0.46227199,459.2700963,6.012992912,-465.2830892,2
0.211278286,0.250468981,-0.461747267,448.6881636,26.12740196,-474.8155655,2
0.19563003,0.264936345,-0.460566375,437.4686204,46.20468255,-483.673303,2
0.179703773,0.279027221,-0.458730994,425.6274104,66.21630375,-491.8437142,2
0.163522147,0.292721583,-0.456243731,413.1813606,86.13382796,-499.3151885,2
0.147108148,0.305999972,-0.45310812,400.1481574,105.9289513,-506.0771087,2
0.130485099,0.318843519,-0.449328618,386.5463218,125.5735438,-512.1198656,2
0.113676624,0.331233971,-0.444910596,372.3951828,145.0396894,-517.4348722,2
0.096706609,0.343153722,-0.439860331,357.7148498,164.2997257,-522.0145754,2
0.079599168,0.354585833,-0.434185,342.5261844,183.3262831,-525.8524674,2
0.062378612,0.365514057,-0.427892669,326.8507706,202.0923238,-528.9430943,2
0.045069413,0.375922866,-0.420992279,310.7108839,220.5711802,-531.2820641,2
0.027696167,0.385797469,-0.413493636,294.1294601,238.736593,-532.866053,2
0.010283564,0.395123832,-0.405407396,277.1300622,256.5627479,-533.6928101,2
-0.007143652,0.403888702,-0.396745049,259.7368473,274.0243132,-533.7611605,2
-0.024560717,0.412079624,-0.387518907,241.9745322,291.0964749,-533.0710071,2
-0.04194288,0.419684959,-0.377742079,223.868358,307.7549726,-531.6233306,2
-0.05926544,0.426693898,-0.367428458,205.4440546,323.9761337,-529.4201883,2
-0.076503781,0.433096482,-0.356592702,186.727804,339.7369069,-526.4647109,2
-0.093633405,0.438883613,-0.345250208,167.746203,355.0148954,-522.7610984,2
-0.110629971,0.444047065,-0.333417094,148.5262254,369.7883883,-518.3146137,2
-0.127469326,0.448579503,-0.321110177,129.0951839,384.0363917,-513.1315756,2
-0.14412754,0.452474484,-0.308346944,109.4806911,397.7386583,-507.2193495,2
-0.160580941,0.455726474,-0.295145534,89.71062029,410.8757166,-500.5863369,2
-0.176806147,0.458330853,-0.281524705,69.81306575,423.428898,-493.2419637,2
-0.192780103,0.460283917,-0.267503815,49.81630302,435.3803637,-485.1966667,2
-0.208480107,0.461582894,-0.253102787,29.7487486,446.7131301,-476.4618787,2
-0.22388385,0.462225935,-0.238342086,9.638919577,457.4110928,-467.0500123,2
-0.238969441,0.462212129,-0.223242688,-10.48460688,467.4590492,-456.9744423,2
-0.253715444,0.461541493,-0.20782605,-30.59323413,476.8427207,-446.2494866,2
-0.268100903,0.460214982,-0.192114079,-50.65838673,485.5487727,-434.8903859,2
-0.282105376,0.458234481,-0.176129104,-70.65155098,493.5648332,-422.9132822,2
-0.295708962,0.455602803,-0.15989384,-90.54431552,500.8795112,-410.3351956,2
-0.30889233,0.452323688,-0.143431358,-110.3084116,507.4824119,-397.1740003,2
-0.321636744,0.448401797,-0.126765053,-129.9157534,513.3641524,-383.4483989,2
-0.333924096,0.443842702,-0.109918607,-149.3384779,518.5163743,-369.1778964,2
-0.345736922,0.438652883,-0.092915961,-168.5489841,522.931756,-354.3827719,2
-0.357058438,0.432839714,-0.075781276,-187.5199731,526.6040232,-339.0840501,2
-0.367872554,0.426411455,-0.058538901,-206.2244859,529.5279572,-323.3034713,2
-0.378163903,0.419377243,-0.04121334,-224.6359424,531.699403,-307.0634606,2
-0.38791786,0.411747073,-0.023829213,-242.728179,533.1152748,-290.3870958,2
-0.397120565,0.403531788,-0.006411223,-260.4754855,533.7735607,-273.2980752,2
-0.40575894,0.394743062,0.011015878,-277.8526421,533.6733251,-255.820683,2
-0.413820709,0.385393384,0.028427325,-294.8349549,532.8147106,-237.9797556,2
-0.421294417,0.375496042,0.045798375,-311.3982911,531.1989372,-219.800646,2
-0.428169441,0.365065099,0.063104343,-327.5191133,528.828301,-201.3091876,2
-0.434436014,0.354115378,0.080320636,-343.174513,525.7061709,-182.5316579,2
-0.44008523,0.34266244,0.097422789,-358.3422428,521.8369835,-163.4947407,2
-0.44510906,0.33072256,0.114386499,-373.0007487,517.2262372,-144.2254885,2
-0.449500365,0.318312705,0.13118766,-387.1292002,511.8804842,-124.751284,2
-0.453252907,0.305450511,0.147802396,-400.7075198,505.8073209,-105.0998011,2
-0.456361351,0.292154254,0.164207096,-413.7164122,499.0153778,-85.29896565,2
-0.45882128,0.278442831,0.180378449,-426.1373909,491.5143066,-65.37691568,2
-0.4606292,0.264335725,0.196293475,-437.952805,483.3147666,-45.36196155,2
-0.46178254,0.249852983,0.211929557,-449.1458643,474.4284098,-25.28254558,2
-0.462279662,0.235015187,0.227264475,-459.7006627,464.8678644,-5.167201728,2
-0.462119859,0.219843421,0.242276438,-469.6022013,454.6467163,14.955485,2
-0.461303359,0.204359245,0.256944113,-478.8364094,443.7794903,35.05691916,2
-0.459831321,0.188584664,0.271246656,-487.3901649,432.2816293,55.10853552,2
-0.457705838,0.172542094,0.285163743,-495.2513122,420.1694726,75.08183964,2
-0.454929929,0.156254332,0.298675597,-502.4086803,407.460232,94.94844835,2
-0.451507541,0.139744524,0.311763016,-508.8520982,394.1719681,114.6801301,2
-0.447443535,0.123036132,0.324407403,-514.5724095,380.3235643,134.2488452,2
-0.442743688,0.106152898,0.33659079,-519.5614851,365.9346999,153.6267852,2
-0.437414678,0.089118816,0.348295862,-523.8122355,351.0258223,172.7864133,2
-0.431464077,0.07195809,0.359505987,-527.31862,335.6181177,191.7005023,2
-0.424900343,0.054695108,0.370205234,-530.0756559,319.7334815,210.3421745,2
-0.417732802,0.037354402,0.3803784,-532.0794253,303.3944864,228.6849389,2
-0.409971639,0.019960613,0.390011027,-533.3270808,286.6243513,246.7027295,2
-0.401627885,0.002538458,0.399089426,-533.8168492,269.4469072,264.369942,2
-0.392713395,-0.014887303,0.407600698,-533.5480347,251.8865643,281.6614704,2
-0.383240838,-0.032291909,0.415532747,-532.5210193,233.9682768,298.5527424,2
-0.373223675,-0.049650626,0.422874302,-530.7372623,215.7175077,315.0197547,2
-0.362676141,-0.066938787,0.429614928,-528.1992987,197.1601921,331.0391066,2
-0.351613224,-0.084131825,0.435745049,-524.9107349,178.3227011,346.5880338,2
-0.340050645,-0.101205306,0.441255952,-520.8762443,159.2318038,361.6444405,2
-0.328004836,-0.118134969,0.446139806,-516.10156,139.9146294,376.1869306,2
-0.315492914,-0.134896756,0.450389671,-510.5934672,120.3986286,390.1948386,2
-0.30253266,-0.151466848,0.453999507,-504.3597931,100.7115348,403.6482583,2
-0.289142489,-0.167821696,0.456964186,-497.4093962,80.88132443,416.5280717,2
-0.275341432,-0.183938061,0.459279493,-489.7521532,60.93617724,428.815976,2
-0.261149099,-0.19979304,0.460942139,-481.3989457,40.90443641,440.4945093,2
-0.246585659,-0.215364101,0.461949761,-472.3616439,20.81456814,451.5470758,2
-0.231671808,-0.230629119,0.462300927,-462.6530904,0.695121228,461.9579692,2
-0.216428738,-0.2455664,0.461995138,-452.2870815,-19.42531349,471.712395,2
-0.200878111,-0.260154718,0.461032829,-441.278348,-39.51814377,480.7964917,2
-0.185042025,-0.274373342,0.459415367,-429.6425337,-59.55481661,489.1973503,2
-0.168942985,-0.288202066,0.457145051,-417.3961739,-79.5068588,496.9030327,2
-0.152603867,-0.301621239,0.454225106,-404.5566713,-99.34591738,503.9025887,2
-0.136047891,-0.314611792,0.450659683,-391.1422716,-119.0438,510.1860716,2
-0.119298583,-0.327155265,0.446453847,-377.1720372,-138.5725148,515.7445521,2
-0.102379745,-0.339233832,0.441613577,-362.6658208,-157.9043106,520.5701314,2
-0.08531542,-0.350830329,0.436145749,-347.6442364,-177.0117156,524.655952,2
-0.068129858,-0.361928277,0.430058134,-332.1286305,-195.8675773,527.9962078,2
-0.050847479,-0.372511905,0.423359383,-316.1410517,-214.4451005,530.5861522,2
-0.033492843,-0.382566173,0.416059016,-299.7042191,-232.7178855,532.4221045,2
-0.016090612,-0.392076794,0.408167405,-282.8414904,-250.6599656,533.501456,2
0.001334485,-0.401030252,0.399695767,-265.5768285,-268.2458442,533.8226726,2
0.018757686,-0.409413824,0.390656139,-247.9347673,-285.4505307,533.3852981,2
0.03615423,-0.417215597,0.381061367,-229.9403774,-302.2495765,532.1899538,2
0.053499398,-0.424424484,0.370925086,-211.6192295,-318.619109,530.2383385,2
0.07076854,-0.43103024,0.3602617,-192.9973592,-334.5358664,527.5332255,2
0.087937116,-0.437023479,0.349086363,-174.101229,-349.97723,524.0784589,2
0.104980728,-0.442395683,0.337414955,-154.9576915,-364.9212568,519.8789482,2
0.121875158,-0.447139219,0.325264061,-135.5939506,-379.3467105,514.940661,2
0.138596396,-0.451247346,0.31265095,-116.0375232,-393.2330918,509.270615,2
0.155120681,-0.454714225,0.299593545,-96.31620025,-406.5606673,502.8768676,2
0.17142453,-0.457534931,0.2861104,-76.45800667,-419.3104979,495.7685046,2
0.187484777,-0.459705454,0.272220678,-56.49116208,-431.4644653,487.9556274,2
0.203278597,-0.461222711,0.257944114,-36.44404046,-443.0052981,479.4493386,2
0.218783547,-0.462084545,0.243300998,-16.34512986,-453.9165962,470.2617261,2
0.233977594,-0.462289732,0.228312138,3.777008059,-464.1828539,460.4058459,2
0.248839146,-0.46183798,0.212998834,23.89377865,-473.7894824,449.8957038,2
0.263347083,-0.460729931,0.197382847,43.97659487,-482.7228301,438.7462353,2
0.27748079,-0.458967159,0.181486369,63.99691794,-490.9702023,426.9732843,2
0.291220182,-0.45655217,0.165331988,83.92629789,-498.5198789,414.593581,2
0.304545734,-0.453488395,0.148942661,103.736414,-505.3611315,401.6247175,2
0.31743851,-0.449780188,0.132341678,123.3991149,-511.4842383,388.0851234,2
0.329880188,-0.445432819,0.115552631,142.886459,-516.880498,373.994039,2
0.341853089,-0.440452466,0.098599378,162.1707536,-521.5422422,359.3714886,2
0.353340197,-0.434846206,0.081506009,181.2245947,-525.4628464,344.2382517,2
0.36432519,-0.428622005,0.064296815,200.0209057,-528.6367391,328.6158334,2
0.374792457,-0.421788709,0.046996253,218.5329761,-531.05941,312.526434,2
0.384727123,-0.414356029,0.029628906,236.7344991,-532.7274165,295.9929174,2
0.394115071,-0.406334525,0.012219455,254.5996095,-533.6383882,279.0387787,2
0.40294296,-0.397735598,-0.005207361,272.1029199,-533.7910305,261.6881107,2
0.411198244,-0.388571467,-0.022626777,289.2195571,-533.1851266,243.9655695,2
0.418869194,-0.378855155,-0.040014039,305.9251976,-531.8215374,225.8963399,2
0.425944907,-0.368600469,-0.057344439,322.1961016,-529.7022008,207.5060992,2
0.43241533,-0.357821981,-0.074593349,338.0091473,-526.8301283,188.820981,2
0.438271267,-0.346535009,-0.091736258,353.3418635,-523.2094013,169.8675379,2
0.443504396,-0.334755592,-0.108748804,368.1724616,-518.8451652,150.6727036,2
0.448107281,-0.322500468,-0.125606813,382.4798664,-513.7436217,131.2637553,2
0.452073381,-0.309787054,-0.142286328,396.2437465,-507.9120204,111.6682739,2
0.455397061,-0.296633415,-0.158763646,409.4445425,-501.3586484,91.91410588,2
0.458073596,-0.283058244,-0.175015352,422.0634954,-494.0928183,72.02932284,2
0.460099183,-0.269080832,-0.191018351,434.082673,-486.1248552,52.04218218,2
0.461470945,-0.254721041,-0.206749903,445.4849954,-477.4660821,31.98108674,2
0.46218693,-0.239999278,-0.222187653,456.2542592,-468.1288036,11.87454443,2
0.462246123,-0.224936462,-0.237309661,466.3751607,-458.1262884,-8.248872262,2
0.461648439,-0.209554,-0.252094439,475.8333176,-447.4727508,-28.36056685,2
0.460394728,-0.19387375,-0.266520978,484.6152893,-436.1833298,-48.43195953,2
0.45848677,-0.177917994,-0.280568775,492.7085962,-424.2740685,-68.43452774,2
0.455927277,-0.161709408,-0.294217869,500.1017372,-411.7618905,-88.33984674,2
0.452719887,-0.145271023,-0.307448863,506.7842063,-398.6645763,-108.11963,2
0.448869157,-0.128626201,-0.320242956,512.7465073,-385.000738,-127.7457693,2
0.444380559,-0.111798593,-0.332581966,517.9801674,-370.7897925,-147.1903749,2
0.439260472,-0.094812114,-0.344448358,522.4777494,-356.0519345,-166.425815,2
0.433516172,-0.077690901,-0.355825271,526.2328619,-340.8081071,-185.4247548,2
0.427155822,-0.060459286,-0.366696537,529.2401688,-325.0799728,-204.1601959,2
0.42018846,-0.043141754,-0.377046706,531.4953963,-308.8898821,-222.6055142,2
0.412623988,-0.025762916,-0.386861072,532.9953399,-292.260842,-240.7344979,2
0.404473154,-0.008347467,-0.396125687,533.7378679,-275.2164832,-258.5213847,2
0.395747541,0.009079844,-0.404827385,533.7219252,-257.7810267,-275.9408985,2
0.38645955,0.026494252,-0.412953802,532.9475344,-239.9792492,-292.9682851,2
0.376622379,0.04387101,-0.420493389,531.415796,-221.8364482,-309.5793478,2
0.366250006,0.061185426,-0.427435432,529.1288867,-203.3784054,-325.7504813,2
0.355357172,0.078412893,-0.433770065,526.0900563,-184.6313507,-341.4587055,2
0.343959356,0.095528931,-0.439488288,522.3036231,-165.6219248,-356.6816983,2
0.332072756,0.112509218,-0.444581973,517.7749679,-146.3771411,-371.3978268,2
0.319714261,0.129329623,-0.449043884,512.5105261,-126.9243475,-385.5861787,2
0.306901435,0.145966243,-0.452867678,506.5177789,-107.2911874,-399.2265915,2
0.293652486,0.162395437,-0.456047923,499.8052421,-87.50556065,-412.2996815,2
0.27998624,0.178593859,-0.458580098,492.3824548,-67.59558373,-424.7868711,2
0.265922118,0.194538488,-0.460460606,484.259965,-47.58954978,-436.6704153,2
0.251480107,0.210206668,-0.461686775,475.4493154,-27.51588848,-447.9334269,2
0.236680728,0.225576133,-0.462256861,465.9630262,-7.4031256,-458.5599006,2
0.221545013,0.240625042,-0.462170055,455.8145781,12.72015753,-468.5347357,2
0.206094471,0.255332009,-0.46142648,445.0183926,32.82536462,-477.8437572,2
0.190351057,0.269676136,-0.460027193,433.5898115,52.88392507,-486.4737366,2
0.174337144,0.283637038,-0.457974182,421.5450756,72.86733457,-494.4124102,2
0.158075488,0.297194877,-0.455270365,408.9013011,92.7471956,-501.6484967,2
0.141589198,0.310330385,-0.451919583,395.6764554,112.4952578,-508.1717132,2
0.124901703,0.323024896,-0.447926599,381.8893319,132.0834581,-513.97279,2
0.108036715,0.335260372,-0.443297087,367.5595227,151.4839605,-519.0434833,2
0.091018201,0.347019425,-0.438037625,352.7073914,170.669196,-523.3765873,2
0.073870345,0.358285343,-0.432155688,337.3540435,189.6119012,-526.9659447,2
0.056617516,0.369042119,-0.425659635,321.5212971,208.2851575,-529.8064545,2
0.039284229,0.379274466,-0.418558695,305.2316513,226.6624292,-531.8940804,2
0.021895118,0.388967842,-0.410862961,288.5082546,244.7176011,-533.2258558,2
0.004474893,0.398108475,-0.402583368,271.3748719,262.425016,-533.799888,2
-0.012951692,0.406683373,-0.393731682,253.8558507,279.7595106,-533.6153613,2
-0.030359871,0.414680352,-0.384320481,235.9760865,296.6964516,-532.672538,2
-0.047724907,0.422088048,-0.37436314,217.7609872,313.2117707,-530.972758,2
-0.065022124,0.428895933,-0.363873809,199.2364378,329.2819987,-528.5184365,2
-0.082226941,0.435094334,-0.352867393,180.4287624,344.884299,-525.3130614,2
-0.099314908,0.440674442,-0.341359533,161.3646879,359.9964999,-521.3611878,2
-0.116261744,0.445628327,-0.329366583,142.0713053,374.597126,-516.6684313,2
-0.133043365,0.44994895,-0.316905585,122.5760317,388.6654291,-511.2414608,2
-0.149635925,0.453630171,-0.303994246,102.9065708,402.1814174,-505.0879881,2
-0.166015844,0.456666759,-0.290650916,83.09087399,415.1258838,-498.2167578,2
-0.182159845,0.459054398,-0.276894554,63.15710054,427.4804337,-490.6375342,2
-0.198044987,0.460789696,-0.26274471,43.13357739,439.2275105,-482.3610879,2
-0.213648696,0.461870187,-0.248221491,23.04875906,450.3504209,-473.39918,2
-0.228948799,0.462294335,-0.233345536,2.931187193,460.8333588,-463.764546,2
-0.243923553,0.462061537,-0.218137984,-17.19055006,470.6614272,-453.4708772,2
-0.258551678,0.461172124,-0.202620446,-37.28785859,479.82066,-442.5328014,2
-0.272812387,0.459627361,-0.186814974,-57.33217904,488.2980414,-430.9658624,2
-0.286685415,0.457429442,-0.170744027,-77.29502732,496.0815246,-418.7864973,2
-0.300151047,0.454581491,-0.154430444,-97.14803515,503.1600487,-406.0120136,2
-0.313190148,0.451087554,-0.137897406,-116.8629903,509.5235549,-392.6605646,2
-0.325784189,0.446952598,-0.121168409,-136.4118767,515.1630003,-378.7511235,2
-0.337915272,0.442182497,-0.104267225,-155.7669144,520.0703708,-364.3034564,2
-0.34956616,0.436784031,-0.087217871,-174.9005988,524.2386929,-349.3380941,2
-0.360720295,0.430764871,-0.070044576,-193.7857399,527.6620431,-333.8763032,2
-0.371361826,0.42413357,-0.052771744,-212.3955008,530.3355567,-317.9400558,2
-0.381475633,0.416899553,-0.03542392,-230.7034361,532.2554344,-301.5519983,2
-0.391047341,0.409073098,-0.018025757,-248.6835292,533.418948,-284.7354188,2
-0.40006335,0.400665328,-0.000601978,-266.3102294,533.8244442,-267.5142147,2
-0.408510847,0.391688191,0.016822656,-283.5584882,533.4713465,-249.9128583,2
-0.416377827,0.382154443,0.034223384,-300.4037949,532.3601569,-231.956362,2
-0.423653112,0.372077633,0.051575479,-316.8222113,530.4924544,-213.6702431,2
-0.430326363,0.36147208,0.068854282,-332.790406,527.8708931,-195.0804871,2
-0.436388096,0.350352856,0.08603524,-348.2856874,524.4991984,-176.213511,2
-0.441829698,0.338735761,0.103093937,-363.2860357,520.3821615,-157.0961258,2
-0.446643435,0.326637304,0.120006131,-377.7701347,515.5256332,-137.7554985,2
-0.450822468,0.314074678,0.136747791,-391.7174017,509.9365148,-118.2191131,2
-0.454360858,0.301065734,0.153295124,-405.1080168,503.6227486,-98.5147318,2
-0.457253576,0.287628959,0.169624617,-417.9229512,496.593307,-78.67035572,2
-0.459496512,0.273783448,0.185713063,-430.1439943,488.8581791,-58.71418476,2
-0.461086478,0.259548876,0.201537602,-441.7537792,480.4283569,-38.67457773,2
-0.462021214,0.24494547,0.217075744,-452.7358078,471.3158198,-18.580012,2
-0.462299394,0.229993984,0.23230541,-463.0744741,461.5335172,1.540956934,2
-0.46192062,0.214715663,0.247204957,-472.7550862,451.0953501,21.65973609,2
-0.460885433,0.19913222,0.261753212,-481.7638874,440.0161519,41.74773557,2
-0.459195301,0.183265799,0.275929502,-490.0880758,428.3116666,61.77640924,2
-0.456852628,0.167138948,0.289713681,-497.7158223,415.998527,81.71729524,2
-0.453860743,0.150774582,0.303086161,-504.6362873,403.0942308,101.5420565,2
-0.450223897,0.134195958,0.316027938,-510.8396365,389.6171156,121.2225209,2
-0.445947257,0.117426634,0.328520623,-516.3170547,375.5863331,140.7307216,2
-0.441036903,0.10049044,0.340546462,-521.060758,361.0218219,160.0389361,2
-0.43549981,0.083411444,0.352088366,-525.0640056,345.944279,179.1197266,2
-0.429343849,0.066213916,0.363129933,-528.3211084,330.3751303,197.9459781,2
-0.422577767,0.048922294,0.373655473,-530.827438,314.3365005,216.4909376,2
-0.415211178,0.031561151,0.383650027,-532.5794328,297.8511813,234.7282516,2
-0.407254552,0.014155158,0.393099394,-533.5746031,280.9425993,252.6320039,2
-0.398719194,-0.003270951,0.401990145,-533.8115347,263.6347824,270.1767523,2
-0.389617235,-0.020692411,0.410309647,-533.2898909,245.9523261,287.3375647,2
-0.379961609,-0.038084467,0.418046075,-532.0104129,227.9203581,304.0900548,2
-0.369766036,-0.055422402,0.425188438,-529.9749191,209.5645028,320.4104162,2
-0.359045005,-0.072681579,0.431726584,-527.1863019,190.9108449,336.275457,2
-0.347813752,-0.089837471,0.437651223,-523.6485241,171.9858922,351.6626318,2
-0.336088237,-0.1068657,0.442953936,-519.3666131,152.8165382,366.5500749,2
-0.323885121,-0.123742066,0.447627187,-514.3466537,133.4300235,380.9166302,2
-0.311221748,-0.140442588,0.451664336,-508.5957796,113.8538974,394.7418822,2
-0.298116111,-0.156943534,0.455059644,-502.1221631,94.11597874,408.0061843,2
-0.284586834,-0.173221454,0.457808289,-494.9350035,74.2443161,420.6906874,2
-0.270653145,-0.189253217,0.459906362,-487.0445141,54.26714822,432.7773659,2
-0.256334842,-0.205016041,0.461350883,-478.4619079,34.21286375,444.2490441,2
-0.241652274,-0.220487526,0.4621398,-469.1993811,14.10996093,455.0894202,2
-0.226626304,-0.235645686,0.46227199,-459.2700963,-6.012992912,465.2830892,2
-0.211278286,-0.250468981,0.461747267,-448.6881636,-26.12740196,474.8155655,2
-0.19563003,-0.264936345,0.460566375,-437.4686204,-46.20468255,483.673303,2
-0.179703773,-0.279027221,0.458730994,-425.6274104,-66.21630375,491.8437142,2
-0.163522147,-0.292721583,0.456243731,-413.1813606,-86.13382796,499.3151885,2
-0.147108148,-0.305999972,0.45310812,-400.1481574,-105.9289513,506.0771087,2
-0.130485099,-0.318843519,0.449328618,-386.5463218,-125.5735438,512.1198656,2
-0.113676624,-0.331233971,0.444910596,-372.3951828,-145.0396894,517.4348722,2
-0.096706609,-0.343153722,0.439860331,-357.7148498,-164.2997257,522.0145754,2
-0.079599168,-0.354585833,0.434185,-342.5261844,-183.3262831,525.8524674,2
-0.062378612,-0.365514057,0.427892669,-326.8507706,-202.0923238,528.9430943,2
-0.045069413,-0.375922866,0.420992279,-310.7108839,-220.5711802,531.2820641,2
-0.027696167,-0.385797469,0.413493636,-294.1294601,-238.736593,532.866053,2
-0.010283564,-0.395123832,0.405407396,-277.1300622,-256.5627479,533.6928101,2
0.007143652,-0.403888702,0.396745049,-259.7368473,-274.0243132,533.7611605,2
0.024560717,-0.412079624,0.387518907,-241.9745322,-291.0964749,533.0710071,2
0.04194288,-0.419684959,0.377742079,-223.868358,-307.7549726,531.6233306,2
0.05926544,-0.426693898,0.367428458,-205.4440546,-323.9761337,529.4201883,2
0.076503781,-0.433096482,0.356592702,-186.727804,-339.7369069,526.4647109,2
0.093633405,-0.438883613,0.345250208,-167.746203,-355.0148954,522.7610984,2
0.110629971,-0.444047065,0.333417094,-148.5262254,-369.7883883,518.3146137,2
0.127469326,-0.448579503,0.321110177,-129.0951839,-384.0363917,513.1315756,2
0.14412754,-0.452474484,0.308346944,-109.4806911,-397.7386583,507.2193495,2
0.160580941,-0.455726474,0.295145534,-89.71062029,-410.8757166,500.5863369,2
0.176806147,-0.458330853,0.281524705,-69.81306575,-423.428898,493.2419637,2
0.192780103,-0.460283917,0.267503815,-49.81630302,-435.3803637,485.1966667,2
0.208480107,-0.461582894,0.253102787,-29.7487486,-446.7131301,476.4618787,2
0.22388385,-0.462225935,0.238342086,-9.638919577,-457.4110928,467.0500123,2
0.238969441,-0.462212129,0.223242688,10.48460688,-467.4590492,456.9744423,2
0.253715444,-0.461541493,0.20782605,30.59323413,-476.8427207,446.2494866,2
0.268100903,-0.460214982,0.192114079,50.65838673,-485.5487727,434.8903859,2
0.282105376,-0.458234481,0.176129104,70.65155098,-493.5648332,422.9132822,2
0.295708962,-0.455602803,0.15989384,90.54431552,-500.8795112,410.3351956,2
0.30889233,-0.452323688,0.143431358,110.3084116,-507.4824119,397.1740003,2
0.321636744,-0.448401797,0.126765053,129.9157534,-513.3641524,383.4483989,2
0.333924096,-0.443842702,0.109918607,149.3384779,-518.5163743,369.1778964,2
0.345736922,-0.438652883,0.092915961,168.5489841,-522.931756,354.3827719,2
0.357058438,-0.432839714,0.075781276,187.5199731,-526.6040232,339.0840501,2
0.367872554,-0.426411455,0.058538901,206.2244859,-529.5279572,323.3034713,2
0.378163903,-0.419377243,0.04121334,224.6359424,-531.699403,307.0634606,2
0.38791786,-0.411747073,0.023829213,242.728179,-533.1152748,290.3870958,2
0.397120565,-0.403531788,0.006411223,260.4754855,-533.7735607,273.2980752,2
0.40575894,-0.394743062,-0.011015878,277.8526421,-533.6733251,255.820683,2
0.413820709,-0.385393384,-0.028427325,294.8349549,-532.8147106,237.9797556,2
0.421294417,-0.375496042,-0.045798375,311.3982911,-531.1989372,219.800646,2
0.428169441,-0.365065099,-0.063104343,327.5191133,-528.828301,201.3091876,2
0.434436014,-0.354115378,-0.080320636,343.174513,-525.7061709,182.5316579,2
0.44008523,-0.34266244,-0.097422789,358.3422428,-521.8369835,163.4947407,2
0.44510906,-0.33072256,-0.114386499,373.0007487,-517.2262372,144.2254885,2
0.449500365,-0.318312705,-0.13118766,387.1292002,-511.8804842,124.751284,2
0.453252907,-0.305450511,-0.147802396,400.7075198,-505.8073209,105.0998011,2
0.456361351,-0.292154254,-0.164207096,413.7164122,-499.0153778,85.29896565,2
0.45882128,-0.278442831,-0.180378449,426.1373909,-491.5143066,65.37691568,2
0.4606292,-0.264335725,-0.196293475,437.952805,-483.3147666,45.36196155,2
0.46178254,-0.249852983,-0.211929557,449.1458643,-474.4284098,25.28254558,2
0.462279662,-0.235015187,-0.227264475,459.7006627,-464.8678644,5.167201728,2
0.462119859,-0.219843421,-0.242276438,469.6022013,-454.6467163,-14.955485,2
0.461303359,-0.204359245,-0.256944113,478.8364094,-443.7794903,-35.05691916,2
0.459831321,-0.188584664,-0.271246656,487.3901649,-432.2816293,-55.10853552,2
0.457705838,-0.172542094,-0.285163743,495.2513122,-420.1694726,-75.08183964,2
0.454929929,-0.156254332,-0.298675597,502.4086803,-407.460232,-94.94844835,2
0.451507541,-0.139744524,-0.311763016,508.8520982,-394.1719681,-114.6801301,2
0.447443535,-0.123036132,-0.324407403,514.5724095,-380.3235643,-134.2488452,2
0.442743688,-0.106152898,-0.33659079,519.5614851,-365.9346999,-153.6267852,2
0.437414678,-0.089118816,-0.348295862,523.8122355,-351.0258223,-172.7864133,2
0.431464077,-0.07195809,-0.359505987,527.31862,-335.6181177,-191.7005023,2
0.424900343,-0.054695108,-0.370205234,530.0756559,-319.7334815,-210.3421745,2
0.417732802,-0.037354402,-0.3803784,532.0794253,-303.3944864,-228.6849389,2
0.409971639,-0.019960613,-0.390011027,533.3270808,-286.6243513,-246.7027295,2
0.401627885,-0.002538458,-0.399089426,533.8168492,-269.4469072,-264.369942,2
0.392713395,0.014887303,-0.407600698,533.5480347,-251.8865643,-281.6614704,2
0.383240838,0.032291909,-0.415532747,532.5210193,-233.9682768,-298.5527424,2
0.373223675,0.049650626,-0.422874302,530.7372623,-215.7175077,-315.0197547,2
0.362676141,0.066938787,-0.429614928,528.1992987,-197.1601921,-331.0391066,2
0.351613224,0.084131825,-0.435745049,524.9107349,-178.3227011,-346.5880338,2
0.340050645,0.101205306,-0.441255952,520.8762443,-159.2318038,-361.6444405,2
0.328004836,0.118134969,-0.446139806,516.10156,-139.9146294,-376.1869306,2
0.315492914,0.134896756,-0.450389671,510.5934672,-120.3986286,-390.1948386,2
0.30253266,0.151466848,-0.453999507,504.3597931,-100.7115348,-403.6482583,2
0.289142489,0.167821696,-0.456964186,497.4093962,-80.88132443,-416.5280717,2
0.275341432,0.183938061,-0.459279493,489.7521532,-60.93617724,-428.815976,2
0.261149099,0.19979304,-0.460942139,481.3989457,-40.90443641,-440.4945093,2
0.246585659,0.215364101,-0.461949761,472.3616439,-20.81456814,-451.5470758,2
0.231671808,0.230629119,-0.462300927,462.6530904,-0.695121228,-461.9579692,2
0.216428738,0.2455664,-0.461995138,452.2870815,19.42531349,-471.712395,2
0.200878111,0.260154718,-0.461032829,441.278348,39.51814377,-480.7964917,2
0.185042025,0.274373342,-0.459415367,429.6425337,59.55481661,-489.1973503,2
0.168942985,0.288202066,-0.457145051,417.3961739,79.5068588,-496.9030327,2
0.152603867,0.301621239,-0.454225106,404.5566713,99.34591738,-503.9025887,2
0.136047891,0.314611792,-0.450659683,391.1422716,119.0438,-510.1860716,2
0.119298583,0.327155265,-0.446453847,377.1720372,138.5725148,-515.7445521,2
0.102379745,0.339233832,-0.441613577,362.6658208,157.9043106,-520.5701314,2
0.08531542,0.350830329,-0.436145749,347.6442364,177.0117156,-524.655952,2
0.068129858,0.361928277,-0.430058134,332.1286305,195.8675773,-527.9962078,2
0.050847479,0.372511905,-0.423359383,316.1410517,214.4451005,-530.5861522,2
0.033492843,0.382566173,-0.416059016,299.7042191,232.7178855,-532.4221045,2
0.016090612,0.392076794,-0.408167405,282.8414904,250.6599656,-533.501456,2
-0.001334485,0.401030252,-0.399695767,265.5768285,268.2458442,-533.8226726,2
-0.018757686,0.409413824,-0.390656139,247.9347673,285.4505307,-533.3852981,2
-0.03615423,0.417215597,-0.381061367,229.9403774,302.2495765,-532.1899538,2
-0.053499398,0.424424484,-0.370925086,211.6192295,318.619109,-530.2383385,2
-0.07076854,0.43103024,-0.3602617,192.9973592,334.5358664,-527.5332255,2
-0.087937116,0.437023479,-0.349086363,174.101229,349.97723,-524.0784589,2
-0.104980728,0.442395683,-0.337414955,154.9576915,364.9212568,-519.8789482,2
-0.121875158,0.447139219,-0.325264061,135.5939506,379.3467105,-514.940661,2
-0.138596396,0.451247346,-0.31265095,116.0375232,393.2330918,-509.270615,2
-0.155120681,0.454714225,-0.299593545,96.31620025,406.5606673,-502.8768676,2
-0.17142453,0.457534931,-0.2861104,76.45800667,419.3104979,-495.7685046,2
-0.187484777,0.459705454,-0.272220678,56.49116208,431.4644653,-487.9556274,2
-0.203278597,0.461222711,-0.257944114,36.44404046,443.0052981,-479.4493386,2
-0.218783547,0.462084545,-0.243300998,16.34512986,453.9165962,-470.2617261,2
-0.233977594,0.462289732,-0.228312138,-3.777008059,464.1828539,-460.4058459,2
-0.248839146,0.46183798,-0.212998834,-23.89377865,473.7894824,-449.8957038,2
-0.263347083,0.460729931,-0.197382847,-43.97659487,482.7228301,-438.7462353,2
-0.27748079,0.458967159,-0.181486369,-63.99691794,490.9702023,-426.9732843,2
-0.291220182,0.45655217,-0.165331988,-83.92629789,498.5198789,-414.593581,2
-0.304545734,0.453488395,-0.148942661,-103.736414,505.3611315,-401.6247175,2
-0.31743851,0.449780188,-0.132341678,-123.3991149,511.4842383,-388.0851234,2
-0.329880188,0.445432819,-0.115552631,-142.886459,516.880498,-373.994039,2
-0.341853089,0.440452466,-0.098599378,-162.1707536,521.5422422,-359.3714886,2
-0.353340197,0.434846206,-0.081506009,-181.2245947,525.4628464,-344.2382517,2
-0.36432519,0.428622005,-0.064296815,-200.0209057,528.6367391,-328.6158334,2
-0.374792457,0.421788709,-0.046996253,-218.5329761,531.05941,-312.526434,2
-0.384727123,0.414356029,-0.029628906,-236.7344991,532.7274165,-295.9929174,2
-0.394115071,0.406334525,-0.012219455,-254.5996095,533.6383882,-279.0387787,2
-0.40294296,0.397735598,0.005207361,-272.1029199,533.7910305,-261.6881107,2
-0.411198244,0.388571467,0.022626777,-289.2195571,533.1851266,-243.9655695,2
-0.418869194,0.378855155,0.040014039,-305.9251976,531.8215374,-225.8963399,2
-0.425944907,0.368600469,0.057344439,-322.1961016,529.7022008,-207.5060992,2
-0.43241533,0.357821981,0.074593349,-338.0091473,526.8301283,-188.820981,2
-0.438271267,0.346535009,0.091736258,-353.3418635,523.2094013,-169.8675379,2
-0.443504396,0.334755592,0.108748804,-368.1724616,518.8451652,-150.6727036,2
-0.448107281,0.322500468,0.125606813,-382.4798664,513.7436217,-131.2637553,2
-0.452073381,0.309787054,0.142286328,-396.2437465,507.9120204,-111.6682739,2
-0.455397061,0.296633415,0.158763646,-409.4445425,501.3586484,-91.91410588,2
-0.458073596,0.283058244,0.175015352,-422.0634954,494.0928183,-72.02932284,2
-0.460099183,0.269080832,0.191018351,-434.082673,486.1248552,-52.04218218,2
-0.461470945,0.254721041,0.206749903,-445.4849954,477.4660821,-31.98108674,2
-0.46218693,0.239999278,0.222187653,-456.2542592,468.1288036,-11.87454443,2
-0.462246123,0.224936462,0.237309661,-466.3751607,458.1262884,8.248872262,2
-0.461648439,0.209554,0.252094439,-475.8333176,447.4727508,28.36056685,2
-0.460394728,0.19387375,0.266520978,-484.6152893,436.1833298,48.43195953,2
-0.45848677,0.177917994,0.280568775,-492.7085962,424.2740685,68.43452774,2
-0.455927277,0.161709408,0.294217869,-500.1017372,411.7618905,88.33984674,2
-0.452719887,0.145271023,0.307448863,-506.7842063,398.6645763,108.11963,2
-0.448869157,0.128626201,0.320242956,-512.7465073,385.000738,127.7457693,2
-0.444380559,0.111798593,0.332581966,-517.9801674,370.7897925,147.1903749,2
-0.439260472,0.094812114,0.344448358,-522.4777494,356.0519345,166.425815,2
-0.433516172,0.077690901,0.355825271,-526.2328619,340.8081071,185.4247548,2
-0.427155822,0.060459286,0.366696537,-529.2401688,325.0799728,204.1601959,2
-0.42018846,0.043141754,0.377046706,-531.4953963,308.8898821,222.6055142,2
-0.412623988,0.025762916,0.386861072,-532.9953399,292.260842,240.7344979,2
-0.404473154,0.008347467,0.396125687,-533.7378679,275.2164832,258.5213847,2
-0.395747541,-0.009079844,0.404827385,-533.7219252,257.7810267,275.9408985,2
-0.38645955,-0.026494252,0.412953802,-532.9475344,239.9792492,292.9682851,2
-0.376622379,-0.04387101,0.420493389,-531.415796,221.8364482,309.5793478,2
-0.366250006,-0.061185426,0.427435432,-529.1288867,203.3784054,325.7504813,2
-0.355357172,-0.078412893,0.433770065,-526.0900563,184.6313507,341.4587055,2
-0.343959356,-0.095528931,0.439488288,-522.3036231,165.6219248,356.6816983,2
-0.332072756,-0.112509218,0.444581973,-517.7749679,146.3771411,371.3978268,2
-0.319714261,-0.129329623,0.449043884,-512.5105261,126.9243475,385.5861787,2
-0.306901435,-0.145966243,0.452867678,-506.5177789,107.2911874,399.2265915,2
-0.293652486,-0.162395437,0.456047923,-499.8052421,87.50556065,412.2996815,2
-0.27998624,-0.178593859,0.458580098,-492.3824548,67.59558373,424.7868711,2
-0.265922118,-0.194538488,0.460460606,-484.259965,47.58954978,436.6704153,2
-0.251480107,-0.210206668,0.461686775,-475.4493154,27.51588848,447.9334269,2
-0.236680728,-0.225576133,0.462256861,-465.9630262,7.4031256,458.5599006,2
-0.221545013,-0.240625042,0.462170055,-455.8145781,-12.72015753,468.5347357,2
-0.206094471,-0.255332009,0.46142648,-445.0183926,-32.82536462,477.8437572,2
-0.190351057,-0.269676136,0.460027193,-433.5898115,-52.88392507,486.4737366,2
-0.174337144,-0.283637038,0.457974182,-421.5450756,-72.86733457,494.4124102,2
-0.158075488,-0.297194877,0.455270365,-408.9013011,-92.7471956,501.6484967,2
-0.141589198,-0.310330385,0.451919583,-395.6764554,-112.4952578,508.1717132,2
-0.124901703,-0.323024896,0.447926599,-381.8893319,-132.0834581,513.97279,2
-0.108036715,-0.335260372,0.443297087,-367.5595227,-151.4839605,519.0434833,2
-0.091018201,-0.347019425,0.438037625,-352.7073914,-170.669196,523.3765873,2
-0.073870345,-0.358285343,0.432155688,-337.3540435,-189.6119012,526.9659447,2
-0.056617516,-0.369042119,0.425659635,-321.5212971,-208.2851575,529.8064545,2
-0.039284229,-0.379274466,0.418558695,-305.2316513,-226.6624292,531.8940804,2
-0.021895118,-0.388967842,0.410862961,-288.5082546,-244.7176011,533.2258558,2
-0.004474893,-0.398108475,0.402583368,-271.3748719,-262.425016,533.799888,2
0.012951692,-0.406683373,0.393731682,-253.8558507,-279.7595106,533.6153613,2
0.030359871,-0.414680352,0.384320481,-235.9760865,-296.6964516,532.672538,2
0.047724907,-0.422088048,0.37436314,-217.7609872,-313.2117707,530.972758,2
0.065022124,-0.428895933,0.363873809,-199.2364378,-329.2819987,528.5184365,2
0.082226941,-0.435094334,0.352867393,-180.4287624,-344.884299,525.3130614,2
0.099314908,-0.440674442,0.341359533,-161.3646879,-359.9964999,521.3611878,2
0.116261744,-0.445628327,0.329366583,-142.0713053,-374.597126,516.6684313,2
0.133043365,-0.44994895,0.316905585,-122.5760317,-388.6654291,511.2414608,2
0.149635925,-0.453630171,0.303994246,-102.9065708,-402.1814174,505.0879881,2
0.166015844,-0.456666759,0.290650916,-83.09087399,-415.1258838,498.2167578,2
0.182159845,-0.459054398,0.276894554,-63.15710054,-427.4804337,490.6375342,2
0.198044987,-0.460789696,0.26274471,-43.13357739,-439.2275105,482.3610879,2
0.213648696,-0.461870187,0.248221491,-23.04875906,-450.3504209,473.39918,2
0.228948799,-0.462294335,0.233345536,-2.931187193,-460.8333588,463.764546,2
0.243923553,-0.462061537,0.218137984,17.19055006,-470.6614272,453.4708772,2
0.258551678,-0.461172124,0.202620446,37.28785859,-479.82066,442.5328014,2
0.272812387,-0.459627361,0.186814974,57.33217904,-488.2980414,430.9658624,2
0.286685415,-0.457429442,0.170744027,77.29502732,-496.0815246,418.7864973,2
0.300151047,-0.454581491,0.154430444,97.14803515,-503.1600487,406.0120136,2
0.313190148,-0.451087554,0.137897406,116.8629903,-509.5235549,392.6605646,2
0.325784189,-0.446952598,0.121168409,136.4118767,-515.1630003,378.7511235,2
0.337915272,-0.442182497,0.104267225,155.7669144,-520.0703708,364.3034564,2
0.34956616,-0.436784031,0.087217871,174.9005988,-524.2386929,349.3380941,2
0.360720295,-0.430764871,0.070044576,193.7857399,-527.6620431,333.8763032,2
0.371361826,-0.42413357,0.052771744,212.3955008,-530.3355567,317.9400558,2
0.381475633,-0.416899553,0.03542392,230.7034361,-532.2554344,301.5519983,2
0.391047341,-0.409073098,0.018025757,248.6835292,-533.418948,284.7354188,2
0.40006335,-0.400665328,0.000601978,266.3102294,-533.8244442,267.5142147,2
0.408510847,-0.391688191,-0.016822656,283.5584882,-533.4713465,249.9128583,2
0.416377827,-0.382154443,-0.034223384,300.4037949,-532.3601569,231.956362,2
0.423653112,-0.372077633,-0.051575479,316.8222113,-530.4924544,213.6702431,2
0.430326363,-0.36147208,-0.068854282,332.790406,-527.8708931,195.0804871,2
0.436388096,-0.350352856,-0.08603524,348.2856874,-524.4991984,176.213511,2
0.441829698,-0.338735761,-0.103093937,363.2860357,-520.3821615,157.0961258,2
0.446643435,-0.326637304,-0.120006131,377.7701347,-515.5256332,137.7554985,2
0.450822468,-0.314074678,-0.136747791,391.7174017,-509.9365148,118.2191131,2
0.454360858,-0.301065734,-0.153295124,405.1080168,-503.6227486,98.5147318,2
0.457253576,-0.287628959,-0.169624617,417.9229512,-496.593307,78.67035572,2
0.459496512,-0.273783448,-0.185713063,430.1439943,-488.8581791,58.71418476,2
0.461086478,-0.259548876,-0.201537602,441.7537792,-480.4283569,38.67457773,2
0.462021214,-0.24494547,-0.217075744,452.7358078,-471.3158198,18.580012,2
0.462299394,-0.229993984,-0.23230541,463.0744741,-461.5335172,-1.540956934,2
0.46192062,-0.214715663,-0.247204957,472.7550862,-451.0953501,-21.65973609,2
0.460885433,-0.19913222,-0.261753212,481.7638874,-440.0161519,-41.74773557,2
0.459195301,-0.183265799,-0.275929502,490.0880758,-428.3116666,-61.77640924,2
0.456852628,-0.167138948,-0.289713681,497.7158223,-415.998527,-81.71729524,2
0.453860743,-0.150774582,-0.303086161,504.6362873,-403.0942308,-101.5420565,2
0.450223897,-0.134195958,-0.316027938,510.8396365,-389.6171156,-121.2225209,2
0.445947257,-0.117426634,-0.328520623,516.3170547,-375.5863331,-140.7307216,2
0.441036903,-0.10049044,-0.340546462,521.060758,-361.0218219,-160.0389361,2
0.43549981,-0.083411444,-0.352088366,525.0640056,-345.944279,-179.1197266,2
0.429343849,-0.066213916,-0.363129933,528.3211084,-330.3751303,-197.9459781,2
0.422577767,-0.048922294,-0.373655473,530.827438,-314.3365005,-216.4909376,2
0.415211178,-0.031561151,-0.383650027,532.5794328,-297.8511813,-234.7282516,2
0.407254552,-0.014155158,-0.393099394,533.5746031,-280.9425993,-252.6320039,2
0.398719194,0.003270951,-0.401990145,533.8115347,-263.6347824,-270.1767523,2
0.389617235,0.020692411,-0.410309647,533.2898909,-245.9523261,-287.3375647,2
0.379961609,0.038084467,-0.418046075,532.0104129,-227.9203581,-304.0900548,2
0.369766036,0.055422402,-0.425188438,529.9749191,-209.5645028,-320.4104162,2
0.359045005,0.072681579,-0.431726584,527.1863019,-190.9108449,-336.275457,2
0.347813752,0.089837471,-0.437651223,523.6485241,-171.9858922,-351.6626318,2
0.336088237,0.1068657,-0.442953936,519.3666131,-152.8165382,-366.5500749,2
0.323885121,0.123742066,-0.447627187,514.3466537,-133.4300235,-380.9166302,2
0.311221748,0.140442588,-0.451664336,508.5957796,-113.8538974,-394.7418822,2
0.298116111,0.156943534,-0.455059644,502.1221631,-94.11597874,-408.0061843,2
0.284586834,0.173221454,-0.457808289,494.9350035,-74.2443161,-420.6906874,2
0.270653145,0.189253217,-0.459906362,487.0445141,-54.26714822,-432.7773659,2
0.256334842,0.205016041,-0.461350883,478.4619079,-34.21286375,-444.2490441,2
0.241652274,0.220487526,-0.4621398,469.1993811,-14.10996093,-455.0894202,2
0.226626304,0.235645686,-0.46227199,459.2700963,6.012992912,-465.2830892,2
0.211278286,0.250468981,-0.461747267,448.6881636,26.12740196,-474.8155655,2
0.19563003,0.264936345,-0.460566375,437.4686204,46.20468255,-483.673303,2
0.179703773,0.279027221,-0.458730994,425.6274104,66.21630375,-491.8437142,2
0.163522147,0.292721583,-0.456243731,413.1813606,86.13382796,-499.3151885,2
0.147108148,0.305999972,-0.45310812,400.1481574,105.9289513,-506.0771087,2
0.130485099,0.318843519,-0.449328618,386.5463218,125.5735438,-512.1198656,2
0.113676624,0.331233971,-0.444910596,372.3951828,145.0396894,-517.4348722,2
0.096706609,0.343153722,-0.439860331,357.7148498,164.2997257,-522.0145754,2
0.079599168,0.354585833,-0.434185,342.5261844,183.3262831,-525.8524674,2
0.062378612,0.365514057,-0.427892669,326.8507706,202.0923238,-528.9430943,2
0.045069413,0.375922866,-0.420992279,310.7108839,220.5711802,-531.2820641,2
0.027696167,0.385797469,-0.413493636,294.1294601,238.736593,-532.866053,2
0.010283564,0.395123832,-0.405407396,277.1300622,256.5627479,-533.6928101,2
-0.007143652,0.403888702,-0.396745049,259.7368473,274.0243132,-533.7611605,2
-0.024560717,0.412079624,-0.387518907,241.9745322,291.0964749,-533.0710071,2
-0.04194288,0.419684959,-0.377742079,223.868358,307.7549726,-531.6233306,2
-0.05926544,0.426693898,-0.367428458,205.4440546,323.9761337,-529.4201883,2
-0.076503781,0.433096482,-0.356592702,186.727804,339.7369069,-526.4647109,2
-0.093633405,0.438883613,-0.345250208,167.746203,355.0148954,-522.7610984,2
-0.110629971,0.444047065,-0.333417094,148.5262254,369.7883883,-518.3146137,2
-0.127469326,0.448579503,-0.321110177,129.0951839,384.0363917,-513.1315756,2
-0.14412754,0.452474484,-0.308346944,109.4806911,397.7386583,-507.2193495,2
-0.160580941,0.455726474,-0.295145534,89.71062029,410.8757166,-500.5863369,2
-0.176806147,0.458330853,-0.281524705,69.81306575,423.428898,-493.2419637,2
-0.192780103,0.460283917,-0.267503815,49.81630302,435.3803637,-485.1966667,2
-0.208480107,0.461582894,-0.253102787,29.7487486,446.7131301,-476.4618787,2
-0.22388385,0.462225935,-0.238342086,9.638919577,457.4110928,-467.0500123,2
-0.238969441,0.462212129,-0.223242688,-10.48460688,467.4590492,-456.9744423,2
-0.253715444,0.461541493,-0.20782605,-30.59323413,476.8427207,-446.2494866,2
-0.268100903,0.460214982,-0.192114079,-50.65838673,485.5487727,-434.8903859,2
-0.282105376,0.458234481,-0.176129104,-70.65155098,493.5648332,-422.9132822,2
-0.295708962,0.455602803,-0.15989384,-90.54431552,500.8795112,-410.3351956,2
-0.30889233,0.452323688,-0.143431358,-110.3084116,507.4824119,-397.1740003,2
-0.321636744,0.448401797,-0.126765053,-129.9157534,513.3641524,-383.4483989,2
-0.333924096,0.443842702,-0.109918607,-149.3384779,518.5163743,-369.1778964,2
-0.345736922,0.438652883,-0.092915961,-168.5489841,522.931756,-354.3827719,2
-0.357058438,0.432839714,-0.075781276,-187.5199731,526.6040232,-339.0840501,2
-0.367872554,0.426411455,-0.058538901,-206.2244859,529.5279572,-323.3034713,2
-0.378163903,0.419377243,-0.04121334,-224.6359424,531.699403,-307.0634606,2
-0.38791786,0.411747073,-0.023829213,-242.728179,533.1152748,-290.3870958,2
-0.397120565,0.403531788,-0.006411223,-260.4754855,533.7735607,-273.2980752,2
-0.40575894,0.394743062,0.011015878,-277.8526421,533.6733251,-255.820683,2
-0.413820709,0.385393384,0.028427325,-294.8349549,532.8147106,-237.9797556,2
-0.421294417,0.375496042,0.045798375,-311.3982911,531.1989372,-219.800646,2
-0.428169441,0.365065099,0.063104343,-327.5191133,528.828301,-201.3091876,2
-0.434436014,0.354115378,0.080320636,-343.174513,525.7061709,-182.5316579,2
-0.44008523,0.34266244,0.097422789,-358.3422428,521.8369835,-163.4947407,2
-0.44510906,0.33072256,0.114386499,-373.0007487,517.2262372,-144.2254885,2
-0.449500365,0.318312705,0.13118766,-387.1292002,511.8804842,-124.751284,2
-0.453252907,0.305450511,0.147802396,-400.7075198,505.8073209,-105.0998011,2
-0.456361351,0.292154254,0.164207096,-413.7164122,499.0153778,-85.29896565,2
-0.45882128,0.278442831,0.180378449,-426.1373909,491.5143066,-65.37691568,2
-0.4606292,0.264335725,0.196293475,-437.952805,483.3147666,-45.36196155,2
-0.46178254,0.249852983,0.211929557,-449.1458643,474.4284098,-25.28254558,2
-0.462279662,0.235015187,0.227264475,-459.7006627,464.8678644,-5.167201728,2
-0.462119859,0.219843421,0.242276438,-469.6022013,454.6467163,14.955485,2
-0.461303359,0.204359245,0.256944113,-478.8364094,443.7794903,35.05691916,2
-0.459831321,0.188584664,0.271246656,-487.3901649,432.2816293,55.10853552,2
-0.457705838,0.172542094,0.285163743,-495.2513122,420.1694726,75.08183964,2
-0.454929929,0.156254332,0.298675597,-502.4086803,407.460232,94.94844835,2
-0.451507541,0.139744524,0.311763016,-508.8520982,394.1719681,114.6801301,2
-0.447443535,0.123036132,0.324407403,-514.5724095,380.3235643,134.2488452,2
-0.442743688,0.106152898,0.33659079,-519.5614851,365.9346999,153.6267852,2
-0.437414678,0.089118816,0.348295862,-523.8122355,351.0258223,172.7864133,2
-0.431464077,0.07195809,0.359505987,-527.31862,335.6181177,191.7005023,2
-0.424900343,0.054695108,0.370205234,-530.0756559,319.7334815,210.3421745,2
-0.417732802,0.037354402,0.3803784,-532.0794253,303.3944864,228.6849389,2
-0.409971639,0.019960613,0.390011027,-533.3270808,286.6243513,246.7027295,2
-0.401627885,0.002538458,0.399089426,-533.8168492,269.4469072,264.369942,2
-0.392713395,-0.014887303,0.407600698,-533.5480347,251.8865643,281.6614704,2
-0.383240838,-0.032291909,0.415532747,-532.5210193,233.9682768,298.5527424,2
-0.373223675,-0.049650626,0.422874302,-530.7372623,215.7175077,315.0197547,2
-0.362676141,-0.066938787,0.429614928,-528.1992987,197.1601921,331.0391066,2
-0.351613224,-0.084131825,0.435745049,-524.9107349,178.3227011,346.5880338,2
-0.340050645,-0.101205306,0.441255952,-520.8762443,159.2318038,361.6444405,2
-0.328004836,-0.118134969,0.446139806,-516.10156,139.9146294,376.1869306,2
-0.315492914,-0.134896756,0.450389671,-510.5934672,120.3986286,390.1948386,2
-0.30253266,-0.151466848,0.453999507,-504.3597931,100.7115348,403.6482583,2
-0.289142489,-0.167821696,0.456964186,-497.4093962,80.88132443,416.5280717,2
-0.275341432,-0.183938061,0.459279493,-489.7521532,60.93617724,428.815976,2
-0.261149099,-0.19979304,0.460942139,-481.3989457,40.90443641,440.4945093,2
-0.246585659,-0.215364101,0.461949761,-472.3616439,20.81456814,451.5470758,2
-0.231671808,-0.230629119,0.462300927,-462.6530904,0.695121228,461.9579692,2
-0.216428738,-0.2455664,0.461995138,-452.2870815,-19.42531349,471.712395,2
-0.200878111,-0.260154718,0.461032829,-441.278348,-39.51814377,480.7964917,2
-0.185042025,-0.274373342,0.459415367,-429.6425337,-59.55481661,489.1973503,2
-0.168942985,-0.288202066,0.457145051,-417.3961739,-79.5068588,496.9030327,2
-0.152603867,-0.301621239,0.454225106,-404.5566713,-99.34591738,503.9025887,2
-0.136047891,-0.314611792,0.450659683,-391.1422716,-119.0438,510.1860716,2
-0.119298583,-0.327155265,0.446453847,-377.1720372,-138.5725148,515.7445521,2
-0.102379745,-0.339233832,0.441613577,-362.6658208,-157.9043106,520.5701314,2
-0.08531542,-0.350830329,0.436145749,-347.6442364,-177.0117156,524.655952,2
-0.068129858,-0.361928277,0.430058134,-332.1286305,-195.8675773,527.9962078,2
-0.050847479,-0.372511905,0.423359383,-316.1410517,-214.4451005,530.5861522,2
-0.033492843,-0.382566173,0.416059016,-299.7042191,-232.7178855,532.4221045,2
-0.016090612,-0.392076794,0.408167405,-282.8414904,-250.6599656,533.501456,2
0.001334485,-0.401030252,0.399695767,-265.5768285,-268.2458442,533.8226726,2
0.018757686,-0.409413824,0.390656139,-247.9347673,-285.4505307,533.3852981,2
0.03615423,-0.417215597,0.381061367,-229.9403774,-302.2495765,532.1899538,2
0.053499398,-0.424424484,0.370925086,-211.6192295,-318.619109,530.2383385,2
0.07076854,-0.43103024,0.3602617,-192.9973592,-334.5358664,527.5332255,2
0.087937116,-0.437023479,0.349086363,-174.101229,-349.97723,524.0784589,2
0.104980728,-0.442395683,0.337414955,-154.9576915,-364.9212568,519.8789482,2
0.121875158,-0.447139219,0.325264061,-135.5939506,-379.3467105,514.940661,2
0.138596396,-0.451247346,0.31265095,-116.0375232,-393.2330918,509.270615,2
0.155120681,-0.454714225,0.299593545,-96.31620025,-406.5606673,502.8768676,2
0.17142453,-0.457534931,0.2861104,-76.45800667,-419.3104979,495.7685046,2
0.187484777,-0.459705454,0.272220678,-56.49116208,-431.4644653,487.9556274,2
0.203278597,-0.461222711,0.257944114,-36.44404046,-443.0052981,479.4493386,2
0.218783547,-0.462084545,0.243300998,-16.34512986,-453.9165962,470.2617261,2
0.233977594,-0.462289732,0.228312138,3.777008059,-464.1828539,460.4058459,2
0.248839146,-0.46183798,0.212998834,23.89377865,-473.7894824,449.8957038,2
0.263347083,-0.460729931,0.197382847,43.97659487,-482.7228301,438.7462353,2
0.27748079,-0.458967159,0.181486369,63.99691794,-490.9702023,426.9732843,2
0.291220182,-0.45655217,0.165331988,83.92629789,-498.5198789,414.593581,2
0.304545734,-0.453488395,0.148942661,103.736414,-505.3611315,401.6247175,2
0.31743851,-0.449780188,0.132341678,123.3991149,-511.4842383,388.0851234,2
0.329880188,-0.445432819,0.115552631,142.886459,-516.880498,373.994039,2
0.341853089,-0.440452466,0.098599378,162.1707536,-521.5422422,359.3714886,2
0.353340197,-0.434846206,0.081506009,181.2245947,-525.4628464,344.2382517,2
0.36432519,-0.428622005,0.064296815,200.0209057,-528.6367391,328.6158334,2
0.374792457,-0.421788709,0.046996253,218.5329761,-531.05941,312.526434,2
0.384727123,-0.414356029,0.029628906,236.7344991,-532.7274165,295.9929174,2
0.394115071,-0.406334525,0.012219455,254.5996095,-533.6383882,279.0387787,2
0.40294296,-0.397735598,-0.005207361,272.1029199,-533.7910305,261.6881107,2
0.411198244,-0.388571467,-0.022626777,289.2195571,-533.1851266,243.9655695,2
0.418869194,-0.378855155,-0.040014039,305.9251976,-531.8215374,225.8963399,2
0.425944907,-0.368600469,-0.057344439,322.1961016,-529.7022008,207.5060992,2
0.43241533,-0.357821981,-0.074593349,338.0091473,-526.8301283,188.820981,2
0.438271267,-0.346535009,-0.091736258,353.3418635,-523.2094013,169.8675379,2
0.443504396,-0.334755592,-0.108748804,368.1724616,-518.8451652,150.6727036,2
0.448107281,-0.322500468,-0.125606813,382.4798664,-513.7436217,131.2637553,2
0.452073381,-0.309787054,-0.142286328,396.2437465,-507.9120204,111.6682739,2
0.455397061,-0.296633415,-0.158763646,409.4445425,-501.3586484,91.91410588,2
0.458073596,-0.283058244,-0.175015352,422.0634954,-494.0928183,72.02932284,2
0.460099183,-0.269080832,-0.191018351,434.082673,-486.1248552,52.04218218,2
0.461470945,-0.254721041,-0.206749903,445.4849954,-477.4660821,31.98108674,2
0.46218693,-0.239999278,-0.222187653,456.2542592,-468.1288036,11.87454443,2
0.462246123,-0.224936462,-0.237309661,466.3751607,-458.1262884,-8.248872262,2
0.461648439,-0.209554,-0.252094439,475.8333176,-447.4727508,-28.36056685,2
0.460394728,-0.19387375,-0.266520978,484.6152893,-436.1833298,-48.43195953,2
0.45848677,-0.177917994,-0.280568775,492.7085962,-424.2740685,-68.43452774,2
0.455927277,-0.161709408,-0.294217869,500.1017372,-411.7618905,-88.33984674,2
0.452719887,-0.145271023,-0.307448863,506.7842063,-398.6645763,-108.11963,2
0.448869157,-0.128626201,-0.320242956,512.7465073,-385.000738,-127.7457693,2
0.444380559,-0.111798593,-0.332581966,517.9801674,-370.7897925,-147.1903749,2
0.439260472,-0.094812114,-0.344448358,522.4777494,-356.0519345,-166.425815,2
0.433516172,-0.077690901,-0.355825271,526.2328619,-340.8081071,-185.4247548,2
0.427155822,-0.060459286,-0.366696537,529.2401688,-325.0799728,-204.1601959,2
0.42018846,-0.043141754,-0.377046706,531.4953963,-308.8898821,-222.6055142,2
0.412623988,-0.025762916,-0.386861072,532.9953399,-292.260842,-240.7344979,2
0.404473154,-0.008347467,-0.396125687,533.7378679,-275.2164832,-258.5213847,2
0.395747541,0.009079844,-0.404827385,533.7219252,-257.7810267,-275.9408985,2
0.38645955,0.026494252,-0.412953802,532.9475344,-239.9792492,-292.9682851,2
0.376622379,0.04387101,-0.420493389,531.415796,-221.8364482,-309.5793478,2
0.366250006,0.061185426,-0.427435432,529.1288867,-203.3784054,-325.7504813,2
0.355357172,0.078412893,-0.433770065,526.0900563,-184.6313507,-341.4587055,2
0.343959356,0.095528931,-0.439488288,522.3036231,-165.6219248,-356.6816983,2
0.332072756,0.112509218,-0.444581973,517.7749679,-146.3771411,-371.3978268,2
0.319714261,0.129329623,-0.449043884,512.5105261,-126.9243475,-385.5861787,2
0.306901435,0.145966243,-0.452867678,506.5177789,-107.2911874,-399.2265915,2
0.293652486,0.162395437,-0.456047923,499.8052421,-87.50556065,-412.2996815,2
0.27998624,0.178593859,-0.458580098,492.3824548,-67.59558373,-424.7868711,2
0.265922118,0.194538488,-0.460460606,484.259965,-47.58954978,-436.6704153,2
0.251480107,0.210206668,-0.461686775,475.4493154,-27.51588848,-447.9334269,2
0.236680728,0.225576133,-0.462256861,465.9630262,-7.4031256,-458.5599006,2
0.221545013,0.240625042,-0.462170055,455.8145781,12.72015753,-468.5347357,2
0.206094471,0.255332009,-0.46142648,445.0183926,32.82536462,-477.8437572,2
0.190351057,0.269676136,-0.460027193,433.5898115,52.88392507,-486.4737366,2
0.174337144,0.283637038,-0.457974182,421.5450756,72.86733457,-494.4124102,2
0.158075488,0.297194877,-0.455270365,408.9013011,92.7471956,-501.6484967,2
0.141589198,0.310330385,-0.451919583,395.6764554,112.4952578,-508.1717132,2
0.124901703,0.323024896,-0.447926599,381.8893319,132.0834581,-513.97279,2
0.108036715,0.335260372,-0.443297087,367.5595227,151.4839605,-519.0434833,2
0.091018201,0.347019425,-0.438037625,352.7073914,170.669196,-523.3765873,2
0.073870345,0.358285343,-0.432155688,337.3540435,189.6119012,-526.9659447,2
0.056617516,0.369042119,-0.425659635,321.5212971,208.2851575,-529.8064545,2
0.039284229,0.379274466,-0.418558695,305.2316513,226.6624292,-531.8940804,2
0.021895118,0.388967842,-0.410862961,288.5082546,244.7176011,-533.2258558,2
0.004474893,0.398108475,-0.402583368,271.3748719,262.425016,-533.799888,2
-0.012951692,0.406683373,-0.393731682,253.8558507,279.7595106,-533.6153613,2
-0.030359871,0.414680352,-0.384320481,235.9760865,296.6964516,-532.672538,2
-0.047724907,0.422088048,-0.37436314,217.7609872,313.2117707,-530.972758,2
-0.065022124,0.428895933,-0.363873809,199.2364378,329.2819987,-528.5184365,2
-0.082226941,0.435094334,-0.352867393,180.4287624,344.884299,-525.3130614,2
-0.099314908,0.440674442,-0.341359533,161.3646879,359.9964999,-521.3611878,2
-0.116261744,0.445628327,-0.329366583,142.0713053,374.597126,-516.6684313,2
-0.133043365,0.44994895,-0.316905585,122.5760317,388.6654291,-511.2414608,2
-0.149635925,0.453630171,-0.303994246,102.9065708,402.1814174,-505.0879881,2
-0.166015844,0.456666759,-0.290650916,83.09087399,415.1258838,-498.2167578,2
-0.182159845,0.459054398,-0.276894554,63.15710054,427.4804337,-490.6375342,2
-0.198044987,0.460789696,-0.26274471,43.13357739,439.2275105,-482.3610879,2
-0.213648696,0.461870187,-0.248221491,23.04875906,450.3504209,-473.39918,2
-0.228948799,0.462294335,-0.233345536,2.931187193,460.8333588,-463.764546,2
-0.243923553,0.462061537,-0.218137984,-17.19055006,470.6614272,-453.4708772,2
-0.258551678,0.461172124,-0.202620446,-37.28785859,479.82066,-442.5328014,2
-0.272812387,0.459627361,-0.186814974,-57.33217904,488.2980414,-430.9658624,2
-0.286685415,0.457429442,-0.170744027,-77.29502732,496.0815246,-418.7864973,2
-0.300151047,0.454581491,-0.154430444,-97.14803515,503.1600487,-406.0120136,2
-0.313190148,0.451087554,-0.137897406,-116.8629903,509.5235549,-392.6605646,2
-0.325784189,0.446952598,-0.121168409,-136.4118767,515.1630003,-378.7511235,2
-0.337915272,0.442182497,-0.104267225,-155.7669144,520.0703708,-364.3034564,2
-0.34956616,0.436784031,-0.087217871,-174.9005988,524.2386929,-349.3380941,2
-0.360720295,0.430764871,-0.070044576,-193.7857399,527.6620431,-333.8763032,2
-0.371361826,0.42413357,-0.052771744,-212.3955008,530.3355567,-317.9400558,2
-0.381475633,0.416899553,-0.03542392,-230.7034361,532.2554344,-301.5519983,2
-0.391047341,0.409073098,-0.018025757,-248.6835292,533.418948,-284.7354188,2
-0.40006335,0.400665328,-0.000601978,-266.3102294,533.8244442,-267.5142147,2
-0.408510847,0.391688191,0.016822656,-283.5584882,533.4713465,-249.9128583,2
-0.416377827,0.382154443,0.034223384,-300.4037949,532.3601569,-231.956362,2
-0.423653112,0.372077633,0.051575479,-316.8222113,530.4924544,-213.6702431,2
-0.430326363,0.36147208,0.068854282,-332.790406,527.8708931,-195.0804871,2
-0.436388096,0.350352856,0.08603524,-348.2856874,524.4991984,-176.213511,2
-0.441829698,0.338735761,0.103093937,-363.2860357,520.3821615,-157.0961258,2
-0.446643435,0.326637304,0.120006131,-377.7701347,515.5256332,-137.7554985,2
-0.450822468,0.314074678,0.136747791,-391.7174017,509.9365148,-118.2191131,2
-0.454360858,0.301065734,0.153295124,-405.1080168,503.6227486,-98.5147318,2
-0.457253576,0.287628959,0.169624617,-417.9229512,496.593307,-78.67035572,2
-0.459496512,0.273783448,0.185713063,-430.1439943,488.8581791,-58.71418476,2
-0.461086478,0.259548876,0.201537602,-441.7537792,480.4283569,-38.67457773,2
-0.462021214,0.24494547,0.217075744,-452.7358078,471.3158198,-18.580012,2
-0.462299394,0.229993984,0.23230541,-463.0744741,461.5335172,1.540956934,2
-0.46192062,0.214715663,0.247204957,-472.7550862,451.0953501,21.65973609,2
-0.460885433,0.19913222,0.261753212,-481.7638874,440.0161519,41.74773557,2
-0.459195301,0.183265799,0.275929502,-490.0880758,428.3116666,61.77640924,2
-0.456852628,0.167138948,0.289713681,-497.7158223,415.998527,81.71729524,2
-0.453860743,0.150774582,0.303086161,-504.6362873,403.0942308,101.5420565,2
-0.450223897,0.134195958,0.316027938,-510.8396365,389.6171156,121.2225209,2
-0.445947257,0.117426634,0.328520623,-516.3170547,375.5863331,140.7307216,2
-0.441036903,0.10049044,0.340546462,-521.060758,361.0218219,160.0389361,2
-0.43549981,0.083411444,0.352088366,-525.0640056,345.944279,179.1197266,2
-0.429343849,0.066213916,0.363129933,-528.3211084,330.3751303,197.9459781,2
-0.422577767,0.048922294,0.373655473,-530.827438,314.3365005,216.4909376,2
-0.415211178,0.031561151,0.383650027,-532.5794328,297.8511813,234.7282516,2
-0.407254552,0.014155158,0.393099394,-533.5746031,280.9425993,252.6320039,2
-0.398719194,-0.003270951,0.401990145,-533.8115347,263.6347824,270.1767523,2
-0.389617235,-0.020692411,0.410309647,-533.2898909,245.9523261,287.3375647,2
-0.379961609,-0.038084467,0.418046075,-532.0104129,227.9203581,304.0900548,2
-0.379961586,-18143.35208,18143.73204,-562.1969963,197.7337748,362.810521,2
-0.369766013,-18291.0197,18291.38947,-555.590465,183.9489569,365.7630583,2
-0.359044983,-18412.69479,18413.05383,-548.1944093,169.9027375,368.1958263,2
-0.34781373,-18508.20442,18508.55224,-540.0193394,155.615077,370.1053678,2
-0.336088214,-18577.41289,18577.74898,-531.0768724,141.1062789,371.4889694,2
-0.323885099,-18620.22184,18620.54572,-521.3797161,126.3969612,372.3446648,2
-0.311221726,-18636.57043,18636.88165,-510.9416507,111.5080264,372.6712381,2
-0.298116089,-18626.43544,18626.73355,-499.7775092,96.46063259,372.4682251,2
-0.284586814,-18589.83126,18590.11585,-487.9031566,81.27616296,371.7359144,2
-0.270653124,-18526.80992,18527.08057,-475.3354669,65.97619546,370.4753467,2
-0.256334822,-18437.46096,18437.7173,-462.0922995,50.58247218,368.6883132,2
-0.241652254,-18321.91136,18322.15302,-448.1924736,35.11686843,366.3773534,2
-0.226626285,-18180.32533,18180.55196,-433.6557417,19.6013617,363.5457514,2
-0.211278268,-18012.90406,18013.11534,-418.5027613,4.058000351,360.197531,2
-0.195630012,-17819.88546,17820.08109,-402.7550655,-11.49112763,356.3374502,2
-0.179703756,-17601.54384,17601.72354,-386.4350328,-27.0239261,351.9709943,2
-0.163522131,-17358.18945,17358.35297,-369.5658547,-42.51832208,347.1043684,2
-0.147108132,-17090.16813,17090.31524,-352.1715033,-57.95229721,341.7444882,2
-0.130485084,-16797.86075,16797.99123,-334.276697,-73.30391895,335.8989704,2
-0.11367661,-16481.68268,16481.79636,-315.9068652,-88.5513718,329.5761218,2
-0.096706595,-16142.08325,16142.17995,-297.0881124,-103.6729883,322.7849275,2
-0.079599154,-15779.54503,15779.62462,-277.8471812,-118.6472798,315.5350381,2
-0.062378599,-15394.58321,15394.64559,-258.2114139,-133.4529671,307.8367562,2
-0.045069401,-14987.74485,14987.78991,-238.208714,-148.0690104,299.7010214,2
-0.027696156,-14559.60808,14559.63577,-217.8675066,-162.4746395,291.139395,2
-0.010283554,-14110.78131,14110.79159,-197.2166975,-176.6493832,282.1640437,2
0.007143662,-13641.90235,13641.89521,-176.2856327,-190.5730986,272.7877218,2
0.024560726,-13153.6375,13153.61294,-155.1040564,-204.2259991,263.0237536,2
0.041942888,-12646.68061,12646.63867,-133.7020687,-217.5886833,252.8860142,2
0.059265447,-12121.7521,12121.69283,-112.110083,-230.6421621,242.38891,2
0.076503787,-11579.59791,11579.52141,-90.35878281,-243.3678857,231.5473579,2
0.09363341,-11020.98848,11020.89485,-68.47907782,-255.7477703,220.3767644,2
0.110629975,-10446.71762,10446.60699,-46.50206032,-267.7642232,208.8930034,2
0.127469329,-9857.60141,9857.473941,-24.45896085,-279.4001686,197.112394,2
0.144127542,-9254.477005,9254.332877,-2.38110385,-290.6390711,185.0516771,2
0.160580942,-8638.201482,8638.040901,19.70013682,-301.4649595,172.7279916,2
0.176806148,-8009.650601,8009.473795,41.75338253,-311.8624497,160.1588502,2
0.192780103,-7369.717569,7369.524789,63.74729439,-321.8167663,147.3621144,2
0.208480106,-6719.311765,6719.103285,85.65061786,-331.3137637,134.3559689,2
0.223883848,-6059.357452,6059.133568,107.4322271,-340.3399461,121.1588962,2
0.238969438,-5390.79246,5390.55349,129.0611693,-348.8824868,107.7896501,2
0.25371544,-4714.566856,4714.313141,150.5067085,-356.9292464,94.26722899,2
0.268100899,-4031.641596,4031.373495,171.7383694,-364.46879,80.610849,2
0.282105371,-3342.987152,3342.705046,192.7259807,-371.4904035,66.83991659,2
0.295708956,-2649.58214,2649.286431,213.4397179,-377.9841088,52.974001,2
0.308892323,-1952.411927,1952.103035,233.8501455,-383.940678,39.03280645,2
0.321636737,-1252.46723,1252.145593,253.9282593,-389.3516465,25.03614415,2
0.333924087,-550.7427084,550.4087843,273.6455271,-394.2093251,11.00390412,2
0.345736913,151.7644487,-152.1101856,292.9739296,-398.5068106,-3.043973057,2
0.357058427,854.0559402,-854.4129986,311.8860002,-402.2379961,-17.08752458,2
0.367872543,1555.133771,-1555.501644,330.3548637,-405.3975794,-31.1067938,2
0.378163891,2254.001673,-2254.379836,348.3542749,-407.9810705,-45.08185857,2
0.387917848,2949.666514,-2950.054432,365.8586555,-409.9847983,-58.99285955,2
0.397120552,3641.139718,-3641.536838,382.843131,-411.4059152,-72.82002844,2
0.405758926,4327.438663,-4327.844422,399.2835655,-412.2424018,-86.54371609,2
0.413820694,5007.588081,-5008.001901,415.1565962,-412.4930693,-100.1444204,2
0.421294401,5680.621442,-5681.042736,430.4396666,-412.1575617,-113.602814,2
0.428169425,6345.582329,-6346.010499,445.1110587,-411.2363556,-126.8997718,2
0.434435997,7001.525797,-7001.960233,459.1499237,-409.7307602,-140.016398,2
0.440085212,7647.519713,-7647.959799,472.5363114,-407.6429149,-152.9340533,2
0.445109042,8282.646086,-8283.091195,485.2511992,-404.9757867,-165.6343809,2
0.449500347,8906.002365,-8906.451865,497.2765186,-401.7331658,-178.0993331,2
0.453252888,9516.702727,-9517.15598,508.5951807,-397.91966,-190.3111963,2
0.456361331,10113.87933,-10114.3357,519.1911013,-393.5406887,-202.2526169,2
0.45882126,10696.68357,-10697.14239,529.0492229,-388.6024745,-213.9066254,2
0.460629179,11264.28722,-11264.74785,538.1555367,-383.1120349,-225.256661,2
0.461782519,11815.88371,-11816.3455,546.4971019,-377.0771722,-236.2865945,2
0.46227964,12350.68919,-12351.15147,554.0620649,-370.5064621,-246.9807518,2
0.462119837,12867.94365,-12868.40577,560.8396754,-363.4092421,-257.323936,2
0.461303337,13366.91207,-13367.37337,566.820302,-355.7955977,-267.3014487,2
0.459831299,13846.88537,-13847.3452,571.9954459,-347.6763483,-276.8991115,2
0.457705815,14307.18149,-14307.6392,576.357753,-339.0630317,-286.1032855,2
0.454929907,14747.14632,-14747.60125,579.9010242,-329.9678881,-294.9008911,2
0.451507518,15166.15465,-15166.60616,582.6202243,-320.403842,-303.2794263,2
0.447443512,15563.61105,-15564.05849,584.5114892,-310.3844845,-311.2269849,2
0.442743665,15938.9507,-15939.39345,585.5721313,-299.9240537,-318.732273,2
0.437414654,16291.64023,-16292.07765,585.8006434,-289.0374144,-325.784625,2
0.431464054,16621.17845,-16621.60992,585.1967006,-277.7400371,-332.3740192,2
0.424900319,16927.09707,-16927.52197,583.7611614,-266.047976,-338.4910918,2
0.417732778,17208.96135,-17209.37908,581.4960656,-253.9778462,-344.12715,2
0.409971616,17466.37076,-17466.78073,578.404632,-241.5468,-349.2741847,2
0.401627862,17698.9595,-17699.36112,574.4912539,-228.7725025,-353.9248817,2
0.392713372,17906.39704,-17906.78976,569.7614922,-215.6731068,-358.0726321,2
0.383240815,18088.38862,-18088.77186,564.2220683,-202.2672279,-361.7115416,2
0.373223652,18244.67561,-18245.04884,557.8808539,-188.5739161,-364.8364393,2
0.362676118,18375.03592,-18375.3986,550.7468603,-174.6126304,-367.4428844,2
0.351613202,18479.2843,-18479.63591,542.8302253,-160.4032107,-369.5271731,2
0.340050623,18557.2726,-18557.61265,534.1421989,-145.9658492,-371.0863434,2
0.328004814,18608.89,-18609.218,524.6951271,-131.3210623,-372.1181797,2
0.315492893,18634.06315,-18634.37864,514.5024349,-116.489661,-372.6212158,2
0.302532638,18632.75628,-18633.05881,503.5786065,-101.4927214,-372.5947367,2
0.289142469,18604.97124,-18605.26038,491.9391654,-86.35155519,-372.0387801,2
0.275341412,18550.74751,-18551.02286,479.6006518,-71.08767866,-370.954136,2
0.261149079,18470.16217,-18470.42332,466.5805995,-55.72278265,-369.3423458,2
0.24658564,18363.32971,-18363.57629,452.8975105,-40.27870152,-367.2057,2
0.231671789,18230.40195,-18230.63362,438.5708295,-24.77738216,-364.5472347,2
0.216428719,18071.5678,-18071.78422,423.6209153,-9.240852771,-361.3707278,2
0.200878093,17887.05295,-17887.25383,408.0690126,6.308808371,-357.6806934,2
0.185042008,17677.11963,-17677.30467,391.9372215,21.84950435,-353.4823752,2
0.168942968,17442.06615,-17442.2351,375.2484661,37.35915099,-348.7817391,2
0.152603851,17182.22655,-17182.37915,358.0264622,52.81570823,-343.5854651,2
0.136047875,16897.97006,-16898.1061,340.2956831,68.19721146,-337.9009374,2
0.119298568,16589.70062,-16589.81992,322.0813251,83.48180272,-331.736234,2
0.102379731,16257.85632,-16257.9587,303.409272,98.64776177,-325.1001152,2
0.085315407,15902.90871,-15902.99403,284.3060577,113.673537,-318.0020113,2
0.068129845,15525.3622,-15525.43033,264.798829,128.5377758,-310.4520092,2
0.050847467,15125.7533,-15125.80415,244.9153066,143.2193555,-302.4608378,2
0.033492832,14704.64988,-14704.68337,224.6837462,157.6974126,-294.039853,2
0.016090601,14262.65035,-14262.66644,204.1328978,171.9513731,-285.2010215,2
-0.001334495,13800.3828,-13800.38147,183.2919655,185.9609812,-275.9569037,2
-0.018757694,13318.50416,-13318.4854,162.1905652,199.7063286,-266.3206361,2
-0.036154238,12817.6992,-12817.66304,140.8586833,213.1678824,-256.3059122,2
-0.053499405,12298.67958,-12298.62608,119.3266335,226.326513,-245.9269637,2
-0.070768546,11762.18287,-11762.1121,97.625014,239.1635212,-235.1985394,2
-0.087937121,11208.97145,-11208.88352,75.78466401,251.660665,-224.1358852,2
-0.104980733,10639.83147,-10639.72649,53.83661987,263.8001852,-212.7547216,2
-0.121875161,10055.57171,-10055.44983,31.81207095,275.5648309,-201.071222,2
-0.138596398,9457.02243,-9456.883833,9.742315333,286.9378839,-189.1019891,2
-0.155120682,8845.034203,-8844.879082,-12.34128465,297.9031824,-176.8640319,2
-0.171424531,8220.476699,-8220.305275,-34.40734698,308.4451442,-164.3747413,2
-0.187484777,7584.237448,-7584.049963,-56.4245146,318.5487886,-151.6518651,2
-0.203278596,6937.22058,-6937.017301,-78.36149989,328.1997578,-138.7134834,2
-0.218783545,6280.345542,-6280.126759,-100.1871292,337.3843371,-125.5779822,2
-0.233977591,5614.54579,-5614.311812,-121.8703871,346.0894748,-112.2640278,2
-0.248839142,4940.767461,-4940.518622,-143.3804606,354.3028005,-98.79054013,2
-0.263347079,4259.968031,-4259.704683,-164.6867825,362.0126425,-85.17666567,2
-0.277480785,3573.114953,-3572.837472,-185.7590755,369.2080447,-71.44175051,2
-0.291220176,2881.184283,-2880.893063,-206.5673947,375.878782,-57.60531271,2
-0.304545727,2185.159293,-2184.854747,-227.0821704,382.0153751,-43.68701461,2
-0.317438502,1486.029072,-1485.711633,-247.2742498,387.6091034,-29.70663487,2
-0.32988018,784.7871221,-784.4572419,-267.114939,392.652018,-15.68404038,2
-0.341853079,82.42994694,-82.08809386,-286.5760433,397.1369525,-1.639158005,2
-0.353340187,-620.0443657,620.3977059,-305.6299073,401.0575337,12.4080537,2
-0.364325179,-1321.637561,1322.001887,-324.2494545,404.4081902,26.43763288,2
-0.374792445,-2021.352638,2021.72743,-342.4082255,407.1841606,40.42964274,2
-0.38472711,-2718.195261,2718.579989,-360.0804157,409.3815,54.36419987,2
-0.394115058,-3411.175181,3411.569296,-377.2409119,410.9970858,68.22150249,2
-0.402942946,-4099.307634,4099.710577,-393.8653281,412.0286223,81.98185862,2
-0.41119823,-4781.614746,4782.025944,-409.9300401,412.4746436,95.62571405,2
-0.418869179,-5457.126922,5457.545792,-425.4122191,412.3345159,109.1336801,2
-0.425944892,-6124.884223,6125.310168,-440.2898641,411.6084382,122.4865612,2
-0.432415313,-6783.937727,6784.370143,-454.5418331,410.2974425,135.6653822,2
-0.43827125,-7433.350885,7433.789156,-468.1478733,408.4033916,148.6514153,2
-0.443504378,-8072.200845,8072.644349,-481.0886497,405.9289771,161.4262066,2
-0.448107263,-8699.579765,8700.027872,-493.3457728,402.8777154,173.9716024,2
-0.452073363,-9314.596107,9315.04818,-504.9018246,399.2539424,186.2697751,2
-0.455397041,-9916.375898,9916.831295,-515.7403833,395.0628076,198.3032482,2
-0.458073576,-10504.06398,10504.52205,-525.8460466,390.3102671,210.0549215,2
-0.460099163,-11076.8252,11077.2853,-535.204454,385.0030742,221.5080953,2
-0.461470924,-11633.84566,11634.30713,-543.8023065,379.148771,232.646494,2
-0.462186909,-12174.33378,12174.79597,-551.6273862,372.7556765,243.4542893,2
-0.462246102,-12697.52151,12697.98375,-558.6685732,365.8328759,253.9161227,2
-0.461648417,-13202.66536,13203.12701,-564.9158616,358.3902068,264.0171274,2
-0.460394705,-13689.04751,13689.5079,-570.3603736,350.4382455,273.7429494,2
-0.458486747,-14155.97677,14156.43525,-574.9943724,341.9882923,283.0797676,2
-0.455927254,-14602.78961,14603.24554,-578.8112727,333.0523551,292.014314,2
-0.452719864,-15028.85109,15029.30381,-581.8056504,323.6431322,300.533892,2
-0.448869134,-15433.55575,15434.00462,-583.9732506,313.7739947,308.626395,2
-0.444380536,-15816.32848,15816.77286,-585.3109927,303.4589672,316.2803229,2
-0.439260449,-16176.62534,16177.0646,-585.816976,292.7127079,323.4847992,2
-0.433516149,-16513.93434,16514.36785,-585.4904812,281.5504878,330.2295859,2
-0.427155799,-16827.77613,16828.20328,-584.3319725,269.9881691,336.5050983,2
-0.420188437,-17117.70473,17118.12491,-582.343096,258.0421825,342.3024186,2
-0.412623964,-17383.30813,17383.72075,-579.5266781,245.7295037,347.6133084,2
-0.40447313,-17624.2089,17624.61337,-575.8867211,233.0676299,352.4302206,2
-0.395747518,-17840.06471,17840.46046,-571.4283976,220.0745542,356.7463102,2
-0.386459527,-18030.56881,18030.95527,-566.158043,206.7687406,360.5554438,2
-0.376622356,-18195.45048,18195.8271,-560.0831469,193.1690972,363.8522084,2
-0.366249983,-18334.47542,18334.84167,-553.212342,179.29495,366.6319191,2
-0.35535715,-18447.44607,18447.80143,-545.5553921,165.1660149,368.8906257,2
-0.343959334,-18534.20189,18534.54585,-537.1231781,150.8023698,370.6251186,2
-0.332072733,-18594.6196,18594.95167,-527.9276827,136.2244263,371.8329329,2
-0.319714239,-18628.61333,18628.93304,-517.9819731,121.4529005,372.5123523,2
-0.306901414,-18636.13478,18636.44169,-507.3001829,106.5087834,372.6624112,2
-0.293652465,-18617.17327,18617.46692,-495.8974913,91.4133115,372.2828965,2
-0.279986219,-18571.75574,18572.03572,-483.7901022,76.18793629,371.3743474,2
-0.265922098,-18499.94672,18500.21264,-470.995221,60.85429386,369.938055,2
-0.251480087,-18401.84827,18402.09975,-457.5310297,45.43417414,367.9760604,2
-0.236680709,-18277.59978,18277.83646,-443.4166619,29.94948998,365.4911517,2
-0.221544995,-18127.37782,18127.59937,-428.6721746,14.42224595,362.4868601,2
-0.206094453,-17951.39587,17951.60197,-413.3185208,-1.125492874,358.9674548,2
-0.190351039,-17749.904,17750.09436,-397.3775188,-16.67163231,354.9379371,2
-0.174337127,-17523.18855,17523.36289,-380.8718215,-32.19408045,350.4040332,2
-0.158075472,-17271.57169,17271.72977,-363.8248845,-47.67077904,345.3721859,2
-0.141589183,-16995.41098,16995.55257,-346.2609325,-63.07973484,339.8495459,2
-0.124901688,-16695.09886,16695.22376,-328.2049247,-78.39905089,333.8439611,2
-0.1080367,-16371.06209,16371.17013,-309.6825198,-93.6069576,327.3639658,2
-0.091018187,-16023.76115,16023.85217,-290.7200391,-108.6818437,320.4187683,2
-0.073870332,-15653.68956,15653.76343,-271.3444293,-123.6022869,313.0182383,2
-0.056617503,-15261.37323,15261.42985,-251.5832242,-138.3470846,305.1728922,2
-0.039284218,-14847.36965,14847.40893,-231.4645056,-152.8952834,296.8938787,2
-0.021895108,-14412.26714,14412.28904,-211.0168632,-167.2262097,288.1929628,2
-0.004474883,-13956.68402,13956.68849,-190.2693544,-181.3194984,279.0825089,2
0.012951701,-13481.26768,13481.25473,-169.2514624,-195.1551222,269.5754635,2
0.030359879,-12986.69372,12986.66336,-147.9930547,-208.7134199,259.6853366,2
0.047724915,-12473.66496,12473.61724,-126.5243409,-221.9751244,249.4261826,2
0.06502213,-11942.91045,11942.84542,-104.8758291,-234.92139,238.8125804,2
0.082226946,-11395.1844,11395.10217,-83.07828292,-247.5338196,227.8596124,2
0.099314913,-10831.26517,10831.16585,-61.16267799,-259.79449,216.5828435,2
0.116261748,-10251.95412,10251.83786,-39.16015756,-271.6859782,204.9982985,2
0.133043368,-9658.074481,9657.941437,-17.10198839,-283.1913858,193.1224396,2
0.149635927,-9050.470191,9050.320555,4.980483636,-294.294363,180.9721433,2
0.166015845,-8430.004688,8429.838672,27.05587812,-304.9791317,168.5646756,2
0.182159845,-7797.559687,7797.377527,49.09282473,-315.2305084,155.9176683,2
0.198044986,-7154.033927,7153.835882,71.06000774,-325.0339254,143.0490934,2
0.213648695,-6500.341894,6500.128245,92.92621059,-334.3754513,129.977238,2
0.228948796,-5837.412518,5837.18357,114.6603602,-343.2418114,116.7206778,2
0.243923549,-5166.187861,5165.943937,136.2315712,-351.6204061,103.2982511,2
0.258551674,-4487.621767,4487.363216,157.6091897,-359.499329,89.72903196,2
0.272812382,-3802.678518,3802.405705,178.7628368,-366.8673836,76.03230295,2
0.286685409,-3112.331454,3112.044769,199.6624522,-373.7140997,62.22752787,2
0.30015104,-2417.561597,2417.261446,220.2783364,-380.0297475,48.33432408,2
0.313190141,-1719.356253,1719.043062,240.5811929,-385.8053523,34.37243456,2
0.325784181,-1018.707609,1018.381825,260.5421705,-391.0327065,20.36169994,2
0.337915263,-316.611326,316.2734107,280.1329033,-395.7043819,6.322030225,2
0.34956615,385.934879,-386.2844451,299.325552,-399.8137398,-7.72662344,2
0.360720284,1087.932649,-1088.29337,318.0928427,-403.3549404,-21.76429715,2
0.371361815,1788.384408,-1788.75577,336.408106,-406.3229515,-35.7710426,2
0.38147562,2486.294774,-2486.67625,354.245315,-408.7135555,-49.72695545,2
0.391047328,3180.67198,-3181.063027,371.579122,-410.5233552,-63.61220357,2
0.400063336,3870.529276,-3870.92934,388.3848948,-411.7497788,-77.40705527,2
0.408510832,4554.886339,-4555.29485,404.6387514,-412.3910834,-91.0919073,2
0.416377812,5232.770659,-5233.187037,420.3175942,-412.4463576,-104.6473128,2
0.423653096,5903.218926,-5903.642579,435.3991426,-411.9155231,-118.0540086,2
0.430326346,6565.278395,-6565.708721,449.8619651,-410.799334,-131.2929433,2
0.436388079,7218.008245,-7218.444633,463.6855091,-409.0993766,-144.3453036,2
0.44182968,7860.48091,-7860.922739,476.8501306,-406.8180666,-157.1925412,2
0.446643417,8491.783401,-8492.230044,489.337122,-403.9586459,-169.8163997,2
0.45082245,9111.018604,-9111.469426,501.1287386,-400.5251779,-182.1989397,2
0.454360839,9717.30655,-9717.760911,512.2082238,-396.5225416,-194.3225651,2
0.457253556,10309.78567,-10310.24293,522.5598331,-391.9564251,-206.1700475,2
0.459496491,10887.61403,-10888.07352,532.1688563,-386.8333171,-217.724551,2
0.461086457,11449.97048,-11450.43157,541.0216384,-381.1604978,-228.969656,2
0.462021193,11996.05591,-11996.51793,549.1055991,-374.9460285,-239.8893826,2
0.462299372,12525.09428,-12525.55658,556.4092508,-368.1987404,-250.4682132,2
0.461920599,13036.3338,-13036.79572,562.9222145,-360.9282218,-260.6911148,2
0.460885411,13529.04799,-13529.50887,568.6352349,-353.1448044,-270.54356,2
0.459195279,14002.53665,-14002.99585,573.5401935,-344.859549,-280.0115481,2
0.456852606,14456.12695,-14456.5838,577.6301201,-336.0842292,-289.0816244,2
0.45386072,14889.17429,-14889.62815,580.8992027,-326.8313154,-297.7408999,2
0.450223874,15301.06331,-15301.51353,583.3427957,-317.1139563,-305.9770693,2
0.445947234,15691.20868,-15691.65462,584.9574268,-306.945961,-313.7784286,2
0.441036879,16059.05598,-16059.49702,585.7408013,-296.3417787,-321.1338915,2
0.435499787,16404.08248,-16404.51798,585.6918061,-285.3164785,-328.0330056,2
0.429343826,16725.79789,-16726.22723,584.8105107,-273.885728,-334.4659668,2
0.422577743,17023.74502,-17024.1676,583.0981677,-262.0657708,-340.4236336,2
0.415211155,17297.50048,-17297.91569,580.5572102,-249.8734039,-345.8975398,2
0.407254528,17546.67524,-17547.0825,577.1912492,-237.3259532,-350.8799067,2
0.398719171,17770.91522,-17771.31394,573.0050678,-224.4412493,-355.363654,2
0.389617212,17969.90175,-17970.29137,568.0046149,-211.2376021,-359.3424101,2
0.379961586,18143.35208,-18143.73204,562.1969963,-197.7337748,-362.810521,2
0.369766013,18291.0197,-18291.38947,555.590465,-183.9489569,-365.7630583,2
0.359044983,18412.69479,-18413.05383,548.1944093,-169.9027375,-368.1958263,2
0.34781373,18508.20442,-18508.55224,540.0193394,-155.615077,-370.1053678,2
0.336088214,18577.41289,-18577.74898,531.0768724,-141.1062789,-371.4889694,2
0.323885099,18620.22184,-18620.54572,521.3797161,-126.3969612,-372.3446648,2
0.311221726,18636.57043,-18636.88165,510.9416507,-111.5080264,-372.6712381,2
0.298116089,18626.43544,-18626.73355,499.7775092,-96.46063259,-372.4682251,2
0.284586814,18589.83126,-18590.11585,487.9031566,-81.27616296,-371.7359144,2
0.270653124,18526.80992,-18527.08057,475.3354669,-65.97619546,-370.4753467,2
0.256334822,18437.46096,-18437.7173,462.0922995,-50.58247218,-368.6883132,2
0.241652254,18321.91136,-18322.15302,448.1924736,-35.11686843,-366.3773534,2
0.226626285,18180.32533,-18180.55196,433.6557417,-19.6013617,-363.5457514,2
0.211278268,18012.90406,-18013.11534,418.5027613,-4.058000351,-360.197531,2
0.195630012,17819.88546,-17820.08109,402.7550655,11.49112763,-356.3374502,2
0.179703756,17601.54384,-17601.72354,386.4350328,27.0239261,-351.9709943,2
0.163522131,17358.18945,-17358.35297,369.5658547,42.51832208,-347.1043684,2
0.147108132,17090.16813,-17090.31524,352.1715033,57.95229721,-341.7444882,2
0.130485084,16797.86075,-16797.99123,334.276697,73.30391895,-335.8989704,2
0.11367661,16481.68268,-16481.79636,315.9068652,88.5513718,-329.5761218,2
0.096706595,16142.08325,-16142.17995,297.0881124,103.6729883,-322.7849275,2
0.079599154,15779.54503,-15779.62462,277.8471812,118.6472798,-315.5350381,2
0.062378599,15394.58321,-15394.64559,258.2114139,133.4529671,-307.8367562,2
0.045069401,14987.74485,-14987.78991,238.208714,148.0690104,-299.7010214,2
0.027696156,14559.60808,-14559.63577,217.8675066,162.4746395,-291.139395,2
0.010283554,14110.78131,-14110.79159,197.2166975,176.6493832,-282.1640437,2
-0.007143662,13641.90235,-13641.89521,176.2856327,190.5730986,-272.7877218,2
-0.024560726,13153.6375,-13153.61294,155.1040564,204.2259991,-263.0237536,2
-0.041942888,12646.68061,-12646.63867,133.7020687,217.5886833,-252.8860142,2
-0.059265447,12121.7521,-12121.69283,112.110083,230.6421621,-242.38891,2
-0.076503787,11579.59791,-11579.52141,90.35878281,243.3678857,-231.5473579,2
-0.09363341,11020.98848,-11020.89485,68.47907782,255.7477703,-220.3767644,2
-0.110629975,10446.71762,-10446.60699,46.50206032,267.7642232,-208.8930034,2
-0.127469329,9857.60141,-9857.473941,24.45896085,279.4001686,-197.112394,2
-0.144127542,9254.477005,-9254.332877,2.38110385,290.6390711,-185.0516771,2
-0.160580942,8638.201482,-8638.040901,-19.70013682,301.4649595,-172.7279916,2
-0.176806148,8009.650601,-8009.473795,-41.75338253,311.8624497,-160.1588502,2
-0.192780103,7369.717569,-7369.524789,-63.74729439,321.8167663,-147.3621144,2
-0.208480106,6719.311765,-6719.103285,-85.65061786,331.3137637,-134.3559689,2
-0.223883848,6059.357452,-6059.133568,-107.4322271,340.3399461,-121.1588962,2
-0.238969438,5390.79246,-5390.55349,-129.0611693,348.8824868,-107.7896501,2
-0.25371544,4714.566856,-4714.313141,-150.5067085,356.9292464,-94.26722899,2
-0.268100899,4031.641596,-4031.373495,-171.7383694,364.46879,-80.610849,2
-0.282105371,3342.987152,-3342.705046,-192.7259807,371.4904035,-66.83991659,2
-0.295708956,2649.58214,-2649.286431,-213.4397179,377.9841088,-52.974001,2
-0.308892323,1952.411927,-1952.103035,-233.8501455,383.940678,-39.03280645,2
-0.321636737,1252.46723,-1252.145593,-253.9282593,389.3516465,-25.03614415,2
-0.333924087,550.7427084,-550.4087843,-273.6455271,394.2093251,-11.00390412,2
-0.345736913,-151.7644487,152.1101856,-292.9739296,398.5068106,3.043973057,2
-0.357058427,-854.0559402,854.4129986,-311.8860002,402.2379961,17.08752458,2
-0.367872543,-1555.133771,1555.501644,-330.3548637,405.3975794,31.1067938,2
-0.378163891,-2254.001673,2254.379836,-348.3542749,407.9810705,45.08185857,2
-0.387917848,-2949.666514,2950.054432,-365.8586555,409.9847983,58.99285955,2
-0.397120552,-3641.139718,3641.536838,-382.843131,411.4059152,72.82002844,2
-0.405758926,-4327.438663,4327.844422,-399.2835655,412.2424018,86.54371609,2
-0.413820694,-5007.588081,5008.001901,-415.1565962,412.4930693,100.1444204,2
-0.421294401,-5680.621442,5681.042736,-430.4396666,412.1575617,113.602814,2
-0.428169425,-6345.582329,6346.010499,-445.1110587,411.2363556,126.8997718,2
-0.434435997,-7001.525797,7001.960233,-459.1499237,409.7307602,140.016398,2
-0.440085212,-7647.519713,7647.959799,-472.5363114,407.6429149,152.9340533,2
-0.445109042,-8282.646086,8283.091195,-485.2511992,404.9757867,165.6343809,2
-0.449500347,-8906.002365,8906.451865,-497.2765186,401.7331658,178.0993331,2
-0.453252888,-9516.702727,9517.15598,-508.5951807,397.91966,190.3111963,2
-0.456361331,-10113.87933,10114.3357,-519.1911013,393.5406887,202.2526169,2
-0.45882126,-10696.68357,10697.14239,-529.0492229,388.6024745,213.9066254,2
-0.460629179,-11264.28722,11264.74785,-538.1555367,383.1120349,225.256661,2
-0.461782519,-11815.88371,11816.3455,-546.4971019,377.0771722,236.2865945,2
-0.46227964,-12350.68919,12351.15147,-554.0620649,370.5064621,246.9807518,2
-0.462119837,-12867.94365,12868.40577,-560.8396754,363.4092421,257.323936,2
-0.461303337,-13366.91207,13367.37337,-566.820302,355.7955977,267.3014487,2
-0.459831299,-13846.88537,13847.3452,-571.9954459,347.6763483,276.8991115,2
-0.457705815,-14307.18149,14307.6392,-576.357753,339.0630317,286.1032855,2
-0.454929907,-14747.14632,14747.60125,-579.9010242,329.9678881,294.9008911,2
-0.451507518,-15166.15465,15166.60616,-582.6202243,320.403842,303.2794263,2
-0.447443512,-15563.61105,15564.05849,-584.5114892,310.3844845,311.2269849,2
-0.442743665,-15938.9507,15939.39345,-585.5721313,299.9240537,318.732273,2
-0.437414654,-16291.64023,16292.07765,-585.8006434,289.0374144,325.784625,2
-0.431464054,-16621.17845,16621.60992,-585.1967006,277.7400371,332.3740192,2
-0.424900319,-16927.09707,16927.52197,-583.7611614,266.047976,338.4910918,2
-0.417732778,-17208.96135,17209.37908,-581.4960656,253.9778462,344.12715,2
-0.409971616,-17466.37076,17466.78073,-578.404632,241.5468,349.2741847,2
-0.401627862,-17698.9595,17699.36112,-574.4912539,228.7725025,353.9248817,2
-0.392713372,-17906.39704,17906.78976,-569.7614922,215.6731068,358.0726321,2
-0.383240815,-18088.38862,18088.77186,-564.2220683,202.2672279,361.7115416,2
-0.373223652,-18244.67561,18245.04884,-557.8808539,188.5739161,364.8364393,2
-0.362676118,-18375.03592,18375.3986,-550.7468603,174.6126304,367.4428844,2
-0.351613202,-18479.2843,18479.63591,-542.8302253,160.4032107,369.5271731,2
-0.340050623,-18557.2726,18557.61265,-534.1421989,145.9658492,371.0863434,2
-0.328004814,-18608.89,18609.218,-524.6951271,131.3210623,372.1181797,2
-0.315492893,-18634.06315,18634.37864,-514.5024349,116.489661,372.6212158,2
-0.302532638,-18632.75628,18633.05881,-503.5786065,101.4927214,372.5947367,2
-0.289142469,-18604.97124,18605.26038,-491.9391654,86.35155519,372.0387801,2
-0.275341412,-18550.74751,18551.02286,-479.6006518,71.08767866,370.954136,2
-0.261149079,-18470.16217,18470.42332,-466.5805995,55.72278265,369.3423458,2
-0.24658564,-18363.32971,18363.57629,-452.8975105,40.27870152,367.2057,2
-0.231671789,-18230.40195,18230.63362,-438.5708295,24.77738216,364.5472347,2
-0.216428719,-18071.5678,18071.78422,-423.6209153,9.240852771,361.3707278,2
-0.200878093,-17887.05295,17887.25383,-408.0690126,-6.308808371,357.6806934,2
-0.185042008,-17677.11963,17677.30467,-391.9372215,-21.84950435,353.4823752,2
-0.168942968,-17442.06615,17442.2351,-375.2484661,-37.35915099,348.7817391,2
-0.152603851,-17182.22655,17182.37915,-358.0264622,-52.81570823,343.5854651,2
-0.136047875,-16897.97006,16898.1061,-340.2956831,-68.19721146,337.9009374,2
-0.119298568,-16589.70062,16589.81992,-322.0813251,-83.48180272,331.736234,2
-0.102379731,-16257.85632,16257.9587,-303.409272,-98.64776177,325.1001152,2
-0.085315407,-15902.90871,15902.99403,-284.3060577,-113.673537,318.0020113,2
-0.068129845,-15525.3622,15525.43033,-264.798829,-128.5377758,310.4520092,2
-0.050847467,-15125.7533,15125.80415,-244.9153066,-143.2193555,302.4608378,2
-0.033492832,-14704.64988,14704.68337,-224.6837462,-157.6974126,294.039853,2
-0.016090601,-14262.65035,14262.66644,-204.1328978,-171.9513731,285.2010215,2
0.001334495,-13800.3828,13800.38147,-183.2919655,-185.9609812,275.9569037,2
0.018757694,-13318.50416,13318.4854,-162.1905652,-199.7063286,266.3206361,2
0.036154238,-12817.6992,12817.66304,-140.8586833,-213.1678824,256.3059122,2
0.053499405,-12298.67958,12298.62608,-119.3266335,-226.326513,245.9269637,2
0.070768546,-11762.18287,11762.1121,-97.625014,-239.1635212,235.1985394,2
0.087937121,-11208.97145,11208.88352,-75.78466401,-251.660665,224.1358852,2
0.104980733,-10639.83147,10639.72649,-53.83661987,-263.8001852,212.7547216,2
0.121875161,-10055.57171,10055.44983,-31.81207095,-275.5648309,201.071222,2
0.138596398,-9457.02243,9456.883833,-9.742315333,-286.9378839,189.1019891,2
0.155120682,-8845.034203,8844.879082,12.34128465,-297.9031824,176.8640319,2
0.171424531,-8220.476699,8220.305275,34.40734698,-308.4451442,164.3747413,2
0.187484777,-7584.237448,7584.049963,56.4245146,-318.5487886,151.6518651,2
0.203278596,-6937.22058,6937.017301,78.36149989,-328.1997578,138.7134834,2
0.218783545,-6280.345542,6280.126759,100.1871292,-337.3843371,125.5779822,2
0.233977591,-5614.54579,5614.311812,121.8703871,-346.0894748,112.2640278,2
0.248839142,-4940.767461,4940.518622,143.3804606,-354.3028005,98.79054013,2
0.263347079,-4259.968031,4259.704683,164.6867825,-362.0126425,85.17666567,2
0.277480785,-3573.114953,3572.837472,185.7590755,-369.2080447,71.44175051,2
0.291220176,-2881.184283,2880.893063,206.5673947,-375.878782,57.60531271,2
0.304545727,-2185.159293,2184.854747,227.0821704,-382.0153751,43.68701461,2
0.317438502,-1486.029072,1485.711633,247.2742498,-387.6091034,29.70663487,2
0.32988018,-784.7871221,784.4572419,267.114939,-392.652018,15.68404038,2
0.341853079,-82.42994694,82.08809386,286.5760433,-397.1369525,1.639158005,2
0.353340187,620.0443657,-620.3977059,305.6299073,-401.0575337,-12.4080537,2
0.364325179,1321.637561,-1322.001887,324.2494545,-404.4081902,-26.43763288,2
0.374792445,2021.352638,-2021.72743,342.4082255,-407.1841606,-40.42964274,2
0.38472711,2718.195261,-2718.579989,360.0804157,-409.3815,-54.36419987,2
0.394115058,3411.175181,-3411.569296,377.2409119,-410.9970858,-68.22150249,2
0.402942946,4099.307634,-4099.710577,393.8653281,-412.0286223,-81.98185862,2
0.41119823,4781.614746,-4782.025944,409.9300401,-412.4746436,-95.62571405,2
0.418869179,5457.126922,-5457.545792,425.4122191,-412.3345159,-109.1336801,2
0.425944892,6124.884223,-6125.310168,440.2898641,-411.6084382,-122.4865612,2
0.432415313,6783.937727,-6784.370143,454.5418331,-410.2974425,-135.6653822,2
0.43827125,7433.350885,-7433.789156,468.1478733,-408.4033916,-148.6514153,2
0.443504378,8072.200845,-8072.644349,481.0886497,-405.9289771,-161.4262066,2
0.448107263,8699.579765,-8700.027872,493.3457728,-402.8777154,-173.9716024,2
0.452073363,9314.596107,-9315.04818,504.9018246,-399.2539424,-186.2697751,2
0.455397041,9916.375898,-9916.831295,515.7403833,-395.0628076,-198.3032482,2
0.458073576,10504.06398,-10504.52205,525.8460466,-390.3102671,-210.0549215,2
0.460099163,11076.8252,-11077.2853,535.204454,-385.0030742,-221.5080953,2
0.461470924,11633.84566,-11634.30713,543.8023065,-379.148771,-232.646494,2
0.462186909,12174.33378,-12174.79597,551.6273862,-372.7556765,-243.4542893,2
0.462246102,12697.52151,-12697.98375,558.6685732,-365.8328759,-253.9161227,2
0.461648417,13202.66536,-13203.12701,564.9158616,-358.3902068,-264.0171274,2
0.460394705,13689.04751,-13689.5079,570.3603736,-350.4382455,-273.7429494,2
0.458486747,14155.97677,-14156.43525,574.9943724,-341.9882923,-283.0797676,2
0.455927254,14602.78961,-14603.24554,578.8112727,-333.0523551,-292.014314,2
0.452719864,15028.85109,-15029.30381,581.8056504,-323.6431322,-300.533892,2
0.448869134,15433.55575,-15434.00462,583.9732506,-313.7739947,-308.626395,2
0.444380536,15816.32848,-15816.77286,585.3109927,-303.4589672,-316.2803229,2
0.439260449,16176.62534,-16177.0646,585.816976,-292.7127079,-323.4847992,2
0.433516149,16513.93434,-16514.36785,585.4904812,-281.5504878,-330.2295859,2
0.427155799,16827.77613,-16828.20328,584.3319725,-269.9881691,-336.5050983,2
0.420188437,17117.70473,-17118.12491,582.343096,-258.0421825,-342.3024186,2
0.412623964,17383.30813,-17383.72075,579.5266781,-245.7295037,-347.6133084,2
0.40447313,17624.2089,-17624.61337,575.8867211,-233.0676299,-352.4302206,2
0.395747518,17840.06471,-17840.46046,571.4283976,-220.0745542,-356.7463102,2
0.386459527,18030.56881,-18030.95527,566.158043,-206.7687406,-360.5554438,2
0.376622356,18195.45048,-18195.8271,560.0831469,-193.1690972,-363.8522084,2
0.366249983,18334.47542,-18334.84167,553.212342,-179.29495,-366.6319191,2
0.35535715,18447.44607,-18447.80143,545.5553921,-165.1660149,-368.8906257,2
0.343959334,18534.20189,-18534.54585,537.1231781,-150.8023698,-370.6251186,2
0.332072733,18594.6196,-18594.95167,527.9276827,-136.2244263,-371.8329329,2
0.319714239,18628.61333,-18628.93304,517.9819731,-121.4529005,-372.5123523,2
0.306901414,18636.13478,-18636.44169,507.3001829,-106.5087834,-372.6624112,2
0.293652465,18617.17327,-18617.46692,495.8974913,-91.4133115,-372.2828965,2
0.279986219,18571.75574,-18572.03572,483.7901022,-76.18793629,-371.3743474,2
0.265922098,18499.94672,-18500.21264,470.995221,-60.85429386,-369.938055,2
0.251480087,18401.84827,-18402.09975,457.5310297,-45.43417414,-367.9760604,2
0.236680709,18277.59978,-18277.83646,443.4166619,-29.94948998,-365.4911517,2
0.221544995,18127.37782,-18127.59937,428.6721746,-14.42224595,-362.4868601,2
0.206094453,17951.39587,-17951.60197,413.3185208,1.125492874,-358.9674548,2
0.190351039,17749.904,-17750.09436,397.3775188,16.67163231,-354.9379371,2
0.174337127,17523.18855,-17523.36289,380.8718215,32.19408045,-350.4040332,2
0.158075472,17271.57169,-17271.72977,363.8248845,47.67077904,-345.3721859,2
0.141589183,16995.41098,-16995.55257,346.2609325,63.07973484,-339.8495459,2
0.124901688,16695.09886,-16695.22376,328.2049247,78.39905089,-333.8439611,2
0.1080367,16371.06209,-16371.17013,309.6825198,93.6069576,-327.3639658,2
0.091018187,16023.76115,-16023.85217,290.7200391,108.6818437,-320.4187683,2
0.073870332,15653.68956,-15653.76343,271.3444293,123.6022869,-313.0182383,2
0.056617503,15261.37323,-15261.42985,251.5832242,138.3470846,-305.1728922,2
0.039284218,14847.36965,-14847.40893,231.4645056,152.8952834,-296.8938787,2
0.021895108,14412.26714,-14412.28904,211.0168632,167.2262097,-288.1929628,2
0.004474883,13956.68402,-13956.68849,190.2693544,181.3194984,-279.0825089,2
-0.012951701,13481.26768,-13481.25473,169.2514624,195.1551222,-269.5754635,2
-0.030359879,12986.69372,-12986.66336,147.9930547,208.7134199,-259.6853366,2
-0.047724915,12473.66496,-12473.61724,126.5243409,221.9751244,-249.4261826,2
-0.06502213,11942.91045,-11942.84542,104.8758291,234.92139,-238.8125804,2
-0.082226946,11395.1844,-11395.10217,83.07828292,247.5338196,-227.8596124,2
-0.099314913,10831.26517,-10831.16585,61.16267799,259.79449,-216.5828435,2
-0.116261748,10251.95412,-10251.83786,39.16015756,271.6859782,-204.9982985,2
-0.133043368,9658.074481,-9657.941437,17.10198839,283.1913858,-193.1224396,2
-0.149635927,9050.470191,-9050.320555,-4.980483636,294.294363,-180.9721433,2
-0.166015845,8430.004688,-8429.838672,-27.05587812,304.9791317,-168.5646756,2
-0.182159845,7797.559687,-7797.377527,-49.09282473,315.2305084,-155.9176683,2
-0.198044986,7154.033927,-7153.835882,-71.06000774,325.0339254,-143.0490934,2
-0.213648695,6500.341894,-6500.128245,-92.92621059,334.3754513,-129.977238,2
-0.228948796,5837.412518,-5837.18357,-114.6603602,343.2418114,-116.7206778,2
-0.243923549,5166.187861,-5165.943937,-136.2315712,351.6204061,-103.2982511,2
-0.258551674,4487.621767,-4487.363216,-157.6091897,359.499329,-89.72903196,2
-0.272812382,3802.678518,-3802.405705,-178.7628368,366.8673836,-76.03230295,2
-0.286685409,3112.331454,-3112.044769,-199.6624522,373.7140997,-62.22752787,2
-0.30015104,2417.561597,-2417.261446,-220.2783364,380.0297475,-48.33432408,2
-0.313190141,1719.356253,-1719.043062,-240.5811929,385.8053523,-34.37243456,2
-0.325784181,1018.707609,-1018.381825,-260.5421705,391.0327065,-20.36169994,2
-0.337915263,316.611326,-316.2734107,-280.1329033,395.7043819,-6.322030225,2
-0.34956615,-385.934879,386.2844451,-299.325552,399.8137398,7.72662344,2
-0.360720284,-1087.932649,1088.29337,-318.0928427,403.3549404,21.76429715,2
-0.371361815,-1788.384408,1788.75577,-336.408106,406.3229515,35.7710426,2
-0.38147562,-2486.294774,2486.67625,-354.245315,408.7135555,49.72695545,2
-0.391047328,-3180.67198,3181.063027,-371.579122,410.5233552,63.61220357,2
-0.400063336,-3870.529276,3870.92934,-388.3848948,411.7497788,77.40705527,2
-0.408510832,-4554.886339,4555.29485,-404.6387514,412.3910834,91.0919073,2
-0.416377812,-5232.770659,5233.187037,-420.3175942,412.4463576,104.6473128,2
-0.423653096,-5903.218926,5903.642579,-435.3991426,411.9155231,118.0540086,2
-0.430326346,-6565.278395,6565.708721,-449.8619651,410.799334,131.2929433,2
-0.436388079,-7218.008245,7218.444633,-463.6855091,409.0993766,144.3453036,2
-0.44182968,-7860.48091,7860.922739,-476.8501306,406.8180666,157.1925412,2
-0.446643417,-8491.783401,8492.230044,-489.337122,403.9586459,169.8163997,2
-0.45082245,-9111.018604,9111.469426,-501.1287386,400.5251779,182.1989397,2
-0.454360839,-9717.30655,9717.760911,-512.2082238,396.5225416,194.3225651,2
-0.457253556,-10309.78567,10310.24293,-522.5598331,391.9564251,206.1700475,2
-0.459496491,-10887.61403,10888.07352,-532.1688563,386.8333171,217.724551,2
-0.461086457,-11449.97048,11450.43157,-541.0216384,381.1604978,228.969656,2
-0.462021193,-11996.05591,11996.51793,-549.1055991,374.9460285,239.8893826,2
-0.462299372,-12525.09428,12525.55658,-556.4092508,368.1987404,250.4682132,2
-0.461920599,-13036.3338,13036.79572,-562.9222145,360.9282218,260.6911148,2
-0.460885411,-13529.04799,13529.50887,-568.6352349,353.1448044,270.54356,2
-0.459195279,-14002.53665,14002.99585,-573.5401935,344.859549,280.0115481,2
-0.456852606,-14456.12695,14456.5838,-577.6301201,336.0842292,289.0816244,2
-0.45386072,-14889.17429,14889.62815,-580.8992027,326.8313154,297.7408999,2
-0.450223874,-15301.06331,15301.51353,-583.3427957,317.1139563,305.9770693,2
-0.445947234,-15691.20868,15691.65462,-584.9574268,306.945961,313.7784286,2
-0.441036879,-16059.05598,16059.49702,-585.7408013,296.3417787,321.1338915,2
-0.435499787,-16404.08248,16404.51798,-585.6918061,285.3164785,328.0330056,2
-0.429343826,-16725.79789,16726.22723,-584.8105107,273.885728,334.4659668,2
-0.422577743,-17023.74502,17024.1676,-583.0981677,262.0657708,340.4236336,2
-0.415211155,-17297.50048,17297.91569,-580.5572102,249.8734039,345.8975398,2
-0.407254528,-17546.67524,17547.0825,-577.1912492,237.3259532,350.8799067,2
-0.398719171,-17770.91522,17771.31394,-573.0050678,224.4412493,355.363654,2
-0.389617212,-17969.90175,17970.29137,-568.0046149,211.2376021,359.3424101,2
-0.379961586,-18143.35208,18143.73204,-562.1969963,197.7337748,362.810521,2
-0.369766013,-18291.0197,18291.38947,-555.590465,183.9489569,365.7630583,2
-0.359044983,-18412.69479,18413.05383,-548.1944093,169.9027375,368.1958263,2
-0.34781373,-18508.20442,18508.55224,-540.0193394,155.615077,370.1053678,2
-0.336088214,-18577.41289,18577.74898,-531.0768724,141.1062789,371.4889694,2
-0.323885099,-18620.22184,18620.54572,-521.3797161,126.3969612,372.3446648,2
-0.311221726,-18636.57043,18636.88165,-510.9416507,111.5080264,372.6712381,2
-0.298116089,-18626.43544,18626.73355,-499.7775092,96.46063259,372.4682251,2
-0.284586814,-18589.83126,18590.11585,-487.9031566,81.27616296,371.7359144,2
-0.270653124,-18526.80992,18527.08057,-475.3354669,65.97619546,370.4753467,2
-0.256334822,-18437.46096,18437.7173,-462.0922995,50.58247218,368.6883132,2
-0.241652254,-18321.91136,18322.15302,-448.1924736,35.11686843,366.3773534,2
-0.226626285,-18180.32533,18180.55196,-433.6557417,19.6013617,363.5457514,2
-0.211278268,-18012.90406,18013.11534,-418.5027613,4.058000351,360.197531,2
-0.195630012,-17819.88546,17820.08109,-402.7550655,-11.49112763,356.3374502,2
-0.179703756,-17601.54384,17601.72354,-386.4350328,-27.0239261,351.9709943,2
-0.163522131,-17358.18945,17358.35297,-369.5658547,-42.51832208,347.1043684,2
-0.147108132,-17090.16813,17090.31524,-352.1715033,-57.95229721,341.7444882,2
-0.130485084,-16797.86075,16797.99123,-334.276697,-73.30391895,335.8989704,2
-0.11367661,-16481.68268,16481.79636,-315.9068652,-88.5513718,329.5761218,2
-0.096706595,-16142.08325,16142.17995,-297.0881124,-103.6729883,322.7849275,2
-0.079599154,-15779.54503,15779.62462,-277.8471812,-118.6472798,315.5350381,2
-0.062378599,-15394.58321,15394.64559,-258.2114139,-133.4529671,307.8367562,2
-0.045069401,-14987.74485,14987.78991,-238.208714,-148.0690104,299.7010214,2
-0.027696156,-14559.60808,14559.63577,-217.8675066,-162.4746395,291.139395,2
-0.010283554,-14110.78131,14110.79159,-197.2166975,-176.6493832,282.1640437,2
0.007143662,-13641.90235,13641.89521,-176.2856327,-190.5730986,272.7877218,2
0.024560726,-13153.6375,13153.61294,-155.1040564,-204.2259991,263.0237536,2
0.041942888,-12646.68061,12646.63867,-133.7020687,-217.5886833,252.8860142,2
0.059265447,-12121.7521,12121.69283,-112.110083,-230.6421621,242.38891,2
0.076503787,-11579.59791,11579.52141,-90.35878281,-243.3678857,231.5473579,2
0.09363341,-11020.98848,11020.89485,-68.47907782,-255.7477703,220.3767644,2
0.110629975,-10446.71762,10446.60699,-46.50206032,-267.7642232,208.8930034,2
0.127469329,-9857.60141,9857.473941,-24.45896085,-279.4001686,197.112394,2
0.144127542,-9254.477005,9254.332877,-2.38110385,-290.6390711,185.0516771,2
0.160580942,-8638.201482,8638.040901,19.70013682,-301.4649595,172.7279916,2
0.176806148,-8009.650601,8009.473795,41.75338253,-311.8624497,160.1588502,2
0.192780103,-7369.717569,7369.524789,63.74729439,-321.8167663,147.3621144,2
0.208480106,-6719.311765,6719.103285,85.65061786,-331.3137637,134.3559689,2
0.223883848,-6059.357452,6059.133568,107.4322271,-340.3399461,121.1588962,2
0.238969438,-5390.79246,5390.55349,129.0611693,-348.8824868,107.7896501,2
0.25371544,-4714.566856,4714.313141,150.5067085,-356.9292464,94.26722899,2
0.268100899,-4031.641596,4031.373495,171.7383694,-364.46879,80.610849,2
0.282105371,-3342.987152,3342.705046,192.7259807,-371.4904035,66.83991659,2
0.295708956,-2649.58214,2649.286431,213.4397179,-377.9841088,52.974001,2
0.308892323,-1952.411927,1952.103035,233.8501455,-383.940678,39.03280645,2
0.321636737,-1252.46723,1252.145593,253.9282593,-389.3516465,25.03614415,2
0.333924087,-550.7427084,550.4087843,273.6455271,-394.2093251,11.00390412,2
0.345736913,151.7644487,-152.1101856,292.9739296,-398.5068106,-3.043973057,2
0.357058427,854.0559402,-854.4129986,311.8860002,-402.2379961,-17.08752458,2
0.367872543,1555.133771,-1555.501644,330.3548637,-405.3975794,-31.1067938,2
0.378163891,2254.001673,-2254.379836,348.3542749,-407.9810705,-45.08185857,2
0.387917848,2949.666514,-2950.054432,365.8586555,-409.9847983,-58.99285955,2
0.397120552,3641.139718,-3641.536838,382.843131,-411.4059152,-72.82002844,2
0.405758926,4327.438663,-4327.844422,399.2835655,-412.2424018,-86.54371609,2
0.413820694,5007.588081,-5008.001901,415.1565962,-412.4930693,-100.1444204,2
0.421294401,5680.621442,-5681.042736,430.4396666,-412.1575617,-113.602814,2
0.428169425,6345.582329,-6346.010499,445.1110587,-411.2363556,-126.8997718,2
0.434435997,7001.525797,-7001.960233,459.1499237,-409.7307602,-140.016398,2
0.440085212,7647.519713,-7647.959799,472.5363114,-407.6429149,-152.9340533,2
0.445109042,8282.646086,-8283.091195,485.2511992,-404.9757867,-165.6343809,2
0.449500347,8906.002365,-8906.451865,497.2765186,-401.7331658,-178.0993331,2
0.453252888,9516.702727,-9517.15598,508.5951807,-397.91966,-190.3111963,2
0.456361331,10113.87933,-10114.3357,519.1911013,-393.5406887,-202.2526169,2
0.45882126,10696.68357,-10697.14239,529.0492229,-388.6024745,-213.9066254,2
0.460629179,11264.28722,-11264.74785,538.1555367,-383.1120349,-225.256661,2
0.461782519,11815.88371,-11816.3455,546.4971019,-377.0771722,-236.2865945,2
0.46227964,12350.68919,-12351.15147,554.0620649,-370.5064621,-246.9807518,2
0.462119837,12867.94365,-12868.40577,560.8396754,-363.4092421,-257.323936,2
0.461303337,13366.91207,-13367.37337,566.820302,-355.7955977,-267.3014487,2
0.459831299,13846.88537,-13847.3452,571.9954459,-347.6763483,-276.8991115,2
0.457705815,14307.18149,-14307.6392,576.357753,-339.0630317,-286.1032855,2
0.454929907,14747.14632,-14747.60125,579.9010242,-329.9678881,-294.9008911,2
0.451507518,15166.15465,-15166.60616,582.6202243,-320.403842,-303.2794263,2
0.447443512,15563.61105,-15564.05849,584.5114892,-310.3844845,-311.2269849,2
0.442743665,15938.9507,-15939.39345,585.5721313,-299.9240537,-318.732273,2
0.437414654,16291.64023,-16292.07765,585.8006434,-289.0374144,-325.784625,2
0.431464054,16621.17845,-16621.60992,585.1967006,-277.7400371,-332.3740192,2
0.424900319,16927.09707,-16927.52197,583.7611614,-266.047976,-338.4910918,2
0.417732778,17208.96135,-17209.37908,581.4960656,-253.9778462,-344.12715,2
0.409971616,17466.37076,-17466.78073,578.404632,-241.5468,-349.2741847,2
0.401627862,17698.9595,-17699.36112,574.4912539,-228.7725025,-353.9248817,2
0.392713372,17906.39704,-17906.78976,569.7614922,-215.6731068,-358.0726321,2
0.383240815,18088.38862,-18088.77186,564.2220683,-202.2672279,-361.7115416,2
0.373223652,18244.67561,-18245.04884,557.8808539,-188.5739161,-364.8364393,2
0.362676118,18375.03592,-18375.3986,550.7468603,-174.6126304,-367.4428844,2
0.351613202,18479.2843,-18479.63591,542.8302253,-160.4032107,-369.5271731,2
0.340050623,18557.2726,-18557.61265,534.1421989,-145.9658492,-371.0863434,2
0.328004814,18608.89,-18609.218,524.6951271,-131.3210623,-372.1181797,2
0.315492893,18634.06315,-18634.37864,514.5024349,-116.489661,-372.6212158,2
0.302532638,18632.75628,-18633.05881,503.5786065,-101.4927214,-372.5947367,2
0.289142469,18604.97124,-18605.26038,491.9391654,-86.35155519,-372.0387801,2
0.275341412,18550.74751,-18551.02286,479.6006518,-71.08767866,-370.954136,2
0.261149079,18470.16217,-18470.42332,466.5805995,-55.72278265,-369.3423458,2
0.24658564,18363.32971,-18363.57629,452.8975105,-40.27870152,-367.2057,2
0.231671789,18230.40195,-18230.63362,438.5708295,-24.77738216,-364.5472347,2
0.216428719,18071.5678,-18071.78422,423.6209153,-9.240852771,-361.3707278,2
0.200878093,17887.05295,-17887.25383,408.0690126,6.308808371,-357.6806934,2
0.185042008,17677.11963,-17677.30467,391.9372215,21.84950435,-353.4823752,2
0.168942968,17442.06615,-17442.2351,375.2484661,37.35915099,-348.7817391,2
0.152603851,17182.22655,-17182.37915,358.0264622,52.81570823,-343.5854651,2
0.136047875,16897.97006,-16898.1061,340.2956831,68.19721146,-337.9009374,2
0.119298568,16589.70062,-16589.81992,322.0813251,83.48180272,-331.736234,2
0.102379731,16257.85632,-16257.9587,303.409272,98.64776177,-325.1001152,2
0.085315407,15902.90871,-15902.99403,284.3060577,113.673537,-318.0020113,2
0.068129845,15525.3622,-15525.43033,264.798829,128.5377758,-310.4520092,2
0.050847467,15125.7533,-15125.80415,244.9153066,143.2193555,-302.4608378,2
0.033492832,14704.64988,-14704.68337,224.6837462,157.6974126,-294.039853,2
0.016090601,14262.65035,-14262.66644,204.1328978,171.9513731,-285.2010215,2
-0.001334495,13800.3828,-13800.38147,183.2919655,185.9609812,-275.9569037,2
-0.018757694,13318.50416,-13318.4854,162.1905652,199.7063286,-266.3206361,2
-0.036154238,12817.6992,-12817.66304,140.8586833,213.1678824,-256.3059122,2
-0.053499405,12298.67958,-12298.62608,119.3266335,226.326513,-245.9269637,2
-0.070768546,11762.18287,-11762.1121,97.625014,239.1635212,-235.1985394,2
-0.087937121,11208.97145,-11208.88352,75.78466401,251.660665,-224.1358852,2
-0.104980733,10639.83147,-10639.72649,53.83661987,263.8001852,-212.7547216,2
-0.121875161,10055.57171,-10055.44983,31.81207095,275.5648309,-201.071222,2
-0.138596398,9457.02243,-9456.883833,9.742315333,286.9378839,-189.1019891,2
-0.155120682,8845.034203,-8844.879082,-12.34128465,297.9031824,-176.8640319,2
-0.171424531,8220.476699,-8220.305275,-34.40734698,308.4451442,-164.3747413,2
-0.187484777,7584.237448,-7584.049963,-56.4245146,318.5487886,-151.6518651,2
-0.203278596,6937.22058,-6937.017301,-78.36149989,328.1997578,-138.7134834,2
-0.218783545,6280.345542,-6280.126759,-100.1871292,337.3843371,-125.5779822,2
-0.233977591,5614.54579,-5614.311812,-121.8703871,346.0894748,-112.2640278,2
-0.248839142,4940.767461,-4940.518622,-143.3804606,354.3028005,-98.79054013,2
-0.263347079,4259.968031,-4259.704683,-164.6867825,362.0126425,-85.17666567,2
-0.277480785,3573.114953,-3572.837472,-185.7590755,369.2080447,-71.44175051,2
-0.291220176,2881.184283,-2880.893063,-206.5673947,375.878782,-57.60531271,2
-0.304545727,2185.159293,-2184.854747,-227.0821704,382.0153751,-43.68701461,2
-0.317438502,1486.029072,-1485.711633,-247.2742498,387.6091034,-29.70663487,2
-0.32988018,784.7871221,-784.4572419,-267.114939,392.652018,-15.68404038,2
-0.341853079,82.42994694,-82.08809386,-286.5760433,397.1369525,-1.639158005,2
-0.353340187,-620.0443657,620.3977059,-305.6299073,401.0575337,12.4080537,2
-0.364325179,-1321.637561,1322.001887,-324.2494545,404.4081902,26.43763288,2
-0.374792445,-2021.352638,2021.72743,-342.4082255,407.1841606,40.42964274,2
-0.38472711,-2718.195261,2718.579989,-360.0804157,409.3815,54.36419987,2
-0.394115058,-3411.175181,3411.569296,-377.2409119,410.9970858,68.22150249,2
-0.402942946,-4099.307634,4099.710577,-393.8653281,412.0286223,81.98185862,2
-0.41119823,-4781.614746,4782.025944,-409.9300401,412.4746436,95.62571405,2
-0.418869179,-5457.126922,5457.545792,-425.4122191,412.3345159,109.1336801,2
-0.425944892,-6124.884223,6125.310168,-440.2898641,411.6084382,122.4865612,2
-0.432415313,-6783.937727,6784.370143,-454.5418331,410.2974425,135.6653822,2
-0.43827125,-7433.350885,7433.789156,-468.1478733,408.4033916,148.6514153,2
-0.443504378,-8072.200845,8072.644349,-481.0886497,405.9289771,161.4262066,2
-0.448107263,-8699.579765,8700.027872,-493.3457728,402.8777154,173.9716024,2
-0.452073363,-9314.596107,9315.04818,-504.9018246,399.2539424,186.2697751,2
-0.455397041,-9916.375898,9916.831295,-515.7403833,395.0628076,198.3032482,2
-0.458073576,-10504.06398,10504.52205,-525.8460466,390.3102671,210.0549215,2
-0.460099163,-11076.8252,11077.2853,-535.204454,385.0030742,221.5080953,2
-0.461470924,-11633.84566,11634.30713,-543.8023065,379.148771,232.646494,2
-0.462186909,-12174.33378,12174.79597,-551.6273862,372.7556765,243.4542893,2
-0.462246102,-12697.52151,12697.98375,-558.6685732,365.8328759,253.9161227,2
-0.461648417,-13202.66536,13203.12701,-564.9158616,358.3902068,264.0171274,2
-0.460394705,-13689.04751,13689.5079,-570.3603736,350.4382455,273.7429494,2
-0.458486747,-14155.97677,14156.43525,-574.9943724,341.9882923,283.0797676,2
-0.455927254,-14602.78961,14603.24554,-578.8112727,333.0523551,292.014314,2
-0.452719864,-15028.85109,15029.30381,-581.8056504,323.6431322,300.533892,2
-0.448869134,-15433.55575,15434.00462,-583.9732506,313.7739947,308.626395,2
-0.444380536,-15816.32848,15816.77286,-585.3109927,303.4589672,316.2803229,2
-0.439260449,-16176.62534,16177.0646,-585.816976,292.7127079,323.4847992,2
-0.433516149,-16513.93434,16514.36785,-585.4904812,281.5504878,330.2295859,2
-0.427155799,-16827.77613,16828.20328,-584.3319725,269.9881691,336.5050983,2
-0.420188437,-17117.70473,17118.12491,-582.343096,258.0421825,342.3024186,2
-0.412623964,-17383.30813,17383.72075,-579.5266781,245.7295037,347.6133084,2
-0.40447313,-17624.2089,17624.61337,-575.8867211,233.0676299,352.4302206,2
-0.395747518,-17840.06471,17840.46046,-571.4283976,220.0745542,356.7463102,2
-0.386459527,-18030.56881,18030.95527,-566.158043,206.7687406,360.5554438,2
-0.376622356,-18195.45048,18195.8271,-560.0831469,193.1690972,363.8522084,2
-0.366249983,-18334.47542,18334.84167,-553.212342,179.29495,366.6319191,2
-0.35535715,-18447.44607,18447.80143,-545.5553921,165.1660149,368.8906257,2
-0.343959334,-18534.20189,18534.54585,-537.1231781,150.8023698,370.6251186,2
-0.332072733,-18594.6196,18594.95167,-527.9276827,136.2244263,371.8329329,2
-0.319714239,-18628.61333,18628.93304,-517.9819731,121.4529005,372.5123523,2
-0.306901414,-18636.13478,18636.44169,-507.3001829,106.5087834,372.6624112,2
-0.293652465,-18617.17327,18617.46692,-495.8974913,91.4133115,372.2828965,2
-0.279986219,-18571.75574,18572.03572,-483.7901022,76.18793629,371.3743474,2
-0.265922098,-18499.94672,18500.21264,-470.995221,60.85429386,369.938055,2
-0.251480087,-18401.84827,18402.09975,-457.5310297,45.43417414,367.9760604,2
-0.236680709,-18277.59978,18277.83646,-443.4166619,29.94948998,365.4911517,2
-0.221544995,-18127.37782,18127.59937,-428.6721746,14.42224595,362.4868601,2
-0.206094453,-17951.39587,17951.60197,-413.3185208,-1.125492874,358.9674548,2
-0.190351039,-17749.904,17750.09436,-397.3775188,-16.67163231,354.9379371,2
-0.174337127,-17523.18855,17523.36289,-380.8718215,-32.19408045,350.4040332,2
-0.158075472,-17271.57169,17271.72977,-363.8248845,-47.67077904,345.3721859,2
-0.141589183,-16995.41098,16995.55257,-346.2609325,-63.07973484,339.8495459,2
-0.124901688,-16695.09886,16695.22376,-328.2049247,-78.39905089,333.8439611,2
-0.1080367,-16371.06209,16371.17013,-309.6825198,-93.6069576,327.3639658,2
-0.091018187,-16023.76115,16023.85217,-290.7200391,-108.6818437,320.4187683,2
-0.073870332,-15653.68956,15653.76343,-271.3444293,-123.6022869,313.0182383,2
-0.056617503,-15261.37323,15261.42985,-251.5832242,-138.3470846,305.1728922,2
-0.039284218,-14847.36965,14847.40893,-231.4645056,-152.8952834,296.8938787,2
-0.021895108,-14412.26714,14412.28904,-211.0168632,-167.2262097,288.1929628,2
-0.004474883,-13956.68402,13956.68849,-190.2693544,-181.3194984,279.0825089,2
0.012951701,-13481.26768,13481.25473,-169.2514624,-195.1551222,269.5754635,2
0.030359879,-12986.69372,12986.66336,-147.9930547,-208.7134199,259.6853366,2
0.047724915,-12473.66496,12473.61724,-126.5243409,-221.9751244,249.4261826,2
0.06502213,-11942.91045,11942.84542,-104.8758291,-234.92139,238.8125804,2
0.082226946,-11395.1844,11395.10217,-83.07828292,-247.5338196,227.8596124,2
0.099314913,-10831.26517,10831.16585,-61.16267799,-259.79449,216.5828435,2
0.116261748,-10251.95412,10251.83786,-39.16015756,-271.6859782,204.9982985,2
0.133043368,-9658.074481,9657.941437,-17.10198839,-283.1913858,193.1224396,2
0.149635927,-9050.470191,9050.320555,4.980483636,-294.294363,180.9721433,2
0.166015845,-8430.004688,8429.838672,27.05587812,-304.9791317,168.5646756,2
0.182159845,-7797.559687,7797.377527,49.09282473,-315.2305084,155.9176683,2
0.198044986,-7154.033927,7153.835882,71.06000774,-325.0339254,143.0490934,2
0.213648695,-6500.341894,6500.128245,92.92621059,-334.3754513,129.977238,2
0.228948796,-5837.412518,5837.18357,114.6603602,-343.2418114,116.7206778,2
0.243923549,-5166.187861,5165.943937,136.2315712,-351.6204061,103.2982511,2
0.258551674,-4487.621767,4487.363216,157.6091897,-359.499329,89.72903196,2
0.272812382,-3802.678518,3802.405705,178.7628368,-366.8673836,76.03230295,2
0.286685409,-3112.331454,3112.044769,199.6624522,-373.7140997,62.22752787,2
0.30015104,-2417.561597,2417.261446,220.2783364,-380.0297475,48.33432408,2
0.313190141,-1719.356253,1719.043062,240.5811929,-385.8053523,34.37243456,2
0.325784181,-1018.707609,1018.381825,260.5421705,-391.0327065,20.36169994,2
0.337915263,-316.611326,316.2734107,280.1329033,-395.7043819,6.322030225,2
0.34956615,385.934879,-386.2844451,299.325552,-399.8137398,-7.72662344,2
0.360720284,1087.932649,-1088.29337,318.0928427,-403.3549404,-21.76429715,2
0.371361815,1788.384408,-1788.75577,336.408106,-406.3229515,-35.7710426,2
0.38147562,2486.294774,-2486.67625,354.245315,-408.7135555,-49.72695545,2
0.391047328,3180.67198,-3181.063027,371.579122,-410.5233552,-63.61220357,2
0.400063336,3870.529276,-3870.92934,388.3848948,-411.7497788,-77.40705527,2
0.408510832,4554.886339,-4555.29485,404.6387514,-412.3910834,-91.0919073,2
0.416377812,5232.770659,-5233.187037,420.3175942,-412.4463576,-104.6473128,2
0.423653096,5903.218926,-5903.642579,435.3991426,-411.9155231,-118.0540086,2
0.430326346,6565.278395,-6565.708721,449.8619651,-410.799334,-131.2929433,2
0.436388079,7218.008245,-7218.444633,463.6855091,-409.0993766,-144.3453036,2
0.44182968,7860.48091,-7860.922739,476.8501306,-406.8180666,-157.1925412,2
0.446643417,8491.783401,-8492.230044,489.337122,-403.9586459,-169.8163997,2
0.45082245,9111.018604,-9111.469426,501.1287386,-400.5251779,-182.1989397,2
0.454360839,9717.30655,-9717.760911,512.2082238,-396.5225416,-194.3225651,2
0.457253556,10309.78567,-10310.24293,522.5598331,-391.9564251,-206.1700475,2
0.459496491,10887.61403,-10888.07352,532.1688563,-386.8333171,-217.724551,2
0.461086457,11449.97048,-11450.43157,541.0216384,-381.1604978,-228.969656,2
0.462021193,11996.05591,-11996.51793,549.1055991,-374.9460285,-239.8893826,2
0.462299372,12525.09428,-12525.55658,556.4092508,-368.1987404,-250.4682132,2
0.461920599,13036.3338,-13036.79572,562.9222145,-360.9282218,-260.6911148,2
0.460885411,13529.04799,-13529.50887,568.6352349,-353.1448044,-270.54356,2
0.459195279,14002.53665,-14002.99585,573.5401935,-344.859549,-280.0115481,2
0.456852606,14456.12695,-14456.5838,577.6301201,-336.0842292,-289.0816244,2
0.45386072,14889.17429,-14889.62815,580.8992027,-326.8313154,-297.7408999,2
0.450223874,15301.06331,-15301.51353,583.3427957,-317.1139563,-305.9770693,2
0.445947234,15691.20868,-15691.65462,584.9574268,-306.945961,-313.7784286,2
0.441036879,16059.05598,-16059.49702,585.7408013,-296.3417787,-321.1338915,2
0.435499787,16404.08248,-16404.51798,585.6918061,-285.3164785,-328.0330056,2
0.429343826,16725.79789,-16726.22723,584.8105107,-273.885728,-334.4659668,2
0.422577743,17023.74502,-17024.1676,583.0981677,-262.0657708,-340.4236336,2
0.415211155,17297.50048,-17297.91569,580.5572102,-249.8734039,-345.8975398,2
0.407254528,17546.67524,-17547.0825,577.1912492,-237.3259532,-350.8799067,2
0.398719171,17770.91522,-17771.31394,573.0050678,-224.4412493,-355.363654,2
0.389617212,17969.90175,-17970.29137,568.0046149,-211.2376021,-359.3424101,2
0.379961586,18143.35208,-18143.73204,562.1969963,-197.7337748,-362.810521,2
0.369766013,18291.0197,-18291.38947,555.590465,-183.9489569,-365.7630583,2
0.359044983,18412.69479,-18413.05383,548.1944093,-169.9027375,-368.1958263,2
0.34781373,18508.20442,-18508.55224,540.0193394,-155.615077,-370.1053678,2
0.336088214,18577.41289,-18577.74898,531.0768724,-141.1062789,-371.4889694,2
0.323885099,18620.22184,-18620.54572,521.3797161,-126.3969612,-372.3446648,2
0.311221726,18636.57043,-18636.88165,510.9416507,-111.5080264,-372.6712381,2
0.298116089,18626.43544,-18626.73355,499.7775092,-96.46063259,-372.4682251,2
0.284586814,18589.83126,-18590.11585,487.9031566,-81.27616296,-371.7359144,2
0.270653124,18526.80992,-18527.08057,475.3354669,-65.97619546,-370.4753467,2
0.256334822,18437.46096,-18437.7173,462.0922995,-50.58247218,-368.6883132,2
0.241652254,18321.91136,-18322.15302,448.1924736,-35.11686843,-366.3773534,2
0.226626285,18180.32533,-18180.55196,433.6557417,-19.6013617,-363.5457514,2
0.211278268,18012.90406,-18013.11534,418.5027613,-4.058000351,-360.197531,2
0.195630012,17819.88546,-17820.08109,402.7550655,11.49112763,-356.3374502,2
0.179703756,17601.54384,-17601.72354,386.4350328,27.0239261,-351.9709943,2
0.163522131,17358.18945,-17358.35297,369.5658547,42.51832208,-347.1043684,2
0.147108132,17090.16813,-17090.31524,352.1715033,57.95229721,-341.7444882,2
0.130485084,16797.86075,-16797.99123,334.276697,73.30391895,-335.8989704,2
0.11367661,16481.68268,-16481.79636,315.9068652,88.5513718,-329.5761218,2
0.096706595,16142.08325,-16142.17995,297.0881124,103.6729883,-322.7849275,2
0.079599154,15779.54503,-15779.62462,277.8471812,118.6472798,-315.5350381,2
0.062378599,15394.58321,-15394.64559,258.2114139,133.4529671,-307.8367562,2
0.045069401,14987.74485,-14987.78991,238.208714,148.0690104,-299.7010214,2
0.027696156,14559.60808,-14559.63577,217.8675066,162.4746395,-291.139395,2
0.010283554,14110.78131,-14110.79159,197.2166975,176.6493832,-282.1640437,2
-0.007143662,13641.90235,-13641.89521,176.2856327,190.5730986,-272.7877218,2
-0.024560726,13153.6375,-13153.61294,155.1040564,204.2259991,-263.0237536,2
-0.041942888,12646.68061,-12646.63867,133.7020687,217.5886833,-252.8860142,2
-0.059265447,12121.7521,-12121.69283,112.110083,230.6421621,-242.38891,2
-0.076503787,11579.59791,-11579.52141,90.35878281,243.3678857,-231.5473579,2
-0.09363341,11020.98848,-11020.89485,68.47907782,255.7477703,-220.3767644,2
-0.110629975,10446.71762,-10446.60699,46.50206032,267.7642232,-208.8930034,2
-0.127469329,9857.60141,-9857.473941,24.45896085,279.4001686,-197.112394,2
-0.144127542,9254.477005,-9254.332877,2.38110385,290.6390711,-185.0516771,2
-0.160580942,8638.201482,-8638.040901,-19.70013682,301.4649595,-172.7279916,2
-0.176806148,8009.650601,-8009.473795,-41.75338253,311.8624497,-160.1588502,2
-0.192780103,7369.717569,-7369.524789,-63.74729439,321.8167663,-147.3621144,2
-0.208480106,6719.311765,-6719.103285,-85.65061786,331.3137637,-134.3559689,2
-0.223883848,6059.357452,-6059.133568,-107.4322271,340.3399461,-121.1588962,2
-0.238969438,5390.79246,-5390.55349,-129.0611693,348.8824868,-107.7896501,2
-0.25371544,4714.566856,-4714.313141,-150.5067085,356.9292464,-94.26722899,2
-0.268100899,4031.641596,-4031.373495,-171.7383694,364.46879,-80.610849,2
-0.282105371,3342.987152,-3342.705046,-192.7259807,371.4904035,-66.83991659,2
-0.295708956,2649.58214,-2649.286431,-213.4397179,377.9841088,-52.974001,2
-0.308892323,1952.411927,-1952.103035,-233.8501455,383.940678,-39.03280645,2
-0.321636737,1252.46723,-1252.145593,-253.9282593,389.3516465,-25.03614415,2
-0.333924087,550.7427084,-550.4087843,-273.6455271,394.2093251,-11.00390412,2
-0.345736913,-151.7644487,152.1101856,-292.9739296,398.5068106,3.043973057,2
-0.357058427,-854.0559402,854.4129986,-311.8860002,402.2379961,17.08752458,2
-0.367872543,-1555.133771,1555.501644,-330.3548637,405.3975794,31.1067938,2
-0.378163891,-2254.001673,2254.379836,-348.3542749,407.9810705,45.08185857,2
-0.387917848,-2949.666514,2950.054432,-365.8586555,409.9847983,58.99285955,2
-0.397120552,-3641.139718,3641.536838,-382.843131,411.4059152,72.82002844,2
-0.405758926,-4327.438663,4327.844422,-399.2835655,412.2424018,86.54371609,2
-0.413820694,-5007.588081,5008.001901,-415.1565962,412.4930693,100.1444204,2
-0.421294401,-5680.621442,5681.042736,-430.4396666,412.1575617,113.602814,2
-0.428169425,-6345.582329,6346.010499,-445.1110587,411.2363556,126.8997718,2
-0.434435997,-7001.525797,7001.960233,-459.1499237,409.7307602,140.016398,2
-0.440085212,-7647.519713,7647.959799,-472.5363114,407.6429149,152.9340533,2
-0.445109042,-8282.646086,8283.091195,-485.2511992,404.9757867,165.6343809,2
-0.449500347,-8906.002365,8906.451865,-497.2765186,401.7331658,178.0993331,2
-0.453252888,-9516.702727,9517.15598,-508.5951807,397.91966,190.3111963,2
-0.456361331,-10113.87933,10114.3357,-519.1911013,393.5406887,202.2526169,2
-0.45882126,-10696.68357,10697.14239,-529.0492229,388.6024745,213.9066254,2
-0.460629179,-11264.28722,11264.74785,-538.1555367,383.1120349,225.256661,2
-0.461782519,-11815.88371,11816.3455,-546.4971019,377.0771722,236.2865945,2
-0.46227964,-12350.68919,12351.15147,-554.0620649,370.5064621,246.9807518,2
-0.462119837,-12867.94365,12868.40577,-560.8396754,363.4092421,257.323936,2
-0.461303337,-13366.91207,13367.37337,-566.820302,355.7955977,267.3014487,2
-0.459831299,-13846.88537,13847.3452,-571.9954459,347.6763483,276.8991115,2
-0.457705815,-14307.18149,14307.6392,-576.357753,339.0630317,286.1032855,2
-0.454929907,-14747.14632,14747.60125,-579.9010242,329.9678881,294.9008911,2
-0.451507518,-15166.15465,15166.60616,-582.6202243,320.403842,303.2794263,2
-0.447443512,-15563.61105,15564.05849,-584.5114892,310.3844845,311.2269849,2
-0.442743665,-15938.9507,15939.39345,-585.5721313,299.9240537,318.732273,2
-0.437414654,-16291.64023,16292.07765,-585.8006434,289.0374144,325.784625,2
-0.431464054,-16621.17845,16621.60992,-585.1967006,277.7400371,332.3740192,2
-0.424900319,-16927.09707,16927.52197,-583.7611614,266.047976,338.4910918,2
-0.417732778,-17208.96135,17209.37908,-581.4960656,253.9778462,344.12715,2
-0.409971616,-17466.37076,17466.78073,-578.404632,241.5468,349.2741847,2
-0.401627862,-17698.9595,17699.36112,-574.4912539,228.7725025,353.9248817,2
-0.392713372,-17906.39704,17906.78976,-569.7614922,215.6731068,358.0726321,2
-0.383240815,-18088.38862,18088.77186,-564.2220683,202.2672279,361.7115416,2
-0.373223652,-18244.67561,18245.04884,-557.8808539,188.5739161,364.8364393,2
-0.362676118,-18375.03592,18375.3986,-550.7468603,174.6126304,367.4428844,2
-0.351613202,-18479.2843,18479.63591,-542.8302253,160.4032107,369.5271731,2
-0.340050623,-18557.2726,18557.61265,-534.1421989,145.9658492,371.0863434,2
-0.328004814,-18608.89,18609.218,-524.6951271,131.3210623,372.1181797,2
-0.315492893,-18634.06315,18634.37864,-514.5024349,116.489661,372.6212158,2
-0.302532638,-18632.75628,18633.05881,-503.5786065,101.4927214,372.5947367,2
-0.289142469,-18604.97124,18605.26038,-491.9391654,86.35155519,372.0387801,2
-0.275341412,-18550.74751,18551.02286,-479.6006518,71.08767866,370.954136,2
-0.261149079,-18470.16217,18470.42332,-466.5805995,55.72278265,369.3423458,2
-0.24658564,-18363.32971,18363.57629,-452.8975105,40.27870152,367.2057,2
-0.231671789,-18230.40195,18230.63362,-438.5708295,24.77738216,364.5472347,2
-0.216428719,-18071.5678,18071.78422,-423.6209153,9.240852771,361.3707278,2
-0.200878093,-17887.05295,17887.25383,-408.0690126,-6.308808371,357.6806934,2
-0.185042008,-17677.11963,17677.30467,-391.9372215,-21.84950435,353.4823752,2
-0.168942968,-17442.06615,17442.2351,-375.2484661,-37.35915099,348.7817391,2
-0.152603851,-17182.22655,17182.37915,-358.0264622,-52.81570823,343.5854651,2
-0.136047875,-16897.97006,16898.1061,-340.2956831,-68.19721146,337.9009374,2
-0.119298568,-16589.70062,16589.81992,-322.0813251,-83.48180272,331.736234,2
-0.102379731,-16257.85632,16257.9587,-303.409272,-98.64776177,325.1001152,2
-0.085315407,-15902.90871,15902.99403,-284.3060577,-113.673537,318.0020113,2
-0.068129845,-15525.3622,15525.43033,-264.798829,-128.5377758,310.4520092,2
-0.050847467,-15125.7533,15125.80415,-244.9153066,-143.2193555,302.4608378,2
-0.033492832,-14704.64988,14704.68337,-224.6837462,-157.6974126,294.039853,2
-0.016090601,-14262.65035,14262.66644,-204.1328978,-171.9513731,285.2010215,2
0.001334495,-13800.3828,13800.38147,-183.2919655,-185.9609812,275.9569037,2
0.018757694,-13318.50416,13318.4854,-162.1905652,-199.7063286,266.3206361,2
0.036154238,-12817.6992,12817.66304,-140.8586833,-213.1678824,256.3059122,2
0.053499405,-12298.67958,12298.62608,-119.3266335,-226.326513,245.9269637,2
0.070768546,-11762.18287,11762.1121,-97.625014,-239.1635212,235.1985394,2
0.087937121,-11208.97145,11208.88352,-75.78466401,-251.660665,224.1358852,2
0.104980733,-10639.83147,10639.72649,-53.83661987,-263.8001852,212.7547216,2
0.121875161,-10055.57171,10055.44983,-31.81207095,-275.5648309,201.071222,2
0.138596398,-9457.02243,9456.883833,-9.742315333,-286.9378839,189.1019891,2
0.155120682,-8845.034203,8844.879082,12.34128465,-297.9031824,176.8640319,2
0.171424531,-8220.476699,8220.305275,34.40734698,-308.4451442,164.3747413,2
0.187484777,-7584.237448,7584.049963,56.4245146,-318.5487886,151.6518651,2
0.203278596,-6937.22058,6937.017301,78.36149989,-328.1997578,138.7134834,2
0.218783545,-6280.345542,6280.126759,100.1871292,-337.3843371,125.5779822,2
0.233977591,-5614.54579,5614.311812,121.8703871,-346.0894748,112.2640278,2
0.248839142,-4940.767461,4940.518622,143.3804606,-354.3028005,98.79054013,2
0.263347079,-4259.968031,4259.704683,164.6867825,-362.0126425,85.17666567,2
0.277480785,-3573.114953,3572.837472,185.7590755,-369.2080447,71.44175051,2
0.291220176,-2881.184283,2880.893063,206.5673947,-375.878782,57.60531271,2
0.304545727,-2185.159293,2184.854747,227.0821704,-382.0153751,43.68701461,2
0.317438502,-1486.029072,1485.711633,247.2742498,-387.6091034,29.70663487,2
0.32988018,-784.7871221,784.4572419,267.114939,-392.652018,15.68404038,2
0.341853079,-82.42994694,82.08809386,286.5760433,-397.1369525,1.639158005,2
0.353340187,620.0443657,-620.3977059,305.6299073,-401.0575337,-12.4080537,2
0.364325179,1321.637561,-1322.001887,324.2494545,-404.4081902,-26.43763288,2
0.374792445,2021.352638,-2021.72743,342.4082255,-407.1841606,-40.42964274,2
0.38472711,2718.195261,-2718.579989,360.0804157,-409.3815,-54.36419987,2
0.394115058,3411.175181,-3411.569296,377.2409119,-410.9970858,-68.22150249,2
0.402942946,4099.307634,-4099.710577,393.8653281,-412.0286223,-81.98185862,2
0.41119823,4781.614746,-4782.025944,409.9300401,-412.4746436,-95.62571405,2
0.418869179,5457.126922,-5457.545792,425.4122191,-412.3345159,-109.1336801,2
0.425944892,6124.884223,-6125.310168,440.2898641,-411.6084382,-122.4865612,2
0.432415313,6783.937727,-6784.370143,454.5418331,-410.2974425,-135.6653822,2
0.43827125,7433.350885,-7433.789156,468.1478733,-408.4033916,-148.6514153,2
0.443504378,8072.200845,-8072.644349,481.0886497,-405.9289771,-161.4262066,2
0.448107263,8699.579765,-8700.027872,493.3457728,-402.8777154,-173.9716024,2
0.452073363,9314.596107,-9315.04818,504.9018246,-399.2539424,-186.2697751,2
0.455397041,9916.375898,-9916.831295,515.7403833,-395.0628076,-198.3032482,2
0.458073576,10504.06398,-10504.52205,525.8460466,-390.3102671,-210.0549215,2
0.460099163,11076.8252,-11077.2853,535.204454,-385.0030742,-221.5080953,2
0.461470924,11633.84566,-11634.30713,543.8023065,-379.148771,-232.646494,2
0.462186909,12174.33378,-12174.79597,551.6273862,-372.7556765,-243.4542893,2
0.462246102,12697.52151,-12697.98375,558.6685732,-365.8328759,-253.9161227,2
0.461648417,13202.66536,-13203.12701,564.9158616,-358.3902068,-264.0171274,2
0.460394705,13689.04751,-13689.5079,570.3603736,-350.4382455,-273.7429494,2
0.458486747,14155.97677,-14156.43525,574.9943724,-341.9882923,-283.0797676,2
0.455927254,14602.78961,-14603.24554,578.8112727,-333.0523551,-292.014314,2
0.452719864,15028.85109,-15029.30381,581.8056504,-323.6431322,-300.533892,2
0.448869134,15433.55575,-15434.00462,583.9732506,-313.7739947,-308.626395,2
0.444380536,15816.32848,-15816.77286,585.3109927,-303.4589672,-316.2803229,2
0.439260449,16176.62534,-16177.0646,585.816976,-292.7127079,-323.4847992,2
0.433516149,16513.93434,-16514.36785,585.4904812,-281.5504878,-330.2295859,2
0.427155799,16827.77613,-16828.20328,584.3319725,-269.9881691,-336.5050983,2
0.420188437,17117.70473,-17118.12491,582.343096,-258.0421825,-342.3024186,2
0.412623964,17383.30813,-17383.72075,579.5266781,-245.7295037,-347.6133084,2
0.40447313,17624.2089,-17624.61337,575.8867211,-233.0676299,-352.4302206,2
0.395747518,17840.06471,-17840.46046,571.4283976,-220.0745542,-356.7463102,2
0.386459527,18030.56881,-18030.95527,566.158043,-206.7687406,-360.5554438,2
0.376622356,18195.45048,-18195.8271,560.0831469,-193.1690972,-363.8522084,2
0.366249983,18334.47542,-18334.84167,553.212342,-179.29495,-366.6319191,2
0.35535715,18447.44607,-18447.80143,545.5553921,-165.1660149,-368.8906257,2
0.343959334,18534.20189,-18534.54585,537.1231781,-150.8023698,-370.6251186,2
0.332072733,18594.6196,-18594.95167,527.9276827,-136.2244263,-371.8329329,2
0.319714239,18628.61333,-18628.93304,517.9819731,-121.4529005,-372.5123523,2
0.306901414,18636.13478,-18636.44169,507.3001829,-106.5087834,-372.6624112,2
0.293652465,18617.17327,-18617.46692,495.8974913,-91.4133115,-372.2828965,2
0.279986219,18571.75574,-18572.03572,483.7901022,-76.18793629,-371.3743474,2
0.265922098,18499.94672,-18500.21264,470.995221,-60.85429386,-369.938055,2
0.251480087,18401.84827,-18402.09975,457.5310297,-45.43417414,-367.9760604,2
0.236680709,18277.59978,-18277.83646,443.4166619,-29.94948998,-365.4911517,2
0.221544995,18127.37782,-18127.59937,428.6721746,-14.42224595,-362.4868601,2
0.206094453,17951.39587,-17951.60197,413.3185208,1.125492874,-358.9674548,2
0.190351039,17749.904,-17750.09436,397.3775188,16.67163231,-354.9379371,2
0.174337127,17523.18855,-17523.36289,380.8718215,32.19408045,-350.4040332,2
0.158075472,17271.57169,-17271.72977,363.8248845,47.67077904,-345.3721859,2
0.141589183,16995.41098,-16995.55257,346.2609325,63.07973484,-339.8495459,2
0.124901688,16695.09886,-16695.22376,328.2049247,78.39905089,-333.8439611,2
0.1080367,16371.06209,-16371.17013,309.6825198,93.6069576,-327.3639658,2
0.091018187,16023.76115,-16023.85217,290.7200391,108.6818437,-320.4187683,2
0.073870332,15653.68956,-15653.76343,271.3444293,123.6022869,-313.0182383,2
0.056617503,15261.37323,-15261.42985,251.5832242,138.3470846,-305.1728922,2
0.039284218,14847.36965,-14847.40893,231.4645056,152.8952834,-296.8938787,2
0.021895108,14412.26714,-14412.28904,211.0168632,167.2262097,-288.1929628,2
0.004474883,13956.68402,-13956.68849,190.2693544,181.3194984,-279.0825089,2
-0.012951701,13481.26768,-13481.25473,169.2514624,195.1551222,-269.5754635,2
-0.030359879,12986.69372,-12986.66336,147.9930547,208.7134199,-259.6853366,2
-0.047724915,12473.66496,-12473.61724,126.5243409,221.9751244,-249.4261826,2
-0.06502213,11942.91045,-11942.84542,104.8758291,234.92139,-238.8125804,2
-0.082226946,11395.1844,-11395.10217,83.07828292,247.5338196,-227.8596124,2
-0.099314913,10831.26517,-10831.16585,61.16267799,259.79449,-216.5828435,2
-0.116261748,10251.95412,-10251.83786,39.16015756,271.6859782,-204.9982985,2
-0.133043368,9658.074481,-9657.941437,17.10198839,283.1913858,-193.1224396,2
-0.149635927,9050.470191,-9050.320555,-4.980483636,294.294363,-180.9721433,2
-0.166015845,8430.004688,-8429.838672,-27.05587812,304.9791317,-168.5646756,2
-0.182159845,7797.559687,-7797.377527,-49.09282473,315.2305084,-155.9176683,2
-0.198044986,7154.033927,-7153.835882,-71.06000774,325.0339254,-143.0490934,2
-0.213648695,6500.341894,-6500.128245,-92.92621059,334.3754513,-129.977238,2
-0.228948796,5837.412518,-5837.18357,-114.6603602,343.2418114,-116.7206778,2
-0.243923549,5166.187861,-5165.943937,-136.2315712,351.6204061,-103.2982511,2
-0.258551674,4487.621767,-4487.363216,-157.6091897,359.499329,-89.72903196,2
-0.272812382,3802.678518,-3802.405705,-178.7628368,366.8673836,-76.03230295,2
-0.286685409,3112.331454,-3112.044769,-199.6624522,373.7140997,-62.22752787,2
-0.30015104,2417.561597,-2417.261446,-220.2783364,380.0297475,-48.33432408,2
-0.313190141,1719.356253,-1719.043062,-240.5811929,385.8053523,-34.37243456,2
-0.325784181,1018.707609,-1018.381825,-260.5421705,391.0327065,-20.36169994,2
-0.337915263,316.611326,-316.2734107,-280.1329033,395.7043819,-6.322030225,2
-0.34956615,-385.934879,386.2844451,-299.325552,399.8137398,7.72662344,2
-0.360720284,-1087.932649,1088.29337,-318.0928427,403.3549404,21.76429715,2
-0.371361815,-1788.384408,1788.75577,-336.408106,406.3229515,35.7710426,2
-0.38147562,-2486.294774,2486.67625,-354.245315,408.7135555,49.72695545,2
-0.391047328,-3180.67198,3181.063027,-371.579122,410.5233552,63.61220357,2
-0.400063336,-3870.529276,3870.92934,-388.3848948,411.7497788,77.40705527,2
-0.408510832,-4554.886339,4555.29485,-404.6387514,412.3910834,91.0919073,2
-0.416377812,-5232.770659,5233.187037,-420.3175942,412.4463576,104.6473128,2
-0.423653096,-5903.218926,5903.642579,-435.3991426,411.9155231,118.0540086,2
-0.430326346,-6565.278395,6565.708721,-449.8619651,410.799334,131.2929433,2
-0.436388079,-7218.008245,7218.444633,-463.6855091,409.0993766,144.3453036,2
-0.44182968,-7860.48091,7860.922739,-476.8501306,406.8180666,157.1925412,2
-0.446643417,-8491.783401,8492.230044,-489.337122,403.9586459,169.8163997,2
-0.45082245,-9111.018604,9111.469426,-501.1287386,400.5251779,182.1989397,2
-0.454360839,-9717.30655,9717.760911,-512.2082238,396.5225416,194.3225651,2
-0.457253556,-10309.78567,10310.24293,-522.5598331,391.9564251,206.1700475,2
-0.459496491,-10887.61403,10888.07352,-532.1688563,386.8333171,217.724551,2
-0.461086457,-11449.97048,11450.43157,-541.0216384,381.1604978,228.969656,2
-0.462021193,-11996.05591,11996.51793,-549.1055991,374.9460285,239.8893826,2
-0.462299372,-12525.09428,12525.55658,-556.4092508,368.1987404,250.4682132,2
-0.461920599,-13036.3338,13036.79572,-562.9222145,360.9282218,260.6911148,2
-0.460885411,-13529.04799,13529.50887,-568.6352349,353.1448044,270.54356,2
-0.459195279,-14002.53665,14002.99585,-573.5401935,344.859549,280.0115481,2
-0.456852606,-14456.12695,14456.5838,-577.6301201,336.0842292,289.0816244,2
-0.45386072,-14889.17429,14889.62815,-580.8992027,326.8313154,297.7408999,2
-0.450223874,-15301.06331,15301.51353,-583.3427957,317.1139563,305.9770693,2
-0.445947234,-15691.20868,15691.65462,-584.9574268,306.945961,313.7784286,2
-0.441036879,-16059.05598,16059.49702,-585.7408013,296.3417787,321.1338915,2
-0.435499787,-16404.08248,16404.51798,-585.6918061,285.3164785,328.0330056,2
-0.429343826,-16725.79789,16726.22723,-584.8105107,273.885728,334.4659668,2
-0.422577743,-17023.74502,17024.1676,-583.0981677,262.0657708,340.4236336,2
-0.415211155,-17297.50048,17297.91569,-580.5572102,249.8734039,345.8975398,2
-0.407254528,-17546.67524,17547.0825,-577.1912492,237.3259532,350.8799067,2
-0.398719171,-17770.91522,17771.31394,-573.0050678,224.4412493,355.363654,2
-0.389617212,-17969.90175,17970.29137,-568.0046149,211.2376021,359.3424101,2
-12760.87849,-0.038084468,12760.91657,-255.1704168,138.4755608,214.6452575,2
-12239.86275,-0.055422403,12239.91817,-244.7519,116.9231541,227.7690675,2
-11701.45349,-0.072681579,11701.52618,-233.9855773,95.20459322,240.5692053,2
-11146.41583,-0.089837472,11146.50567,-222.8867484,73.35074138,253.027481,2
-10575.53851,-0.1068657,10575.64537,-211.4711851,51.39265412,265.1261908,2
-9989.632762,-0.123742066,9989.756504,-199.7551098,29.36153509,276.8481418,2
-9389.531201,-0.140442588,9389.671644,-187.7551715,7.288691708,288.1766765,2
-8776.086603,-0.156943533,8776.243547,-175.4884228,-14.7945093,299.0956963,2
-8150.170706,-0.173221454,8150.343928,-162.9722955,-36.85668651,309.5896848,2
-7512.67297,-0.189253216,7512.862224,-150.2245757,-58.86648834,319.6437294,2
-6864.499315,-0.20501604,6864.704331,-137.2633785,-80.79263767,329.2435427,2
-6206.570831,-0.220487525,6206.791319,-124.1071225,-102.6039762,338.375483,2
-5539.82247,-0.235645685,5540.058116,-110.7745035,-124.269509,347.0265732,2
-4865.201718,-0.250468979,4865.452187,-97.28446788,-145.7584479,355.1845196,2
-4183.667248,-0.264936343,4183.932185,-83.6561857,-167.0402561,362.8377294,2
-3496.187559,-0.279027219,3496.466586,-69.90902352,-188.084691,369.975327,2
-2803.739595,-0.292721581,2804.032317,-56.06251678,-208.8618472,376.5871693,2
-2107.307364,-0.30599997,2107.613364,-42.13634214,-229.3421993,382.6638607,2
-1407.880534,-0.318843516,1408.199377,-28.15028945,-249.4966436,388.1967658,2
-706.4530285,-0.331233968,706.7842624,-14.12423366,-269.2965395,393.178022,2
-4.02161468,-0.343153719,4.364768399,-0.078106558,-288.7137503,397.6005508,2
698.415514,-0.354585829,-698.0609282,13.96813154,-307.7206831,401.4580674,2
1399.860156,-0.365514054,-1399.494642,27.99452015,-326.2903279,404.7450902,2
2099.31552,-0.375922863,-2098.939597,41.98112702,-344.3962963,407.456948,2
2795.787642,-0.385797465,-2795.401845,55.90807641,-362.0128588,409.5897872,2
3488.286797,-0.395123828,-3487.891673,69.75557736,-379.1149811,411.1405769,2
4175.828905,-0.403888698,-4175.425017,83.50395183,-395.6783603,412.1071134,2
4857.436932,-0.41207962,-4857.024853,97.1336626,-411.679459,412.4880231,2
5532.142276,-0.419684955,-5531.722591,110.6253411,-427.0955386,412.2827647,2
6198.986142,-0.426693894,-6198.559448,123.959815,-441.904692,411.49163,2
6857.02091,-0.433096478,-6856.587813,137.1181352,-456.0858747,410.1157431,2
7505.311476,-0.438883608,-7504.872592,150.081603,-469.6189344,408.1570594,2
8142.936583,-0.44404706,-8142.492536,162.8317966,-482.48464,405.6183621,2
8768.990133,-0.448579498,-8768.541553,175.3505974,-494.6647084,402.5032589,2
9382.582467,-0.452474479,-9382.129993,187.6202153,-506.1418312,398.8161766,2
9982.841638,-0.455726469,-9982.385912,199.6232147,-516.8996988,394.5623547,2
10568.91465,-0.458330847,-10568.45631,211.3425386,-526.9230237,389.747838,2
11139.96865,-0.460283912,-11139.50836,222.7615331,-536.197562,384.3794684,2
11695.19214,-0.461582888,-11694.73056,233.8639713,-544.7101344,378.4648745,2
12233.79613,-0.46222593,-12233.3339,244.634076,-552.4486438,372.0124613,2
12755.01523,-0.462212123,-12754.55301,255.0565423,-559.4020934,365.0313981,2
13258.10874,-0.461541488,-13257.6472,265.1165593,-565.5606021,357.5316052,2
13742.36177,-0.460214977,-13741.90155,274.7998312,-570.9154182,349.5237404,2
14207.08614,-0.458234475,-14206.62791,284.0925974,-575.4589322,341.0191833,2
14651.62147,-0.455602797,-14651.16586,292.9816526,-579.1846876,332.0300192,2
15075.33604,-0.452323683,-15074.88371,301.4543648,-582.0873899,322.5690222,2
15477.62773,-0.448401791,-15477.17933,309.4986938,-584.1629142,312.6496371,2
15857.92487,-0.443842697,-15857.48103,317.1032083,-585.408311,302.2859597,2
16215.68703,-0.438652877,-16215.24838,324.2571017,-585.8218105,291.4927174,2
16550.40581,-0.432839708,-16549.97297,330.9502081,-585.4028252,280.285248,2
16861.60556,-0.42641145,-16861.17915,337.1730161,-584.1519505,268.679478,2
17148.84404,-0.419377238,-17148.42466,342.9166828,-582.0709639,256.6918997,2
17411.71308,-0.411747068,-17411.30133,348.1730461,-579.1628225,244.3395481,2
17649.83912,-0.403531782,-17649.43559,352.9346365,-575.4316591,231.6399767,2
17862.88377,-0.394743056,-17862.48903,357.1946874,-570.8827759,218.6112323,2
18050.54429,-0.385393379,-18050.1589,360.9471452,-565.522637,205.2718293,2
18212.554,-0.375496036,-18212.1785,364.1866773,-559.3588594,191.6407237,2
18348.68267,-0.365065093,-18348.31761,366.9086802,-552.4002024,177.7372863,2
18458.73686,-0.354115373,-18458.38275,369.1092858,-544.6565544,163.5812744,2
18542.56018,-0.342662435,-18542.21751,370.7853669,-536.1389196,149.1928046,2
18600.0335,-0.330722555,-18599.70277,371.9345417,-526.8594021,134.5923236,2
18631.07515,-0.318312701,-18630.75684,372.5551772,-516.8311886,119.8005796,2
18635.64103,-0.305450506,-18635.33558,372.6463914,-506.0685296,104.8385924,2
18613.72465,-0.29215425,-18613.43249,372.2080546,-494.5867196,89.72762388,2
18565.35714,-0.278442826,-18565.0787,371.2407899,-482.4020748,74.48914745,2
18490.60724,-0.26433572,-18490.34291,369.7459717,-469.5319102,59.14481787,2
18389.58118,-0.249852979,-18389.33133,367.7257242,-455.9945152,43.71644027,2
18262.42252,-0.235015183,-18262.1875,365.1829183,-441.8091269,28.22593921,2
18109.31196,-0.219843417,-18109.09211,362.1211676,-426.9959037,12.69532754,2
17930.46707,-0.204359242,-17930.26271,358.5448228,-411.575896,-2.853324876,2
17726.14201,-0.188584661,-17725.95342,354.4589663,-395.5710164,-18.39792256,2
17496.62713,-0.172542091,-17496.45459,349.8694041,-379.0040087,-33.9163758,2
17242.24858,-0.156254329,-17242.09233,344.7826584,-361.8984156,-49.386632,2
16963.36786,-0.139744521,-16963.22812,339.2059576,-344.2785451,-64.7867071,2
16660.38127,-0.123036129,-16660.25823,333.1472267,-326.1694359,-80.09471675,2
16333.71936,-0.106152896,-16333.6132,326.6150753,-307.5968221,-95.28890742,2
15983.84634,-0.089118813,-15983.75722,319.618786,-288.5870963,-110.3476873,2
15611.2594,-0.071958088,-15611.18744,312.1683009,-269.1672725,-125.2496572,2
15216.488,-0.054695106,-15216.43331,304.2742075,-249.3649473,-139.9736404,2
14800.09315,-0.0373544,-14800.05579,295.9477239,-229.2082609,-154.4987133,2
14362.66655,-0.019960611,-14362.64659,287.2006824,-208.725857,-168.8042352,2
13904.82982,-0.002538457,-13904.82728,278.045513,-187.9468422,-182.869877,2
13427.23356,0.014887304,-13427.24845,268.4952257,-166.9007446,-196.6756508,2
12930.55647,0.03229191,-12930.58877,258.5633919,-145.617472,-210.2019376,2
12415.50435,0.049650627,-12415.55401,248.2641255,-124.127269,-223.429516,2
11882.80913,0.066938788,-11882.87606,237.6120622,-102.4606743,-236.3395888,2
11333.22777,0.084131825,-11333.31191,226.6223391,-80.64847745,-248.9138102,2
10767.54129,0.101205306,-10767.64249,215.3105732,-58.72167466,-261.1343114,2
10186.55353,0.118134969,-10186.67167,203.6928393,-36.71142516,-272.9837264,2
9591.090129,0.134896756,-9591.225026,191.7856467,-14.64900672,-284.4452167,2
8981.997261,0.151466847,-8982.148728,179.6059162,7.434228764,-295.5024947,2
8360.140484,0.167821696,-8360.308306,167.1709558,29.5068998,-306.1398475,2
7726.40349,0.18393806,-7726.587428,154.4984364,51.53763992,-316.3421588,2
7081.686854,0.199793039,-7081.886647,141.6063662,73.49514223,-326.0949306,2
6426.906753,0.2153641,-6427.122117,128.5130657,95.34820393,-335.3843037,2
5762.993666,0.230629118,-5763.224296,115.237141,117.0657706,-344.1970774,2
5090.89105,0.245566399,-5091.136617,101.7974581,138.6169804,-352.5207281,2
4411.553999,0.260154716,-4411.814154,88.21311543,159.9712079,-360.3434276,2
3725.947889,0.27437334,-3726.222262,74.50341708,181.0981076,-367.6540594,2
3035.047002,0.288202064,-3035.335204,60.6878453,201.9676569,-374.4422346,2
2339.833148,0.301621237,-2340.134769,46.78603277,222.5501992,-380.698307,2
1641.294263,0.31461179,-1641.608874,32.81773472,242.8164854,-386.4133862,2
940.4230083,0.327155262,-940.7501636,18.80280088,262.7377161,-391.5793508,2
238.2153616,0.339233829,-238.5545954,4.761147227,282.2855822,-396.1888598,2
-464.3308023,0.350830325,463.9799719,-9.287272274,301.432305,-400.2353627,2
-1166.217127,0.361928273,1165.855198,-23.32249405,320.150676,-403.7131092,2
-1866.446193,0.372511901,1866.073681,-37.32457329,338.4140953,-406.6171574,2
-2564.022936,0.382566169,2563.64037,-51.27361227,356.1966097,-408.9433803,2
-3257.956063,0.39207679,3257.563987,-65.14978864,373.4729493,-410.6884723,2
-3947.259456,0.401030248,3946.858426,-78.9333836,390.2185633,-411.8499535,2
-4630.953578,0.40941382,4630.544164,-92.60480989,406.4096555,-412.4261733,2
-5308.066861,0.417215593,5307.649645,-106.1446397,422.0232172,-412.4163131,2
-5977.63709,0.424424479,5977.212666,-119.5336321,437.0370609,-411.8203866,2
-6638.712771,0.431030236,6638.28174,-132.7527608,451.429851,-410.6392409,2
-7290.354477,0.437023474,7289.917453,-145.7832405,465.1811346,-408.8745543,2
-7931.63619,0.442395678,7931.193794,-158.6065542,478.2713703,-406.5288347,2
-8561.646614,0.447139214,8561.199475,-171.2044793,490.6819562,-403.6054153,2
-9179.49047,0.451247341,9179.039223,-183.5591135,502.3952563,-400.1084505,2
-9784.289768,0.45471422,9783.835054,-195.6529002,513.3946252,-396.0429097,2
-10375.18505,0.457534926,10374.72752,-207.4686533,523.6644322,-391.4145703,2
-10951.33664,0.459705449,10950.87693,-218.9895822,533.1900834,-386.2300093,2
-11511.92577,0.461222706,11511.46455,-230.1993149,541.9580423,-380.4965944,2
-12056.15582,0.46208454,12055.69374,-241.0819218,549.9558492,-374.222473,2
-12583.25342,0.462289727,12582.79113,-251.621938,557.1721388,-367.416561,2
-13092.46953,0.461837975,13092.00769,-261.8043857,563.5966562,-360.0885299,2
-13583.08052,0.460729925,13582.61979,-271.6147951,569.220272,-352.2487934,2
-14054.38921,0.458967153,14053.93025,-281.039225,574.0349946,-343.908492,2
-14505.72585,0.456552164,14505.26929,-290.0642827,578.0339821,-335.0794779,2
-14936.44905,0.453488389,14935.99556,-298.6771433,581.2115516,-325.7742974,2
-15345.94674,0.449780183,15345.49696,-306.8655673,583.5631877,-316.0061739,2
-15733.63701,0.445432814,15733.19158,-314.6179185,585.0855487,-305.7889883,2
-16098.96891,0.440452461,16098.52846,-321.9231804,585.776471,-295.1372598,2
-16441.4233,0.4348462,16440.98845,-328.7709719,585.6349729,-284.0661251,2
-16760.51353,0.428622,16760.0849,-335.1515618,584.6612555,-272.591317,2
-17055.78615,0.421788704,17055.36436,-341.0558831,582.8567024,-260.7291416,2
-17326.82156,0.414356023,17326.4072,-346.4755452,580.2238781,-248.4964559,2
-17573.23461,0.40633452,17572.82828,-351.4028467,576.7665239,-235.9106431,2
-17794.67514,0.397735593,17794.2774,-355.8307855,572.4895529,-222.9895883,2
-17990.82845,0.388571462,17990.43988,-359.7530692,567.3990429,-209.7516532,2
-18161.41582,0.37885515,18161.03696,-363.1641242,561.5022278,-196.2156495,2
-18306.19482,0.368600464,18305.82622,-366.0591031,554.8074873,-182.4008126,2
-18424.95971,0.357821976,18424.60189,-368.4338919,547.3243351,-168.3267742,2
-18517.54173,0.346535004,18517.1952,-370.2851161,539.063405,-154.0135342,2
-18583.80931,0.334755587,18583.47456,-371.6101448,530.0364363,-139.4814326,2
-18623.66828,0.322500463,18623.34578,-372.4070952,520.2562569,-124.7511202,2
-18637.062,0.309787049,18636.75221,-372.6748347,509.7367648,-109.8435296,2
-18623.97143,0.296633411,18623.6748,-372.4129829,498.4929089,-94.77984539,2
-18584.41518,0.28305824,18584.13213,-371.6219118,486.5406673,-79.58147382,2
-18518.44946,0.269080828,18518.18038,-370.3027457,473.8970248,-64.27001262,2
-18426.16801,0.254721037,18425.91329,-368.4573592,460.5799486,-48.86722022,2
-18307.70197,0.239999274,18307.46197,-366.0883745,446.6083632,-33.39498482,2
-18163.21968,0.224936458,18162.99474,-363.1991582,432.0021228,-17.87529332,2
-17992.92646,0.209553996,17992.71691,-359.7938161,416.7819838,-2.330200056,2
-17797.06431,0.193873746,17796.87044,-355.8771873,400.9695748,13.21820455,2
-17575.91156,0.177917991,17575.73364,-351.4548375,384.5873661,28.74782537,2
-17329.78247,0.161709405,17329.62076,-346.5330511,367.6586377,44.23659395,2
-17059.02681,0.14527102,17058.88154,-341.1188224,350.2074462,59.66249992,2
-16764.02935,0.128626198,16763.90072,-335.2198451,332.2585908,75.0036222,2
-16445.20928,0.111798591,16445.09748,-328.844502,313.8375778,90.23816024,2
-16103.01967,0.094812111,16102.92486,-322.001853,294.9705844,105.3444649,2
-15737.94679,0.077690899,15737.86909,-314.7016217,275.6844217,120.3010693,2
-15350.50942,0.060459284,15350.44896,-306.9541821,256.0064963,135.0867194,2
-14941.25814,0.043141752,14941.215,-298.7705439,235.9647716,149.6804038,2
-14510.77451,0.025762914,14510.74875,-290.1623364,215.5877281,164.0613841,2
-14059.67028,0.008347466,14059.66193,-281.1417923,194.9043227,178.2092243,2
-13588.58649,-0.009079845,13588.59557,-271.7217303,173.9439475,192.1038194,2
-13098.19257,-0.026494253,13098.21907,-261.915537,152.7363885,205.7254244,2
-12589.18541,-0.043871011,12589.22928,-251.7371472,131.3117827,219.0546824,2
-12062.28832,-0.061185426,12062.34951,-241.2010253,109.7005757,232.0726517,2
-11518.25007,-0.078412893,11518.32848,-230.3221435,87.93347819,244.760833,2
-10957.84375,-0.095528932,10957.93927,-219.1159613,66.04142238,257.1011958,2
-10381.86573,-0.112509218,10381.97824,-207.5984033,44.05551808,269.0762037,2
-9791.134512,-0.129329622,9791.263842,-195.7858367,22.00700849,280.6688397,2
-9186.489558,-0.145966242,9186.635524,-183.6950476,-0.072774274,291.8626298,2
-8568.790099,-0.162395437,8568.952495,-171.3432179,-22.15245362,302.6416672,2
-7938.913921,-0.178593858,7939.092515,-158.7479,-44.20065311,312.9906342,2
-7297.756112,-0.194538487,7297.950651,-145.9269927,-66.18604106,322.8948244,2
-6646.227793,-0.210206667,6646.437999,-132.8987152,-88.07737502,332.3401634,2
-5985.254819,-0.225576132,5985.480395,-119.6815813,-109.8435462,341.3132288,2
-5315.776471,-0.24062504,5316.017097,-106.2943734,-131.4536237,349.8012695,2
-4638.744114,-0.255332008,4638.999446,-92.75611529,-152.8768984,357.7922234,2
-3955.119848,-0.269676134,3955.389524,-79.0860457,-174.0829267,365.274735,2
-3265.87514,-0.283637036,3266.158777,-65.3035905,-195.0415736,372.2381711,2
-2571.989445,-0.297194874,2572.28664,-51.42833534,-215.7230558,378.6726365,2
-1874.448812,-0.310330382,1874.759142,-37.47999769,-236.0979837,384.5689874,2
-1174.244484,-0.323024894,1174.567509,-23.47839892,-256.1374034,389.9188446,2
-472.3714915,-0.335260369,472.7067519,-9.443436056,-275.8128379,394.7146059,2
230.1727673,-0.347019421,-229.8257478,4.604946445,-295.0963272,398.9494561,2
932.3899379,-0.35828534,-932.0316526,18.64678507,-313.9604685,402.6173773,2
1633.282131,-0.369042116,-1632.913089,32.66212559,-332.3784548,405.7131572,2
2331.853342,-0.379274462,-2331.474067,46.63105144,-350.3241132,408.2323965,2
3027.110861,-0.388967839,-3026.721893,60.53371201,-367.7719418,410.1715152,2
3718.06669,-0.398108471,-3717.668581,74.35035087,-384.6971463,411.5277577,2
4403.738942,-0.406683369,-4403.332259,88.06133381,-401.0756752,412.2991968,2
5083.153241,-0.414680348,-5082.738561,101.6471768,-416.8842535,412.4847361,2
5755.344101,-0.422088043,-5754.922013,115.0885735,-432.1004166,412.0841121,2
6419.356302,-0.428895929,-6418.927406,128.3664232,-446.7025413,411.097894,2
7074.246246,-0.435094329,-7073.811152,141.4618571,-460.6698772,409.5274833,2
7719.083299,-0.440674437,-7718.642625,154.3562659,-473.982576,407.3751116,2
8352.951113,-0.445628322,-8352.505484,167.0313261,-486.6217197,404.6438376,2
8974.948926,-0.449948945,-8974.498977,179.4690256,-498.5693473,401.3375426,2
9584.192845,-0.453630166,-9583.739215,191.6516898,-509.8084805,397.460925,2
10179.8171,-0.456666754,-10179.36044,203.5620064,-520.323148,393.0194936,2
10760.97528,-0.459054393,-10760.51623,215.1830503,-530.0984079,388.0195601,2
11326.84153,-0.460789691,-11326.38074,226.4983073,-539.1203689,382.4682295,2
11876.61171,-0.461870182,-11876.14984,237.4916979,-547.3762103,376.3733906,2
12409.50458,-0.462294329,-12409.04228,248.1475997,-554.8542002,369.7437046,2
12924.76286,-0.462061531,-12924.3008,258.4508702,-561.5437119,362.5885925,2
13421.65435,-0.461172119,-13421.19318,268.3868679,-567.4352393,354.9182222,2
13899.47293,-0.459627355,-13899.01331,277.9414732,-572.5204102,346.7434936,2
14357.5396,-0.457429436,-14357.08218,287.1011084,-576.7919982,338.0760236,2
14795.20343,-0.454581485,-14794.74885,295.8527572,-580.2439333,328.9281291,2
15211.84245,-0.451087549,-15211.39137,304.1839831,-582.8713099,319.3128097,2
15606.86462,-0.446952592,-15606.41767,312.0829469,-584.6703945,309.2437293,2
15979.70858,-0.442182492,-15979.2664,319.5384237,-585.6386306,298.7351966,2
16329.8445,-0.436784025,-16329.40772,326.539819,-585.774642,287.8021449,2
16656.77482,-0.430764865,-16656.34405,333.0771833,-585.0782357,276.4601106,2
16960.03494,-0.424133565,-16959.61081,339.1412267,-583.5504011,264.7252114,2
17239.19393,-0.416899547,-17238.77703,344.7233319,-581.1933095,252.6141231,2
17493.85509,-0.409073092,-17493.44601,349.8155664,-578.0103105,240.1440564,2
17723.65651,-0.400665323,-17723.25585,354.4106937,-574.0059271,227.3327318,2
17928.27165,-0.391688185,-17927.87997,358.5021842,-569.1858499,214.1983549,2
18107.40974,-0.382154438,-18107.02759,362.0842233,-563.5569285,200.7595905,2
18260.81621,-0.372077628,-18260.44413,365.151721,-557.1271618,187.0355357,2
18388.27305,-0.361472075,-18387.91158,367.7003181,-549.905687,173.0456932,2
18489.59916,-0.350352851,-18489.24881,369.726393,-541.902766,158.8099433,2
18564.65053,-0.338735756,-18564.3118,371.2270664,-533.1297716,144.3485157,2
18613.32052,-0.326637299,-18612.99388,372.2002058,-523.5991707,129.681961,2
18635.53996,-0.314074673,-18635.22589,372.6444284,-513.3245066,114.8311212,2
18631.27728,-0.301065729,-18630.97622,372.5591028,-502.3203803,99.81710006,2
18600.53854,-0.287628955,-18600.25091,371.9443504,-490.6024293,84.66123334,2
18543.36741,-0.273783444,-18543.09362,370.8010447,-478.1873054,69.38505839,2
18459.84514,-0.259548872,-18459.58559,369.1308104,-465.0926512,54.01028347,2
18350.09042,-0.244945466,-18349.84548,366.9360211,-451.3370749,38.55875698,2
18214.25922,-0.22999398,-18214.02923,364.2197956,-436.9401238,23.05243639,2
18052.54456,-0.21471566,-18052.32985,360.9859938,-421.922257,7.513357023,2
17865.17625,-0.199132217,-17864.97712,357.2392112,-406.3048155,-8.036399235,2
17652.42054,-0.183265796,-17652.23728,352.9847721,-390.1099927,-23.57473533,2
17414.57978,-0.167138944,-17414.41264,348.2287223,-373.3608022,-39.07957043,2
17151.99195,-0.150774579,-17151.84117,342.9778205,-356.0810456,-54.52887133,2
16865.0302,-0.134195955,-16864.896,337.2395284,-338.2952783,-69.90068372,2
16554.10232,-0.117426631,-16553.98489,331.0220005,-320.028775,-85.17316341,2
16219.65015,-0.100490438,-16219.54966,324.3340722,-301.3074932,-100.3246074,2
15862.14897,-0.083411442,-15862.06556,317.1852474,-282.158037,-115.3334846,2
15482.10681,-0.066213914,-15482.0406,309.5856851,-262.6076188,-130.1784666,2
15080.06373,-0.048922292,-15080.01481,301.5461845,-242.6840208,-144.8384579,2
14656.59105,-0.031561149,-14656.55949,293.0781704,-222.4155555,-159.2926258,2
14212.29056,-0.014155156,-14212.2764,284.1936761,-201.8310256,-173.5204302,2
13747.79362,0.003270952,-13747.79689,274.905327,-180.9596827,-187.5016525,2
13263.76032,0.020692413,-13263.78101,265.2263225,-159.8311862,-201.2164248,2
12760.87849,0.038084468,-12760.91657,255.1704168,-138.4755608,-214.6452575,2
12239.86275,0.055422403,-12239.91817,244.7519,-116.9231541,-227.7690675,2
11701.45349,0.072681579,-11701.52618,233.9855773,-95.20459322,-240.5692053,2
11146.41583,0.089837472,-11146.50567,222.8867484,-73.35074138,-253.027481,2
10575.53851,0.1068657,-10575.64537,211.4711851,-51.39265412,-265.1261908,2
9989.632762,0.123742066,-9989.756504,199.7551098,-29.36153509,-276.8481418,2
9389.531201,0.140442588,-9389.671644,187.7551715,-7.288691708,-288.1766765,2
8776.086603,0.156943533,-8776.243547,175.4884228,14.7945093,-299.0956963,2
8150.170706,0.173221454,-8150.343928,162.9722955,36.85668651,-309.5896848,2
7512.67297,0.189253216,-7512.862224,150.2245757,58.86648834,-319.6437294,2
6864.499315,0.20501604,-6864.704331,137.2633785,80.79263767,-329.2435427,2
6206.570831,0.220487525,-6206.791319,124.1071225,102.6039762,-338.375483,2
5539.82247,0.235645685,-5540.058116,110.7745035,124.269509,-347.0265732,2
4865.201718,0.250468979,-4865.452187,97.28446788,145.7584479,-355.1845196,2
4183.667248,0.264936343,-4183.932185,83.6561857,167.0402561,-362.8377294,2
3496.187559,0.279027219,-3496.466586,69.90902352,188.084691,-369.975327,2
2803.739595,0.292721581,-2804.032317,56.06251678,208.8618472,-376.5871693,2
2107.307364,0.30599997,-2107.613364,42.13634214,229.3421993,-382.6638607,2
1407.880534,0.318843516,-1408.199377,28.15028945,249.4966436,-388.1967658,2
706.4530285,0.331233968,-706.7842624,14.12423366,269.2965395,-393.178022,2
4.02161468,0.343153719,-4.364768399,0.078106558,288.7137503,-397.6005508,2
-698.415514,0.354585829,698.0609282,-13.96813154,307.7206831,-401.4580674,2
-1399.860156,0.365514054,1399.494642,-27.99452015,326.2903279,-404.7450902,2
-2099.31552,0.375922863,2098.939597,-41.98112702,344.3962963,-407.456948,2
-2795.787642,0.385797465,2795.401845,-55.90807641,362.0128588,-409.5897872,2
-3488.286797,0.395123828,3487.891673,-69.75557736,379.1149811,-411.1405769,2
-4175.828905,0.403888698,4175.425017,-83.50395183,395.6783603,-412.1071134,2
-4857.436932,0.41207962,4857.024853,-97.1336626,411.679459,-412.4880231,2
-5532.142276,0.419684955,5531.722591,-110.6253411,427.0955386,-412.2827647,2
-6198.986142,0.426693894,6198.559448,-123.959815,441.904692,-411.49163,2
-6857.02091,0.433096478,6856.587813,-137.1181352,456.0858747,-410.1157431,2
-7505.311476,0.438883608,7504.872592,-150.081603,469.6189344,-408.1570594,2
-8142.936583,0.44404706,8142.492536,-162.8317966,482.48464,-405.6183621,2
-8768.990133,0.448579498,8768.541553,-175.3505974,494.6647084,-402.5032589,2
-9382.582467,0.452474479,9382.129993,-187.6202153,506.1418312,-398.8161766,2
-9982.841638,0.455726469,9982.385912,-199.6232147,516.8996988,-394.5623547,2
-10568.91465,0.458330847,10568.45631,-211.3425386,526.9230237,-389.747838,2
-11139.96865,0.460283912,11139.50836,-222.7615331,536.197562,-384.3794684,2
-11695.19214,0.461582888,11694.73056,-233.8639713,544.7101344,-378.4648745,2
-12233.79613,0.46222593,12233.3339,-244.634076,552.4486438,-372.0124613,2
-12755.01523,0.462212123,12754.55301,-255.0565423,559.4020934,-365.0313981,2
-13258.10874,0.461541488,13257.6472,-265.1165593,565.5606021,-357.5316052,2
-13742.36177,0.460214977,13741.90155,-274.7998312,570.9154182,-349.5237404,2
-14207.08614,0.458234475,14206.62791,-284.0925974,575.4589322,-341.0191833,2
-14651.62147,0.455602797,14651.16586,-292.9816526,579.1846876,-332.0300192,2
-15075.33604,0.452323683,15074.88371,-301.4543648,582.0873899,-322.5690222,2
-15477.62773,0.448401791,15477.17933,-309.4986938,584.1629142,-312.6496371,2
-15857.92487,0.443842697,15857.48103,-317.1032083,585.408311,-302.2859597,2
-16215.68703,0.438652877,16215.24838,-324.2571017,585.8218105,-291.4927174,2
-16550.40581,0.432839708,16549.97297,-330.9502081,585.4028252,-280.285248,2
-16861.60556,0.42641145,16861.17915,-337.1730161,584.1519505,-268.679478,2
-17148.84404,0.419377238,17148.42466,-342.9166828,582.0709639,-256.6918997,2
-17411.71308,0.411747068,17411.30133,-348.1730461,579.1628225,-244.3395481,2
-17649.83912,0.403531782,17649.43559,-352.9346365,575.4316591,-231.6399767,2
-17862.88377,0.394743056,17862.48903,-357.1946874,570.8827759,-218.6112323,2
-18050.54429,0.385393379,18050.1589,-360.9471452,565.522637,-205.2718293,2
-18212.554,0.375496036,18212.1785,-364.1866773,559.3588594,-191.6407237,2
-18348.68267,0.365065093,18348.31761,-366.9086802,552.4002024,-177.7372863,2
-18458.73686,0.354115373,18458.38275,-369.1092858,544.6565544,-163.5812744,2
-18542.56018,0.342662435,18542.21751,-370.7853669,536.1389196,-149.1928046,2
-18600.0335,0.330722555,18599.70277,-371.9345417,526.8594021,-134.5923236,2
-18631.07515,0.318312701,18630.75684,-372.5551772,516.8311886,-119.8005796,2
-18635.64103,0.305450506,18635.33558,-372.6463914,506.0685296,-104.8385924,2
-18613.72465,0.29215425,18613.43249,-372.2080546,494.5867196,-89.72762388,2
-18565.35714,0.278442826,18565.0787,-371.2407899,482.4020748,-74.48914745,2
-18490.60724,0.26433572,18490.34291,-369.7459717,469.5319102,-59.14481787,2
-18389.58118,0.249852979,18389.33133,-367.7257242,455.9945152,-43.71644027,2
-18262.42252,0.235015183,18262.1875,-365.1829183,441.8091269,-28.22593921,2
-18109.31196,0.219843417,18109.09211,-362.1211676,426.9959037,-12.69532754,2
-17930.46707,0.204359242,17930.26271,-358.5448228,411.575896,2.853324876,2
-17726.14201,0.188584661,17725.95342,-354.4589663,395.5710164,18.39792256,2
-17496.62713,0.172542091,17496.45459,-349.8694041,379.0040087,33.9163758,2
-17242.24858,0.156254329,17242.09233,-344.7826584,361.8984156,49.386632,2
-16963.36786,0.139744521,16963.22812,-339.2059576,344.2785451,64.7867071,2
-16660.38127,0.123036129,16660.25823,-333.1472267,326.1694359,80.09471675,2
-16333.71936,0.106152896,16333.6132,-326.6150753,307.5968221,95.28890742,2
-15983.84634,0.089118813,15983.75722,-319.618786,288.5870963,110.3476873,2
-15611.2594,0.071958088,15611.18744,-312.1683009,269.1672725,125.2496572,2
-15216.488,0.054695106,15216.43331,-304.2742075,249.3649473,139.9736404,2
-14800.09315,0.0373544,14800.05579,-295.9477239,229.2082609,154.4987133,2
-14362.66655,0.019960611,14362.64659,-287.2006824,208.725857,168.8042352,2
-13904.82982,0.002538457,13904.82728,-278.045513,187.9468422,182.869877,2
-13427.23356,-0.014887304,13427.24845,-268.4952257,166.9007446,196.6756508,2
-12930.55647,-0.03229191,12930.58877,-258.5633919,145.617472,210.2019376,2
-12415.50435,-0.049650627,12415.55401,-248.2641255,124.127269,223.429516,2
-11882.80913,-0.066938788,11882.87606,-237.6120622,102.4606743,236.3395888,2
-11333.22777,-0.084131825,11333.31191,-226.6223391,80.64847745,248.9138102,2
-10767.54129,-0.101205306,10767.64249,-215.3105732,58.72167466,261.1343114,2
-10186.55353,-0.118134969,10186.67167,-203.6928393,36.71142516,272.9837264,2
-9591.090129,-0.134896756,9591.225026,-191.7856467,14.64900672,284.4452167,2
-8981.997261,-0.151466847,8982.148728,-179.6059162,-7.434228764,295.5024947,2
-8360.140484,-0.167821696,8360.308306,-167.1709558,-29.5068998,306.1398475,2
-7726.40349,-0.18393806,7726.587428,-154.4984364,-51.53763992,316.3421588,2
-7081.686854,-0.199793039,7081.886647,-141.6063662,-73.49514223,326.0949306,2
-6426.906753,-0.2153641,6427.122117,-128.5130657,-95.34820393,335.3843037,2
-5762.993666,-0.230629118,5763.224296,-115.237141,-117.0657706,344.1970774,2
-5090.89105,-0.245566399,5091.136617,-101.7974581,-138.6169804,352.5207281,2
-4411.553999,-0.260154716,4411.814154,-88.21311543,-159.9712079,360.3434276,2
-3725.947889,-0.27437334,3726.222262,-74.50341708,-181.0981076,367.6540594,2
-3035.047002,-0.288202064,3035.335204,-60.6878453,-201.9676569,374.4422346,2
-2339.833148,-0.301621237,2340.134769,-46.78603277,-222.5501992,380.698307,2
-1641.294263,-0.31461179,1641.608874,-32.81773472,-242.8164854,386.4133862,2
-940.4230083,-0.327155262,940.7501636,-18.80280088,-262.7377161,391.5793508,2
-238.2153616,-0.339233829,238.5545954,-4.761147227,-282.2855822,396.1888598,2
464.3308023,-0.350830325,-463.9799719,9.287272274,-301.432305,400.2353627,2
1166.217127,-0.361928273,-1165.855198,23.32249405,-320.150676,403.7131092,2
1866.446193,-0.372511901,-1866.073681,37.32457329,-338.4140953,406.6171574,2
2564.022936,-0.382566169,-2563.64037,51.27361227,-356.1966097,408.9433803,2
3257.956063,-0.39207679,-3257.563987,65.14978864,-373.4729493,410.6884723,2
3947.259456,-0.401030248,-3946.858426,78.9333836,-390.2185633,411.8499535,2
4630.953578,-0.40941382,-4630.544164,92.60480989,-406.4096555,412.4261733,2
5308.066861,-0.417215593,-5307.649645,106.1446397,-422.0232172,412.4163131,2
5977.63709,-0.424424479,-5977.212666,119.5336321,-437.0370609,411.8203866,2
6638.712771,-0.431030236,-6638.28174,132.7527608,-451.429851,410.6392409,2
7290.354477,-0.437023474,-7289.917453,145.7832405,-465.1811346,408.8745543,2
7931.63619,-0.442395678,-7931.193794,158.6065542,-478.2713703,406.5288347,2
8561.646614,-0.447139214,-8561.199475,171.2044793,-490.6819562,403.6054153,2
9179.49047,-0.451247341,-9179.039223,183.5591135,-502.3952563,400.1084505,2
9784.289768,-0.45471422,-9783.835054,195.6529002,-513.3946252,396.0429097,2
10375.18505,-0.457534926,-10374.72752,207.4686533,-523.6644322,391.4145703,2
10951.33664,-0.459705449,-10950.87693,218.9895822,-533.1900834,386.2300093,2
11511.92577,-0.461222706,-11511.46455,230.1993149,-541.9580423,380.4965944,2
12056.15582,-0.46208454,-12055.69374,241.0819218,-549.9558492,374.222473,2
12583.25342,-0.462289727,-12582.79113,251.621938,-557.1721388,367.416561,2
13092.46953,-0.461837975,-13092.00769,261.8043857,-563.5966562,360.0885299,2
13583.08052,-0.460729925,-13582.61979,271.6147951,-569.220272,352.2487934,2
14054.38921,-0.458967153,-14053.93025,281.039225,-574.0349946,343.908492,2
14505.72585,-0.456552164,-14505.26929,290.0642827,-578.0339821,335.0794779,2
14936.44905,-0.453488389,-14935.99556,298.6771433,-581.2115516,325.7742974,2
15345.94674,-0.449780183,-15345.49696,306.8655673,-583.5631877,316.0061739,2
15733.63701,-0.445432814,-15733.19158,314.6179185,-585.0855487,305.7889883,2
16098.96891,-0.440452461,-16098.52846,321.9231804,-585.776471,295.1372598,2
16441.4233,-0.4348462,-16440.98845,328.7709719,-585.6349729,284.0661251,2
16760.51353,-0.428622,-16760.0849,335.1515618,-584.6612555,272.591317,2
17055.78615,-0.421788704,-17055.36436,341.0558831,-582.8567024,260.7291416,2
17326.82156,-0.414356023,-17326.4072,346.4755452,-580.2238781,248.4964559,2
17573.23461,-0.40633452,-17572.82828,351.4028467,-576.7665239,235.9106431,2
17794.67514,-0.397735593,-17794.2774,355.8307855,-572.4895529,222.9895883,2
17990.82845,-0.388571462,-17990.43988,359.7530692,-567.3990429,209.7516532,2
18161.41582,-0.37885515,-18161.03696,363.1641242,-561.5022278,196.2156495,2
18306.19482,-0.368600464,-18305.82622,366.0591031,-554.8074873,182.4008126,2
18424.95971,-0.357821976,-18424.60189,368.4338919,-547.3243351,168.3267742,2
18517.54173,-0.346535004,-18517.1952,370.2851161,-539.063405,154.0135342,2
18583.80931,-0.334755587,-18583.47456,371.6101448,-530.0364363,139.4814326,2
18623.66828,-0.322500463,-18623.34578,372.4070952,-520.2562569,124.7511202,2
18637.062,-0.309787049,-18636.75221,372.6748347,-509.7367648,109.8435296,2
18623.97143,-0.296633411,-18623.6748,372.4129829,-498.4929089,94.77984539,2
18584.41518,-0.28305824,-18584.13213,371.6219118,-486.5406673,79.58147382,2
18518.44946,-0.269080828,-18518.18038,370.3027457,-473.8970248,64.27001262,2
18426.16801,-0.254721037,-18425.91329,368.4573592,-460.5799486,48.86722022,2
18307.70197,-0.239999274,-18307.46197,366.0883745,-446.6083632,33.39498482,2
18163.21968,-0.224936458,-18162.99474,363.1991582,-432.0021228,17.87529332,2
17992.92646,-0.209553996,-17992.71691,359.7938161,-416.7819838,2.330200056,2
17797.06431,-0.193873746,-17796.87044,355.8771873,-400.9695748,-13.21820455,2
17575.91156,-0.177917991,-17575.73364,351.4548375,-384.5873661,-28.74782537,2
17329.78247,-0.161709405,-17329.62076,346.5330511,-367.6586377,-44.23659395,2
17059.02681,-0.14527102,-17058.88154,341.1188224,-350.2074462,-59.66249992,2
16764.02935,-0.128626198,-16763.90072,335.2198451,-332.2585908,-75.0036222,2
16445.20928,-0.111798591,-16445.09748,328.844502,-313.8375778,-90.23816024,2
16103.01967,-0.094812111,-16102.92486,322.001853,-294.9705844,-105.3444649,2
15737.94679,-0.077690899,-15737.86909,314.7016217,-275.6844217,-120.3010693,2
15350.50942,-0.060459284,-15350.44896,306.9541821,-256.0064963,-135.0867194,2
14941.25814,-0.043141752,-14941.215,298.7705439,-235.9647716,-149.6804038,2
14510.77451,-0.025762914,-14510.74875,290.1623364,-215.5877281,-164.0613841,2
14059.67028,-0.008347466,-14059.66193,281.1417923,-194.9043227,-178.2092243,2
13588.58649,0.009079845,-13588.59557,271.7217303,-173.9439475,-192.1038194,2
13098.19257,0.026494253,-13098.21907,261.915537,-152.7363885,-205.7254244,2
12589.18541,0.043871011,-12589.22928,251.7371472,-131.3117827,-219.0546824,2
12062.28832,0.061185426,-12062.34951,241.2010253,-109.7005757,-232.0726517,2
11518.25007,0.078412893,-11518.32848,230.3221435,-87.93347819,-244.760833,2
10957.84375,0.095528932,-10957.93927,219.1159613,-66.04142238,-257.1011958,2
10381.86573,0.112509218,-10381.97824,207.5984033,-44.05551808,-269.0762037,2
9791.134512,0.129329622,-9791.263842,195.7858367,-22.00700849,-280.6688397,2
9186.489558,0.145966242,-9186.635524,183.6950476,0.072774274,-291.8626298,2
8568.790099,0.162395437,-8568.952495,171.3432179,22.15245362,-302.6416672,2
7938.913921,0.178593858,-7939.092515,158.7479,44.20065311,-312.9906342,2
7297.756112,0.194538487,-7297.950651,145.9269927,66.18604106,-322.8948244,2
6646.227793,0.210206667,-6646.437999,132.8987152,88.07737502,-332.3401634,2
5985.254819,0.225576132,-5985.480395,119.6815813,109.8435462,-341.3132288,2
5315.776471,0.24062504,-5316.017097,106.2943734,131.4536237,-349.8012695,2
4638.744114,0.255332008,-4638.999446,92.75611529,152.8768984,-357.7922234,2
3955.119848,0.269676134,-3955.389524,79.0860457,174.0829267,-365.274735,2
3265.87514,0.283637036,-3266.158777,65.3035905,195.0415736,-372.2381711,2
2571.989445,0.297194874,-2572.28664,51.42833534,215.7230558,-378.6726365,2
1874.448812,0.310330382,-1874.759142,37.47999769,236.0979837,-384.5689874,2
1174.244484,0.323024894,-1174.567509,23.47839892,256.1374034,-389.9188446,2
472.3714915,0.335260369,-472.7067519,9.443436056,275.8128379,-394.7146059,2
-230.1727673,0.347019421,229.8257478,-4.604946445,295.0963272,-398.9494561,2
-932.3899379,0.35828534,932.0316526,-18.64678507,313.9604685,-402.6173773,2
-1633.282131,0.369042116,1632.913089,-32.66212559,332.3784548,-405.7131572,2
-2331.853342,0.379274462,2331.474067,-46.63105144,350.3241132,-408.2323965,2
-3027.110861,0.388967839,3026.721893,-60.53371201,367.7719418,-410.1715152,2
-3718.06669,0.398108471,3717.668581,-74.35035087,384.6971463,-411.5277577,2
-4403.738942,0.406683369,4403.332259,-88.06133381,401.0756752,-412.2991968,2
-5083.153241,0.414680348,5082.738561,-101.6471768,416.8842535,-412.4847361,2
-5755.344101,0.422088043,5754.922013,-115.0885735,432.1004166,-412.0841121,2
-6419.356302,0.428895929,6418.927406,-128.3664232,446.7025413,-411.097894,2
-7074.246246,0.435094329,7073.811152,-141.4618571,460.6698772,-409.5274833,2
-7719.083299,0.440674437,7718.642625,-154.3562659,473.982576,-407.3751116,2
-8352.951113,0.445628322,8352.505484,-167.0313261,486.6217197,-404.6438376,2
-8974.948926,0.449948945,8974.498977,-179.4690256,498.5693473,-401.3375426,2
-9584.192845,0.453630166,9583.739215,-191.6516898,509.8084805,-397.460925,2
-10179.8171,0.456666754,10179.36044,-203.5620064,520.323148,-393.0194936,2
-10760.97528,0.459054393,10760.51623,-215.1830503,530.0984079,-388.0195601,2
-11326.84153,0.460789691,11326.38074,-226.4983073,539.1203689,-382.4682295,2
-11876.61171,0.461870182,11876.14984,-237.4916979,547.3762103,-376.3733906,2
-12409.50458,0.462294329,12409.04228,-248.1475997,554.8542002,-369.7437046,2
-12924.76286,0.462061531,12924.3008,-258.4508702,561.5437119,-362.5885925,2
-13421.65435,0.461172119,13421.19318,-268.3868679,567.4352393,-354.9182222,2
-13899.47293,0.459627355,13899.01331,-277.9414732,572.5204102,-346.7434936,2
-14357.5396,0.457429436,14357.08218,-287.1011084,576.7919982,-338.0760236,2
-14795.20343,0.454581485,14794.74885,-295.8527572,580.2439333,-328.9281291,2
-15211.84245,0.451087549,15211.39137,-304.1839831,582.8713099,-319.3128097,2
-15606.86462,0.446952592,15606.41767,-312.0829469,584.6703945,-309.2437293,2
-15979.70858,0.442182492,15979.2664,-319.5384237,585.6386306,-298.7351966,2
-16329.8445,0.436784025,16329.40772,-326.539819,585.774642,-287.8021449,2
-16656.77482,0.430764865,16656.34405,-333.0771833,585.0782357,-276.4601106,2
-16960.03494,0.424133565,16959.61081,-339.1412267,583.5504011,-264.7252114,2
-17239.19393,0.416899547,17238.77703,-344.7233319,581.1933095,-252.6141231,2
-17493.85509,0.409073092,17493.44601,-349.8155664,578.0103105,-240.1440564,2
-17723.65651,0.400665323,17723.25585,-354.4106937,574.0059271,-227.3327318,2
-17928.27165,0.391688185,17927.87997,-358.5021842,569.1858499,-214.1983549,2
-18107.40974,0.382154438,18107.02759,-362.0842233,563.5569285,-200.7595905,2
-18260.81621,0.372077628,18260.44413,-365.151721,557.1271618,-187.0355357,2
-18388.27305,0.361472075,18387.91158,-367.7003181,549.905687,-173.0456932,2
-18489.59916,0.350352851,18489.24881,-369.726393,541.902766,-158.8099433,2
-18564.65053,0.338735756,18564.3118,-371.2270664,533.1297716,-144.3485157,2
-18613.32052,0.326637299,18612.99388,-372.2002058,523.5991707,-129.681961,2
-18635.53996,0.314074673,18635.22589,-372.6444284,513.3245066,-114.8311212,2
-18631.27728,0.301065729,18630.97622,-372.5591028,502.3203803,-99.81710006,2
-18600.53854,0.287628955,18600.25091,-371.9443504,490.6024293,-84.66123334,2
-18543.36741,0.273783444,18543.09362,-370.8010447,478.1873054,-69.38505839,2
-18459.84514,0.259548872,18459.58559,-369.1308104,465.0926512,-54.01028347,2
-18350.09042,0.244945466,18349.84548,-366.9360211,451.3370749,-38.55875698,2
-18214.25922,0.22999398,18214.02923,-364.2197956,436.9401238,-23.05243639,2
-18052.54456,0.21471566,18052.32985,-360.9859938,421.922257,-7.513357023,2
-17865.17625,0.199132217,17864.97712,-357.2392112,406.3048155,8.036399235,2
-17652.42054,0.183265796,17652.23728,-352.9847721,390.1099927,23.57473533,2
-17414.57978,0.167138944,17414.41264,-348.2287223,373.3608022,39.07957043,2
-17151.99195,0.150774579,17151.84117,-342.9778205,356.0810456,54.52887133,2
-16865.0302,0.134195955,16864.896,-337.2395284,338.2952783,69.90068372,2
-16554.10232,0.117426631,16553.98489,-331.0220005,320.028775,85.17316341,2
-16219.65015,0.100490438,16219.54966,-324.3340722,301.3074932,100.3246074,2
-15862.14897,0.083411442,15862.06556,-317.1852474,282.158037,115.3334846,2
-15482.10681,0.066213914,15482.0406,-309.5856851,262.6076188,130.1784666,2
-15080.06373,0.048922292,15080.01481,-301.5461845,242.6840208,144.8384579,2
-14656.59105,0.031561149,14656.55949,-293.0781704,222.4155555,159.2926258,2
-14212.29056,0.014155156,14212.2764,-284.1936761,201.8310256,173.5204302,2
-13747.79362,-0.003270952,13747.79689,-274.905327,180.9596827,187.5016525,2
-13263.76032,-0.020692413,13263.78101,-265.2263225,159.8311862,201.2164248,2
-12760.87849,-0.038084468,12760.91657,-255.1704168,138.4755608,214.6452575,2
-12239.86275,-0.055422403,12239.91817,-244.7519,116.9231541,227.7690675,2
-11701.45349,-0.072681579,11701.52618,-233.9855773,95.20459322,240.5692053,2
-11146.41583,-0.089837472,11146.50567,-222.8867484,73.35074138,253.027481,2
-10575.53851,-0.1068657,10575.64537,-211.4711851,51.39265412,265.1261908,2
-9989.632762,-0.123742066,9989.756504,-199.7551098,29.36153509,276.8481418,2
-9389.531201,-0.140442588,9389.671644,-187.7551715,7.288691708,288.1766765,2
-8776.086603,-0.156943533,8776.243547,-175.4884228,-14.7945093,299.0956963,2
-8150.170706,-0.173221454,8150.343928,-162.9722955,-36.85668651,309.5896848,2
-7512.67297,-0.189253216,7512.862224,-150.2245757,-58.86648834,319.6437294,2
-6864.499315,-0.20501604,6864.704331,-137.2633785,-80.79263767,329.2435427,2
-6206.570831,-0.220487525,6206.791319,-124.1071225,-102.6039762,338.375483,2
-5539.82247,-0.235645685,5540.058116,-110.7745035,-124.269509,347.0265732,2
-4865.201718,-0.250468979,4865.452187,-97.28446788,-145.7584479,355.1845196,2
-4183.667248,-0.264936343,4183.932185,-83.6561857,-167.0402561,362.8377294,2
-3496.187559,-0.279027219,3496.466586,-69.90902352,-188.084691,369.975327,2
-2803.739595,-0.292721581,2804.032317,-56.06251678,-208.8618472,376.5871693,2
-2107.307364,-0.30599997,2107.613364,-42.13634214,-229.3421993,382.6638607,2
-1407.880534,-0.318843516,1408.199377,-28.15028945,-249.4966436,388.1967658,2
-706.4530285,-0.331233968,706.7842624,-14.12423366,-269.2965395,393.178022,2
-4.02161468,-0.343153719,4.364768399,-0.078106558,-288.7137503,397.6005508,2
698.415514,-0.354585829,-698.0609282,13.96813154,-307.7206831,401.4580674,2
1399.860156,-0.365514054,-1399.494642,27.99452015,-326.2903279,404.7450902,2
2099.31552,-0.375922863,-2098.939597,41.98112702,-344.3962963,407.456948,2
2795.787642,-0.385797465,-2795.401845,55.90807641,-362.0128588,409.5897872,2
3488.286797,-0.395123828,-3487.891673,69.75557736,-379.1149811,411.1405769,2
4175.828905,-0.403888698,-4175.425017,83.50395183,-395.6783603,412.1071134,2
4857.436932,-0.41207962,-4857.024853,97.1336626,-411.679459,412.4880231,2
5532.142276,-0.419684955,-5531.722591,110.6253411,-427.0955386,412.2827647,2
6198.986142,-0.426693894,-6198.559448,123.959815,-441.904692,411.49163,2
6857.02091,-0.433096478,-6856.587813,137.1181352,-456.0858747,410.1157431,2
7505.311476,-0.438883608,-7504.872592,150.081603,-469.6189344,408.1570594,2
8142.936583,-0.44404706,-8142.492536,162.8317966,-482.48464,405.6183621,2
8768.990133,-0.448579498,-8768.541553,175.3505974,-494.6647084,402.5032589,2
9382.582467,-0.452474479,-9382.129993,187.6202153,-506.1418312,398.8161766,2
9982.841638,-0.455726469,-9982.385912,199.6232147,-516.8996988,394.5623547,2
10568.91465,-0.458330847,-10568.45631,211.3425386,-526.9230237,389.747838,2
11139.96865,-0.460283912,-11139.50836,222.7615331,-536.197562,384.3794684,2
11695.19214,-0.461582888,-11694.73056,233.8639713,-544.7101344,378.4648745,2
12233.79613,-0.46222593,-12233.3339,244.634076,-552.4486438,372.0124613,2
12755.01523,-0.462212123,-12754.55301,255.0565423,-559.4020934,365.0313981,2
13258.10874,-0.461541488,-13257.6472,265.1165593,-565.5606021,357.5316052,2
13742.36177,-0.460214977,-13741.90155,274.7998312,-570.9154182,349.5237404,2
14207.08614,-0.458234475,-14206.62791,284.0925974,-575.4589322,341.0191833,2
14651.62147,-0.455602797,-14651.16586,292.9816526,-579.1846876,332.0300192,2
15075.33604,-0.452323683,-15074.88371,301.4543648,-582.0873899,322.5690222,2
15477.62773,-0.448401791,-15477.17933,309.4986938,-584.1629142,312.6496371,2
15857.92487,-0.443842697,-15857.48103,317.1032083,-585.408311,302.2859597,2
16215.68703,-0.438652877,-16215.24838,324.2571017,-585.8218105,291.4927174,2
16550.40581,-0.432839708,-16549.97297,330.9502081,-585.4028252,280.285248,2
16861.60556,-0.42641145,-16861.17915,337.1730161,-584.1519505,268.679478,2
17148.84404,-0.419377238,-17148.42466,342.9166828,-582.0709639,256.6918997,2
17411.71308,-0.411747068,-17411.30133,348.1730461,-579.1628225,244.3395481,2
17649.83912,-0.403531782,-17649.43559,352.9346365,-575.4316591,231.6399767,2
17862.88377,-0.394743056,-17862.48903,357.1946874,-570.8827759,218.6112323,2
18050.54429,-0.385393379,-18050.1589,360.9471452,-565.522637,205.2718293,2
18212.554,-0.375496036,-18212.1785,364.1866773,-559.3588594,191.6407237,2
18348.68267,-0.365065093,-18348.31761,366.9086802,-552.4002024,177.7372863,2
18458.73686,-0.354115373,-18458.38275,369.1092858,-544.6565544,163.5812744,2
18542.56018,-0.342662435,-18542.21751,370.7853669,-536.1389196,149.1928046,2
18600.0335,-0.330722555,-18599.70277,371.9345417,-526.8594021,134.5923236,2
18631.07515,-0.318312701,-18630.75684,372.5551772,-516.8311886,119.8005796,2
18635.64103,-0.305450506,-18635.33558,372.6463914,-506.0685296,104.8385924,2
18613.72465,-0.29215425,-18613.43249,372.2080546,-494.5867196,89.72762388,2
18565.35714,-0.278442826,-18565.0787,371.2407899,-482.4020748,74.48914745,2
18490.60724,-0.26433572,-18490.34291,369.7459717,-469.5319102,59.14481787,2
18389.58118,-0.249852979,-18389.33133,367.7257242,-455.9945152,43.71644027,2
18262.42252,-0.235015183,-18262.1875,365.1829183,-441.8091269,28.22593921,2
18109.31196,-0.219843417,-18109.09211,362.1211676,-426.9959037,12.69532754,2
17930.46707,-0.204359242,-17930.26271,358.5448228,-411.575896,-2.853324876,2
17726.14201,-0.188584661,-17725.95342,354.4589663,-395.5710164,-18.39792256,2
17496.62713,-0.172542091,-17496.45459,349.8694041,-379.0040087,-33.9163758,2
17242.24858,-0.156254329,-17242.09233,344.7826584,-361.8984156,-49.386632,2
16963.36786,-0.139744521,-16963.22812,339.2059576,-344.2785451,-64.7867071,2
16660.38127,-0.123036129,-16660.25823,333.1472267,-326.1694359,-80.09471675,2
16333.71936,-0.106152896,-16333.6132,326.6150753,-307.5968221,-95.28890742,2
15983.84634,-0.089118813,-15983.75722,319.618786,-288.5870963,-110.3476873,2
15611.2594,-0.071958088,-15611.18744,312.1683009,-269.1672725,-125.2496572,2
15216.488,-0.054695106,-15216.43331,304.2742075,-249.3649473,-139.9736404,2
14800.09315,-0.0373544,-14800.05579,295.9477239,-229.2082609,-154.4987133,2
14362.66655,-0.019960611,-14362.64659,287.2006824,-208.725857,-168.8042352,2
13904.82982,-0.002538457,-13904.82728,278.045513,-187.9468422,-182.869877,2
13427.23356,0.014887304,-13427.24845,268.4952257,-166.9007446,-196.6756508,2
12930.55647,0.03229191,-12930.58877,258.5633919,-145.617472,-210.2019376,2
12415.50435,0.049650627,-12415.55401,248.2641255,-124.127269,-223.429516,2
11882.80913,0.066938788,-11882.87606,237.6120622,-102.4606743,-236.3395888,2
11333.22777,0.084131825,-11333.31191,226.6223391,-80.64847745,-248.9138102,2
10767.54129,0.101205306,-10767.64249,215.3105732,-58.72167466,-261.1343114,2
10186.55353,0.118134969,-10186.67167,203.6928393,-36.71142516,-272.9837264,2
9591.090129,0.134896756,-9591.225026,191.7856467,-14.64900672,-284.4452167,2
8981.997261,0.151466847,-8982.148728,179.6059162,7.434228764,-295.5024947,2
8360.140484,0.167821696,-8360.308306,167.1709558,29.5068998,-306.1398475,2
7726.40349,0.18393806,-7726.587428,154.4984364,51.53763992,-316.3421588,2
7081.686854,0.199793039,-7081.886647,141.6063662,73.49514223,-326.0949306,2
6426.906753,0.2153641,-6427.122117,128.5130657,95.34820393,-335.3843037,2
5762.993666,0.230629118,-5763.224296,115.237141,117.0657706,-344.1970774,2
5090.89105,0.245566399,-5091.136617,101.7974581,138.6169804,-352.5207281,2
4411.553999,0.260154716,-4411.814154,88.21311543,159.9712079,-360.3434276,2
3725.947889,0.27437334,-3726.222262,74.50341708,181.0981076,-367.6540594,2
3035.047002,0.288202064,-3035.335204,60.6878453,201.9676569,-374.4422346,2
2339.833148,0.301621237,-2340.134769,46.78603277,222.5501992,-380.698307,2
1641.294263,0.31461179,-1641.608874,32.81773472,242.8164854,-386.4133862,2
940.4230083,0.327155262,-940.7501636,18.80280088,262.7377161,-391.5793508,2
238.2153616,0.339233829,-238.5545954,4.761147227,282.2855822,-396.1888598,2
-464.3308023,0.350830325,463.9799719,-9.287272274,301.432305,-400.2353627,2
-1166.217127,0.361928273,1165.855198,-23.32249405,320.150676,-403.7131092,2
-1866.446193,0.372511901,1866.073681,-37.32457329,338.4140953,-406.6171574,2
-2564.022936,0.382566169,2563.64037,-51.27361227,356.1966097,-408.9433803,2
-3257.956063,0.39207679,3257.563987,-65.14978864,373.4729493,-410.6884723,2
-3947.259456,0.401030248,3946.858426,-78.9333836,390.2185633,-411.8499535,2
-4630.953578,0.40941382,4630.544164,-92.60480989,406.4096555,-412.4261733,2
-5308.066861,0.417215593,5307.649645,-106.1446397,422.0232172,-412.4163131,2
-5977.63709,0.424424479,5977.212666,-119.5336321,437.0370609,-411.8203866,2
-6638.712771,0.431030236,6638.28174,-132.7527608,451.429851,-410.6392409,2
-7290.354477,0.437023474,7289.917453,-145.7832405,465.1811346,-408.8745543,2
-7931.63619,0.442395678,7931.193794,-158.6065542,478.2713703,-406.5288347,2
-8561.646614,0.447139214,8561.199475,-171.2044793,490.6819562,-403.6054153,2
-9179.49047,0.451247341,9179.039223,-183.5591135,502.3952563,-400.1084505,2
-9784.289768,0.45471422,9783.835054,-195.6529002,513.3946252,-396.0429097,2
-10375.18505,0.457534926,10374.72752,-207.4686533,523.6644322,-391.4145703,2
-10951.33664,0.459705449,10950.87693,-218.9895822,533.1900834,-386.2300093,2
-11511.92577,0.461222706,11511.46455,-230.1993149,541.9580423,-380.4965944,2
-12056.15582,0.46208454,12055.69374,-241.0819218,549.9558492,-374.222473,2
-12583.25342,0.462289727,12582.79113,-251.621938,557.1721388,-367.416561,2
-13092.46953,0.461837975,13092.00769,-261.8043857,563.5966562,-360.0885299,2
-13583.08052,0.460729925,13582.61979,-271.6147951,569.220272,-352.2487934,2
-14054.38921,0.458967153,14053.93025,-281.039225,574.0349946,-343.908492,2
-14505.72585,0.456552164,14505.26929,-290.0642827,578.0339821,-335.0794779,2
-14936.44905,0.453488389,14935.99556,-298.6771433,581.2115516,-325.7742974,2
-15345.94674,0.449780183,15345.49696,-306.8655673,583.5631877,-316.0061739,2
-15733.63701,0.445432814,15733.19158,-314.6179185,585.0855487,-305.7889883,2
-16098.96891,0.440452461,16098.52846,-321.9231804,585.776471,-295.1372598,2
-16441.4233,0.4348462,16440.98845,-328.7709719,585.6349729,-284.0661251,2
-16760.51353,0.428622,16760.0849,-335.1515618,584.6612555,-272.591317,2
-17055.78615,0.421788704,17055.36436,-341.0558831,582.8567024,-260.7291416,2
-17326.82156,0.414356023,17326.4072,-346.4755452,580.2238781,-248.4964559,2
-17573.23461,0.40633452,17572.82828,-351.4028467,576.7665239,-235.9106431,2
-17794.67514,0.397735593,17794.2774,-355.8307855,572.4895529,-222.9895883,2
-17990.82845,0.388571462,17990.43988,-359.7530692,567.3990429,-209.7516532,2
-18161.41582,0.37885515,18161.03696,-363.1641242,561.5022278,-196.2156495,2
-18306.19482,0.368600464,18305.82622,-366.0591031,554.8074873,-182.4008126,2
-18424.95971,0.357821976,18424.60189,-368.4338919,547.3243351,-168.3267742,2
-18517.54173,0.346535004,18517.1952,-370.2851161,539.063405,-154.0135342,2
-18583.80931,0.334755587,18583.47456,-371.6101448,530.0364363,-139.4814326,2
-18623.66828,0.322500463,18623.34578,-372.4070952,520.2562569,-124.7511202,2
-18637.062,0.309787049,18636.75221,-372.6748347,509.7367648,-109.8435296,2
-18623.97143,0.296633411,18623.6748,-372.4129829,498.4929089,-94.77984539,2
-18584.41518,0.28305824,18584.13213,-371.6219118,486.5406673,-79.58147382,2
-18518.44946,0.269080828,18518.18038,-370.3027457,473.8970248,-64.27001262,2
-18426.16801,0.254721037,18425.91329,-368.4573592,460.5799486,-48.86722022,2
-18307.70197,0.239999274,18307.46197,-366.0883745,446.6083632,-33.39498482,2
-18163.21968,0.224936458,18162.99474,-363.1991582,432.0021228,-17.87529332,2
-17992.92646,0.209553996,17992.71691,-359.7938161,416.7819838,-2.330200056,2
-17797.06431,0.193873746,17796.87044,-355.8771873,400.9695748,13.21820455,2
-17575.91156,0.177917991,17575.73364,-351.4548375,384.5873661,28.74782537,2
-17329.78247,0.161709405,17329.62076,-346.5330511,367.6586377,44.23659395,2
-17059.02681,0.14527102,17058.88154,-341.1188224,350.2074462,59.66249992,2
-16764.02935,0.128626198,16763.90072,-335.2198451,332.2585908,75.0036222,2
-16445.20928,0.111798591,16445.09748,-328.844502,313.8375778,90.23816024,2
-16103.01967,0.094812111,16102.92486,-322.001853,294.9705844,105.3444649,2
-15737.94679,0.077690899,15737.86909,-314.7016217,275.6844217,120.3010693,2
-15350.50942,0.060459284,15350.44896,-306.9541821,256.0064963,135.0867194,2
-14941.25814,0.043141752,14941.215,-298.7705439,235.9647716,149.6804038,2
-14510.77451,0.025762914,14510.74875,-290.1623364,215.5877281,164.0613841,2
-14059.67028,0.008347466,14059.66193,-281.1417923,194.9043227,178.2092243,2
-13588.58649,-0.009079845,13588.59557,-271.7217303,173.9439475,192.1038194,2
-13098.19257,-0.026494253,13098.21907,-261.915537,152.7363885,205.7254244,2
-12589.18541,-0.043871011,12589.22928,-251.7371472,131.3117827,219.0546824,2
-12062.28832,-0.061185426,12062.34951,-241.2010253,109.7005757,232.0726517,2
-11518.25007,-0.078412893,11518.32848,-230.3221435,87.93347819,244.760833,2
-10957.84375,-0.095528932,10957.93927,-219.1159613,66.04142238,257.1011958,2
-10381.86573,-0.112509218,10381.97824,-207.5984033,44.05551808,269.0762037,2
-9791.134512,-0.129329622,9791.263842,-195.7858367,22.00700849,280.6688397,2
-9186.489558,-0.145966242,9186.635524,-183.6950476,-0.072774274,291.8626298,2
-8568.790099,-0.162395437,8568.952495,-171.3432179,-22.15245362,302.6416672,2
-7938.913921,-0.178593858,7939.092515,-158.7479,-44.20065311,312.9906342,2
-7297.756112,-0.194538487,7297.950651,-145.9269927,-66.18604106,322.8948244,2
-6646.227793,-0.210206667,6646.437999,-132.8987152,-88.07737502,332.3401634,2
-5985.254819,-0.225576132,5985.480395,-119.6815813,-109.8435462,341.3132288,2
-5315.776471,-0.24062504,5316.017097,-106.2943734,-131.4536237,349.8012695,2
-4638.744114,-0.255332008,4638.999446,-92.75611529,-152.8768984,357.7922234,2
-3955.119848,-0.269676134,3955.389524,-79.0860457,-174.0829267,365.274735,2
-3265.87514,-0.283637036,3266.158777,-65.3035905,-195.0415736,372.2381711,2
-2571.989445,-0.297194874,2572.28664,-51.42833534,-215.7230558,378.6726365,2
-1874.448812,-0.310330382,1874.759142,-37.47999769,-236.0979837,384.5689874,2
-1174.244484,-0.323024894,1174.567509,-23.47839892,-256.1374034,389.9188446,2
-472.3714915,-0.335260369,472.7067519,-9.443436056,-275.8128379,394.7146059,2
230.1727673,-0.347019421,-229.8257478,4.604946445,-295.0963272,398.9494561,2
932.3899379,-0.35828534,-932.0316526,18.64678507,-313.9604685,402.6173773,2
1633.282131,-0.369042116,-1632.913089,32.66212559,-332.3784548,405.7131572,2
2331.853342,-0.379274462,-2331.474067,46.63105144,-350.3241132,408.2323965,2
3027.110861,-0.388967839,-3026.721893,60.53371201,-367.7719418,410.1715152,2
3718.06669,-0.398108471,-3717.668581,74.35035087,-384.6971463,411.5277577,2
4403.738942,-0.406683369,-4403.332259,88.06133381,-401.0756752,412.2991968,2
5083.153241,-0.414680348,-5082.738561,101.6471768,-416.8842535,412.4847361,2
5755.344101,-0.422088043,-5754.922013,115.0885735,-432.1004166,412.0841121,2
6419.356302,-0.428895929,-6418.927406,128.3664232,-446.7025413,411.097894,2
7074.246246,-0.435094329,-7073.811152,141.4618571,-460.6698772,409.5274833,2
7719.083299,-0.440674437,-7718.642625,154.3562659,-473.982576,407.3751116,2
8352.951113,-0.445628322,-8352.505484,167.0313261,-486.6217197,404.6438376,2
8974.948926,-0.449948945,-8974.498977,179.4690256,-498.5693473,401.3375426,2
9584.192845,-0.453630166,-9583.739215,191.6516898,-509.8084805,397.460925,2
10179.8171,-0.456666754,-10179.36044,203.5620064,-520.323148,393.0194936,2
10760.97528,-0.459054393,-10760.51623,215.1830503,-530.0984079,388.0195601,2
11326.84153,-0.460789691,-11326.38074,226.4983073,-539.1203689,382.4682295,2
11876.61171,-0.461870182,-11876.14984,237.4916979,-547.3762103,376.3733906,2
12409.50458,-0.462294329,-12409.04228,248.1475997,-554.8542002,369.7437046,2
12924.76286,-0.462061531,-12924.3008,258.4508702,-561.5437119,362.5885925,2
13421.65435,-0.461172119,-13421.19318,268.3868679,-567.4352393,354.9182222,2
13899.47293,-0.459627355,-13899.01331,277.9414732,-572.5204102,346.7434936,2
14357.5396,-0.457429436,-14357.08218,287.1011084,-576.7919982,338.0760236,2
14795.20343,-0.454581485,-14794.74885,295.8527572,-580.2439333,328.9281291,2
15211.84245,-0.451087549,-15211.39137,304.1839831,-582.8713099,319.3128097,2
15606.86462,-0.446952592,-15606.41767,312.0829469,-584.6703945,309.2437293,2
15979.70858,-0.442182492,-15979.2664,319.5384237,-585.6386306,298.7351966,2
16329.8445,-0.436784025,-16329.40772,326.539819,-585.774642,287.8021449,2
16656.77482,-0.430764865,-16656.34405,333.0771833,-585.0782357,276.4601106,2
16960.03494,-0.424133565,-16959.61081,339.1412267,-583.5504011,264.7252114,2
17239.19393,-0.416899547,-17238.77703,344.7233319,-581.1933095,252.6141231,2
17493.85509,-0.409073092,-17493.44601,349.8155664,-578.0103105,240.1440564,2
17723.65651,-0.400665323,-17723.25585,354.4106937,-574.0059271,227.3327318,2
17928.27165,-0.391688185,-17927.87997,358.5021842,-569.1858499,214.1983549,2
18107.40974,-0.382154438,-18107.02759,362.0842233,-563.5569285,200.7595905,2
18260.81621,-0.372077628,-18260.44413,365.151721,-557.1271618,187.0355357,2
18388.27305,-0.361472075,-18387.91158,367.7003181,-549.905687,173.0456932,2
18489.59916,-0.350352851,-18489.24881,369.726393,-541.902766,158.8099433,2
18564.65053,-0.338735756,-18564.3118,371.2270664,-533.1297716,144.3485157,2
18613.32052,-0.326637299,-18612.99388,372.2002058,-523.5991707,129.681961,2
18635.53996,-0.314074673,-18635.22589,372.6444284,-513.3245066,114.8311212,2
18631.27728,-0.301065729,-18630.97622,372.5591028,-502.3203803,99.81710006,2
18600.53854,-0.287628955,-18600.25091,371.9443504,-490.6024293,84.66123334,2
18543.36741,-0.273783444,-18543.09362,370.8010447,-478.1873054,69.38505839,2
18459.84514,-0.259548872,-18459.58559,369.1308104,-465.0926512,54.01028347,2
18350.09042,-0.244945466,-18349.84548,366.9360211,-451.3370749,38.55875698,2
18214.25922,-0.22999398,-18214.02923,364.2197956,-436.9401238,23.05243639,2
18052.54456,-0.21471566,-18052.32985,360.9859938,-421.922257,7.513357023,2
17865.17625,-0.199132217,-17864.97712,357.2392112,-406.3048155,-8.036399235,2
17652.42054,-0.183265796,-17652.23728,352.9847721,-390.1099927,-23.57473533,2
17414.57978,-0.167138944,-17414.41264,348.2287223,-373.3608022,-39.07957043,2
17151.99195,-0.150774579,-17151.84117,342.9778205,-356.0810456,-54.52887133,2
16865.0302,-0.134195955,-16864.896,337.2395284,-338.2952783,-69.90068372,2
16554.10232,-0.117426631,-16553.98489,331.0220005,-320.028775,-85.17316341,2
16219.65015,-0.100490438,-16219.54966,324.3340722,-301.3074932,-100.3246074,2
15862.14897,-0.083411442,-15862.06556,317.1852474,-282.158037,-115.3334846,2
15482.10681,-0.066213914,-15482.0406,309.5856851,-262.6076188,-130.1784666,2
15080.06373,-0.048922292,-15080.01481,301.5461845,-242.6840208,-144.8384579,2
14656.59105,-0.031561149,-14656.55949,293.0781704,-222.4155555,-159.2926258,2
14212.29056,-0.014155156,-14212.2764,284.1936761,-201.8310256,-173.5204302,2
13747.79362,0.003270952,-13747.79689,274.905327,-180.9596827,-187.5016525,2
13263.76032,0.020692413,-13263.78101,265.2263225,-159.8311862,-201.2164248,2
12760.87849,0.038084468,-12760.91657,255.1704168,-138.4755608,-214.6452575,2
12239.86275,0.055422403,-12239.91817,244.7519,-116.9231541,-227.7690675,2
11701.45349,0.072681579,-11701.52618,233.9855773,-95.20459322,-240.5692053,2
11146.41583,0.089837472,-11146.50567,222.8867484,-73.35074138,-253.027481,2
10575.53851,0.1068657,-10575.64537,211.4711851,-51.39265412,-265.1261908,2
9989.632762,0.123742066,-9989.756504,199.7551098,-29.36153509,-276.8481418,2
9389.531201,0.140442588,-9389.671644,187.7551715,-7.288691708,-288.1766765,2
8776.086603,0.156943533,-8776.243547,175.4884228,14.7945093,-299.0956963,2
8150.170706,0.173221454,-8150.343928,162.9722955,36.85668651,-309.5896848,2
7512.67297,0.189253216,-7512.862224,150.2245757,58.86648834,-319.6437294,2
6864.499315,0.20501604,-6864.704331,137.2633785,80.79263767,-329.2435427,2
6206.570831,0.220487525,-6206.791319,124.1071225,102.6039762,-338.375483,2
5539.82247,0.235645685,-5540.058116,110.7745035,124.269509,-347.0265732,2
4865.201718,0.250468979,-4865.452187,97.28446788,145.7584479,-355.1845196,2
4183.667248,0.264936343,-4183.932185,83.6561857,167.0402561,-362.8377294,2
3496.187559,0.279027219,-3496.466586,69.90902352,188.084691,-369.975327,2
2803.739595,0.292721581,-2804.032317,56.06251678,208.8618472,-376.5871693,2
2107.307364,0.30599997,-2107.613364,42.13634214,229.3421993,-382.6638607,2
1407.880534,0.318843516,-1408.199377,28.15028945,249.4966436,-388.1967658,2
706.4530285,0.331233968,-706.7842624,14.12423366,269.2965395,-393.178022,2
4.02161468,0.343153719,-4.364768399,0.078106558,288.7137503,-397.6005508,2
-698.415514,0.354585829,698.0609282,-13.96813154,307.7206831,-401.4580674,2
-1399.860156,0.365514054,1399.494642,-27.99452015,326.2903279,-404.7450902,2
-2099.31552,0.375922863,2098.939597,-41.98112702,344.3962963,-407.456948,2
-2795.787642,0.385797465,2795.401845,-55.90807641,362.0128588,-409.5897872,2
-3488.286797,0.395123828,3487.891673,-69.75557736,379.1149811,-411.1405769,2
-4175.828905,0.403888698,4175.425017,-83.50395183,395.6783603,-412.1071134,2
-4857.436932,0.41207962,4857.024853,-97.1336626,411.679459,-412.4880231,2
-5532.142276,0.419684955,5531.722591,-110.6253411,427.0955386,-412.2827647,2
-6198.986142,0.426693894,6198.559448,-123.959815,441.904692,-411.49163,2
-6857.02091,0.433096478,6856.587813,-137.1181352,456.0858747,-410.1157431,2
-7505.311476,0.438883608,7504.872592,-150.081603,469.6189344,-408.1570594,2
-8142.936583,0.44404706,8142.492536,-162.8317966,482.48464,-405.6183621,2
-8768.990133,0.448579498,8768.541553,-175.3505974,494.6647084,-402.5032589,2
-9382.582467,0.452474479,9382.129993,-187.6202153,506.1418312,-398.8161766,2
-9982.841638,0.455726469,9982.385912,-199.6232147,516.8996988,-394.5623547,2
-10568.91465,0.458330847,10568.45631,-211.3425386,526.9230237,-389.747838,2
-11139.96865,0.460283912,11139.50836,-222.7615331,536.197562,-384.3794684,2
-11695.19214,0.461582888,11694.73056,-233.8639713,544.7101344,-378.4648745,2
-12233.79613,0.46222593,12233.3339,-244.634076,552.4486438,-372.0124613,2
-12755.01523,0.462212123,12754.55301,-255.0565423,559.4020934,-365.0313981,2
-13258.10874,0.461541488,13257.6472,-265.1165593,565.5606021,-357.5316052,2
-13742.36177,0.460214977,13741.90155,-274.7998312,570.9154182,-349.5237404,2
-14207.08614,0.458234475,14206.62791,-284.0925974,575.4589322,-341.0191833,2
-14651.62147,0.455602797,14651.16586,-292.9816526,579.1846876,-332.0300192,2
-15075.33604,0.452323683,15074.88371,-301.4543648,582.0873899,-322.5690222,2
-15477.62773,0.448401791,15477.17933,-309.4986938,584.1629142,-312.6496371,2
-15857.92487,0.443842697,15857.48103,-317.1032083,585.408311,-302.2859597,2
-16215.68703,0.438652877,16215.24838,-324.2571017,585.8218105,-291.4927174,2
-16550.40581,0.432839708,16549.97297,-330.9502081,585.4028252,-280.285248,2
-16861.60556,0.42641145,16861.17915,-337.1730161,584.1519505,-268.679478,2
-17148.84404,0.419377238,17148.42466,-342.9166828,582.0709639,-256.6918997,2
-17411.71308,0.411747068,17411.30133,-348.1730461,579.1628225,-244.3395481,2
-17649.83912,0.403531782,17649.43559,-352.9346365,575.4316591,-231.6399767,2
-17862.88377,0.394743056,17862.48903,-357.1946874,570.8827759,-218.6112323,2
-18050.54429,0.385393379,18050.1589,-360.9471452,565.522637,-205.2718293,2
-18212.554,0.375496036,18212.1785,-364.1866773,559.3588594,-191.6407237,2
-18348.68267,0.365065093,18348.31761,-366.9086802,552.4002024,-177.7372863,2
-18458.73686,0.354115373,18458.38275,-369.1092858,544.6565544,-163.5812744,2
-18542.56018,0.342662435,18542.21751,-370.7853669,536.1389196,-149.1928046,2
-18600.0335,0.330722555,18599.70277,-371.9345417,526.8594021,-134.5923236,2
-18631.07515,0.318312701,18630.75684,-372.5551772,516.8311886,-119.8005796,2
-18635.64103,0.305450506,18635.33558,-372.6463914,506.0685296,-104.8385924,2
-18613.72465,0.29215425,18613.43249,-372.2080546,494.5867196,-89.72762388,2
-18565.35714,0.278442826,18565.0787,-371.2407899,482.4020748,-74.48914745,2
-18490.60724,0.26433572,18490.34291,-369.7459717,469.5319102,-59.14481787,2
-18389.58118,0.249852979,18389.33133,-367.7257242,455.9945152,-43.71644027,2
-18262.42252,0.235015183,18262.1875,-365.1829183,441.8091269,-28.22593921,2
-18109.31196,0.219843417,18109.09211,-362.1211676,426.9959037,-12.69532754,2
-17930.46707,0.204359242,17930.26271,-358.5448228,411.575896,2.853324876,2
-17726.14201,0.188584661,17725.95342,-354.4589663,395.5710164,18.39792256,2
-17496.62713,0.172542091,17496.45459,-349.8694041,379.0040087,33.9163758,2
-17242.24858,0.156254329,17242.09233,-344.7826584,361.8984156,49.386632,2
-16963.36786,0.139744521,16963.22812,-339.2059576,344.2785451,64.7867071,2
-16660.38127,0.123036129,16660.25823,-333.1472267,326.1694359,80.09471675,2
-16333.71936,0.106152896,16333.6132,-326.6150753,307.5968221,95.28890742,2
-15983.84634,0.089118813,15983.75722,-319.618786,288.5870963,110.3476873,2
-15611.2594,0.071958088,15611.18744,-312.1683009,269.1672725,125.2496572,2
-15216.488,0.054695106,15216.43331,-304.2742075,249.3649473,139.9736404,2
-14800.09315,0.0373544,14800.05579,-295.9477239,229.2082609,154.4987133,2
-14362.66655,0.019960611,14362.64659,-287.2006824,208.725857,168.8042352,2
-13904.82982,0.002538457,13904.82728,-278.045513,187.9468422,182.869877,2
-13427.23356,-0.014887304,13427.24845,-268.4952257,166.9007446,196.6756508,2
-12930.55647,-0.03229191,12930.58877,-258.5633919,145.617472,210.2019376,2
-12415.50435,-0.049650627,12415.55401,-248.2641255,124.127269,223.429516,2
-11882.80913,-0.066938788,11882.87606,-237.6120622,102.4606743,236.3395888,2
-11333.22777,-0.084131825,11333.31191,-226.6223391,80.64847745,248.9138102,2
-10767.54129,-0.101205306,10767.64249,-215.3105732,58.72167466,261.1343114,2
-10186.55353,-0.118134969,10186.67167,-203.6928393,36.71142516,272.9837264,2
-9591.090129,-0.134896756,9591.225026,-191.7856467,14.64900672,284.4452167,2
-8981.997261,-0.151466847,8982.148728,-179.6059162,-7.434228764,295.5024947,2
-8360.140484,-0.167821696,8360.308306,-167.1709558,-29.5068998,306.1398475,2
-7726.40349,-0.18393806,7726.587428,-154.4984364,-51.53763992,316.3421588,2
-7081.686854,-0.199793039,7081.886647,-141.6063662,-73.49514223,326.0949306,2
-6426.906753,-0.2153641,6427.122117,-128.5130657,-95.34820393,335.3843037,2
-5762.993666,-0.230629118,5763.224296,-115.237141,-117.0657706,344.1970774,2
-5090.89105,-0.245566399,5091.136617,-101.7974581,-138.6169804,352.5207281,2
-4411.553999,-0.260154716,4411.814154,-88.21311543,-159.9712079,360.3434276,2
-3725.947889,-0.27437334,3726.222262,-74.50341708,-181.0981076,367.6540594,2
-3035.047002,-0.288202064,3035.335204,-60.6878453,-201.9676569,374.4422346,2
-2339.833148,-0.301621237,2340.134769,-46.78603277,-222.5501992,380.698307,2
-1641.294263,-0.31461179,1641.608874,-32.81773472,-242.8164854,386.4133862,2
-940.4230083,-0.327155262,940.7501636,-18.80280088,-262.7377161,391.5793508,2
-238.2153616,-0.339233829,238.5545954,-4.761147227,-282.2855822,396.1888598,2
464.3308023,-0.350830325,-463.9799719,9.287272274,-301.432305,400.2353627,2
1166.217127,-0.361928273,-1165.855198,23.32249405,-320.150676,403.7131092,2
1866.446193,-0.372511901,-1866.073681,37.32457329,-338.4140953,406.6171574,2
2564.022936,-0.382566169,-2563.64037,51.27361227,-356.1966097,408.9433803,2
3257.956063,-0.39207679,-3257.563987,65.14978864,-373.4729493,410.6884723,2
3947.259456,-0.401030248,-3946.858426,78.9333836,-390.2185633,411.8499535,2
4630.953578,-0.40941382,-4630.544164,92.60480989,-406.4096555,412.4261733,2
5308.066861,-0.417215593,-5307.649645,106.1446397,-422.0232172,412.4163131,2
5977.63709,-0.424424479,-5977.212666,119.5336321,-437.0370609,411.8203866,2
6638.712771,-0.431030236,-6638.28174,132.7527608,-451.429851,410.6392409,2
7290.354477,-0.437023474,-7289.917453,145.7832405,-465.1811346,408.8745543,2
7931.63619,-0.442395678,-7931.193794,158.6065542,-478.2713703,406.5288347,2
8561.646614,-0.447139214,-8561.199475,171.2044793,-490.6819562,403.6054153,2
9179.49047,-0.451247341,-9179.039223,183.5591135,-502.3952563,400.1084505,2
9784.289768,-0.45471422,-9783.835054,195.6529002,-513.3946252,396.0429097,2
10375.18505,-0.457534926,-10374.72752,207.4686533,-523.6644322,391.4145703,2
10951.33664,-0.459705449,-10950.87693,218.9895822,-533.1900834,386.2300093,2
11511.92577,-0.461222706,-11511.46455,230.1993149,-541.9580423,380.4965944,2
12056.15582,-0.46208454,-12055.69374,241.0819218,-549.9558492,374.222473,2
12583.25342,-0.462289727,-12582.79113,251.621938,-557.1721388,367.416561,2
13092.46953,-0.461837975,-13092.00769,261.8043857,-563.5966562,360.0885299,2
13583.08052,-0.460729925,-13582.61979,271.6147951,-569.220272,352.2487934,2
14054.38921,-0.458967153,-14053.93025,281.039225,-574.0349946,343.908492,2
14505.72585,-0.456552164,-14505.26929,290.0642827,-578.0339821,335.0794779,2
14936.44905,-0.453488389,-14935.99556,298.6771433,-581.2115516,325.7742974,2
15345.94674,-0.449780183,-15345.49696,306.8655673,-583.5631877,316.0061739,2
15733.63701,-0.445432814,-15733.19158,314.6179185,-585.0855487,305.7889883,2
16098.96891,-0.440452461,-16098.52846,321.9231804,-585.776471,295.1372598,2
16441.4233,-0.4348462,-16440.98845,328.7709719,-585.6349729,284.0661251,2
16760.51353,-0.428622,-16760.0849,335.1515618,-584.6612555,272.591317,2
17055.78615,-0.421788704,-17055.36436,341.0558831,-582.8567024,260.7291416,2
17326.82156,-0.414356023,-17326.4072,346.4755452,-580.2238781,248.4964559,2
17573.23461,-0.40633452,-17572.82828,351.4028467,-576.7665239,235.9106431,2
17794.67514,-0.397735593,-17794.2774,355.8307855,-572.4895529,222.9895883,2
17990.82845,-0.388571462,-17990.43988,359.7530692,-567.3990429,209.7516532,2
18161.41582,-0.37885515,-18161.03696,363.1641242,-561.5022278,196.2156495,2
18306.19482,-0.368600464,-18305.82622,366.0591031,-554.8074873,182.4008126,2
18424.95971,-0.357821976,-18424.60189,368.4338919,-547.3243351,168.3267742,2
18517.54173,-0.346535004,-18517.1952,370.2851161,-539.063405,154.0135342,2
18583.80931,-0.334755587,-18583.47456,371.6101448,-530.0364363,139.4814326,2
18623.66828,-0.322500463,-18623.34578,372.4070952,-520.2562569,124.7511202,2
18637.062,-0.309787049,-18636.75221,372.6748347,-509.7367648,109.8435296,2
18623.97143,-0.296633411,-18623.6748,372.4129829,-498.4929089,94.77984539,2
18584.41518,-0.28305824,-18584.13213,371.6219118,-486.5406673,79.58147382,2
18518.44946,-0.269080828,-18518.18038,370.3027457,-473.8970248,64.27001262,2
18426.16801,-0.254721037,-18425.91329,368.4573592,-460.5799486,48.86722022,2
18307.70197,-0.239999274,-18307.46197,366.0883745,-446.6083632,33.39498482,2
18163.21968,-0.224936458,-18162.99474,363.1991582,-432.0021228,17.87529332,2
17992.92646,-0.209553996,-17992.71691,359.7938161,-416.7819838,2.330200056,2
17797.06431,-0.193873746,-17796.87044,355.8771873,-400.9695748,-13.21820455,2
17575.91156,-0.177917991,-17575.73364,351.4548375,-384.5873661,-28.74782537,2
17329.78247,-0.161709405,-17329.62076,346.5330511,-367.6586377,-44.23659395,2
17059.02681,-0.14527102,-17058.88154,341.1188224,-350.2074462,-59.66249992,2
16764.02935,-0.128626198,-16763.90072,335.2198451,-332.2585908,-75.0036222,2
16445.20928,-0.111798591,-16445.09748,328.844502,-313.8375778,-90.23816024,2
16103.01967,-0.094812111,-16102.92486,322.001853,-294.9705844,-105.3444649,2
15737.94679,-0.077690899,-15737.86909,314.7016217,-275.6844217,-120.3010693,2
15350.50942,-0.060459284,-15350.44896,306.9541821,-256.0064963,-135.0867194,2
14941.25814,-0.043141752,-14941.215,298.7705439,-235.9647716,-149.6804038,2
14510.77451,-0.025762914,-14510.74875,290.1623364,-215.5877281,-164.0613841,2
14059.67028,-0.008347466,-14059.66193,281.1417923,-194.9043227,-178.2092243,2
13588.58649,0.009079845,-13588.59557,271.7217303,-173.9439475,-192.1038194,2
13098.19257,0.026494253,-13098.21907,261.915537,-152.7363885,-205.7254244,2
12589.18541,0.043871011,-12589.22928,251.7371472,-131.3117827,-219.0546824,2
12062.28832,0.061185426,-12062.34951,241.2010253,-109.7005757,-232.0726517,2
11518.25007,0.078412893,-11518.32848,230.3221435,-87.93347819,-244.760833,2
10957.84375,0.095528932,-10957.93927,219.1159613,-66.04142238,-257.1011958,2
10381.86573,0.112509218,-10381.97824,207.5984033,-44.05551808,-269.0762037,2
9791.134512,0.129329622,-9791.263842,195.7858367,-22.00700849,-280.6688397,2
9186.489558,0.145966242,-9186.635524,183.6950476,0.072774274,-291.8626298,2
8568.790099,0.162395437,-8568.952495,171.3432179,22.15245362,-302.6416672,2
7938.913921,0.178593858,-7939.092515,158.7479,44.20065311,-312.9906342,2
7297.756112,0.194538487,-7297.950651,145.9269927,66.18604106,-322.8948244,2
6646.227793,0.210206667,-6646.437999,132.8987152,88.07737502,-332.3401634,2
5985.254819,0.225576132,-5985.480395,119.6815813,109.8435462,-341.3132288,2
5315.776471,0.24062504,-5316.017097,106.2943734,131.4536237,-349.8012695,2
4638.744114,0.255332008,-4638.999446,92.75611529,152.8768984,-357.7922234,2
3955.119848,0.269676134,-3955.389524,79.0860457,174.0829267,-365.274735,2
3265.87514,0.283637036,-3266.158777,65.3035905,195.0415736,-372.2381711,2
2571.989445,0.297194874,-2572.28664,51.42833534,215.7230558,-378.6726365,2
1874.448812,0.310330382,-1874.759142,37.47999769,236.0979837,-384.5689874,2
1174.244484,0.323024894,-1174.567509,23.47839892,256.1374034,-389.9188446,2
472.3714915,0.335260369,-472.7067519,9.443436056,275.8128379,-394.7146059,2
-230.1727673,0.347019421,229.8257478,-4.604946445,295.0963272,-398.9494561,2
-932.3899379,0.35828534,932.0316526,-18.64678507,313.9604685,-402.6173773,2
-1633.282131,0.369042116,1632.913089,-32.66212559,332.3784548,-405.7131572,2
-2331.853342,0.379274462,2331.474067,-46.63105144,350.3241132,-408.2323965,2
-3027.110861,0.388967839,3026.721893,-60.53371201,367.7719418,-410.1715152,2
-3718.06669,0.398108471,3717.668581,-74.35035087,384.6971463,-411.5277577,2
-4403.738942,0.406683369,4403.332259,-88.06133381,401.0756752,-412.2991968,2
-5083.153241,0.414680348,5082.738561,-101.6471768,416.8842535,-412.4847361,2
-5755.344101,0.422088043,5754.922013,-115.0885735,432.1004166,-412.0841121,2
-6419.356302,0.428895929,6418.927406,-128.3664232,446.7025413,-411.097894,2
-7074.246246,0.435094329,7073.811152,-141.4618571,460.6698772,-409.5274833,2
-7719.083299,0.440674437,7718.642625,-154.3562659,473.982576,-407.3751116,2
-8352.951113,0.445628322,8352.505484,-167.0313261,486.6217197,-404.6438376,2
-8974.948926,0.449948945,8974.498977,-179.4690256,498.5693473,-401.3375426,2
-9584.192845,0.453630166,9583.739215,-191.6516898,509.8084805,-397.460925,2
-10179.8171,0.456666754,10179.36044,-203.5620064,520.323148,-393.0194936,2
-10760.97528,0.459054393,10760.51623,-215.1830503,530.0984079,-388.0195601,2
-11326.84153,0.460789691,11326.38074,-226.4983073,539.1203689,-382.4682295,2
-11876.61171,0.461870182,11876.14984,-237.4916979,547.3762103,-376.3733906,2
-12409.50458,0.462294329,12409.04228,-248.1475997,554.8542002,-369.7437046,2
-12924.76286,0.462061531,12924.3008,-258.4508702,561.5437119,-362.5885925,2
-13421.65435,0.461172119,13421.19318,-268.3868679,567.4352393,-354.9182222,2
-13899.47293,0.459627355,13899.01331,-277.9414732,572.5204102,-346.7434936,2
-14357.5396,0.457429436,14357.08218,-287.1011084,576.7919982,-338.0760236,2
-14795.20343,0.454581485,14794.74885,-295.8527572,580.2439333,-328.9281291,2
-15211.84245,0.451087549,15211.39137,-304.1839831,582.8713099,-319.3128097,2
-15606.86462,0.446952592,15606.41767,-312.0829469,584.6703945,-309.2437293,2
-15979.70858,0.442182492,15979.2664,-319.5384237,585.6386306,-298.7351966,2
-16329.8445,0.436784025,16329.40772,-326.539819,585.774642,-287.8021449,2
-16656.77482,0.430764865,16656.34405,-333.0771833,585.0782357,-276.4601106,2
-16960.03494,0.424133565,16959.61081,-339.1412267,583.5504011,-264.7252114,2
-17239.19393,0.416899547,17238.77703,-344.7233319,581.1933095,-252.6141231,2
-17493.85509,0.409073092,17493.44601,-349.8155664,578.0103105,-240.1440564,2
-17723.65651,0.400665323,17723.25585,-354.4106937,574.0059271,-227.3327318,2
-17928.27165,0.391688185,17927.87997,-358.5021842,569.1858499,-214.1983549,2
-18107.40974,0.382154438,18107.02759,-362.0842233,563.5569285,-200.7595905,2
-18260.81621,0.372077628,18260.44413,-365.151721,557.1271618,-187.0355357,2
-18388.27305,0.361472075,18387.91158,-367.7003181,549.905687,-173.0456932,2
-18489.59916,0.350352851,18489.24881,-369.726393,541.902766,-158.8099433,2
-18564.65053,0.338735756,18564.3118,-371.2270664,533.1297716,-144.3485157,2
-18613.32052,0.326637299,18612.99388,-372.2002058,523.5991707,-129.681961,2
-18635.53996,0.314074673,18635.22589,-372.6444284,513.3245066,-114.8311212,2
-18631.27728,0.301065729,18630.97622,-372.5591028,502.3203803,-99.81710006,2
-18600.53854,0.287628955,18600.25091,-371.9443504,490.6024293,-84.66123334,2
-18543.36741,0.273783444,18543.09362,-370.8010447,478.1873054,-69.38505839,2
-18459.84514,0.259548872,18459.58559,-369.1308104,465.0926512,-54.01028347,2
-18350.09042,0.244945466,18349.84548,-366.9360211,451.3370749,-38.55875698,2
-18214.25922,0.22999398,18214.02923,-364.2197956,436.9401238,-23.05243639,2
-18052.54456,0.21471566,18052.32985,-360.9859938,421.922257,-7.513357023,2
-17865.17625,0.199132217,17864.97712,-357.2392112,406.3048155,8.036399235,2
-17652.42054,0.183265796,17652.23728,-352.9847721,390.1099927,23.57473533,2
-17414.57978,0.167138944,17414.41264,-348.2287223,373.3608022,39.07957043,2
-17151.99195,0.150774579,17151.84117,-342.9778205,356.0810456,54.52887133,2
-16865.0302,0.134195955,16864.896,-337.2395284,338.2952783,69.90068372,2
-16554.10232,0.117426631,16553.98489,-331.0220005,320.028775,85.17316341,2
-16219.65015,0.100490438,16219.54966,-324.3340722,301.3074932,100.3246074,2
-15862.14897,0.083411442,15862.06556,-317.1852474,282.158037,115.3334846,2
-15482.10681,0.066213914,15482.0406,-309.5856851,262.6076188,130.1784666,2
-15080.06373,0.048922292,15080.01481,-301.5461845,242.6840208,144.8384579,2
-14656.59105,0.031561149,14656.55949,-293.0781704,222.4155555,159.2926258,2
-14212.29056,0.014155156,14212.2764,-284.1936761,201.8310256,173.5204302,2
-13747.79362,-0.003270952,13747.79689,-274.905327,180.9596827,187.5016525,2
-13263.76032,-0.020692413,13263.78101,-265.2263225,159.8311862,201.2164248,2
5382.435504,-5382.85355,0.418046053,-412.3790323,-107.6401042,423.7214355,2
6051.10153,-6051.526719,0.425188416,-411.7180244,-121.0111583,438.6673109,2
6711.168611,-6711.600337,0.431726562,-410.4719427,-134.2102489,452.9898161,2
7361.698753,-7362.136404,0.437651201,-408.642558,-147.2186194,466.668598,2
8001.767519,-8002.210473,0.442953914,-406.2324698,-160.0177842,479.6842182,2
8630.465335,-8630.912962,0.447627166,-403.245103,-172.589555,492.018181,2
9246.898788,-9247.350452,0.451664314,-399.6847028,-184.9160666,503.652959,2
9850.191891,-9850.646951,0.455059623,-395.5563289,-196.9798023,514.5720185,2
10439.48733,-10439.94514,0.457808267,-390.8658477,-208.7636189,524.7598431,2
11013.94769,-11014.4076,0.459906341,-385.6199248,-220.250771,534.2019552,2
11572.75663,-11573.21798,0.461350862,-379.8260149,-231.4249347,542.8849371,2
12115.12005,-12115.58219,0.462139779,-373.4923514,-242.270231,550.7964498,2
12640.26721,-12640.72949,0.46227197,-366.6279349,-252.7712479,557.9252507,2
13147.45187,-13147.91362,0.461747247,-359.24252,-262.9130631,564.2612092,2
13635.95328,-13636.41384,0.460566356,-351.3466018,-272.6812645,569.7953216,2
14105.07725,-14105.53598,0.458730975,-342.9514009,-282.0619708,574.5197237,2
14554.15714,-14554.61338,0.456243712,-334.0688472,-291.0418516,578.4277019,2
14982.55477,-14983.00788,0.453108102,-324.7115635,-299.6081461,581.5137026,2
15389.66137,-15390.1107,0.4493286,-314.8928468,-307.748681,583.7733406,2
15774.89842,-15775.34333,0.444910578,-304.6266502,-315.4518882,585.2034047,2
16137.71848,-16138.15834,0.439860314,-293.9275625,-322.7068209,585.8018627,2
16477.60595,-16478.04014,0.434184984,-282.8107876,-329.5031696,585.5678642,2
16794.07785,-16794.50574,0.427892653,-271.2921231,-335.8312763,584.5017418,2
17086.68444,-17087.10543,0.420992264,-259.3879376,-341.6821484,582.6050104,2
17355.00992,-17355.42342,0.413493621,-247.1151477,-347.0474714,579.8803654,2
17598.67298,-17599.07839,0.405407382,-234.4911937,-351.919621,576.3316786,2
17817.32737,-17817.72411,0.396745036,-221.5340148,-356.2916736,571.963993,2
18010.66235,-18011.04987,0.387518894,-208.262024,-360.1574162,566.7835153,2
18178.4032,-18178.78094,0.377742067,-194.6940814,-363.5113554,560.7976072,2
18320.31154,-18320.67897,0.367428447,-180.8494679,-366.348725,554.014775,2
18436.18572,-18436.54232,0.356592691,-166.7478574,-368.6654931,546.4446575,2
18525.86107,-18526.20632,0.345250198,-152.4092891,-370.4583674,538.0980123,2
18589.21016,-18589.54358,0.333417085,-137.8541388,-371.7248,528.9867003,2
18626.14296,-18626.46407,0.321110168,-123.1030903,-372.4629913,519.1236693,2
18636.607,-18636.91534,0.308346937,-108.1771055,-372.6718924,508.5229351,2
18620.58739,-18620.88254,0.295145527,-93.09739518,-372.3512063,497.199562,2
18578.10692,-18578.38844,0.281524699,-77.88538834,-371.5013888,485.1696411,2
18509.22593,-18509.49344,0.26750381,-62.5627021,-370.1236475,472.4502677,2
18414.04233,-18414.29543,0.253102782,-47.15111084,-368.2199402,459.0595165,2
18292.69136,-18292.9297,0.238342082,-31.67251526,-365.7929722,445.0164166,2
18145.34547,-18145.56872,0.223242685,-16.14891131,-362.8461924,430.3409241,2
17972.21406,-17972.42189,0.207826048,-0.602358876,-359.3837883,415.0538936,2
17773.54315,-17773.73526,0.192114078,14.94504955,-355.4106802,399.1770488,2
17549.61506,-17549.79119,0.176129104,30.47122023,-350.932514,382.7329515,2
17300.748,-17300.9079,0.159893841,45.95408965,-345.9556536,365.7449698,2
17027.29564,-17027.43907,0.14343136,61.37165579,-340.4871712,348.2372444,2
16729.64656,-16729.77333,0.126765055,76.70200945,-334.534838,330.2346549,2
16408.22374,-16408.33365,0.10991861,91.92336536,-328.1071124,311.7627839,2
16063.48393,-16063.57684,0.092915964,107.0140931,-321.2131286,292.8478809,2
15695.91703,-15695.99281,0.07578128,121.952748,-313.8626835,273.516825,2
15306.04537,-15306.10391,0.058538907,136.7181014,-306.0662223,253.7970868,2
14894.42299,-14894.4642,0.041213347,151.2891709,-297.8348242,233.716689,2
14461.63482,-14461.65865,0.02382922,165.6452501,-289.1801865,213.304167,2
14008.29587,-14008.30228,0.006411231,179.7659384,-280.114608,192.5885281,2
13535.05037,-13535.03935,-0.01101587,193.6311695,-270.6509713,171.5992104,2
13042.57082,-13042.54239,-0.028427316,207.2212401,-260.8027248,150.3660408,2
12531.55706,-12531.51126,-0.045798365,220.516838,-250.5838633,128.9191928,2
12002.73528,-12002.67217,-0.063104332,233.4990693,-240.0089084,107.2891436,2
11456.85695,-11456.77663,-0.080320624,246.1494857,-229.0928878,85.5066307,2
10894.6978,-10894.60038,-0.097422777,258.4501103,-217.8513136,63.60260817,2
10317.05669,-10316.9423,-0.114386486,270.3834631,-206.3001608,41.60820285,2
9724.754476,-9724.623289,-0.131187646,281.9325861,-194.4558441,19.55466999,2
9118.632855,-9118.485053,-0.147802381,293.0810676,-182.3351951,-2.526651121,2
8499.553158,-8499.388951,-0.164207081,303.8130648,-169.9554377,-24.60438172,2
7868.39513,-7868.214752,-0.180378434,314.113327,-157.3341644,-46.64714815,2
7226.055683,-7225.85939,-0.196293459,323.967217,-144.4893107,-68.62362643,2
6573.447615,-6573.235685,-0.21192954,333.3607319,-131.4391297,-90.50258678,2
5911.498318,-5911.271054,-0.227264458,342.2805229,-118.2021665,-112.252938,2
5241.148459,-5240.906183,-0.24227642,350.7139146,-104.7972316,-133.8437717,2
4563.350641,-4563.093697,-0.256944095,358.6489226,-91.2433741,-155.244406,2
3879.068052,-3878.796805,-0.271246638,366.0742709,-77.55985475,-176.4244295,2
3189.273095,-3188.987931,-0.285163724,372.9794075,-63.76611861,-197.3537443,2
2494.946006,-2494.647331,-0.298675578,379.3545201,-49.88176732,-218.0026086,2
1797.073463,-1796.7617,-0.311762997,385.1905491,-35.92653131,-238.3416793,2
1096.64718,-1096.322773,-0.324407383,390.4792013,-21.92024173,-258.3420534,2
394.6625013,-394.3259105,-0.336590769,395.2129611,-7.882802296,-277.9753093,2
-307.8830145,308.2313103,-0.348295841,399.3851017,6.165839036,-297.213547,2
-1009.991012,1010.350518,-0.359505966,402.9896942,20.20571837,-316.0294281,2
-1710.663756,1711.033961,-0.370205213,406.0216164,34.21688428,-334.3962141,2
-2408.905554,2409.285932,-0.380378378,408.4765596,48.17942612,-352.2878047,2
-3103.724165,3104.114176,-0.390011005,410.3510352,62.07350236,-369.6787751,2
-3794.132215,3794.531304,-0.399089405,411.6423796,75.87936876,-386.5444117,2
-4479.148594,4479.556195,-0.407600676,412.3487576,89.57740642,-402.8607476,2
-5157.799859,5158.215392,-0.415532725,412.4691655,103.1481497,-418.6045963,2
-5829.121608,5829.544482,-0.42287428,412.0034321,116.5723138,-433.7535849,2
-6492.159856,6492.589471,-0.429614906,410.9522193,129.8308222,-448.286186,2
-7145.97239,7146.408135,-0.435745027,409.3170209,142.904834,-462.1817479,2
-7789.630105,7790.071361,-0.44125593,407.1001606,155.7757702,-475.4205242,2
-8422.218331,8422.66447,-0.446139784,404.3047887,168.4253405,-487.9837019,2
-9042.838123,9043.288512,-0.450389649,400.9348776,180.8355691,-499.8534281,2
-9650.607547,9651.061547,-0.453999486,396.9952161,192.9888205,-511.0128353,2
-10244.66293,10245.11989,-0.456964164,392.4914027,204.8678243,-521.4460652,2
-10824.16009,10824.61937,-0.459279472,387.4298375,216.4556996,-531.1382917,2
-11388.27552,11388.73646,-0.460942118,381.8177133,227.7359796,-540.0757417,2
-11936.20759,11936.66954,-0.46194974,375.6630052,238.6926343,-548.2457145,2
-12467.17765,12467.63996,-0.462300907,368.9744595,249.3100936,-555.6366001,2
-12980.43118,12980.89317,-0.461995118,361.7615809,259.5732697,-562.2378957,2
-13475.2388,13475.69983,-0.461032809,354.0346192,269.467578,-568.0402205,2
-13950.89737,13951.35678,-0.459415348,345.804555,278.9789581,-573.0353291,2
-14406.73095,14407.1881,-0.457145032,337.0830836,288.0938938,-577.2161231,2
-14842.09178,14842.546,-0.454225088,327.8825987,296.7994324,-580.5766614,2
-15256.36118,15256.81184,-0.450659665,318.2161747,305.0832027,-583.1121685,2
-15648.95046,15649.39691,-0.44645383,308.0975481,312.9334331,-584.8190413,2
-16019.30173,16019.74334,-0.44161356,297.541098,320.3389679,-585.6948542,2
-16366.88869,16367.32483,-0.436145732,286.5618257,327.2892836,-585.7383627,2
-16691.2174,16691.64746,-0.430058118,275.1753334,333.7745033,-584.9495049,2
-16991.82698,16992.25034,-0.423359368,263.3978019,339.7854111,-583.3294019,2
-17268.29025,17268.70631,-0.416059001,251.2459677,345.3134653,-580.8803559,2
-17520.21433,17520.6225,-0.408167391,238.7370992,350.3508101,-577.6058471,2
-17747.24123,17747.64093,-0.399695753,225.8889723,354.8902873,-573.5105288,2
-17949.04833,17949.43898,-0.390656126,212.7198447,358.925446,-568.6002207,2
-18125.34884,18125.72991,-0.381061355,199.2484306,362.4505519,-562.8819005,2
-18275.89225,18276.26317,-0.370925074,185.4938736,365.4605958,-556.3636944,2
-18400.46461,18400.82487,-0.360261689,171.4757197,367.9513002,-549.054865,2
-18498.88891,18499.23799,-0.349086353,157.2138894,369.9191257,-540.9657986,2
-18571.02527,18571.36268,-0.337414945,142.7286495,371.3612758,-532.1079902,2
-18616.77118,18617.09645,-0.325264053,128.0405844,372.2757013,-522.4940272,2
-18636.06165,18636.3743,-0.312650942,113.1705666,372.6611026,-512.1375716,2
-18628.86926,18629.16885,-0.299593538,98.1397273,372.516932,-501.0533405,2
-18595.20422,18595.49033,-0.286110394,82.96942604,371.8433946,-489.2570852,2
-18535.11438,18535.3866,-0.272220672,67.68122069,370.6414473,-476.7655688,2
-18448.68513,18448.94307,-0.25794411,52.29683662,368.9127983,-463.5965424,2
-18336.03928,18336.28258,-0.243300995,36.83813589,366.659904,-449.76872,2
-18197.33692,18197.56524,-0.228312135,21.32708614,363.8859658,-435.3017517,2
-18032.77515,18032.98815,-0.212998832,5.785729445,360.5949259,-420.2161957,2
-17842.58782,17842.78521,-0.197382846,-9.763849092,356.7914608,-404.5334895,2
-17627.0452,17627.22668,-0.181486368,-25.29955267,352.4809755,-388.2759191,2
-17386.45358,17386.61891,-0.165331988,-40.79930419,347.6695955,-371.4665873,2
-17121.15486,17121.3038,-0.148942662,-56.24107767,342.3641579,-354.1293812,2
-16831.52604,16831.65838,-0.132341681,-71.6029295,336.5722021,-336.2889379,2
-16517.9787,16518.09425,-0.115552634,-86.86302965,330.3019589,-317.9706096,2
-16180.95841,16181.05701,-0.098599381,-101.9996927,323.5623384,-299.2004277,2
-15820.94409,15821.02559,-0.081506013,-116.9914086,316.3629182,-280.0050656,2
-15438.44734,15438.51164,-0.064296821,-131.8168733,308.713929,-260.4118009,2
-15034.01172,15034.05872,-0.046996259,-146.455019,300.6262403,-240.4484769,2
-14608.21194,14608.24157,-0.029628913,-160.8850441,292.1113454,-220.1434624,2
-14161.6531,14161.66532,-0.012219462,-175.0864427,283.1813442,-199.525612,2
-13694.96977,13694.96456,0.005207353,-189.039034,273.8489269,-178.6242248,2
-13208.82514,13208.80251,0.022626768,-202.7229904,264.1273552,-157.4690027,2
-12703.91004,12703.87003,0.040014029,-216.1188664,254.0304441,-136.0900087,2
-12180.942,12180.88465,0.057344428,-229.2076256,243.5725419,-114.5176232,2
-11640.66417,11640.58957,0.074593337,-241.9706683,232.7685097,-92.78250199,2
-11083.84431,11083.75258,0.091736246,-254.3898574,221.6337008,-70.91553174,2
-10511.27371,10511.16496,0.108748792,-266.4475446,210.1839382,-48.94778664,2
-9923.766018,9923.640411,0.1256068,-278.1265952,198.4354927,-26.91048405,2
-9322.156107,9322.013821,0.142286314,-289.4104127,186.4050596,-4.834940196,2
-8707.298903,8707.14014,0.158763631,-300.2829623,174.1097347,17.24747438,2
-8080.068151,8079.893135,0.175015336,-310.7287932,161.5669903,39.30537934,2
-7441.355179,7441.164161,0.191018335,-320.7330616,148.7946504,61.30742921,2
-6792.067635,6791.860885,0.206749887,-330.2815507,135.8108651,83.22235787,2
-6133.128191,6132.906003,0.222187636,-339.3606917,122.6340852,105.019023,2
-5465.473236,5465.235926,0.237309643,-347.9575826,109.2830355,126.6664504,2
-4790.051545,4789.79945,0.252094421,-356.0600067,95.77668868,148.1338778,2
-4107.822928,4107.556407,0.266520959,-363.65645,82.13423791,169.3907988,2
-3419.75687,3419.476301,0.280568756,-370.7361177,68.3750699,190.4070063,2
-2726.831151,2726.536933,0.29421785,-377.288949,54.51873718,211.152635,2
-2030.030455,2029.723006,0.307448844,-383.3056321,40.58493034,231.5982042,2
-1330.344975,1330.024732,0.320242936,-388.7776169,26.5934501,251.7146597,2
-628.7690016,628.4364196,0.332581945,-393.6971274,12.56417912,271.4734149,2
73.70048673,-74.04493507,0.344448338,-398.0571728,-1.482946259,290.8463916,2
776.0652426,-776.4210679,0.35582525,-401.8515572,-15.52796429,309.8060596,2
1477.327167,-1477.693864,0.366696515,-405.0748885,-29.55091623,328.3254762,2
2176.489729,-2176.866776,0.377046685,-407.7225862,-43.5318747,346.3783244,2
2872.55938,-2872.946241,0.38686105,-409.7908878,-57.45097199,363.93895,2
3564.546967,-3564.943093,0.396125665,-411.2768542,-71.28842831,380.9823984,2
4251.469138,-4251.873965,0.404827363,-412.1783736,-85.02457988,397.48445,2
4932.349738,-4932.762692,0.41295378,-412.494165,-98.63990686,413.4216545,2
5606.221199,-5606.641693,0.420493367,-412.2237796,-112.1150611,428.7713642,2
6272.125914,-6272.553349,0.42743541,-411.3676017,-125.4308938,443.5117663,2
6929.117594,-6929.551364,0.433770043,-409.9268479,-138.5684823,457.6219139,2
7576.262619,-7576.702107,0.439488266,-407.9035656,-151.5091573,471.0817557,2
8212.64136,-8213.085942,0.444581951,-405.3006301,-164.2345296,483.8721646,2
8837.349489,-8837.798533,0.449043862,-402.1217401,-176.7265156,495.9749647,2
9449.49926,-9449.952128,0.452867656,-398.3714132,-188.9673636,507.3729571,2
10048.22078,-10048.67682,0.456047901,-394.0549787,-200.9396786,518.0499449,2
10632.66322,-10633.1218,0.458580077,-389.1785705,-212.6264474,527.9907553,2
11201.99607,-11202.45653,0.460460585,-383.7491183,-224.0110623,537.181262,2
11755.41027,-11755.87195,0.461686754,-377.7743375,-235.0773452,545.6084047,2
12292.11938,-12292.58164,0.462256841,-371.2627188,-245.8095704,553.2602081,2
12811.36073,-12811.8229,0.462170035,-364.2235154,-256.1924867,560.1257984,2
13312.39643,-13312.85785,0.46142646,-356.6667305,-266.2113395,566.1954192,2
13794.51448,-13794.97451,0.460027174,-348.6031026,-275.8518914,571.4604454,2
14257.02978,-14257.48775,0.457974163,-340.0440907,-285.1004426,575.9133951,2
14699.28505,-14699.74032,0.455270346,-331.0018575,-293.9438506,579.5479403,2
15120.65184,-15121.10376,0.451919565,-321.4892525,-302.3695482,582.3589162,2
15520.53135,-15520.97928,0.447926581,-311.5197938,-310.3655622,584.3423281,2
15898.35534,-15898.79864,0.44329707,-301.1076483,-317.9205297,585.4953577,2
16253.5869,-16254.02493,0.438037609,-290.2676124,-325.0237148,585.8163663,2
16585.72122,-16586.15337,0.432155672,-279.0150904,-331.6650233,585.3048978,2
16894.28632,-16894.71198,0.425659619,-267.3660726,-337.8350178,583.961679,2
17178.84372,-17179.26227,0.41855868,-255.337113,-343.5249301,581.7886187,2
17438.98904,-17439.3999,0.410862946,-242.9453054,-348.7266748,578.788805,2
17674.3526,-17674.75518,0.402583354,-230.2082592,-353.4328597,574.9665007,2
17884.59994,-17884.99367,0.393731668,-217.1440745,-357.6367973,570.3271375,2
18069.43228,-18069.8166,0.384320469,-203.7713162,-361.3325134,564.8773083,2
18228.58698,-18228.96134,0.374363129,-190.1089877,-364.5147562,558.6247575,2
18361.83785,-18362.20172,0.363873798,-176.176504,-367.1790035,551.5783703,2
18468.99555,-18469.34842,0.352867383,-161.9936637,-369.3214695,543.7481601,2
18549.90779,-18550.24915,0.341359524,-147.5806216,-370.9391094,535.145254,2
18604.4596,-18604.78897,0.329366574,-132.9578594,-372.0296245,525.7818773,2
18632.57346,-18632.89036,0.316905577,-118.1461568,-372.5914652,515.6713357,2
18634.20941,-18634.5134,0.303994239,-103.166562,-372.623833,504.8279969,2
18609.36512,-18609.65577,0.290650909,-88.04036191,-372.126682,493.2672699,2
18558.07591,-18558.35281,0.276894548,-72.78905163,-371.1007186,481.0055831,2
18480.41466,-18480.67741,0.262744705,-57.43430413,-369.5474008,468.0603611,2
18376.49173,-18376.73996,0.248221487,-41.99793934,-367.4689359,454.4499997,2
18246.4548,-18246.68815,0.233345533,-26.50189318,-364.8682775,440.19384,2
18090.48866,-18090.7068,0.218137982,-10.96818638,-361.7491213,425.3121408,2
17908.81495,-17909.01757,0.202620445,4.581106813,-358.1158999,409.8260497,2
17701.69182,-17701.87864,0.186814973,20.12389,-353.9737761,393.7575734,2
17469.41363,-17469.58437,0.170744027,35.63807604,-349.3286363,377.129546,2
17212.31044,-17212.46487,0.154430445,51.10161843,-344.1870813,359.9655969,2
16930.74762,-16930.88552,0.137897408,66.49254262,-338.5564177,342.290117,2
16625.12528,-16625.24645,0.121168411,81.78897727,-332.4446468,324.1282241,2
16295.87773,-16295.98199,0.104267228,96.9691853,-325.860454,305.5057272,2
15943.47284,-15943.56006,0.087217875,112.0115948,-318.8131956,286.44909,2
15568.4114,-15568.48145,0.070044581,126.8948297,-311.3128862,266.985393,2
15171.2264,-15171.27917,0.05277175,141.5977401,-303.3701841,247.1422951,2
14752.48226,-14752.51768,0.035423927,156.0994324,-294.9963765,226.9479945,2
14312.77403,-14312.79206,0.018025764,170.3792989,-286.2033628,206.4311884,2
13852.72657,-13852.72717,0.000601986,184.417047,-277.0036385,185.6210323,2
13372.99363,-13372.9768,-0.016822647,198.1927284,-267.4102768,164.5470985,2
12874.25693,-12874.2227,-0.034223374,211.6867671,-257.4369106,143.2393343,2
12357.2252,-12357.17363,-0.051575469,224.8799874,-247.0977124,121.7280192,2
11822.63319,-11822.56433,-0.068854271,237.7536408,-236.4073748,100.0437218,2
11271.24056,-11271.15453,-0.086035228,250.2894334,-225.3810894,78.21725693,2
10703.83089,-10703.72779,-0.103093924,262.4695509,-214.0345251,56.27964101,2
10121.21048,-10121.09048,-0.120006118,274.2766849,-202.3838061,34.26204864,2
9524.207283,-9524.070535,-0.136747777,285.6940566,-190.4454886,12.19576802,2
8913.669665,-8913.51637,-0.15329511,296.7054415,-178.2365377,-9.887843451,2
8290.465235,-8290.29561,-0.169624602,307.2951918,-165.7743029,-31.95740375,2
7655.479599,-7655.293886,-0.185713048,317.4482587,-153.0764937,-53.98155084,2
7009.615109,-7009.413571,-0.201537585,327.1502143,-140.1611544,-75.92898719,2
6353.789571,-6353.572496,-0.217075727,336.3872715,-127.0466385,-97.76852429,2
5688.934952,-5688.702646,-0.232305393,345.1463041,-113.7515824,-119.469127,2
5015.996044,-5015.748839,-0.247204939,353.4148648,-100.294879,-140.9999575,2
4335.929131,-4335.667378,-0.261753194,361.1812037,-86.69565113,-162.3304193,2
3649.700626,-3649.424697,-0.275929483,368.4342843,-72.97322399,-183.4302008,2
2958.285697,-2957.995983,-0.289713662,375.1637996,-59.1470979,-204.2693179,2
2262.666881,-2262.363795,-0.303086141,381.3601867,-45.23692055,-224.8181571,2
1563.832693,-1563.516665,-0.316027918,387.01464,-31.26245906,-245.0475174,2
862.776212,-862.4476914,-0.328520603,392.1191244,-17.2435719,-264.9286518,2
160.4936792,-160.1531327,-0.340546442,396.6663861,-3.200180691,-284.4333081,2
-542.0169239,542.3690123,-0.352088345,400.6499631,10.84775815,-303.533769,2
-1243.757291,1244.120421,-0.363129912,404.0641946,24.88028174,-322.2028919,2
-1943.730212,1944.103867,-0.373655451,406.9042287,38.87744909,-340.4141469,2
-2640.940985,2641.324635,-0.383650006,409.1660297,52.81936945,-358.1416547,2
-3334.398836,3334.791936,-0.393099372,410.8463834,66.6862306,-375.3602236,2
-4023.118325,4023.520315,-0.401990123,411.9429019,80.45832697,-392.0453851,2
-4706.120742,4706.531051,-0.410309625,412.4540269,94.11608765,-408.1734287,2
-5382.435504,5382.85355,-0.418046053,412.3790323,107.6401042,-423.7214355,2
-6051.10153,6051.526719,-0.425188416,411.7180244,121.0111583,-438.6673109,2
-6711.168611,6711.600337,-0.431726562,410.4719427,134.2102489,-452.9898161,2
-7361.698753,7362.136404,-0.437651201,408.642558,147.2186194,-466.668598,2
-8001.767519,8002.210473,-0.442953914,406.2324698,160.0177842,-479.6842182,2
-8630.465335,8630.912962,-0.447627166,403.245103,172.589555,-492.018181,2
-9246.898788,9247.350452,-0.451664314,399.6847028,184.9160666,-503.652959,2
-9850.191891,9850.646951,-0.455059623,395.5563289,196.9798023,-514.5720185,2
-10439.48733,10439.94514,-0.457808267,390.8658477,208.7636189,-524.7598431,2
-11013.94769,11014.4076,-0.459906341,385.6199248,220.250771,-534.2019552,2
-11572.75663,11573.21798,-0.461350862,379.8260149,231.4249347,-542.8849371,2
-12115.12005,12115.58219,-0.462139779,373.4923514,242.270231,-550.7964498,2
-12640.26721,12640.72949,-0.46227197,366.6279349,252.7712479,-557.9252507,2
-13147.45187,13147.91362,-0.461747247,359.24252,262.9130631,-564.2612092,2
-13635.95328,13636.41384,-0.460566356,351.3466018,272.6812645,-569.7953216,2
-14105.07725,14105.53598,-0.458730975,342.9514009,282.0619708,-574.5197237,2
-14554.15714,14554.61338,-0.456243712,334.0688472,291.0418516,-578.4277019,2
-14982.55477,14983.00788,-0.453108102,324.7115635,299.6081461,-581.5137026,2
-15389.66137,15390.1107,-0.4493286,314.8928468,307.748681,-583.7733406,2
-15774.89842,15775.34333,-0.444910578,304.6266502,315.4518882,-585.2034047,2
-16137.71848,16138.15834,-0.439860314,293.9275625,322.7068209,-585.8018627,2
-16477.60595,16478.04014,-0.434184984,282.8107876,329.5031696,-585.5678642,2
-16794.07785,16794.50574,-0.427892653,271.2921231,335.8312763,-584.5017418,2
-17086.68444,17087.10543,-0.420992264,259.3879376,341.6821484,-582.6050104,2
-17355.00992,17355.42342,-0.413493621,247.1151477,347.0474714,-579.8803654,2
-17598.67298,17599.07839,-0.405407382,234.4911937,351.919621,-576.3316786,2
-17817.32737,17817.72411,-0.396745036,221.5340148,356.2916736,-571.963993,2
-18010.66235,18011.04987,-0.387518894,208.262024,360.1574162,-566.7835153,2
-18178.4032,18178.78094,-0.377742067,194.6940814,363.5113554,-560.7976072,2
-18320.31154,18320.67897,-0.367428447,180.8494679,366.348725,-554.014775,2
-18436.18572,18436.54232,-0.356592691,166.7478574,368.6654931,-546.4446575,2
-18525.86107,18526.20632,-0.345250198,152.4092891,370.4583674,-538.0980123,2
-18589.21016,18589.54358,-0.333417085,137.8541388,371.7248,-528.9867003,2
-18626.14296,18626.46407,-0.321110168,123.1030903,372.4629913,-519.1236693,2
-18636.607,18636.91534,-0.308346937,108.1771055,372.6718924,-508.5229351,2
-18620.58739,18620.88254,-0.295145527,93.09739518,372.3512063,-497.199562,2
-18578.10692,18578.38844,-0.281524699,77.88538834,371.5013888,-485.1696411,2
-18509.22593,18509.49344,-0.26750381,62.5627021,370.1236475,-472.4502677,2
-18414.04233,18414.29543,-0.253102782,47.15111084,368.2199402,-459.0595165,2
-18292.69136,18292.9297,-0.238342082,31.67251526,365.7929722,-445.0164166,2
-18145.34547,18145.56872,-0.223242685,16.14891131,362.8461924,-430.3409241,2
-17972.21406,17972.42189,-0.207826048,0.602358876,359.3837883,-415.0538936,2
-17773.54315,17773.73526,-0.192114078,-14.94504955,355.4106802,-399.1770488,2
-17549.61506,17549.79119,-0.176129104,-30.47122023,350.932514,-382.7329515,2
-17300.748,17300.9079,-0.159893841,-45.95408965,345.9556536,-365.7449698,2
-17027.29564,17027.43907,-0.14343136,-61.37165579,340.4871712,-348.2372444,2
-16729.64656,16729.77333,-0.126765055,-76.70200945,334.534838,-330.2346549,2
-16408.22374,16408.33365,-0.10991861,-91.92336536,328.1071124,-311.7627839,2
-16063.48393,16063.57684,-0.092915964,-107.0140931,321.2131286,-292.8478809,2
-15695.91703,15695.99281,-0.07578128,-121.952748,313.8626835,-273.516825,2
-15306.04537,15306.10391,-0.058538907,-136.7181014,306.0662223,-253.7970868,2
-14894.42299,14894.4642,-0.041213347,-151.2891709,297.8348242,-233.716689,2
-14461.63482,14461.65865,-0.02382922,-165.6452501,289.1801865,-213.304167,2
-14008.29587,14008.30228,-0.006411231,-179.7659384,280.114608,-192.5885281,2
-13535.05037,13535.03935,0.01101587,-193.6311695,270.6509713,-171.5992104,2
-13042.57082,13042.54239,0.028427316,-207.2212401,260.8027248,-150.3660408,2
-12531.55706,12531.51126,0.045798365,-220.516838,250.5838633,-128.9191928,2
-12002.73528,12002.67217,0.063104332,-233.4990693,240.0089084,-107.2891436,2
-11456.85695,11456.77663,0.080320624,-246.1494857,229.0928878,-85.5066307,2
-10894.6978,10894.60038,0.097422777,-258.4501103,217.8513136,-63.60260817,2
-10317.05669,10316.9423,0.114386486,-270.3834631,206.3001608,-41.60820285,2
-9724.754476,9724.623289,0.131187646,-281.9325861,194.4558441,-19.55466999,2
-9118.632855,9118.485053,0.147802381,-293.0810676,182.3351951,2.526651121,2
-8499.553158,8499.388951,0.164207081,-303.8130648,169.9554377,24.60438172,2
-7868.39513,7868.214752,0.180378434,-314.113327,157.3341644,46.64714815,2
-7226.055683,7225.85939,0.196293459,-323.967217,144.4893107,68.62362643,2
-6573.447615,6573.235685,0.21192954,-333.3607319,131.4391297,90.50258678,2
-5911.498318,5911.271054,0.227264458,-342.2805229,118.2021665,112.252938,2
-5241.148459,5240.906183,0.24227642,-350.7139146,104.7972316,133.8437717,2
-4563.350641,4563.093697,0.256944095,-358.6489226,91.2433741,155.244406,2
-3879.068052,3878.796805,0.271246638,-366.0742709,77.55985475,176.4244295,2
-3189.273095,3188.987931,0.285163724,-372.9794075,63.76611861,197.3537443,2
-2494.946006,2494.647331,0.298675578,-379.3545201,49.88176732,218.0026086,2
-1797.073463,1796.7617,0.311762997,-385.1905491,35.92653131,238.3416793,2
-1096.64718,1096.322773,0.324407383,-390.4792013,21.92024173,258.3420534,2
-394.6625013,394.3259105,0.336590769,-395.2129611,7.882802296,277.9753093,2
307.8830145,-308.2313103,0.348295841,-399.3851017,-6.165839036,297.213547,2
1009.991012,-1010.350518,0.359505966,-402.9896942,-20.20571837,316.0294281,2
1710.663756,-1711.033961,0.370205213,-406.0216164,-34.21688428,334.3962141,2
2408.905554,-2409.285932,0.380378378,-408.4765596,-48.17942612,352.2878047,2
3103.724165,-3104.114176,0.390011005,-410.3510352,-62.07350236,369.6787751,2
3794.132215,-3794.531304,0.399089405,-411.6423796,-75.87936876,386.5444117,2
4479.148594,-4479.556195,0.407600676,-412.3487576,-89.57740642,402.8607476,2
5157.799859,-5158.215392,0.415532725,-412.4691655,-103.1481497,418.6045963,2
5829.121608,-5829.544482,0.42287428,-412.0034321,-116.5723138,433.7535849,2
6492.159856,-6492.589471,0.429614906,-410.9522193,-129.8308222,448.286186,2
7145.97239,-7146.408135,0.435745027,-409.3170209,-142.904834,462.1817479,2
7789.630105,-7790.071361,0.44125593,-407.1001606,-155.7757702,475.4205242,2
8422.218331,-8422.66447,0.446139784,-404.3047887,-168.4253405,487.9837019,2
9042.838123,-9043.288512,0.450389649,-400.9348776,-180.8355691,499.8534281,2
9650.607547,-9651.061547,0.453999486,-396.9952161,-192.9888205,511.0128353,2
10244.66293,-10245.11989,0.456964164,-392.4914027,-204.8678243,521.4460652,2
10824.16009,-10824.61937,0.459279472,-387.4298375,-216.4556996,531.1382917,2
11388.27552,-11388.73646,0.460942118,-381.8177133,-227.7359796,540.0757417,2
11936.20759,-11936.66954,0.46194974,-375.6630052,-238.6926343,548.2457145,2
12467.17765,-12467.63996,0.462300907,-368.9744595,-249.3100936,555.6366001,2
12980.43118,-12980.89317,0.461995118,-361.7615809,-259.5732697,562.2378957,2
13475.2388,-13475.69983,0.461032809,-354.0346192,-269.467578,568.0402205,2
13950.89737,-13951.35678,0.459415348,-345.804555,-278.9789581,573.0353291,2
14406.73095,-14407.1881,0.457145032,-337.0830836,-288.0938938,577.2161231,2
14842.09178,-14842.546,0.454225088,-327.8825987,-296.7994324,580.5766614,2
15256.36118,-15256.81184,0.450659665,-318.2161747,-305.0832027,583.1121685,2
15648.95046,-15649.39691,0.44645383,-308.0975481,-312.9334331,584.8190413,2
16019.30173,-16019.74334,0.44161356,-297.541098,-320.3389679,585.6948542,2
16366.88869,-16367.32483,0.436145732,-286.5618257,-327.2892836,585.7383627,2
16691.2174,-16691.64746,0.430058118,-275.1753334,-333.7745033,584.9495049,2
16991.82698,-16992.25034,0.423359368,-263.3978019,-339.7854111,583.3294019,2
17268.29025,-17268.70631,0.416059001,-251.2459677,-345.3134653,580.8803559,2
17520.21433,-17520.6225,0.408167391,-238.7370992,-350.3508101,577.6058471,2
17747.24123,-17747.64093,0.399695753,-225.8889723,-354.8902873,573.5105288,2
17949.04833,-17949.43898,0.390656126,-212.7198447,-358.925446,568.6002207,2
18125.34884,-18125.72991,0.381061355,-199.2484306,-362.4505519,562.8819005,2
18275.89225,-18276.26317,0.370925074,-185.4938736,-365.4605958,556.3636944,2
18400.46461,-18400.82487,0.360261689,-171.4757197,-367.9513002,549.054865,2
18498.88891,-18499.23799,0.349086353,-157.2138894,-369.9191257,540.9657986,2
18571.02527,-18571.36268,0.337414945,-142.7286495,-371.3612758,532.1079902,2
18616.77118,-18617.09645,0.325264053,-128.0405844,-372.2757013,522.4940272,2
18636.06165,-18636.3743,0.312650942,-113.1705666,-372.6611026,512.1375716,2
18628.86926,-18629.16885,0.299593538,-98.1397273,-372.516932,501.0533405,2
18595.20422,-18595.49033,0.286110394,-82.96942604,-371.8433946,489.2570852,2
18535.11438,-18535.3866,0.272220672,-67.68122069,-370.6414473,476.7655688,2
18448.68513,-18448.94307,0.25794411,-52.29683662,-368.9127983,463.5965424,2
18336.03928,-18336.28258,0.243300995,-36.83813589,-366.659904,449.76872,2
18197.33692,-18197.56524,0.228312135,-21.32708614,-363.8859658,435.3017517,2
18032.77515,-18032.98815,0.212998832,-5.785729445,-360.5949259,420.2161957,2
17842.58782,-17842.78521,0.197382846,9.763849092,-356.7914608,404.5334895,2
17627.0452,-17627.22668,0.181486368,25.29955267,-352.4809755,388.2759191,2
17386.45358,-17386.61891,0.165331988,40.79930419,-347.6695955,371.4665873,2
17121.15486,-17121.3038,0.148942662,56.24107767,-342.3641579,354.1293812,2
16831.52604,-16831.65838,0.132341681,71.6029295,-336.5722021,336.2889379,2
16517.9787,-16518.09425,0.115552634,86.86302965,-330.3019589,317.9706096,2
16180.95841,-16181.05701,0.098599381,101.9996927,-323.5623384,299.2004277,2
15820.94409,-15821.02559,0.081506013,116.9914086,-316.3629182,280.0050656,2
15438.44734,-15438.51164,0.064296821,131.8168733,-308.713929,260.4118009,2
15034.01172,-15034.05872,0.046996259,146.455019,-300.6262403,240.4484769,2
14608.21194,-14608.24157,0.029628913,160.8850441,-292.1113454,220.1434624,2
14161.6531,-14161.66532,0.012219462,175.0864427,-283.1813442,199.525612,2
13694.96977,-13694.96456,-0.005207353,189.039034,-273.8489269,178.6242248,2
13208.82514,-13208.80251,-0.022626768,202.7229904,-264.1273552,157.4690027,2
12703.91004,-12703.87003,-0.040014029,216.1188664,-254.0304441,136.0900087,2
12180.942,-12180.88465,-0.057344428,229.2076256,-243.5725419,114.5176232,2
11640.66417,-11640.58957,-0.074593337,241.9706683,-232.7685097,92.78250199,2
11083.84431,-11083.75258,-0.091736246,254.3898574,-221.6337008,70.91553174,2
10511.27371,-10511.16496,-0.108748792,266.4475446,-210.1839382,48.94778664,2
9923.766018,-9923.640411,-0.1256068,278.1265952,-198.4354927,26.91048405,2
9322.156107,-9322.013821,-0.142286314,289.4104127,-186.4050596,4.834940196,2
8707.298903,-8707.14014,-0.158763631,300.2829623,-174.1097347,-17.24747438,2
8080.068151,-8079.893135,-0.175015336,310.7287932,-161.5669903,-39.30537934,2
7441.355179,-7441.164161,-0.191018335,320.7330616,-148.7946504,-61.30742921,2
6792.067635,-6791.860885,-0.206749887,330.2815507,-135.8108651,-83.22235787,2
6133.128191,-6132.906003,-0.222187636,339.3606917,-122.6340852,-105.019023,2
5465.473236,-5465.235926,-0.237309643,347.9575826,-109.2830355,-126.6664504,2
4790.051545,-4789.79945,-0.252094421,356.0600067,-95.77668868,-148.1338778,2
4107.822928,-4107.556407,-0.266520959,363.65645,-82.13423791,-169.3907988,2
3419.75687,-3419.476301,-0.280568756,370.7361177,-68.3750699,-190.4070063,2
2726.831151,-2726.536933,-0.29421785,377.288949,-54.51873718,-211.152635,2
2030.030455,-2029.723006,-0.307448844,383.3056321,-40.58493034,-231.5982042,2
1330.344975,-1330.024732,-0.320242936,388.7776169,-26.5934501,-251.7146597,2
628.7690016,-628.4364196,-0.332581945,393.6971274,-12.56417912,-271.4734149,2
-73.70048673,74.04493507,-0.344448338,398.0571728,1.482946259,-290.8463916,2
-776.0652426,776.4210679,-0.35582525,401.8515572,15.52796429,-309.8060596,2
-1477.327167,1477.693864,-0.366696515,405.0748885,29.55091623,-328.3254762,2
-2176.489729,2176.866776,-0.377046685,407.7225862,43.5318747,-346.3783244,2
-2872.55938,2872.946241,-0.38686105,409.7908878,57.45097199,-363.93895,2
-3564.546967,3564.943093,-0.396125665,411.2768542,71.28842831,-380.9823984,2
-4251.469138,4251.873965,-0.404827363,412.1783736,85.02457988,-397.48445,2
-4932.349738,4932.762692,-0.41295378,412.494165,98.63990686,-413.4216545,2
-5606.221199,5606.641693,-0.420493367,412.2237796,112.1150611,-428.7713642,2
-6272.125914,6272.553349,-0.42743541,411.3676017,125.4308938,-443.5117663,2
-6929.117594,6929.551364,-0.433770043,409.9268479,138.5684823,-457.6219139,2
-7576.262619,7576.702107,-0.439488266,407.9035656,151.5091573,-471.0817557,2
-8212.64136,8213.085942,-0.444581951,405.3006301,164.2345296,-483.8721646,2
-8837.349489,8837.798533,-0.449043862,402.1217401,176.7265156,-495.9749647,2
-9449.49926,9449.952128,-0.452867656,398.3714132,188.9673636,-507.3729571,2
-10048.22078,10048.67682,-0.456047901,394.0549787,200.9396786,-518.0499449,2
-10632.66322,10633.1218,-0.458580077,389.1785705,212.6264474,-527.9907553,2
-11201.99607,11202.45653,-0.460460585,383.7491183,224.0110623,-537.181262,2
-11755.41027,11755.87195,-0.461686754,377.7743375,235.0773452,-545.6084047,2
-12292.11938,12292.58164,-0.462256841,371.2627188,245.8095704,-553.2602081,2
-12811.36073,12811.8229,-0.462170035,364.2235154,256.1924867,-560.1257984,2
-13312.39643,13312.85785,-0.46142646,356.6667305,266.2113395,-566.1954192,2
-13794.51448,13794.97451,-0.460027174,348.6031026,275.8518914,-571.4604454,2
-14257.02978,14257.48775,-0.457974163,340.0440907,285.1004426,-575.9133951,2
-14699.28505,14699.74032,-0.455270346,331.0018575,293.9438506,-579.5479403,2
-15120.65184,15121.10376,-0.451919565,321.4892525,302.3695482,-582.3589162,2
-15520.53135,15520.97928,-0.447926581,311.5197938,310.3655622,-584.3423281,2
-15898.35534,15898.79864,-0.44329707,301.1076483,317.9205297,-585.4953577,2
-16253.5869,16254.02493,-0.438037609,290.2676124,325.0237148,-585.8163663,2
-16585.72122,16586.15337,-0.432155672,279.0150904,331.6650233,-585.3048978,2
-16894.28632,16894.71198,-0.425659619,267.3660726,337.8350178,-583.961679,2
-17178.84372,17179.26227,-0.41855868,255.337113,343.5249301,-581.7886187,2
-17438.98904,17439.3999,-0.410862946,242.9453054,348.7266748,-578.788805,2
-17674.3526,17674.75518,-0.402583354,230.2082592,353.4328597,-574.9665007,2
-17884.59994,17884.99367,-0.393731668,217.1440745,357.6367973,-570.3271375,2
-18069.43228,18069.8166,-0.384320469,203.7713162,361.3325134,-564.8773083,2
-18228.58698,18228.96134,-0.374363129,190.1089877,364.5147562,-558.6247575,2
-18361.83785,18362.20172,-0.363873798,176.176504,367.1790035,-551.5783703,2
-18468.99555,18469.34842,-0.352867383,161.9936637,369.3214695,-543.7481601,2
-18549.90779,18550.24915,-0.341359524,147.5806216,370.9391094,-535.145254,2
-18604.4596,18604.78897,-0.329366574,132.9578594,372.0296245,-525.7818773,2
-18632.57346,18632.89036,-0.316905577,118.1461568,372.5914652,-515.6713357,2
-18634.20941,18634.5134,-0.303994239,103.166562,372.623833,-504.8279969,2
-18609.36512,18609.65577,-0.290650909,88.04036191,372.126682,-493.2672699,2
-18558.07591,18558.35281,-0.276894548,72.78905163,371.1007186,-481.0055831,2
-18480.41466,18480.67741,-0.262744705,57.43430413,369.5474008,-468.0603611,2
-18376.49173,18376.73996,-0.248221487,41.99793934,367.4689359,-454.4499997,2
-18246.4548,18246.68815,-0.233345533,26.50189318,364.8682775,-440.19384,2
-18090.48866,18090.7068,-0.218137982,10.96818638,361.7491213,-425.3121408,2
-17908.81495,17909.01757,-0.202620445,-4.581106813,358.1158999,-409.8260497,2
-17701.69182,17701.87864,-0.186814973,-20.12389,353.9737761,-393.7575734,2
-17469.41363,17469.58437,-0.170744027,-35.63807604,349.3286363,-377.129546,2
-17212.31044,17212.46487,-0.154430445,-51.10161843,344.1870813,-359.9655969,2
-16930.74762,16930.88552,-0.137897408,-66.49254262,338.5564177,-342.290117,2
-16625.12528,16625.24645,-0.121168411,-81.78897727,332.4446468,-324.1282241,2
-16295.87773,16295.98199,-0.104267228,-96.9691853,325.860454,-305.5057272,2
-15943.47284,15943.56006,-0.087217875,-112.0115948,318.8131956,-286.44909,2
-15568.4114,15568.48145,-0.070044581,-126.8948297,311.3128862,-266.985393,2
-15171.2264,15171.27917,-0.05277175,-141.5977401,303.3701841,-247.1422951,2
-14752.48226,14752.51768,-0.035423927,-156.0994324,294.9963765,-226.9479945,2
-14312.77403,14312.79206,-0.018025764,-170.3792989,286.2033628,-206.4311884,2
-13852.72657,13852.72717,-0.000601986,-184.417047,277.0036385,-185.6210323,2
-13372.99363,13372.9768,0.016822647,-198.1927284,267.4102768,-164.5470985,2
-12874.25693,12874.2227,0.034223374,-211.6867671,257.4369106,-143.2393343,2
-12357.2252,12357.17363,0.051575469,-224.8799874,247.0977124,-121.7280192,2
-11822.63319,11822.56433,0.068854271,-237.7536408,236.4073748,-100.0437218,2
-11271.24056,11271.15453,0.086035228,-250.2894334,225.3810894,-78.21725693,2
-10703.83089,10703.72779,0.103093924,-262.4695509,214.0345251,-56.27964101,2
-10121.21048,10121.09048,0.120006118,-274.2766849,202.3838061,-34.26204864,2
-9524.207283,9524.070535,0.136747777,-285.6940566,190.4454886,-12.19576802,2
-8913.669665,8913.51637,0.15329511,-296.7054415,178.2365377,9.887843451,2
-8290.465235,8290.29561,0.169624602,-307.2951918,165.7743029,31.95740375,2
-7655.479599,7655.293886,0.185713048,-317.4482587,153.0764937,53.98155084,2
-7009.615109,7009.413571,0.201537585,-327.1502143,140.1611544,75.92898719,2
-6353.789571,6353.572496,0.217075727,-336.3872715,127.0466385,97.76852429,2
-5688.934952,5688.702646,0.232305393,-345.1463041,113.7515824,119.469127,2
-5015.996044,5015.748839,0.247204939,-353.4148648,100.294879,140.9999575,2
-4335.929131,4335.667378,0.261753194,-361.1812037,86.69565113,162.3304193,2
-3649.700626,3649.424697,0.275929483,-368.4342843,72.97322399,183.4302008,2
-2958.285697,2957.995983,0.289713662,-375.1637996,59.1470979,204.2693179,2
-2262.666881,2262.363795,0.303086141,-381.3601867,45.23692055,224.8181571,2
-1563.832693,1563.516665,0.316027918,-387.01464,31.26245906,245.0475174,2
-862.776212,862.4476914,0.328520603,-392.1191244,17.2435719,264.9286518,2
-160.4936792,160.1531327,0.340546442,-396.6663861,3.200180691,284.4333081,2
542.0169239,-542.3690123,0.352088345,-400.6499631,-10.84775815,303.533769,2
1243.757291,-1244.120421,0.363129912,-404.0641946,-24.88028174,322.2028919,2
1943.730212,-1944.103867,0.373655451,-406.9042287,-38.87744909,340.4141469,2
2640.940985,-2641.324635,0.383650006,-409.1660297,-52.81936945,358.1416547,2
3334.398836,-3334.791936,0.393099372,-410.8463834,-66.6862306,375.3602236,2
4023.118325,-4023.520315,0.401990123,-411.9429019,-80.45832697,392.0453851,2
4706.120742,-4706.531051,0.410309625,-412.4540269,-94.11608765,408.1734287,2
5382.435504,-5382.85355,0.418046053,-412.3790323,-107.6401042,423.7214355,2
6051.10153,-6051.526719,0.425188416,-411.7180244,-121.0111583,438.6673109,2
6711.168611,-6711.600337,0.431726562,-410.4719427,-134.2102489,452.9898161,2
7361.698753,-7362.136404,0.437651201,-408.642558,-147.2186194,466.668598,2
8001.767519,-8002.210473,0.442953914,-406.2324698,-160.0177842,479.6842182,2
8630.465335,-8630.912962,0.447627166,-403.245103,-172.589555,492.018181,2
9246.898788,-9247.350452,0.451664314,-399.6847028,-184.9160666,503.652959,2
9850.191891,-9850.646951,0.455059623,-395.5563289,-196.9798023,514.5720185,2
10439.48733,-10439.94514,0.457808267,-390.8658477,-208.7636189,524.7598431,2
11013.94769,-11014.4076,0.459906341,-385.6199248,-220.250771,534.2019552,2
11572.75663,-11573.21798,0.461350862,-379.8260149,-231.4249347,542.8849371,2
12115.12005,-12115.58219,0.462139779,-373.4923514,-242.270231,550.7964498,2
12640.26721,-12640.72949,0.46227197,-366.6279349,-252.7712479,557.9252507,2
13147.45187,-13147.91362,0.461747247,-359.24252,-262.9130631,564.2612092,2
13635.95328,-13636.41384,0.460566356,-351.3466018,-272.6812645,569.7953216,2
14105.07725,-14105.53598,0.458730975,-342.9514009,-282.0619708,574.5197237,2
14554.15714,-14554.61338,0.456243712,-334.0688472,-291.0418516,578.4277019,2
14982.55477,-14983.00788,0.453108102,-324.7115635,-299.6081461,581.5137026,2
15389.66137,-15390.1107,0.4493286,-314.8928468,-307.748681,583.7733406,2
15774.89842,-15775.34333,0.444910578,-304.6266502,-315.4518882,585.2034047,2
16137.71848,-16138.15834,0.439860314,-293.9275625,-322.7068209,585.8018627,2
16477.60595,-16478.04014,0.434184984,-282.8107876,-329.5031696,585.5678642,2
16794.07785,-16794.50574,0.427892653,-271.2921231,-335.8312763,584.5017418,2
17086.68444,-17087.10543,0.420992264,-259.3879376,-341.6821484,582.6050104,2
17355.00992,-17355.42342,0.413493621,-247.1151477,-347.0474714,579.8803654,2
17598.67298,-17599.07839,0.405407382,-234.4911937,-351.919621,576.3316786,2
17817.32737,-17817.72411,0.396745036,-221.5340148,-356.2916736,571.963993,2
18010.66235,-18011.04987,0.387518894,-208.262024,-360.1574162,566.7835153,2
18178.4032,-18178.78094,0.377742067,-194.6940814,-363.5113554,560.7976072,2
18320.31154,-18320.67897,0.367428447,-180.8494679,-366.348725,554.014775,2
18436.18572,-18436.54232,0.356592691,-166.7478574,-368.6654931,546.4446575,2
18525.86107,-18526.20632,0.345250198,-152.4092891,-370.4583674,538.0980123,2
18589.21016,-18589.54358,0.333417085,-137.8541388,-371.7248,528.9867003,2
18626.14296,-18626.46407,0.321110168,-123.1030903,-372.4629913,519.1236693,2
18636.607,-18636.91534,0.308346937,-108.1771055,-372.6718924,508.5229351,2
18620.58739,-18620.88254,0.295145527,-93.09739518,-372.3512063,497.199562,2
18578.10692,-18578.38844,0.281524699,-77.88538834,-371.5013888,485.1696411,2
18509.22593,-18509.49344,0.26750381,-62.5627021,-370.1236475,472.4502677,2
18414.04233,-18414.29543,0.253102782,-47.15111084,-368.2199402,459.0595165,2
18292.69136,-18292.9297,0.238342082,-31.67251526,-365.7929722,445.0164166,2
18145.34547,-18145.56872,0.223242685,-16.14891131,-362.8461924,430.3409241,2
17972.21406,-17972.42189,0.207826048,-0.602358876,-359.3837883,415.0538936,2
17773.54315,-17773.73526,0.192114078,14.94504955,-355.4106802,399.1770488,2
17549.61506,-17549.79119,0.176129104,30.47122023,-350.932514,382.7329515,2
17300.748,-17300.9079,0.159893841,45.95408965,-345.9556536,365.7449698,2
17027.29564,-17027.43907,0.14343136,61.37165579,-340.4871712,348.2372444,2
16729.64656,-16729.77333,0.126765055,76.70200945,-334.534838,330.2346549,2
16408.22374,-16408.33365,0.10991861,91.92336536,-328.1071124,311.7627839,2
16063.48393,-16063.57684,0.092915964,107.0140931,-321.2131286,292.8478809,2
15695.91703,-15695.99281,0.07578128,121.952748,-313.8626835,273.516825,2
15306.04537,-15306.10391,0.058538907,136.7181014,-306.0662223,253.7970868,2
14894.42299,-14894.4642,0.041213347,151.2891709,-297.8348242,233.716689,2
14461.63482,-14461.65865,0.02382922,165.6452501,-289.1801865,213.304167,2
14008.29587,-14008.30228,0.006411231,179.7659384,-280.114608,192.5885281,2
13535.05037,-13535.03935,-0.01101587,193.6311695,-270.6509713,171.5992104,2
13042.57082,-13042.54239,-0.028427316,207.2212401,-260.8027248,150.3660408,2
12531.55706,-12531.51126,-0.045798365,220.516838,-250.5838633,128.9191928,2
12002.73528,-12002.67217,-0.063104332,233.4990693,-240.0089084,107.2891436,2
11456.85695,-11456.77663,-0.080320624,246.1494857,-229.0928878,85.5066307,2
10894.6978,-10894.60038,-0.097422777,258.4501103,-217.8513136,63.60260817,2
10317.05669,-10316.9423,-0.114386486,270.3834631,-206.3001608,41.60820285,2
9724.754476,-9724.623289,-0.131187646,281.9325861,-194.4558441,19.55466999,2
9118.632855,-9118.485053,-0.147802381,293.0810676,-182.3351951,-2.526651121,2
8499.553158,-8499.388951,-0.164207081,303.8130648,-169.9554377,-24.60438172,2
7868.39513,-7868.214752,-0.180378434,314.113327,-157.3341644,-46.64714815,2
7226.055683,-7225.85939,-0.196293459,323.967217,-144.4893107,-68.62362643,2
6573.447615,-6573.235685,-0.21192954,333.3607319,-131.4391297,-90.50258678,2
5911.498318,-5911.271054,-0.227264458,342.2805229,-118.2021665,-112.252938,2
5241.148459,-5240.906183,-0.24227642,350.7139146,-104.7972316,-133.8437717,2
4563.350641,-4563.093697,-0.256944095,358.6489226,-91.2433741,-155.244406,2
3879.068052,-3878.796805,-0.271246638,366.0742709,-77.55985475,-176.4244295,2
3189.273095,-3188.987931,-0.285163724,372.9794075,-63.76611861,-197.3537443,2
2494.946006,-2494.647331,-0.298675578,379.3545201,-49.88176732,-218.0026086,2
1797.073463,-1796.7617,-0.311762997,385.1905491,-35.92653131,-238.3416793,2
1096.64718,-1096.322773,-0.324407383,390.4792013,-21.92024173,-258.3420534,2
394.6625013,-394.3259105,-0.336590769,395.2129611,-7.882802296,-277.9753093,2
-307.8830145,308.2313103,-0.348295841,399.3851017,6.165839036,-297.213547,2
-1009.991012,1010.350518,-0.359505966,402.9896942,20.20571837,-316.0294281,2
-1710.663756,1711.033961,-0.370205213,406.0216164,34.21688428,-334.3962141,2
-2408.905554,2409.285932,-0.380378378,408.4765596,48.17942612,-352.2878047,2
-3103.724165,3104.114176,-0.390011005,410.3510352,62.07350236,-369.6787751,2
-3794.132215,3794.531304,-0.399089405,411.6423796,75.87936876,-386.5444117,2
-4479.148594,4479.556195,-0.407600676,412.3487576,89.57740642,-402.8607476,2
-5157.799859,5158.215392,-0.415532725,412.4691655,103.1481497,-418.6045963,2
-5829.121608,5829.544482,-0.42287428,412.0034321,116.5723138,-433.7535849,2
-6492.159856,6492.589471,-0.429614906,410.9522193,129.8308222,-448.286186,2
-7145.97239,7146.408135,-0.435745027,409.3170209,142.904834,-462.1817479,2
-7789.630105,7790.071361,-0.44125593,407.1001606,155.7757702,-475.4205242,2
-8422.218331,8422.66447,-0.446139784,404.3047887,168.4253405,-487.9837019,2
-9042.838123,9043.288512,-0.450389649,400.9348776,180.8355691,-499.8534281,2
-9650.607547,9651.061547,-0.453999486,396.9952161,192.9888205,-511.0128353,2
-10244.66293,10245.11989,-0.456964164,392.4914027,204.8678243,-521.4460652,2
-10824.16009,10824.61937,-0.459279472,387.4298375,216.4556996,-531.1382917,2
-11388.27552,11388.73646,-0.460942118,381.8177133,227.7359796,-540.0757417,2
-11936.20759,11936.66954,-0.46194974,375.6630052,238.6926343,-548.2457145,2
-12467.17765,12467.63996,-0.462300907,368.9744595,249.3100936,-555.6366001,2
-12980.43118,12980.89317,-0.461995118,361.7615809,259.5732697,-562.2378957,2
-13475.2388,13475.69983,-0.461032809,354.0346192,269.467578,-568.0402205,2
-13950.89737,13951.35678,-0.459415348,345.804555,278.9789581,-573.0353291,2
-14406.73095,14407.1881,-0.457145032,337.0830836,288.0938938,-577.2161231,2
-14842.09178,14842.546,-0.454225088,327.8825987,296.7994324,-580.5766614,2
-15256.36118,15256.81184,-0.450659665,318.2161747,305.0832027,-583.1121685,2
-15648.95046,15649.39691,-0.44645383,308.0975481,312.9334331,-584.8190413,2
-16019.30173,16019.74334,-0.44161356,297.541098,320.3389679,-585.6948542,2
-16366.88869,16367.32483,-0.436145732,286.5618257,327.2892836,-585.7383627,2
-16691.2174,16691.64746,-0.430058118,275.1753334,333.7745033,-584.9495049,2
-16991.82698,16992.25034,-0.423359368,263.3978019,339.7854111,-583.3294019,2
-17268.29025,17268.70631,-0.416059001,251.2459677,345.3134653,-580.8803559,2
-17520.21433,17520.6225,-0.408167391,238.7370992,350.3508101,-577.6058471,2
-17747.24123,17747.64093,-0.399695753,225.8889723,354.8902873,-573.5105288,2
-17949.04833,17949.43898,-0.390656126,212.7198447,358.925446,-568.6002207,2
-18125.34884,18125.72991,-0.381061355,199.2484306,362.4505519,-562.8819005,2
-18275.89225,18276.26317,-0.370925074,185.4938736,365.4605958,-556.3636944,2
-18400.46461,18400.82487,-0.360261689,171.4757197,367.9513002,-549.054865,2
-18498.88891,18499.23799,-0.349086353,157.2138894,369.9191257,-540.9657986,2
-18571.02527,18571.36268,-0.337414945,142.7286495,371.3612758,-532.1079902,2
-18616.77118,18617.09645,-0.325264053,128.0405844,372.2757013,-522.4940272,2
-18636.06165,18636.3743,-0.312650942,113.1705666,372.6611026,-512.1375716,2
-18628.86926,18629.16885,-0.299593538,98.1397273,372.516932,-501.0533405,2
-18595.20422,18595.49033,-0.286110394,82.96942604,371.8433946,-489.2570852,2
-18535.11438,18535.3866,-0.272220672,67.68122069,370.6414473,-476.7655688,2
-18448.68513,18448.94307,-0.25794411,52.29683662,368.9127983,-463.5965424,2
-18336.03928,18336.28258,-0.243300995,36.83813589,366.659904,-449.76872,2
-18197.33692,18197.56524,-0.228312135,21.32708614,363.8859658,-435.3017517,2
-18032.77515,18032.98815,-0.212998832,5.785729445,360.5949259,-420.2161957,2
-17842.58782,17842.78521,-0.197382846,-9.763849092,356.7914608,-404.5334895,2
-17627.0452,17627.22668,-0.181486368,-25.29955267,352.4809755,-388.2759191,2
-17386.45358,17386.61891,-0.165331988,-40.79930419,347.6695955,-371.4665873,2
-17121.15486,17121.3038,-0.148942662,-56.24107767,342.3641579,-354.1293812,2
-16831.52604,16831.65838,-0.132341681,-71.6029295,336.5722021,-336.2889379,2
-16517.9787,16518.09425,-0.115552634,-86.86302965,330.3019589,-317.9706096,2
-16180.95841,16181.05701,-0.098599381,-101.9996927,323.5623384,-299.2004277,2
-15820.94409,15821.02559,-0.081506013,-116.9914086,316.3629182,-280.0050656,2
-15438.44734,15438.51164,-0.064296821,-131.8168733,308.713929,-260.4118009,2
-15034.01172,15034.05872,-0.046996259,-146.455019,300.6262403,-240.4484769,2
-14608.21194,14608.24157,-0.029628913,-160.8850441,292.1113454,-220.1434624,2
-14161.6531,14161.66532,-0.012219462,-175.0864427,283.1813442,-199.525612,2
-13694.96977,13694.96456,0.005207353,-189.039034,273.8489269,-178.6242248,2
-13208.82514,13208.80251,0.022626768,-202.7229904,264.1273552,-157.4690027,2
-12703.91004,12703.87003,0.040014029,-216.1188664,254.0304441,-136.0900087,2
-12180.942,12180.88465,0.057344428,-229.2076256,243.5725419,-114.5176232,2
-11640.66417,11640.58957,0.074593337,-241.9706683,232.7685097,-92.78250199,2
-11083.84431,11083.75258,0.091736246,-254.3898574,221.6337008,-70.91553174,2
-10511.27371,10511.16496,0.108748792,-266.4475446,210.1839382,-48.94778664,2
-9923.766018,9923.640411,0.1256068,-278.1265952,198.4354927,-26.91048405,2
-9322.156107,9322.013821,0.142286314,-289.4104127,186.4050596,-4.834940196,2
-8707.298903,8707.14014,0.158763631,-300.2829623,174.1097347,17.24747438,2
-8080.068151,8079.893135,0.175015336,-310.7287932,161.5669903,39.30537934,2
-7441.355179,7441.164161,0.191018335,-320.7330616,148.7946504,61.30742921,2
-6792.067635,6791.860885,0.206749887,-330.2815507,135.8108651,83.22235787,2
-6133.128191,6132.906003,0.222187636,-339.3606917,122.6340852,105.019023,2
-5465.473236,5465.235926,0.237309643,-347.9575826,109.2830355,126.6664504,2
-4790.051545,4789.79945,0.252094421,-356.0600067,95.77668868,148.1338778,2
-4107.822928,4107.556407,0.266520959,-363.65645,82.13423791,169.3907988,2
-3419.75687,3419.476301,0.280568756,-370.7361177,68.3750699,190.4070063,2
-2726.831151,2726.536933,0.29421785,-377.288949,54.51873718,211.152635,2
-2030.030455,2029.723006,0.307448844,-383.3056321,40.58493034,231.5982042,2
-1330.344975,1330.024732,0.320242936,-388.7776169,26.5934501,251.7146597,2
-628.7690016,628.4364196,0.332581945,-393.6971274,12.56417912,271.4734149,2
73.70048673,-74.04493507,0.344448338,-398.0571728,-1.482946259,290.8463916,2
776.0652426,-776.4210679,0.35582525,-401.8515572,-15.52796429,309.8060596,2
1477.327167,-1477.693864,0.366696515,-405.0748885,-29.55091623,328.3254762,2
2176.489729,-2176.866776,0.377046685,-407.7225862,-43.5318747,346.3783244,2
2872.55938,-2872.946241,0.38686105,-409.7908878,-57.45097199,363.93895,2
3564.546967,-3564.943093,0.396125665,-411.2768542,-71.28842831,380.9823984,2
4251.469138,-4251.873965,0.404827363,-412.1783736,-85.02457988,397.48445,2
4932.349738,-4932.762692,0.41295378,-412.494165,-98.63990686,413.4216545,2
5606.221199,-5606.641693,0.420493367,-412.2237796,-112.1150611,428.7713642,2
6272.125914,-6272.553349,0.42743541,-411.3676017,-125.4308938,443.5117663,2
6929.117594,-6929.551364,0.433770043,-409.9268479,-138.5684823,457.6219139,2
7576.262619,-7576.702107,0.439488266,-407.9035656,-151.5091573,471.0817557,2
8212.64136,-8213.085942,0.444581951,-405.3006301,-164.2345296,483.8721646,2
8837.349489,-8837.798533,0.449043862,-402.1217401,-176.7265156,495.9749647,2
9449.49926,-9449.952128,0.452867656,-398.3714132,-188.9673636,507.3729571,2
10048.22078,-10048.67682,0.456047901,-394.0549787,-200.9396786,518.0499449,2
10632.66322,-10633.1218,0.458580077,-389.1785705,-212.6264474,527.9907553,2
11201.99607,-11202.45653,0.460460585,-383.7491183,-224.0110623,537.181262,2
11755.41027,-11755.87195,0.461686754,-377.7743375,-235.0773452,545.6084047,2
12292.11938,-12292.58164,0.462256841,-371.2627188,-245.8095704,553.2602081,2
12811.36073,-12811.8229,0.462170035,-364.2235154,-256.1924867,560.1257984,2
13312.39643,-13312.85785,0.46142646,-356.6667305,-266.2113395,566.1954192,2
13794.51448,-13794.97451,0.460027174,-348.6031026,-275.8518914,571.4604454,2
14257.02978,-14257.48775,0.457974163,-340.0440907,-285.1004426,575.9133951,2
14699.28505,-14699.74032,0.455270346,-331.0018575,-293.9438506,579.5479403,2
15120.65184,-15121.10376,0.451919565,-321.4892525,-302.3695482,582.3589162,2
15520.53135,-15520.97928,0.447926581,-311.5197938,-310.3655622,584.3423281,2
15898.35534,-15898.79864,0.44329707,-301.1076483,-317.9205297,585.4953577,2
16253.5869,-16254.02493,0.438037609,-290.2676124,-325.0237148,585.8163663,2
16585.72122,-16586.15337,0.432155672,-279.0150904,-331.6650233,585.3048978,2
16894.28632,-16894.71198,0.425659619,-267.3660726,-337.8350178,583.961679,2
17178.84372,-17179.26227,0.41855868,-255.337113,-343.5249301,581.7886187,2
17438.98904,-17439.3999,0.410862946,-242.9453054,-348.7266748,578.788805,2
17674.3526,-17674.75518,0.402583354,-230.2082592,-353.4328597,574.9665007,2
17884.59994,-17884.99367,0.393731668,-217.1440745,-357.6367973,570.3271375,2
18069.43228,-18069.8166,0.384320469,-203.7713162,-361.3325134,564.8773083,2
18228.58698,-18228.96134,0.374363129,-190.1089877,-364.5147562,558.6247575,2
18361.83785,-18362.20172,0.363873798,-176.176504,-367.1790035,551.5783703,2
18468.99555,-18469.34842,0.352867383,-161.9936637,-369.3214695,543.7481601,2
18549.90779,-18550.24915,0.341359524,-147.5806216,-370.9391094,535.145254,2
18604.4596,-18604.78897,0.329366574,-132.9578594,-372.0296245,525.7818773,2
18632.57346,-18632.89036,0.316905577,-118.1461568,-372.5914652,515.6713357,2
18634.20941,-18634.5134,0.303994239,-103.166562,-372.623833,504.8279969,2
18609.36512,-18609.65577,0.290650909,-88.04036191,-372.126682,493.2672699,2
18558.07591,-18558.35281,0.276894548,-72.78905163,-371.1007186,481.0055831,2
18480.41466,-18480.67741,0.262744705,-57.43430413,-369.5474008,468.0603611,2
18376.49173,-18376.73996,0.248221487,-41.99793934,-367.4689359,454.4499997,2
18246.4548,-18246.68815,0.233345533,-26.50189318,-364.8682775,440.19384,2
18090.48866,-18090.7068,0.218137982,-10.96818638,-361.7491213,425.3121408,2
17908.81495,-17909.01757,0.202620445,4.581106813,-358.1158999,409.8260497,2
17701.69182,-17701.87864,0.186814973,20.12389,-353.9737761,393.7575734,2
17469.41363,-17469.58437,0.170744027,35.63807604,-349.3286363,377.129546,2
17212.31044,-17212.46487,0.154430445,51.10161843,-344.1870813,359.9655969,2
16930.74762,-16930.88552,0.137897408,66.49254262,-338.5564177,342.290117,2
16625.12528,-16625.24645,0.121168411,81.78897727,-332.4446468,324.1282241,2
16295.87773,-16295.98199,0.104267228,96.9691853,-325.860454,305.5057272,2
15943.47284,-15943.56006,0.087217875,112.0115948,-318.8131956,286.44909,2
15568.4114,-15568.48145,0.070044581,126.8948297,-311.3128862,266.985393,2
15171.2264,-15171.27917,0.05277175,141.5977401,-303.3701841,247.1422951,2
14752.48226,-14752.51768,0.035423927,156.0994324,-294.9963765,226.9479945,2
14312.77403,-14312.79206,0.018025764,170.3792989,-286.2033628,206.4311884,2
13852.72657,-13852.72717,0.000601986,184.417047,-277.0036385,185.6210323,2
13372.99363,-13372.9768,-0.016822647,198.1927284,-267.4102768,164.5470985,2
12874.25693,-12874.2227,-0.034223374,211.6867671,-257.4369106,143.2393343,2
12357.2252,-12357.17363,-0.051575469,224.8799874,-247.0977124,121.7280192,2
11822.63319,-11822.56433,-0.068854271,237.7536408,-236.4073748,100.0437218,2
11271.24056,-11271.15453,-0.086035228,250.2894334,-225.3810894,78.21725693,2
10703.83089,-10703.72779,-0.103093924,262.4695509,-214.0345251,56.27964101,2
10121.21048,-10121.09048,-0.120006118,274.2766849,-202.3838061,34.26204864,2
9524.207283,-9524.070535,-0.136747777,285.6940566,-190.4454886,12.19576802,2
8913.669665,-8913.51637,-0.15329511,296.7054415,-178.2365377,-9.887843451,2
8290.465235,-8290.29561,-0.169624602,307.2951918,-165.7743029,-31.95740375,2
7655.479599,-7655.293886,-0.185713048,317.4482587,-153.0764937,-53.98155084,2
7009.615109,-7009.413571,-0.201537585,327.1502143,-140.1611544,-75.92898719,2
6353.789571,-6353.572496,-0.217075727,336.3872715,-127.0466385,-97.76852429,2
5688.934952,-5688.702646,-0.232305393,345.1463041,-113.7515824,-119.469127,2
5015.996044,-5015.748839,-0.247204939,353.4148648,-100.294879,-140.9999575,2
4335.929131,-4335.667378,-0.261753194,361.1812037,-86.69565113,-162.3304193,2
3649.700626,-3649.424697,-0.275929483,368.4342843,-72.97322399,-183.4302008,2
2958.285697,-2957.995983,-0.289713662,375.1637996,-59.1470979,-204.2693179,2
2262.666881,-2262.363795,-0.303086141,381.3601867,-45.23692055,-224.8181571,2
1563.832693,-1563.516665,-0.316027918,387.01464,-31.26245906,-245.0475174,2
862.776212,-862.4476914,-0.328520603,392.1191244,-17.2435719,-264.9286518,2
160.4936792,-160.1531327,-0.340546442,396.6663861,-3.200180691,-284.4333081,2
-542.0169239,542.3690123,-0.352088345,400.6499631,10.84775815,-303.533769,2
-1243.757291,1244.120421,-0.363129912,404.0641946,24.88028174,-322.2028919,2
-1943.730212,1944.103867,-0.373655451,406.9042287,38.87744909,-340.4141469,2
-2640.940985,2641.324635,-0.383650006,409.1660297,52.81936945,-358.1416547,2
-3334.398836,3334.791936,-0.393099372,410.8463834,66.6862306,-375.3602236,2
-4023.118325,4023.520315,-0.401990123,411.9429019,80.45832697,-392.0453851,2
-4706.120742,4706.531051,-0.410309625,412.4540269,94.11608765,-408.1734287,2
-5382.435504,5382.85355,-0.418046053,412.3790323,107.6401042,-423.7214355,2
-6051.10153,6051.526719,-0.425188416,411.7180244,121.0111583,-438.6673109,2
-6711.168611,6711.600337,-0.431726562,410.4719427,134.2102489,-452.9898161,2
-7361.698753,7362.136404,-0.437651201,408.642558,147.2186194,-466.668598,2
-8001.767519,8002.210473,-0.442953914,406.2324698,160.0177842,-479.6842182,2
-8630.465335,8630.912962,-0.447627166,403.245103,172.589555,-492.018181,2
-9246.898788,9247.350452,-0.451664314,399.6847028,184.9160666,-503.652959,2
-9850.191891,9850.646951,-0.455059623,395.5563289,196.9798023,-514.5720185,2
-10439.48733,10439.94514,-0.457808267,390.8658477,208.7636189,-524.7598431,2
-11013.94769,11014.4076,-0.459906341,385.6199248,220.250771,-534.2019552,2
-11572.75663,11573.21798,-0.461350862,379.8260149,231.4249347,-542.8849371,2
-12115.12005,12115.58219,-0.462139779,373.4923514,242.270231,-550.7964498,2
-12640.26721,12640.72949,-0.46227197,366.6279349,252.7712479,-557.9252507,2
-13147.45187,13147.91362,-0.461747247,359.24252,262.9130631,-564.2612092,2
-13635.95328,13636.41384,-0.460566356,351.3466018,272.6812645,-569.7953216,2
-14105.07725,14105.53598,-0.458730975,342.9514009,282.0619708,-574.5197237,2
-14554.15714,14554.61338,-0.456243712,334.0688472,291.0418516,-578.4277019,2
-14982.55477,14983.00788,-0.453108102,324.7115635,299.6081461,-581.5137026,2
-15389.66137,15390.1107,-0.4493286,314.8928468,307.748681,-583.7733406,2
-15774.89842,15775.34333,-0.444910578,304.6266502,315.4518882,-585.2034047,2
-16137.71848,16138.15834,-0.439860314,293.9275625,322.7068209,-585.8018627,2
-16477.60595,16478.04014,-0.434184984,282.8107876,329.5031696,-585.5678642,2
-16794.07785,16794.50574,-0.427892653,271.2921231,335.8312763,-584.5017418,2
-17086.68444,17087.10543,-0.420992264,259.3879376,341.6821484,-582.6050104,2
-17355.00992,17355.42342,-0.413493621,247.1151477,347.0474714,-579.8803654,2
-17598.67298,17599.07839,-0.405407382,234.4911937,351.919621,-576.3316786,2
-17817.32737,17817.72411,-0.396745036,221.5340148,356.2916736,-571.963993,2
-18010.66235,18011.04987,-0.387518894,208.262024,360.1574162,-566.7835153,2
-18178.4032,18178.78094,-0.377742067,194.6940814,363.5113554,-560.7976072,2
-18320.31154,18320.67897,-0.367428447,180.8494679,366.348725,-554.014775,2
-18436.18572,18436.54232,-0.356592691,166.7478574,368.6654931,-546.4446575,2
-18525.86107,18526.20632,-0.345250198,152.4092891,370.4583674,-538.0980123,2
-18589.21016,18589.54358,-0.333417085,137.8541388,371.7248,-528.9867003,2
-18626.14296,18626.46407,-0.321110168,123.1030903,372.4629913,-519.1236693,2
-18636.607,18636.91534,-0.308346937,108.1771055,372.6718924,-508.5229351,2
-18620.58739,18620.88254,-0.295145527,93.09739518,372.3512063,-497.199562,2
-18578.10692,18578.38844,-0.281524699,77.88538834,371.5013888,-485.1696411,2
-18509.22593,18509.49344,-0.26750381,62.5627021,370.1236475,-472.4502677,2
-18414.04233,18414.29543,-0.253102782,47.15111084,368.2199402,-459.0595165,2
-18292.69136,18292.9297,-0.238342082,31.67251526,365.7929722,-445.0164166,2
-18145.34547,18145.56872,-0.223242685,16.14891131,362.8461924,-430.3409241,2
-17972.21406,17972.42189,-0.207826048,0.602358876,359.3837883,-415.0538936,2
-17773.54315,17773.73526,-0.192114078,-14.94504955,355.4106802,-399.1770488,2
-17549.61506,17549.79119,-0.176129104,-30.47122023,350.932514,-382.7329515,2
-17300.748,17300.9079,-0.159893841,-45.95408965,345.9556536,-365.7449698,2
-17027.29564,17027.43907,-0.14343136,-61.37165579,340.4871712,-348.2372444,2
-16729.64656,16729.77333,-0.126765055,-76.70200945,334.534838,-330.2346549,2
-16408.22374,16408.33365,-0.10991861,-91.92336536,328.1071124,-311.7627839,2
-16063.48393,16063.57684,-0.092915964,-107.0140931,321.2131286,-292.8478809,2
-15695.91703,15695.99281,-0.07578128,-121.952748,313.8626835,-273.516825,2
-15306.04537,15306.10391,-0.058538907,-136.7181014,306.0662223,-253.7970868,2
-14894.42299,14894.4642,-0.041213347,-151.2891709,297.8348242,-233.716689,2
-14461.63482,14461.65865,-0.02382922,-165.6452501,289.1801865,-213.304167,2
-14008.29587,14008.30228,-0.006411231,-179.7659384,280.114608,-192.5885281,2
-13535.05037,13535.03935,0.01101587,-193.6311695,270.6509713,-171.5992104,2
-13042.57082,13042.54239,0.028427316,-207.2212401,260.8027248,-150.3660408,2
-12531.55706,12531.51126,0.045798365,-220.516838,250.5838633,-128.9191928,2
-12002.73528,12002.67217,0.063104332,-233.4990693,240.0089084,-107.2891436,2
-11456.85695,11456.77663,0.080320624,-246.1494857,229.0928878,-85.5066307,2
-10894.6978,10894.60038,0.097422777,-258.4501103,217.8513136,-63.60260817,2
-10317.05669,10316.9423,0.114386486,-270.3834631,206.3001608,-41.60820285,2
-9724.754476,9724.623289,0.131187646,-281.9325861,194.4558441,-19.55466999,2
-9118.632855,9118.485053,0.147802381,-293.0810676,182.3351951,2.526651121,2
-8499.553158,8499.388951,0.164207081,-303.8130648,169.9554377,24.60438172,2
-7868.39513,7868.214752,0.180378434,-314.113327,157.3341644,46.64714815,2
-7226.055683,7225.85939,0.196293459,-323.967217,144.4893107,68.62362643,2
-6573.447615,6573.235685,0.21192954,-333.3607319,131.4391297,90.50258678,2
-5911.498318,5911.271054,0.227264458,-342.2805229,118.2021665,112.252938,2
-5241.148459,5240.906183,0.24227642,-350.7139146,104.7972316,133.8437717,2
-4563.350641,4563.093697,0.256944095,-358.6489226,91.2433741,155.244406,2
-3879.068052,3878.796805,0.271246638,-366.0742709,77.55985475,176.4244295,2
-3189.273095,3188.987931,0.285163724,-372.9794075,63.76611861,197.3537443,2
-2494.946006,2494.647331,0.298675578,-379.3545201,49.88176732,218.0026086,2
-1797.073463,1796.7617,0.311762997,-385.1905491,35.92653131,238.3416793,2
-1096.64718,1096.322773,0.324407383,-390.4792013,21.92024173,258.3420534,2
-394.6625013,394.3259105,0.336590769,-395.2129611,7.882802296,277.9753093,2
307.8830145,-308.2313103,0.348295841,-399.3851017,-6.165839036,297.213547,2
1009.991012,-1010.350518,0.359505966,-402.9896942,-20.20571837,316.0294281,2
1710.663756,-1711.033961,0.370205213,-406.0216164,-34.21688428,334.3962141,2
2408.905554,-2409.285932,0.380378378,-408.4765596,-48.17942612,352.2878047,2
3103.724165,-3104.114176,0.390011005,-410.3510352,-62.07350236,369.6787751,2
3794.132215,-3794.531304,0.399089405,-411.6423796,-75.87936876,386.5444117,2
4479.148594,-4479.556195,0.407600676,-412.3487576,-89.57740642,402.8607476,2
5157.799859,-5158.215392,0.415532725,-412.4691655,-103.1481497,418.6045963,2
5829.121608,-5829.544482,0.42287428,-412.0034321,-116.5723138,433.7535849,2
6492.159856,-6492.589471,0.429614906,-410.9522193,-129.8308222,448.286186,2
7145.97239,-7146.408135,0.435745027,-409.3170209,-142.904834,462.1817479,2
7789.630105,-7790.071361,0.44125593,-407.1001606,-155.7757702,475.4205242,2
8422.218331,-8422.66447,0.446139784,-404.3047887,-168.4253405,487.9837019,2
9042.838123,-9043.288512,0.450389649,-400.9348776,-180.8355691,499.8534281,2
9650.607547,-9651.061547,0.453999486,-396.9952161,-192.9888205,511.0128353,2
10244.66293,-10245.11989,0.456964164,-392.4914027,-204.8678243,521.4460652,2
10824.16009,-10824.61937,0.459279472,-387.4298375,-216.4556996,531.1382917,2
11388.27552,-11388.73646,0.460942118,-381.8177133,-227.7359796,540.0757417,2
11936.20759,-11936.66954,0.46194974,-375.6630052,-238.6926343,548.2457145,2
12467.17765,-12467.63996,0.462300907,-368.9744595,-249.3100936,555.6366001,2
12980.43118,-12980.89317,0.461995118,-361.7615809,-259.5732697,562.2378957,2
13475.2388,-13475.69983,0.461032809,-354.0346192,-269.467578,568.0402205,2
13950.89737,-13951.35678,0.459415348,-345.804555,-278.9789581,573.0353291,2
14406.73095,-14407.1881,0.457145032,-337.0830836,-288.0938938,577.2161231,2
14842.09178,-14842.546,0.454225088,-327.8825987,-296.7994324,580.5766614,2
15256.36118,-15256.81184,0.450659665,-318.2161747,-305.0832027,583.1121685,2
15648.95046,-15649.39691,0.44645383,-308.0975481,-312.9334331,584.8190413,2
16019.30173,-16019.74334,0.44161356,-297.541098,-320.3389679,585.6948542,2
16366.88869,-16367.32483,0.436145732,-286.5618257,-327.2892836,585.7383627,2
16691.2174,-16691.64746,0.430058118,-275.1753334,-333.7745033,584.9495049,2
16991.82698,-16992.25034,0.423359368,-263.3978019,-339.7854111,583.3294019,2
17268.29025,-17268.70631,0.416059001,-251.2459677,-345.3134653,580.8803559,2
17520.21433,-17520.6225,0.408167391,-238.7370992,-350.3508101,577.6058471,2
17747.24123,-17747.64093,0.399695753,-225.8889723,-354.8902873,573.5105288,2
17949.04833,-17949.43898,0.390656126,-212.7198447,-358.925446,568.6002207,2
18125.34884,-18125.72991,0.381061355,-199.2484306,-362.4505519,562.8819005,2
18275.89225,-18276.26317,0.370925074,-185.4938736,-365.4605958,556.3636944,2
18400.46461,-18400.82487,0.360261689,-171.4757197,-367.9513002,549.054865,2
18498.88891,-18499.23799,0.349086353,-157.2138894,-369.9191257,540.9657986,2
18571.02527,-18571.36268,0.337414945,-142.7286495,-371.3612758,532.1079902,2
18616.77118,-18617.09645,0.325264053,-128.0405844,-372.2757013,522.4940272,2
18636.06165,-18636.3743,0.312650942,-113.1705666,-372.6611026,512.1375716,2
18628.86926,-18629.16885,0.299593538,-98.1397273,-372.516932,501.0533405,2
18595.20422,-18595.49033,0.286110394,-82.96942604,-371.8433946,489.2570852,2
18535.11438,-18535.3866,0.272220672,-67.68122069,-370.6414473,476.7655688,2
18448.68513,-18448.94307,0.25794411,-52.29683662,-368.9127983,463.5965424,2
18336.03928,-18336.28258,0.243300995,-36.83813589,-366.659904,449.76872,2
18197.33692,-18197.56524,0.228312135,-21.32708614,-363.8859658,435.3017517,2
18032.77515,-18032.98815,0.212998832,-5.785729445,-360.5949259,420.2161957,2
17842.58782,-17842.78521,0.197382846,9.763849092,-356.7914608,404.5334895,2
17627.0452,-17627.22668,0.181486368,25.29955267,-352.4809755,388.2759191,2
17386.45358,-17386.61891,0.165331988,40.79930419,-347.6695955,371.4665873,2
17121.15486,-17121.3038,0.148942662,56.24107767,-342.3641579,354.1293812,2
16831.52604,-16831.65838,0.132341681,71.6029295,-336.5722021,336.2889379,2
16517.9787,-16518.09425,0.115552634,86.86302965,-330.3019589,317.9706096,2
16180.95841,-16181.05701,0.098599381,101.9996927,-323.5623384,299.2004277,2
15820.94409,-15821.02559,0.081506013,116.9914086,-316.3629182,280.0050656,2
15438.44734,-15438.51164,0.064296821,131.8168733,-308.713929,260.4118009,2
15034.01172,-15034.05872,0.046996259,146.455019,-300.6262403,240.4484769,2
14608.21194,-14608.24157,0.029628913,160.8850441,-292.1113454,220.1434624,2
14161.6531,-14161.66532,0.012219462,175.0864427,-283.1813442,199.525612,2
13694.96977,-13694.96456,-0.005207353,189.039034,-273.8489269,178.6242248,2
13208.82514,-13208.80251,-0.022626768,202.7229904,-264.1273552,157.4690027,2
12703.91004,-12703.87003,-0.040014029,216.1188664,-254.0304441,136.0900087,2
12180.942,-12180.88465,-0.057344428,229.2076256,-243.5725419,114.5176232,2
11640.66417,-11640.58957,-0.074593337,241.9706683,-232.7685097,92.78250199,2
11083.84431,-11083.75258,-0.091736246,254.3898574,-221.6337008,70.91553174,2
10511.27371,-10511.16496,-0.108748792,266.4475446,-210.1839382,48.94778664,2
9923.766018,-9923.640411,-0.1256068,278.1265952,-198.4354927,26.91048405,2
9322.156107,-9322.013821,-0.142286314,289.4104127,-186.4050596,4.834940196,2
8707.298903,-8707.14014,-0.158763631,300.2829623,-174.1097347,-17.24747438,2
8080.068151,-8079.893135,-0.175015336,310.7287932,-161.5669903,-39.30537934,2
7441.355179,-7441.164161,-0.191018335,320.7330616,-148.7946504,-61.30742921,2
6792.067635,-6791.860885,-0.206749887,330.2815507,-135.8108651,-83.22235787,2
6133.128191,-6132.906003,-0.222187636,339.3606917,-122.6340852,-105.019023,2
5465.473236,-5465.235926,-0.237309643,347.9575826,-109.2830355,-126.6664504,2
4790.051545,-4789.79945,-0.252094421,356.0600067,-95.77668868,-148.1338778,2
4107.822928,-4107.556407,-0.266520959,363.65645,-82.13423791,-169.3907988,2
3419.75687,-3419.476301,-0.280568756,370.7361177,-68.3750699,-190.4070063,2
2726.831151,-2726.536933,-0.29421785,377.288949,-54.51873718,-211.152635,2
2030.030455,-2029.723006,-0.307448844,383.3056321,-40.58493034,-231.5982042,2
1330.344975,-1330.024732,-0.320242936,388.7776169,-26.5934501,-251.7146597,2
628.7690016,-628.4364196,-0.332581945,393.6971274,-12.56417912,-271.4734149,2
-73.70048673,74.04493507,-0.344448338,398.0571728,1.482946259,-290.8463916,2
-776.0652426,776.4210679,-0.35582525,401.8515572,15.52796429,-309.8060596,2
-1477.327167,1477.693864,-0.366696515,405.0748885,29.55091623,-328.3254762,2
-2176.489729,2176.866776,-0.377046685,407.7225862,43.5318747,-346.3783244,2
-2872.55938,2872.946241,-0.38686105,409.7908878,57.45097199,-363.93895,2
-3564.546967,3564.943093,-0.396125665,411.2768542,71.28842831,-380.9823984,2
-4251.469138,4251.873965,-0.404827363,412.1783736,85.02457988,-397.48445,2
-4932.349738,4932.762692,-0.41295378,412.494165,98.63990686,-413.4216545,2
-5606.221199,5606.641693,-0.420493367,412.2237796,112.1150611,-428.7713642,2
-6272.125914,6272.553349,-0.42743541,411.3676017,125.4308938,-443.5117663,2
-6929.117594,6929.551364,-0.433770043,409.9268479,138.5684823,-457.6219139,2
-7576.262619,7576.702107,-0.439488266,407.9035656,151.5091573,-471.0817557,2
-8212.64136,8213.085942,-0.444581951,405.3006301,164.2345296,-483.8721646,2
-8837.349489,8837.798533,-0.449043862,402.1217401,176.7265156,-495.9749647,2
-9449.49926,9449.952128,-0.452867656,398.3714132,188.9673636,-507.3729571,2
-10048.22078,10048.67682,-0.456047901,394.0549787,200.9396786,-518.0499449,2
-10632.66322,10633.1218,-0.458580077,389.1785705,212.6264474,-527.9907553,2
-11201.99607,11202.45653,-0.460460585,383.7491183,224.0110623,-537.181262,2
-11755.41027,11755.87195,-0.461686754,377.7743375,235.0773452,-545.6084047,2
-12292.11938,12292.58164,-0.462256841,371.2627188,245.8095704,-553.2602081,2
-12811.36073,12811.8229,-0.462170035,364.2235154,256.1924867,-560.1257984,2
-13312.39643,13312.85785,-0.46142646,356.6667305,266.2113395,-566.1954192,2
-13794.51448,13794.97451,-0.460027174,348.6031026,275.8518914,-571.4604454,2
-14257.02978,14257.48775,-0.457974163,340.0440907,285.1004426,-575.9133951,2
-14699.28505,14699.74032,-0.455270346,331.0018575,293.9438506,-579.5479403,2
-15120.65184,15121.10376,-0.451919565,321.4892525,302.3695482,-582.3589162,2
-15520.53135,15520.97928,-0.447926581,311.5197938,310.3655622,-584.3423281,2
-15898.35534,15898.79864,-0.44329707,301.1076483,317.9205297,-585.4953577,2
-16253.5869,16254.02493,-0.438037609,290.2676124,325.0237148,-585.8163663,2
-16585.72122,16586.15337,-0.432155672,279.0150904,331.6650233,-585.3048978,2
-16894.28632,16894.71198,-0.425659619,267.3660726,337.8350178,-583.961679,2
-17178.84372,17179.26227,-0.41855868,255.337113,343.5249301,-581.7886187,2
-17438.98904,17439.3999,-0.410862946,242.9453054,348.7266748,-578.788805,2
-17674.3526,17674.75518,-0.402583354,230.2082592,353.4328597,-574.9665007,2
-17884.59994,17884.99367,-0.393731668,217.1440745,357.6367973,-570.3271375,2
-18069.43228,18069.8166,-0.384320469,203.7713162,361.3325134,-564.8773083,2
-18228.58698,18228.96134,-0.374363129,190.1089877,364.5147562,-558.6247575,2
-18361.83785,18362.20172,-0.363873798,176.176504,367.1790035,-551.5783703,2
-18468.99555,18469.34842,-0.352867383,161.9936637,369.3214695,-543.7481601,2
-18549.90779,18550.24915,-0.341359524,147.5806216,370.9391094,-535.145254,2
-18604.4596,18604.78897,-0.329366574,132.9578594,372.0296245,-525.7818773,2
-18632.57346,18632.89036,-0.316905577,118.1461568,372.5914652,-515.6713357,2
-18634.20941,18634.5134,-0.303994239,103.166562,372.623833,-504.8279969,2
-18609.36512,18609.65577,-0.290650909,88.04036191,372.126682,-493.2672699,2
-18558.07591,18558.35281,-0.276894548,72.78905163,371.1007186,-481.0055831,2
-18480.41466,18480.67741,-0.262744705,57.43430413,369.5474008,-468.0603611,2
-18376.49173,18376.73996,-0.248221487,41.99793934,367.4689359,-454.4499997,2
-18246.4548,18246.68815,-0.233345533,26.50189318,364.8682775,-440.19384,2
-18090.48866,18090.7068,-0.218137982,10.96818638,361.7491213,-425.3121408,2
-17908.81495,17909.01757,-0.202620445,-4.581106813,358.1158999,-409.8260497,2
-17701.69182,17701.87864,-0.186814973,-20.12389,353.9737761,-393.7575734,2
-17469.41363,17469.58437,-0.170744027,-35.63807604,349.3286363,-377.129546,2
-17212.31044,17212.46487,-0.154430445,-51.10161843,344.1870813,-359.9655969,2
-16930.74762,16930.88552,-0.137897408,-66.49254262,338.5564177,-342.290117,2
-16625.12528,16625.24645,-0.121168411,-81.78897727,332.4446468,-324.1282241,2
-16295.87773,16295.98199,-0.104267228,-96.9691853,325.860454,-305.5057272,2
-15943.47284,15943.56006,-0.087217875,-112.0115948,318.8131956,-286.44909,2
-15568.4114,15568.48145,-0.070044581,-126.8948297,311.3128862,-266.985393,2
-15171.2264,15171.27917,-0.05277175,-141.5977401,303.3701841,-247.1422951,2
-14752.48226,14752.51768,-0.035423927,-156.0994324,294.9963765,-226.9479945,2
-14312.77403,14312.79206,-0.018025764,-170.3792989,286.2033628,-206.4311884,2
-13852.72657,13852.72717,-0.000601986,-184.417047,277.0036385,-185.6210323,2
-13372.99363,13372.9768,0.016822647,-198.1927284,267.4102768,-164.5470985,2
-12874.25693,12874.2227,0.034223374,-211.6867671,257.4369106,-143.2393343,2
-12357.2252,12357.17363,0.051575469,-224.8799874,247.0977124,-121.7280192,2
-11822.63319,11822.56433,0.068854271,-237.7536408,236.4073748,-100.0437218,2
-11271.24056,11271.15453,0.086035228,-250.2894334,225.3810894,-78.21725693,2
-10703.83089,10703.72779,0.103093924,-262.4695509,214.0345251,-56.27964101,2
-10121.21048,10121.09048,0.120006118,-274.2766849,202.3838061,-34.26204864,2
-9524.207283,9524.070535,0.136747777,-285.6940566,190.4454886,-12.19576802,2
-8913.669665,8913.51637,0.15329511,-296.7054415,178.2365377,9.887843451,2
-8290.465235,8290.29561,0.169624602,-307.2951918,165.7743029,31.95740375,2
-7655.479599,7655.293886,0.185713048,-317.4482587,153.0764937,53.98155084,2
-7009.615109,7009.413571,0.201537585,-327.1502143,140.1611544,75.92898719,2
-6353.789571,6353.572496,0.217075727,-336.3872715,127.0466385,97.76852429,2
-5688.934952,5688.702646,0.232305393,-345.1463041,113.7515824,119.469127,2
-5015.996044,5015.748839,0.247204939,-353.4148648,100.294879,140.9999575,2
-4335.929131,4335.667378,0.261753194,-361.1812037,86.69565113,162.3304193,2
-3649.700626,3649.424697,0.275929483,-368.4342843,72.97322399,183.4302008,2
-2958.285697,2957.995983,0.289713662,-375.1637996,59.1470979,204.2693179,2
-2262.666881,2262.363795,0.303086141,-381.3601867,45.23692055,224.8181571,2
-1563.832693,1563.516665,0.316027918,-387.01464,31.26245906,245.0475174,2
-862.776212,862.4476914,0.328520603,-392.1191244,17.2435719,264.9286518,2
-160.4936792,160.1531327,0.340546442,-396.6663861,3.200180691,284.4333081,2
542.0169239,-542.3690123,0.352088345,-400.6499631,-10.84775815,303.533769,2
1243.757291,-1244.120421,0.363129912,-404.0641946,-24.88028174,322.2028919,2
1943.730212,-1944.103867,0.373655451,-406.9042287,-38.87744909,340.4141469,2
2640.940985,-2641.324635,0.383650006,-409.1660297,-52.81936945,358.1416547,2
3334.398836,-3334.791936,0.393099372,-410.8463834,-66.6862306,375.3602236,2
4023.118325,-4023.520315,0.401990123,-411.9429019,-80.45832697,392.0453851,2
4706.120742,-4706.531051,0.410309625,-412.4540269,-94.11608765,408.1734287,2
-0.379961603,-23877.75331,23878.13327,-539.1646742,220.7660969,318.3976741,2
-0.36976603,-23932.86299,23933.23276,-529.3366855,210.2027364,319.1329724,2
-0.359044999,-23953.96277,23954.32182,-518.7564804,199.3406664,319.4147654,2
-0.347813746,-23941.02266,23941.37047,-507.439094,188.1953223,319.2426525,2
-0.33608823,-23894.06104,23894.39713,-495.4006089,176.7825424,318.6168783,2
-0.323885114,-23813.14466,23813.46854,-482.6581323,165.1185449,317.5383321,2
-0.31122174,-23698.38849,23698.69972,-469.2297722,153.2199048,316.0085466,2
-0.298116103,-23549.95562,23550.25374,-455.1346109,141.1035309,314.0296956,2
-0.284586827,-23368.05697,23368.34156,-440.3926784,128.7866412,311.6045912,2
-0.270653137,-23152.95104,23153.22169,-425.0249238,116.2867386,308.7366797,2
-0.256334834,-22904.94349,22905.19983,-409.0531855,103.6215861,305.4300365,2
-0.241652265,-22624.38677,22624.62842,-392.5001603,90.80918177,301.6893604,2
-0.226626296,-22311.67955,22311.90618,-375.3893708,77.86773258,297.5199673,2
-0.211278278,-21967.26622,21967.4775,-357.7451325,64.81562908,292.927782,2
-0.195630021,-21591.6362,21591.83183,-339.5925189,51.67141902,287.9193303,2
-0.179703764,-21185.32328,21185.50299,-320.9573256,38.45378105,282.5017295,2
-0.163522138,-20748.90486,20749.06838,-301.8660345,25.18149816,276.6826782,2
-0.147108139,-20283.00111,20283.14822,-282.3457751,11.87343097,270.4704458,2
-0.13048509,-19788.27411,19788.40459,-262.424287,-1.451509004,263.87386,2
-0.113676615,-19265.42688,19265.54056,-242.1298797,-14.77438631,256.9022951,2
-0.096706599,-18715.20243,18715.29914,-221.4913925,-28.0762684,249.5656579,2
-0.079599158,-18138.38266,18138.46226,-200.5381539,-41.33825258,241.8743743,2
-0.062378602,-17535.78724,17535.84962,-179.2999396,-54.54149284,233.8393739,2
-0.045069403,-16908.27252,16908.31759,-157.8069303,-67.66722666,225.472075,2
-0.027696158,-16256.73022,16256.75791,-136.0896688,-80.69680164,216.784368,2
-0.010283555,-15582.08621,15582.09649,-114.1790163,-93.61170205,207.7885985,2
0.007143662,-14885.2992,14885.29206,-92.10610925,-106.3935751,198.49755,2
0.024560727,-14167.35937,14167.33481,-69.90231436,-119.0242571,188.9244256,2
0.04194289,-13429.28695,13429.24501,-47.59918446,-131.4857991,179.0828293,2
0.05926545,-12672.13078,12672.07151,-25.22841351,-143.7604925,168.9867465,2
0.07650379,-11896.96681,11896.89031,-2.821791601,-155.8308945,158.6505243,2
0.093633414,-11104.8966,11104.80297,19.58884023,-167.6798522,148.0888511,2
0.11062998,-10297.04573,10296.9351,41.97163524,-179.2905277,137.3167354,2
0.127469335,-9474.562193,9474.434724,64.29478626,-190.6464215,126.3494852,2
0.144127549,-8638.614785,8638.470657,86.52657088,-201.7313963,115.2026854,2
0.16058095,-7790.391431,7790.23085,108.6353965,-212.5296998,103.8921763,2
0.176806156,-6931.097506,6930.9207,130.5898453,-223.0259869,92.43403073,2
0.192780112,-6061.954111,6061.761331,152.3587187,-233.205342,80.84453136,2
0.208480116,-5184.196348,5183.987868,173.9110821,-243.0532994,69.14014748,2
0.223883858,-4299.071558,4298.847675,195.2163083,-252.5558648,57.33751166,2
0.238969449,-3407.837553,3407.598583,216.2441215,-261.6995345,45.45339611,2
0.253715452,-2511.760824,2511.507108,236.96464,-270.4713149,33.50468879,2
0.268100911,-1612.114745,1611.846644,257.3484187,-278.8587407,21.50836948,2
0.282105384,-710.1777627,709.8956573,277.3664912,-286.849893,9.481485596,2
0.29570897,192.7684208,-193.0641298,296.9904108,-294.4334159,-2.558871996,2
0.308892337,1095.44067,-1095.749562,316.1922907,-301.5985328,-14.59559329,2
0.321636751,1996.556238,-1996.877875,334.9448441,-308.3350617,-26.61157345,2
0.333924102,2894.83459,-2895.168514,353.2214226,-314.6334296,-38.58973711,2
0.345736929,3788.999224,-3789.344961,370.996054,-320.4846861,-50.51306264,2
0.357058444,4677.779483,-4678.136541,388.2434798,-325.8805164,-62.36460634,2
0.36787256,5559.912361,-5560.280233,404.9391904,-330.8132527,-74.12752653,2
0.378163908,6434.144299,-6434.522463,421.0594602,-335.2758852,-85.78510744,2
0.387917866,7299.232966,-7299.620884,436.5813815,-339.2620723,-97.32078302,2
0.39712057,8153.949024,-8154.346145,451.4828967,-342.7661495,-108.7181604,2
0.405758945,8997.077874,-8997.483633,465.7428301,-345.7831372,-119.9610434,2
0.413820714,9827.421384,-9827.835205,479.3409174,-348.3087482,-131.0334552,2
0.421294421,10643.79959,-10644.22089,492.257835,-350.3393933,-141.9196612,2
0.428169445,11445.05238,-11445.48055,504.4752273,-351.872187,-152.6041917,2
0.434436017,12230.04112,-12230.47555,515.9757327,-352.9049511,-163.0718632,2
0.440085232,12997.6503,-12998.09038,526.7430083,-353.436218,-173.3078007,2
0.445109062,13746.78911,-13747.23422,536.7617534,-353.4652326,-183.2974584,2
0.449500368,14476.39298,-14476.84248,546.0177306,-352.9919538,-193.0266403,2
0.453252909,15185.4251,-15185.87835,554.4977867,-352.0170541,-202.4815208,2
0.456361352,15872.8779,-15873.33426,562.1898711,-350.5419189,-211.6486639,2
0.458821281,16537.77448,-16538.2333,569.083053,-348.5686445,-220.5150428,2
0.460629201,17179.16997,-17179.6306,575.1675367,-346.1000349,-229.0680577,2
0.46178254,17796.15292,-17796.61471,580.4346758,-343.1395983,-237.2955543,2
0.462279662,18387.84657,-18388.30885,584.8769855,-339.6915415,-245.185841,2
0.462119859,18953.41008,-18953.8722,588.4881531,-335.7607645,-252.7277052,2
0.461303358,19492.03975,-19492.50106,591.2630467,-331.352853,-259.9104295,2
0.45983132,20002.97017,-20003.43001,593.1977232,-326.474071,-266.7238069,2
0.457705836,20485.47528,-20485.93299,594.2894333,-321.1313515,-273.1581551,2
0.454929928,20938.8694,-20939.32433,594.5366256,-315.3322867,-279.2043306,2
0.451507539,21362.50825,-21362.95976,593.9389488,-309.0851175,-284.8537416,2
0.447443533,21755.7898,-21756.23725,592.4972523,-302.3987215,-290.0983597,2
0.442743685,22118.15519,-22118.59793,590.2135847,-295.2826003,-294.9307322,2
0.437414675,22449.08946,-22449.52688,587.0911913,-287.7468664,-299.343992,2
0.431464074,22748.12235,-22748.55382,583.1345093,-279.8022285,-303.3318676,2
0.424900339,23014.82892,-23015.25382,578.3491612,-271.4599762,-306.8886921,2
0.417732798,23248.83015,-23249.24788,572.7419473,-262.7319645,-310.0094109,2
0.409971635,23449.79353,-23450.2035,566.3208357,-253.6305963,-312.6895894,2
0.40162788,23617.43346,-23617.83509,559.0949512,-244.1688052,-314.9254188,2
0.39271339,23751.51173,-23751.90444,551.0745623,-234.3600368,-316.713722,2
0.383240833,23851.8378,-23852.22104,542.2710662,-224.21823,-318.0519577,2
0.37322367,23918.2691,-23918.64233,532.6969732,-213.7577967,-318.9382241,2
0.362676135,23950.71124,-23951.07391,522.3658887,-202.993602,-319.3712619,2
0.351613218,23949.1181,-23949.46971,511.2924937,-191.9409423,-319.3504556,2
0.340050639,23913.49196,-23913.83201,499.4925241,-180.6155239,-318.8758349,2
0.328004829,23843.88343,-23844.21144,486.9827483,-169.0334411,-317.9480741,2
0.315492907,23740.39145,-23740.70694,473.7809434,-157.2111524,-316.5684918,2
0.302532652,23603.16306,-23603.4656,459.9058698,-145.1654582,-314.7390483,2
0.289142482,23432.39329,-23432.68244,445.3772448,-132.9134758,-312.4623433,2
0.275341424,23228.32481,-23228.60015,430.2157143,-120.4726161,-309.7416123,2
0.261149091,22991.24761,-22991.50876,414.4428238,-107.8605583,-306.5807215,2
0.246585651,22721.49859,-22721.74517,398.0809874,-95.09522468,-302.9841628,2
0.2316718,22419.46107,-22419.69274,381.1534561,-82.19475556,-298.9570469,2
0.216428729,22085.56427,-22085.7807,363.6842849,-69.17748319,-294.5050968,2
0.200878102,21720.28268,-21720.48356,345.6982984,-56.06190584,-289.6346387,2
0.185042016,21324.13538,-21324.32042,327.2210557,-42.86666145,-284.3525941,2
0.168942976,20897.68531,-20897.85426,308.278814,-29.61050118,-278.6664688,2
0.152603858,20441.53849,-20441.6911,288.8984912,-16.31226278,-272.5843432,2
0.136047881,19956.34313,-19956.47918,269.1076278,-2.990843752,-266.1148603,2
0.119298573,19442.78871,-19442.90801,248.9343478,10.33482542,-259.2672137,2
0.102379736,18901.60502,-18901.7074,228.4073185,23.64580825,-252.0511342,2
0.085315411,18333.56112,-18333.64643,207.5557099,36.92318909,-244.4768762,2
0.068129848,17739.46422,-17739.53235,186.4091532,50.14810005,-236.5552032,2
0.050847469,17120.15858,-17120.20942,164.9976989,63.30174782,-228.2973723,2
0.033492833,16476.52425,-16476.55774,143.3517739,76.36544034,-219.7151183,2
0.016090602,15809.47588,-15809.49197,121.5021382,89.3206134,-210.8206372,2
-0.001334495,15119.96138,-15119.96005,99.47984127,102.148857,-201.6265683,2
-0.018757695,14408.96059,-14408.94183,77.31617805,114.8319414,-192.1459771,2
-0.03615424,13677.48387,-13677.44772,55.04264431,127.3518434,-182.392336,2
-0.053499407,12926.57071,-12926.51721,32.69089196,139.6907715,-172.3795054,2
-0.070768549,12157.28818,-12157.21741,10.29268406,151.8311913,-162.121714,2
-0.087937125,11370.72947,-11370.64154,-12.1201503,163.7558507,-151.6335388,2
-0.104980738,10568.01234,-10567.90736,-34.51576126,175.447804,-140.9298841,2
-0.121875167,9750.277486,-9750.155611,-56.86232344,186.8904365,-130.0259603,2
-0.138596405,8918.686953,-8918.548357,-79.12808115,198.0674874,-118.9372625,2
-0.15512069,8074.422477,-8074.267357,-101.2813935,208.9630735,-107.6795483,2
-0.171424539,7218.683806,-7218.512381,-123.2907795,219.5617117,-96.2688156,2
-0.187484786,6352.686989,-6352.499505,-145.1249625,229.8483407,-84.72127964,2
-0.203278606,5477.662657,-5477.459379,-166.752915,239.8083426,-73.05335011,2
-0.218783556,4594.854267,-4594.635483,-188.1439025,249.4275638,-61.28160777,2
-0.233977602,3705.516337,-3705.282359,-209.2675273,258.6923347,-49.42278092,2
-0.248839154,2810.912666,-2810.663826,-230.0937714,267.5894897,-37.49372158,2
-0.263347091,1912.314533,-1912.051186,-250.5930396,276.1063853,-25.51138162,2
-0.277480798,1010.998898,-1010.721417,-270.7362015,284.2309187,-13.49278859,2
-0.29122019,108.2465774,-107.9553573,-290.4946324,291.9515444,-1.455021567,2
-0.304545741,-794.6595673,794.964113,-309.8402545,299.257291,10.58481312,2
-0.317438517,-1696.436457,1696.753896,-328.7455767,306.1377766,22.60960621,2
-0.329880195,-2595.802618,2596.132498,-347.1837334,312.5832236,34.60226981,2
-0.341853095,-3491.480002,3491.821855,-365.128523,318.5844728,46.5457617,2
-0.353340203,-4382.195801,4382.549141,-382.5544451,324.132996,58.4231095,2
-0.364325196,-5266.68426,5267.048585,-399.4367363,329.2209085,70.21743488,2
-0.374792462,-6143.688473,6144.063265,-415.751406,333.8409801,81.91197743,2
-0.384727128,-7011.962168,7012.346895,-431.4752703,337.9866453,93.49011859,2
-0.394115076,-7870.271481,7870.665596,-446.5859846,341.6520131,104.9354052,2
-0.402942964,-8717.396708,8717.799651,-461.0620758,344.8318746,116.2315728,2
-0.411198249,-9552.134037,9552.545236,-474.8829725,347.5217112,127.362569,2
-0.418869198,-10373.29726,10373.71613,-488.0290346,349.7177004,138.312576,2
-0.425944911,-11179.71946,11180.14541,-500.4815807,351.4167217,149.0660333,2
-0.432415333,-11970.25467,11970.68709,-512.222915,352.6163605,159.6076596,2
-0.43827127,-12743.77949,12744.21776,-523.2363526,353.3149122,169.9224747,2
-0.443504399,-13499.1947,13499.63821,-533.5062427,353.5113841,179.9958206,2
-0.448107284,-14235.42682,14235.87493,-543.0179913,353.2054969,189.8133826,2
-0.452073383,-14951.42962,14951.88169,-551.7580815,352.3976854,199.3612095,2
-0.455397062,-15646.18562,15646.64102,-559.7140933,351.0890976,208.6257331,2
-0.458073597,-16318.70753,16319.16561,-566.8747208,349.2815929,217.5937882,2
-0.460099184,-16968.03967,16968.49977,-573.2297883,346.9777399,226.2526306,2
-0.461470945,-17593.25929,17593.72076,-578.7702649,344.1808126,234.5899556,2
-0.462186931,-18193.47793,18193.94012,-583.4882772,340.8947855,242.5939154,2
-0.462246123,-18767.84264,18768.30489,-587.3771208,337.1243283,250.253136,2
-0.461648439,-19315.53722,19315.99887,-590.4312694,332.8747989,257.5567332,2
-0.460394727,-19835.78337,19836.24376,-592.6463828,328.1522363,264.4943283,2
-0.458486768,-20327.84178,20328.30027,-594.0193133,322.9633514,271.0560623,2
-0.455927275,-20791.01322,20791.46914,-594.5481099,317.3155179,277.2326109,2
-0.452719885,-21224.63948,21225.0922,-594.232021,311.2167616,283.0151968,2
-0.448869154,-21628.10438,21628.55325,-593.0714959,304.6757493,288.3956026,2
-0.444380556,-22000.83455,22001.27893,-591.0681838,297.7017761,293.3661825,2
-0.439260469,-22342.30034,22342.7396,-588.2249314,290.3047524,297.919873,2
-0.433516169,-22652.01649,22652.45001,-584.5457793,282.4951898,302.050203,2
-0.427155819,-22929.54289,22929.97005,-580.0359556,274.284186,305.7513032,2
-0.420188456,-23174.48515,23174.90534,-574.701869,265.6834094,309.017914,2
-0.412623983,-23386.49521,23386.90783,-568.5510997,256.7050821,311.8453935,2
-0.404473149,-23565.27177,23565.67624,-561.5923881,247.3619629,314.2297236,2
-0.395747536,-23710.56079,23710.95654,-553.835623,237.6673288,316.1675161,2
-0.386459545,-23822.15581,23822.54227,-545.2918272,227.6349564,317.6560172,2
-0.376622373,-23899.89824,23900.27486,-535.9731419,217.2791022,318.6931118,2
-0.36625,-23943.67761,23944.04386,-525.8928094,206.6144826,319.277326,2
-0.355357166,-23953.4317,23953.78706,-515.0651545,195.6562525,319.4078296,2
-0.34395935,-23929.14665,23929.49061,-503.5055638,184.4199842,319.0844373,2
-0.332072749,-23870.85698,23871.18905,-491.2304641,172.9216449,318.3076085,2
-0.319714254,-23778.64551,23778.96523,-478.257299,161.1775746,317.0784471,2
-0.306901428,-23652.64329,23652.95019,-464.6045042,149.2044621,315.3987,2
-0.293652478,-23493.02937,23493.32302,-450.2914809,137.0193218,313.270754,2
-0.279986232,-23300.03057,23300.31055,-435.3385689,124.6394697,310.6976332,2
-0.26592211,-23073.92114,23074.18707,-419.7670168,112.082498,307.682994,2
-0.251480098,-22815.02242,22815.2739,-403.5989529,99.36625096,304.2311204,2
-0.23668072,-22523.7023,22523.93898,-386.8573528,86.50879904,300.3469178,2
-0.221545005,-22200.37476,22200.59631,-369.5660072,73.52841338,296.0359058,2
-0.206094462,-21845.49928,21845.70537,-351.7494881,60.44353983,291.3042105,2
-0.190351048,-21459.58015,21459.7705,-333.4331137,47.27277269,286.1585561,2
-0.174337135,-21043.16578,21043.34011,-314.6429127,34.03482837,280.6062546,2
-0.158075479,-20596.84792,20597.00599,-295.4055868,20.74851868,274.6551963,2
-0.141589189,-20121.26081,20121.4024,-275.7484734,7.43272422,268.313838,2
-0.124901693,-19617.08029,19617.20519,-255.6995064,-5.893632551,261.591191,2
-0.108036705,-19085.02282,19085.13086,-235.2871764,-19.21161415,254.4968086,2
-0.091018191,-18525.8445,18525.93552,-214.5404904,-32.50229499,247.0407723,2
-0.073870336,-17940.33993,17940.4138,-193.4889306,-45.74678829,239.2336776,2
-0.056617506,-17329.34116,17329.39778,-172.1624125,-58.9262729,231.0866187,2
-0.03928422,-16693.71645,16693.75574,-150.5912422,-72.02202006,222.6111731,2
-0.021895109,-16034.36905,16034.39095,-128.8060735,-85.01541998,213.8193848,2
-0.004474883,-15352.23594,15352.24042,-106.8378643,-97.88800834,204.7237475,2
0.012951701,-14648.28646,14648.27351,-84.71783262,-110.6214925,195.3371866,2
0.030359881,-13923.52097,13923.49061,-62.47741229,-123.1977774,185.6730408,2
0.047724917,-13178.96938,13178.92166,-40.14820814,-135.5989916,175.7450434,2
0.065022133,-12415.68977,12415.62474,-17.7619512,-147.8075122,165.5673028,2
0.08222695,-11634.76677,11634.68455,4.649546457,-159.8059902,155.1542819,2
0.099314918,-10837.31014,10837.21083,27.05443685,-171.5773752,144.5207783,2
0.116261753,-10024.4531,10024.33684,49.42088141,-183.1049393,133.6819028,2
0.133043375,-9197.350757,9197.217714,71.71709619,-194.3723013,122.653058,2
0.149635934,-8357.178479,8357.028843,93.91139705,-205.3634496,111.4499165,2
0.166015853,-7505.130192,7504.964176,115.9722447,-216.0627652,100.0883985,2
0.182159853,-6642.416705,6642.234545,137.8682894,-226.4550438,88.58464946,2
0.198044995,-5770.26398,5770.065935,159.5684157,-236.5255174,76.95501678,2
0.213648704,-4889.911394,4889.697746,181.0417866,-246.2598752,65.21602681,2
0.228948807,-4002.609977,4002.381028,202.2578872,-255.6442844,53.3843613,2
0.243923561,-3109.620632,3109.376708,223.1865683,-264.665409,41.47683368,2
0.258551686,-2212.212346,2211.953794,243.7980891,-273.3104296,29.51036522,2
0.272812395,-1311.660385,1311.387572,264.0631594,-281.5670611,17.50196092,2
0.286685422,-409.2444823,408.9577969,283.9529815,-289.4235704,5.468685366,2
0.300151054,493.7529787,-494.0531298,303.4392909,-296.868793,-6.572361485,2
0.313190155,1396.04879,-1396.36198,322.4943965,-303.8921487,-18.60406865,2
0.325784196,2296.360739,-2296.686523,341.0912199,-310.4836571,-30.60933842,2
0.337915279,3193.409434,-3193.747349,359.203334,-316.6339513,-42.57111064,2
0.349566166,4085.92012,-4086.269686,376.8050005,-322.3342912,-54.47238698,2
0.360720301,4972.624489,-4972.985209,393.8712065,-327.5765765,-66.29625508,2
0.371361832,5852.262487,-5852.633849,410.3776999,-332.3533576,-78.02591258,2
0.381475638,6723.5841,-6723.965575,426.3010242,-336.6578464,-89.64469098,2
0.391047346,7585.351131,-7585.742179,441.6185514,-340.4839259,-101.1360794,2
0.400063355,8436.338964,-8436.739027,456.3085145,-343.8261591,-112.4837479,2
0.408510851,9275.338298,-9275.746808,470.3500382,-346.6797966,-123.6715708,2
0.416377831,10101.15687,-10101.57325,483.7231687,-349.0407831,-134.6836497,2
0.423653116,10912.62114,-10913.04479,496.4089022,-350.9057635,-145.5043357,2
0.430326366,11708.57798,-11709.00831,508.3892114,-352.2720877,-156.1182521,2
0.436388099,12487.89629,-12488.33268,519.6470718,-353.1378139,-166.5103159,2
0.441829701,13249.46862,-13249.91045,530.1664853,-353.501712,-176.6657595,2
0.446643438,13992.21273,-13992.65937,539.9325031,-353.3632648,-186.5701513,2
0.450822471,14715.07314,-14715.52396,548.9312473,-352.7226691,-196.2094167,2
0.45436086,15417.02262,-15417.47698,557.1499302,-351.5808352,-205.5698579,2
0.457253577,16097.06367,-16097.52093,564.5768726,-349.9393856,-214.638173,2
0.459496513,16754.22992,-16754.68941,571.2015203,-347.8006531,-223.4014755,2
0.461086478,17387.58748,-17388.04857,577.0144594,-345.1676767,-231.8473123,2
0.462021215,17996.23633,-17996.69836,582.0074294,-342.0441983,-239.9636814,2
0.462299394,18579.31155,-18579.77385,586.173335,-338.4346563,-247.739049,2
0.46192062,19135.98455,-19136.44647,589.5062562,-334.3441801,-255.1623658,2
0.460885432,19665.46426,-19665.92515,592.0014567,-329.7785826,-262.2230829,2
0.4591953,20166.99828,-20167.45747,593.6553908,-324.7443516,-268.9111667,2
0.456852627,20639.87389,-20640.33074,594.4657081,-319.2486412,-275.217113,2
0.453860741,21083.4191,-21083.87296,594.4312571,-313.299261,-281.1319607,2
0.450223894,21497.00363,-21497.45385,593.5520867,-306.9046653,-286.6473046,2
0.445947255,21880.03973,-21880.48568,591.8294464,-300.0739414,-291.7553069,2
0.4410369,22231.98311,-22232.42414,589.265784,-292.816796,-296.448709,2
0.435499807,22552.33361,-22552.76911,585.8647427,-285.1435418,-300.7208412,2
0.429343845,22840.63602,-22841.06537,581.6311556,-277.0650831,-304.5656326,2
0.422577763,23096.48064,-23096.90322,576.5710387,-268.5928998,-307.9776197,2
0.415211174,23319.50389,-23319.9191,570.6915829,-259.7390312,-310.9519537,2
0.407254547,23509.38885,-23509.7961,564.0011431,-250.5160593,-313.4844079,2
0.398719189,23665.86568,-23666.2644,556.5092268,-240.9370904,-315.5713836,2
0.38961723,23788.71202,-23789.10164,548.2264804,-231.0157366,-317.2099152,2
0.379961603,23877.75331,-23878.13327,539.1646742,-220.7660969,-318.3976741,2
0.36976603,23932.86299,-23933.23276,529.3366855,-210.2027364,-319.1329724,2
0.359044999,23953.96277,-23954.32182,518.7564804,-199.3406664,-319.4147654,2
0.347813746,23941.02266,-23941.37047,507.439094,-188.1953223,-319.2426525,2
0.33608823,23894.06104,-23894.39713,495.4006089,-176.7825424,-318.6168783,2
0.323885114,23813.14466,-23813.46854,482.6581323,-165.1185449,-317.5383321,2
0.31122174,23698.38849,-23698.69972,469.2297722,-153.2199048,-316.0085466,2
0.298116103,23549.95562,-23550.25374,455.1346109,-141.1035309,-314.0296956,2
0.284586827,23368.05697,-23368.34156,440.3926784,-128.7866412,-311.6045912,2
0.270653137,23152.95104,-23153.22169,425.0249238,-116.2867386,-308.7366797,2
0.256334834,22904.94349,-22905.19983,409.0531855,-103.6215861,-305.4300365,2
0.241652265,22624.38677,-22624.62842,392.5001603,-90.80918177,-301.6893604,2
0.226626296,22311.67955,-22311.90618,375.3893708,-77.86773258,-297.5199673,2
0.211278278,21967.26622,-21967.4775,357.7451325,-64.81562908,-292.927782,2
0.195630021,21591.6362,-21591.83183,339.5925189,-51.67141902,-287.9193303,2
0.179703764,21185.32328,-21185.50299,320.9573256,-38.45378105,-282.5017295,2
0.163522138,20748.90486,-20749.06838,301.8660345,-25.18149816,-276.6826782,2
0.147108139,20283.00111,-20283.14822,282.3457751,-11.87343097,-270.4704458,2
0.13048509,19788.27411,-19788.40459,262.424287,1.451509004,-263.87386,2
0.113676615,19265.42688,-19265.54056,242.1298797,14.77438631,-256.9022951,2
0.096706599,18715.20243,-18715.29914,221.4913925,28.0762684,-249.5656579,2
0.079599158,18138.38266,-18138.46226,200.5381539,41.33825258,-241.8743743,2
0.062378602,17535.78724,-17535.84962,179.2999396,54.54149284,-233.8393739,2
0.045069403,16908.27252,-16908.31759,157.8069303,67.66722666,-225.472075,2
0.027696158,16256.73022,-16256.75791,136.0896688,80.69680164,-216.784368,2
0.010283555,15582.08621,-15582.09649,114.1790163,93.61170205,-207.7885985,2
-0.007143662,14885.2992,-14885.29206,92.10610925,106.3935751,-198.49755,2
-0.024560727,14167.35937,-14167.33481,69.90231436,119.0242571,-188.9244256,2
-0.04194289,13429.28695,-13429.24501,47.59918446,131.4857991,-179.0828293,2
-0.05926545,12672.13078,-12672.07151,25.22841351,143.7604925,-168.9867465,2
-0.07650379,11896.96681,-11896.89031,2.821791601,155.8308945,-158.6505243,2
-0.093633414,11104.8966,-11104.80297,-19.58884023,167.6798522,-148.0888511,2
-0.11062998,10297.04573,-10296.9351,-41.97163524,179.2905277,-137.3167354,2
-0.127469335,9474.562193,-9474.434724,-64.29478626,190.6464215,-126.3494852,2
-0.144127549,8638.614785,-8638.470657,-86.52657088,201.7313963,-115.2026854,2
-0.16058095,7790.391431,-7790.23085,-108.6353965,212.5296998,-103.8921763,2
-0.176806156,6931.097506,-6930.9207,-130.5898453,223.0259869,-92.43403073,2
-0.192780112,6061.954111,-6061.761331,-152.3587187,233.205342,-80.84453136,2
-0.208480116,5184.196348,-5183.987868,-173.9110821,243.0532994,-69.14014748,2
-0.223883858,4299.071558,-4298.847675,-195.2163083,252.5558648,-57.33751166,2
-0.238969449,3407.837553,-3407.598583,-216.2441215,261.6995345,-45.45339611,2
-0.253715452,2511.760824,-2511.507108,-236.96464,270.4713149,-33.50468879,2
-0.268100911,1612.114745,-1611.846644,-257.3484187,278.8587407,-21.50836948,2
-0.282105384,710.1777627,-709.8956573,-277.3664912,286.849893,-9.481485596,2
-0.29570897,-192.7684208,193.0641298,-296.9904108,294.4334159,2.558871996,2
-0.308892337,-1095.44067,1095.749562,-316.1922907,301.5985328,14.59559329,2
-0.321636751,-1996.556238,1996.877875,-334.9448441,308.3350617,26.61157345,2
-0.333924102,-2894.83459,2895.168514,-353.2214226,314.6334296,38.58973711,2
-0.345736929,-3788.999224,3789.344961,-370.996054,320.4846861,50.51306264,2
-0.357058444,-4677.779483,4678.136541,-388.2434798,325.8805164,62.36460634,2
-0.36787256,-5559.912361,5560.280233,-404.9391904,330.8132527,74.12752653,2
-0.378163908,-6434.144299,6434.522463,-421.0594602,335.2758852,85.78510744,2
-0.387917866,-7299.232966,7299.620884,-436.5813815,339.2620723,97.32078302,2
-0.39712057,-8153.949024,8154.346145,-451.4828967,342.7661495,108.7181604,2
-0.405758945,-8997.077874,8997.483633,-465.7428301,345.7831372,119.9610434,2
-0.413820714,-9827.421384,9827.835205,-479.3409174,348.3087482,131.0334552,2
-0.421294421,-10643.79959,10644.22089,-492.257835,350.3393933,141.9196612,2
-0.428169445,-11445.05238,11445.48055,-504.4752273,351.872187,152.6041917,2
-0.434436017,-12230.04112,12230.47555,-515.9757327,352.9049511,163.0718632,2
-0.440085232,-12997.6503,12998.09038,-526.7430083,353.436218,173.3078007,2
-0.445109062,-13746.78911,13747.23422,-536.7617534,353.4652326,183.2974584,2
-0.449500368,-14476.39298,14476.84248,-546.0177306,352.9919538,193.0266403,2
-0.453252909,-15185.4251,15185.87835,-554.4977867,352.0170541,202.4815208,2
-0.456361352,-15872.8779,15873.33426,-562.1898711,350.5419189,211.6486639,2
-0.458821281,-16537.77448,16538.2333,-569.083053,348.5686445,220.5150428,2
-0.460629201,-17179.16997,17179.6306,-575.1675367,346.1000349,229.0680577,2
-0.46178254,-17796.15292,17796.61471,-580.4346758,343.1395983,237.2955543,2
-0.462279662,-18387.84657,18388.30885,-584.8769855,339.6915415,245.185841,2
-0.462119859,-18953.41008,18953.8722,-588.4881531,335.7607645,252.7277052,2
-0.461303358,-19492.03975,19492.50106,-591.2630467,331.352853,259.9104295,2
-0.45983132,-20002.97017,20003.43001,-593.1977232,326.474071,266.7238069,2
-0.457705836,-20485.47528,20485.93299,-594.2894333,321.1313515,273.1581551,2
-0.454929928,-20938.8694,20939.32433,-594.5366256,315.3322867,279.2043306,2
-0.451507539,-21362.50825,21362.95976,-593.9389488,309.0851175,284.8537416,2
-0.447443533,-21755.7898,21756.23725,-592.4972523,302.3987215,290.0983597,2
-0.442743685,-22118.15519,22118.59793,-590.2135847,295.2826003,294.9307322,2
-0.437414675,-22449.08946,22449.52688,-587.0911913,287.7468664,299.343992,2
-0.431464074,-22748.12235,22748.55382,-583.1345093,279.8022285,303.3318676,2
-0.424900339,-23014.82892,23015.25382,-578.3491612,271.4599762,306.8886921,2
-0.417732798,-23248.83015,23249.24788,-572.7419473,262.7319645,310.0094109,2
-0.409971635,-23449.79353,23450.2035,-566.3208357,253.6305963,312.6895894,2
-0.40162788,-23617.43346,23617.83509,-559.0949512,244.1688052,314.9254188,2
-0.39271339,-23751.51173,23751.90444,-551.0745623,234.3600368,316.713722,2
-0.383240833,-23851.8378,23852.22104,-542.2710662,224.21823,318.0519577,2
-0.37322367,-23918.2691,23918.64233,-532.6969732,213.7577967,318.9382241,2
-0.362676135,-23950.71124,23951.07391,-522.3658887,202.993602,319.3712619,2
-0.351613218,-23949.1181,23949.46971,-511.2924937,191.9409423,319.3504556,2
-0.340050639,-23913.49196,23913.83201,-499.4925241,180.6155239,318.8758349,2
-0.328004829,-23843.88343,23844.21144,-486.9827483,169.0334411,317.9480741,2
-0.315492907,-23740.39145,23740.70694,-473.7809434,157.2111524,316.5684918,2
-0.302532652,-23603.16306,23603.4656,-459.9058698,145.1654582,314.7390483,2
-0.289142482,-23432.39329,23432.68244,-445.3772448,132.9134758,312.4623433,2
-0.275341424,-23228.32481,23228.60015,-430.2157143,120.4726161,309.7416123,2
-0.261149091,-22991.24761,22991.50876,-414.4428238,107.8605583,306.5807215,2
-0.246585651,-22721.49859,22721.74517,-398.0809874,95.09522468,302.9841628,2
-0.2316718,-22419.46107,22419.69274,-381.1534561,82.19475556,298.9570469,2
-0.216428729,-22085.56427,22085.7807,-363.6842849,69.17748319,294.5050968,2
-0.200878102,-21720.28268,21720.48356,-345.6982984,56.06190584,289.6346387,2
-0.185042016,-21324.13538,21324.32042,-327.2210557,42.86666145,284.3525941,2
-0.168942976,-20897.68531,20897.85426,-308.278814,29.61050118,278.6664688,2
-0.152603858,-20441.53849,20441.6911,-288.8984912,16.31226278,272.5843432,2
-0.136047881,-19956.34313,19956.47918,-269.1076278,2.990843752,266.1148603,2
-0.119298573,-19442.78871,19442.90801,-248.9343478,-10.33482542,259.2672137,2
-0.102379736,-18901.60502,18901.7074,-228.4073185,-23.64580825,252.0511342,2
-0.085315411,-18333.56112,18333.64643,-207.5557099,-36.92318909,244.4768762,2
-0.068129848,-17739.46422,17739.53235,-186.4091532,-50.14810005,236.5552032,2
-0.050847469,-17120.15858,17120.20942,-164.9976989,-63.30174782,228.2973723,2
-0.033492833,-16476.52425,16476.55774,-143.3517739,-76.36544034,219.7151183,2
-0.016090602,-15809.47588,15809.49197,-121.5021382,-89.3206134,210.8206372,2
0.001334495,-15119.96138,15119.96005,-99.47984127,-102.148857,201.6265683,2
0.018757695,-14408.96059,14408.94183,-77.31617805,-114.8319414,192.1459771,2
0.03615424,-13677.48387,13677.44772,-55.04264431,-127.3518434,182.392336,2
0.053499407,-12926.57071,12926.51721,-32.69089196,-139.6907715,172.3795054,2
0.070768549,-12157.28818,12157.21741,-10.29268406,-151.8311913,162.121714,2
0.087937125,-11370.72947,11370.64154,12.1201503,-163.7558507,151.6335388,2
0.104980738,-10568.01234,10567.90736,34.51576126,-175.447804,140.9298841,2
0.121875167,-9750.277486,9750.155611,56.86232344,-186.8904365,130.0259603,2
0.138596405,-8918.686953,8918.548357,79.12808115,-198.0674874,118.9372625,2
0.15512069,-8074.422477,8074.267357,101.2813935,-208.9630735,107.6795483,2
0.171424539,-7218.683806,7218.512381,123.2907795,-219.5617117,96.2688156,2
0.187484786,-6352.686989,6352.499505,145.1249625,-229.8483407,84.72127964,2
0.203278606,-5477.662657,5477.459379,166.752915,-239.8083426,73.05335011,2
0.218783556,-4594.854267,4594.635483,188.1439025,-249.4275638,61.28160777,2
0.233977602,-3705.516337,3705.282359,209.2675273,-258.6923347,49.42278092,2
0.248839154,-2810.912666,2810.663826,230.0937714,-267.5894897,37.49372158,2
0.263347091,-1912.314533,1912.051186,250.5930396,-276.1063853,25.51138162,2
0.277480798,-1010.998898,1010.721417,270.7362015,-284.2309187,13.49278859,2
0.29122019,-108.2465774,107.9553573,290.4946324,-291.9515444,1.455021567,2
0.304545741,794.6595673,-794.964113,309.8402545,-299.257291,-10.58481312,2
0.317438517,1696.436457,-1696.753896,328.7455767,-306.1377766,-22.60960621,2
0.329880195,2595.802618,-2596.132498,347.1837334,-312.5832236,-34.60226981,2
0.341853095,3491.480002,-3491.821855,365.128523,-318.5844728,-46.5457617,2
0.353340203,4382.195801,-4382.549141,382.5544451,-324.132996,-58.4231095,2
0.364325196,5266.68426,-5267.048585,399.4367363,-329.2209085,-70.21743488,2
0.374792462,6143.688473,-6144.063265,415.751406,-333.8409801,-81.91197743,2
0.384727128,7011.962168,-7012.346895,431.4752703,-337.9866453,-93.49011859,2
0.394115076,7870.271481,-7870.665596,446.5859846,-341.6520131,-104.9354052,2
0.402942964,8717.396708,-8717.799651,461.0620758,-344.8318746,-116.2315728,2
0.411198249,9552.134037,-9552.545236,474.8829725,-347.5217112,-127.362569,2
0.418869198,10373.29726,-10373.71613,488.0290346,-349.7177004,-138.312576,2
0.425944911,11179.71946,-11180.14541,500.4815807,-351.4167217,-149.0660333,2
0.432415333,11970.25467,-11970.68709,512.222915,-352.6163605,-159.6076596,2
0.43827127,12743.77949,-12744.21776,523.2363526,-353.3149122,-169.9224747,2
0.443504399,13499.1947,-13499.63821,533.5062427,-353.5113841,-179.9958206,2
0.448107284,14235.42682,-14235.87493,543.0179913,-353.2054969,-189.8133826,2
0.452073383,14951.42962,-14951.88169,551.7580815,-352.3976854,-199.3612095,2
0.455397062,15646.18562,-15646.64102,559.7140933,-351.0890976,-208.6257331,2
0.458073597,16318.70753,-16319.16561,566.8747208,-349.2815929,-217.5937882,2
0.460099184,16968.03967,-16968.49977,573.2297883,-346.9777399,-226.2526306,2
0.461470945,17593.25929,-17593.72076,578.7702649,-344.1808126,-234.5899556,2
0.462186931,18193.47793,-18193.94012,583.4882772,-340.8947855,-242.5939154,2
0.462246123,18767.84264,-18768.30489,587.3771208,-337.1243283,-250.253136,2
0.461648439,19315.53722,-19315.99887,590.4312694,-332.8747989,-257.5567332,2
0.460394727,19835.78337,-19836.24376,592.6463828,-328.1522363,-264.4943283,2
0.458486768,20327.84178,-20328.30027,594.0193133,-322.9633514,-271.0560623,2
0.455927275,20791.01322,-20791.46914,594.5481099,-317.3155179,-277.2326109,2
0.452719885,21224.63948,-21225.0922,594.232021,-311.2167616,-283.0151968,2
0.448869154,21628.10438,-21628.55325,593.0714959,-304.6757493,-288.3956026,2
0.444380556,22000.83455,-22001.27893,591.0681838,-297.7017761,-293.3661825,2
0.439260469,22342.30034,-22342.7396,588.2249314,-290.3047524,-297.919873,2
0.433516169,22652.01649,-22652.45001,584.5457793,-282.4951898,-302.050203,2
0.427155819,22929.54289,-22929.97005,580.0359556,-274.284186,-305.7513032,2
0.420188456,23174.48515,-23174.90534,574.701869,-265.6834094,-309.017914,2
0.412623983,23386.49521,-23386.90783,568.5510997,-256.7050821,-311.8453935,2
0.404473149,23565.27177,-23565.67624,561.5923881,-247.3619629,-314.2297236,2
0.395747536,23710.56079,-23710.95654,553.835623,-237.6673288,-316.1675161,2
0.386459545,23822.15581,-23822.54227,545.2918272,-227.6349564,-317.6560172,2
0.376622373,23899.89824,-23900.27486,535.9731419,-217.2791022,-318.6931118,2
0.36625,23943.67761,-23944.04386,525.8928094,-206.6144826,-319.277326,2
0.355357166,23953.4317,-23953.78706,515.0651545,-195.6562525,-319.4078296,2
0.34395935,23929.14665,-23929.49061,503.5055638,-184.4199842,-319.0844373,2
0.332072749,23870.85698,-23871.18905,491.2304641,-172.9216449,-318.3076085,2
0.319714254,23778.64551,-23778.96523,478.257299,-161.1775746,-317.0784471,2
0.306901428,23652.64329,-23652.95019,464.6045042,-149.2044621,-315.3987,2
0.293652478,23493.02937,-23493.32302,450.2914809,-137.0193218,-313.270754,2
0.279986232,23300.03057,-23300.31055,435.3385689,-124.6394697,-310.6976332,2
0.26592211,23073.92114,-23074.18707,419.7670168,-112.082498,-307.682994,2
0.251480098,22815.02242,-22815.2739,403.5989529,-99.36625096,-304.2311204,2
0.23668072,22523.7023,-22523.93898,386.8573528,-86.50879904,-300.3469178,2
0.221545005,22200.37476,-22200.59631,369.5660072,-73.52841338,-296.0359058,2
0.206094462,21845.49928,-21845.70537,351.7494881,-60.44353983,-291.3042105,2
0.190351048,21459.58015,-21459.7705,333.4331137,-47.27277269,-286.1585561,2
0.174337135,21043.16578,-21043.34011,314.6429127,-34.03482837,-280.6062546,2
0.158075479,20596.84792,-20597.00599,295.4055868,-20.74851868,-274.6551963,2
0.141589189,20121.26081,-20121.4024,275.7484734,-7.43272422,-268.313838,2
0.124901693,19617.08029,-19617.20519,255.6995064,5.893632551,-261.591191,2
0.108036705,19085.02282,-19085.13086,235.2871764,19.21161415,-254.4968086,2
0.091018191,18525.8445,-18525.93552,214.5404904,32.50229499,-247.0407723,2
0.073870336,17940.33993,-17940.4138,193.4889306,45.74678829,-239.2336776,2
0.056617506,17329.34116,-17329.39778,172.1624125,58.9262729,-231.0866187,2
0.03928422,16693.71645,-16693.75574,150.5912422,72.02202006,-222.6111731,2
0.021895109,16034.36905,-16034.39095,128.8060735,85.01541998,-213.8193848,2
0.004474883,15352.23594,-15352.24042,106.8378643,97.88800834,-204.7237475,2
-0.012951701,14648.28646,-14648.27351,84.71783262,110.6214925,-195.3371866,2
-0.030359881,13923.52097,-13923.49061,62.47741229,123.1977774,-185.6730408,2
-0.047724917,13178.96938,-13178.92166,40.14820814,135.5989916,-175.7450434,2
-0.065022133,12415.68977,-12415.62474,17.7619512,147.8075122,-165.5673028,2
-0.08222695,11634.76677,-11634.68455,-4.649546457,159.8059902,-155.1542819,2
-0.099314918,10837.31014,-10837.21083,-27.05443685,171.5773752,-144.5207783,2
-0.116261753,10024.4531,-10024.33684,-49.42088141,183.1049393,-133.6819028,2
-0.133043375,9197.350757,-9197.217714,-71.71709619,194.3723013,-122.653058,2
-0.149635934,8357.178479,-8357.028843,-93.91139705,205.3634496,-111.4499165,2
-0.166015853,7505.130192,-7504.964176,-115.9722447,216.0627652,-100.0883985,2
-0.182159853,6642.416705,-6642.234545,-137.8682894,226.4550438,-88.58464946,2
-0.198044995,5770.26398,-5770.065935,-159.5684157,236.5255174,-76.95501678,2
-0.213648704,4889.911394,-4889.697746,-181.0417866,246.2598752,-65.21602681,2
-0.228948807,4002.609977,-4002.381028,-202.2578872,255.6442844,-53.3843613,2
-0.243923561,3109.620632,-3109.376708,-223.1865683,264.665409,-41.47683368,2
-0.258551686,2212.212346,-2211.953794,-243.7980891,273.3104296,-29.51036522,2
-0.272812395,1311.660385,-1311.387572,-264.0631594,281.5670611,-17.50196092,2
-0.286685422,409.2444823,-408.9577969,-283.9529815,289.4235704,-5.468685366,2
-0.300151054,-493.7529787,494.0531298,-303.4392909,296.868793,6.572361485,2
-0.313190155,-1396.04879,1396.36198,-322.4943965,303.8921487,18.60406865,2
-0.325784196,-2296.360739,2296.686523,-341.0912199,310.4836571,30.60933842,2
-0.337915279,-3193.409434,3193.747349,-359.203334,316.6339513,42.57111064,2
-0.349566166,-4085.92012,4086.269686,-376.8050005,322.3342912,54.47238698,2
-0.360720301,-4972.624489,4972.985209,-393.8712065,327.5765765,66.29625508,2
-0.371361832,-5852.262487,5852.633849,-410.3776999,332.3533576,78.02591258,2
-0.381475638,-6723.5841,6723.965575,-426.3010242,336.6578464,89.64469098,2
-0.391047346,-7585.351131,7585.742179,-441.6185514,340.4839259,101.1360794,2
-0.400063355,-8436.338964,8436.739027,-456.3085145,343.8261591,112.4837479,2
-0.408510851,-9275.338298,9275.746808,-470.3500382,346.6797966,123.6715708,2
-0.416377831,-10101.15687,10101.57325,-483.7231687,349.0407831,134.6836497,2
-0.423653116,-10912.62114,10913.04479,-496.4089022,350.9057635,145.5043357,2
-0.430326366,-11708.57798,11709.00831,-508.3892114,352.2720877,156.1182521,2
-0.436388099,-12487.89629,12488.33268,-519.6470718,353.1378139,166.5103159,2
-0.441829701,-13249.46862,13249.91045,-530.1664853,353.501712,176.6657595,2
-0.446643438,-13992.21273,13992.65937,-539.9325031,353.3632648,186.5701513,2
-0.450822471,-14715.07314,14715.52396,-548.9312473,352.7226691,196.2094167,2
-0.45436086,-15417.02262,15417.47698,-557.1499302,351.5808352,205.5698579,2
-0.457253577,-16097.06367,16097.52093,-564.5768726,349.9393856,214.638173,2
-0.459496513,-16754.22992,16754.68941,-571.2015203,347.8006531,223.4014755,2
-0.461086478,-17387.58748,17388.04857,-577.0144594,345.1676767,231.8473123,2
-0.462021215,-17996.23633,17996.69836,-582.0074294,342.0441983,239.9636814,2
-0.462299394,-18579.31155,18579.77385,-586.173335,338.4346563,247.739049,2
-0.46192062,-19135.98455,19136.44647,-589.5062562,334.3441801,255.1623658,2
-0.460885432,-19665.46426,19665.92515,-592.0014567,329.7785826,262.2230829,2
-0.4591953,-20166.99828,20167.45747,-593.6553908,324.7443516,268.9111667,2
-0.456852627,-20639.87389,20640.33074,-594.4657081,319.2486412,275.217113,2
-0.453860741,-21083.4191,21083.87296,-594.4312571,313.299261,281.1319607,2
-0.450223894,-21497.00363,21497.45385,-593.5520867,306.9046653,286.6473046,2
-0.445947255,-21880.03973,21880.48568,-591.8294464,300.0739414,291.7553069,2
-0.4410369,-22231.98311,22232.42414,-589.265784,292.816796,296.448709,2
-0.435499807,-22552.33361,22552.76911,-585.8647427,285.1435418,300.7208412,2
-0.429343845,-22840.63602,22841.06537,-581.6311556,277.0650831,304.5656326,2
-0.422577763,-23096.48064,23096.90322,-576.5710387,268.5928998,307.9776197,2
-0.415211174,-23319.50389,23319.9191,-570.6915829,259.7390312,310.9519537,2
-0.407254547,-23509.38885,23509.7961,-564.0011431,250.5160593,313.4844079,2
-0.398719189,-23665.86568,23666.2644,-556.5092268,240.9370904,315.5713836,2
-0.38961723,-23788.71202,23789.10164,-548.2264804,231.0157366,317.2099152,2
-0.379961603,-23877.75331,23878.13327,-539.1646742,220.7660969,318.3976741,2
-0.36976603,-23932.86299,23933.23276,-529.3366855,210.2027364,319.1329724,2
-0.359044999,-23953.96277,23954.32182,-518.7564804,199.3406664,319.4147654,2
-0.347813746,-23941.02266,23941.37047,-507.439094,188.1953223,319.2426525,2
-0.33608823,-23894.06104,23894.39713,-495.4006089,176.7825424,318.6168783,2
-0.323885114,-23813.14466,23813.46854,-482.6581323,165.1185449,317.5383321,2
-0.31122174,-23698.38849,23698.69972,-469.2297722,153.2199048,316.0085466,2
-0.298116103,-23549.95562,23550.25374,-455.1346109,141.1035309,314.0296956,2
-0.284586827,-23368.05697,23368.34156,-440.3926784,128.7866412,311.6045912,2
-0.270653137,-23152.95104,23153.22169,-425.0249238,116.2867386,308.7366797,2
-0.256334834,-22904.94349,22905.19983,-409.0531855,103.6215861,305.4300365,2
-0.241652265,-22624.38677,22624.62842,-392.5001603,90.80918177,301.6893604,2
-0.226626296,-22311.67955,22311.90618,-375.3893708,77.86773258,297.5199673,2
-0.211278278,-21967.26622,21967.4775,-357.7451325,64.81562908,292.927782,2
-0.195630021,-21591.6362,21591.83183,-339.5925189,51.67141902,287.9193303,2
-0.179703764,-21185.32328,21185.50299,-320.9573256,38.45378105,282.5017295,2
-0.163522138,-20748.90486,20749.06838,-301.8660345,25.18149816,276.6826782,2
-0.147108139,-20283.00111,20283.14822,-282.3457751,11.87343097,270.4704458,2
-0.13048509,-19788.27411,19788.40459,-262.424287,-1.451509004,263.87386,2
-0.113676615,-19265.42688,19265.54056,-242.1298797,-14.77438631,256.9022951,2
-0.096706599,-18715.20243,18715.29914,-221.4913925,-28.0762684,249.5656579,2
-0.079599158,-18138.38266,18138.46226,-200.5381539,-41.33825258,241.8743743,2
-0.062378602,-17535.78724,17535.84962,-179.2999396,-54.54149284,233.8393739,2
-0.045069403,-16908.27252,16908.31759,-157.8069303,-67.66722666,225.472075,2
-0.027696158,-16256.73022,16256.75791,-136.0896688,-80.69680164,216.784368,2
-0.010283555,-15582.08621,15582.09649,-114.1790163,-93.61170205,207.7885985,2
0.007143662,-14885.2992,14885.29206,-92.10610925,-106.3935751,198.49755,2
0.024560727,-14167.35937,14167.33481,-69.90231436,-119.0242571,188.9244256,2
0.04194289,-13429.28695,13429.24501,-47.59918446,-131.4857991,179.0828293,2
0.05926545,-12672.13078,12672.07151,-25.22841351,-143.7604925,168.9867465,2
0.07650379,-11896.96681,11896.89031,-2.821791601,-155.8308945,158.6505243,2
0.093633414,-11104.8966,11104.80297,19.58884023,-167.6798522,148.0888511,2
0.11062998,-10297.04573,10296.9351,41.97163524,-179.2905277,137.3167354,2
0.127469335,-9474.562193,9474.434724,64.29478626,-190.6464215,126.3494852,2
0.144127549,-8638.614785,8638.470657,86.52657088,-201.7313963,115.2026854,2
0.16058095,-7790.391431,7790.23085,108.6353965,-212.5296998,103.8921763,2
0.176806156,-6931.097506,6930.9207,130.5898453,-223.0259869,92.43403073,2
0.192780112,-6061.954111,6061.761331,152.3587187,-233.205342,80.84453136,2
0.208480116,-5184.196348,5183.987868,173.9110821,-243.0532994,69.14014748,2
0.223883858,-4299.071558,4298.847675,195.2163083,-252.5558648,57.33751166,2
0.238969449,-3407.837553,3407.598583,216.2441215,-261.6995345,45.45339611,2
0.253715452,-2511.760824,2511.507108,236.96464,-270.4713149,33.50468879,2
0.268100911,-1612.114745,1611.846644,257.3484187,-278.8587407,21.50836948,2
0.282105384,-710.1777627,709.8956573,277.3664912,-286.849893,9.481485596,2
0.29570897,192.7684208,-193.0641298,296.9904108,-294.4334159,-2.558871996,2
0.308892337,1095.44067,-1095.749562,316.1922907,-301.5985328,-14.59559329,2
0.321636751,1996.556238,-1996.877875,334.9448441,-308.3350617,-26.61157345,2
0.333924102,2894.83459,-2895.168514,353.2214226,-314.6334296,-38.58973711,2
0.345736929,3788.999224,-3789.344961,370.996054,-320.4846861,-50.51306264,2
0.357058444,4677.779483,-4678.136541,388.2434798,-325.8805164,-62.36460634,2
0.36787256,5559.912361,-5560.280233,404.9391904,-330.8132527,-74.12752653,2
0.378163908,6434.144299,-6434.522463,421.0594602,-335.2758852,-85.78510744,2
0.387917866,7299.232966,-7299.620884,436.5813815,-339.2620723,-97.32078302,2
0.39712057,8153.949024,-8154.346145,451.4828967,-342.7661495,-108.7181604,2
0.405758945,8997.077874,-8997.483633,465.7428301,-345.7831372,-119.9610434,2
0.413820714,9827.421384,-9827.835205,479.3409174,-348.3087482,-131.0334552,2
0.421294421,10643.79959,-10644.22089,492.257835,-350.3393933,-141.9196612,2
0.428169445,11445.05238,-11445.48055,504.4752273,-351.872187,-152.6041917,2
0.434436017,12230.04112,-12230.47555,515.9757327,-352.9049511,-163.0718632,2
0.440085232,12997.6503,-12998.09038,526.7430083,-353.436218,-173.3078007,2
0.445109062,13746.78911,-13747.23422,536.7617534,-353.4652326,-183.2974584,2
0.449500368,14476.39298,-14476.84248,546.0177306,-352.9919538,-193.0266403,2
0.453252909,15185.4251,-15185.87835,554.4977867,-352.0170541,-202.4815208,2
0.456361352,15872.8779,-15873.33426,562.1898711,-350.5419189,-211.6486639,2
0.458821281,16537.77448,-16538.2333,569.083053,-348.5686445,-220.5150428,2
0.460629201,17179.16997,-17179.6306,575.1675367,-346.1000349,-229.0680577,2
0.46178254,17796.15292,-17796.61471,580.4346758,-343.1395983,-237.2955543,2
0.462279662,18387.84657,-18388.30885,584.8769855,-339.6915415,-245.185841,2
0.462119859,18953.41008,-18953.8722,588.4881531,-335.7607645,-252.7277052,2
0.461303358,19492.03975,-19492.50106,591.2630467,-331.352853,-259.9104295,2
0.45983132,20002.97017,-20003.43001,593.1977232,-326.474071,-266.7238069,2
0.457705836,20485.47528,-20485.93299,594.2894333,-321.1313515,-273.1581551,2
0.454929928,20938.8694,-20939.32433,594.5366256,-315.3322867,-279.2043306,2
0.451507539,21362.50825,-21362.95976,593.9389488,-309.0851175,-284.8537416,2
0.447443533,21755.7898,-21756.23725,592.4972523,-302.3987215,-290.0983597,2
0.442743685,22118.15519,-22118.59793,590.2135847,-295.2826003,-294.9307322,2
0.437414675,22449.08946,-22449.52688,587.0911913,-287.7468664,-299.343992,2
0.431464074,22748.12235,-22748.55382,583.1345093,-279.8022285,-303.3318676,2
0.424900339,23014.82892,-23015.25382,578.3491612,-271.4599762,-306.8886921,2
0.417732798,23248.83015,-23249.24788,572.7419473,-262.7319645,-310.0094109,2
0.409971635,23449.79353,-23450.2035,566.3208357,-253.6305963,-312.6895894,2
0.40162788,23617.43346,-23617.83509,559.0949512,-244.1688052,-314.9254188,2
0.39271339,23751.51173,-23751.90444,551.0745623,-234.3600368,-316.713722,2
0.383240833,23851.8378,-23852.22104,542.2710662,-224.21823,-318.0519577,2
0.37322367,23918.2691,-23918.64233,532.6969732,-213.7577967,-318.9382241,2
0.362676135,23950.71124,-23951.07391,522.3658887,-202.993602,-319.3712619,2
0.351613218,23949.1181,-23949.46971,511.2924937,-191.9409423,-319.3504556,2
0.340050639,23913.49196,-23913.83201,499.4925241,-180.6155239,-318.8758349,2
0.328004829,23843.88343,-23844.21144,486.9827483,-169.0334411,-317.9480741,2
0.315492907,23740.39145,-23740.70694,473.7809434,-157.2111524,-316.5684918,2
0.302532652,23603.16306,-23603.4656,459.9058698,-145.1654582,-314.7390483,2
0.289142482,23432.39329,-23432.68244,445.3772448,-132.9134758,-312.4623433,2
0.275341424,23228.32481,-23228.60015,430.2157143,-120.4726161,-309.7416123,2
0.261149091,22991.24761,-22991.50876,414.4428238,-107.8605583,-306.5807215,2
0.246585651,22721.49859,-22721.74517,398.0809874,-95.09522468,-302.9841628,2
0.2316718,22419.46107,-22419.69274,381.1534561,-82.19475556,-298.9570469,2
0.216428729,22085.56427,-22085.7807,363.6842849,-69.17748319,-294.5050968,2
0.200878102,21720.28268,-21720.48356,345.6982984,-56.06190584,-289.6346387,2
0.185042016,21324.13538,-21324.32042,327.2210557,-42.86666145,-284.3525941,2
0.168942976,20897.68531,-20897.85426,308.278814,-29.61050118,-278.6664688,2
0.152603858,20441.53849,-20441.6911,288.8984912,-16.31226278,-272.5843432,2
0.136047881,19956.34313,-19956.47918,269.1076278,-2.990843752,-266.1148603,2
0.119298573,19442.78871,-19442.90801,248.9343478,10.33482542,-259.2672137,2
0.102379736,18901.60502,-18901.7074,228.4073185,23.64580825,-252.0511342,2
0.085315411,18333.56112,-18333.64643,207.5557099,36.92318909,-244.4768762,2
0.068129848,17739.46422,-17739.53235,186.4091532,50.14810005,-236.5552032,2
0.050847469,17120.15858,-17120.20942,164.9976989,63.30174782,-228.2973723,2
0.033492833,16476.52425,-16476.55774,143.3517739,76.36544034,-219.7151183,2
0.016090602,15809.47588,-15809.49197,121.5021382,89.3206134,-210.8206372,2
-0.001334495,15119.96138,-15119.96005,99.47984127,102.148857,-201.6265683,2
-0.018757695,14408.96059,-14408.94183,77.31617805,114.8319414,-192.1459771,2
-0.03615424,13677.48387,-13677.44772,55.04264431,127.3518434,-182.392336,2
-0.053499407,12926.57071,-12926.51721,32.69089196,139.6907715,-172.3795054,2
-0.070768549,12157.28818,-12157.21741,10.29268406,151.8311913,-162.121714,2
-0.087937125,11370.72947,-11370.64154,-12.1201503,163.7558507,-151.6335388,2
-0.104980738,10568.01234,-10567.90736,-34.51576126,175.447804,-140.9298841,2
-0.121875167,9750.277486,-9750.155611,-56.86232344,186.8904365,-130.0259603,2
-0.138596405,8918.686953,-8918.548357,-79.12808115,198.0674874,-118.9372625,2
-0.15512069,8074.422477,-8074.267357,-101.2813935,208.9630735,-107.6795483,2
-0.171424539,7218.683806,-7218.512381,-123.2907795,219.5617117,-96.2688156,2
-0.187484786,6352.686989,-6352.499505,-145.1249625,229.8483407,-84.72127964,2
-0.203278606,5477.662657,-5477.459379,-166.752915,239.8083426,-73.05335011,2
-0.218783556,4594.854267,-4594.635483,-188.1439025,249.4275638,-61.28160777,2
-0.233977602,3705.516337,-3705.282359,-209.2675273,258.6923347,-49.42278092,2
-0.248839154,2810.912666,-2810.663826,-230.0937714,267.5894897,-37.49372158,2
-0.263347091,1912.314533,-1912.051186,-250.5930396,276.1063853,-25.51138162,2
-0.277480798,1010.998898,-1010.721417,-270.7362015,284.2309187,-13.49278859,2
-0.29122019,108.2465774,-107.9553573,-290.4946324,291.9515444,-1.455021567,2
-0.304545741,-794.6595673,794.964113,-309.8402545,299.257291,10.58481312,2
-0.317438517,-1696.436457,1696.753896,-328.7455767,306.1377766,22.60960621,2
-0.329880195,-2595.802618,2596.132498,-347.1837334,312.5832236,34.60226981,2
-0.341853095,-3491.480002,3491.821855,-365.128523,318.5844728,46.5457617,2
-0.353340203,-4382.195801,4382.549141,-382.5544451,324.132996,58.4231095,2
-0.364325196,-5266.68426,5267.048585,-399.4367363,329.2209085,70.21743488,2
-0.374792462,-6143.688473,6144.063265,-415.751406,333.8409801,81.91197743,2
-0.384727128,-7011.962168,7012.346895,-431.4752703,337.9866453,93.49011859,2
-0.394115076,-7870.271481,7870.665596,-446.5859846,341.6520131,104.9354052,2
-0.402942964,-8717.396708,8717.799651,-461.0620758,344.8318746,116.2315728,2
-0.411198249,-9552.134037,9552.545236,-474.8829725,347.5217112,127.362569,2
-0.418869198,-10373.29726,10373.71613,-488.0290346,349.7177004,138.312576,2
-0.425944911,-11179.71946,11180.14541,-500.4815807,351.4167217,149.0660333,2
-0.432415333,-11970.25467,11970.68709,-512.222915,352.6163605,159.6076596,2
-0.43827127,-12743.77949,12744.21776,-523.2363526,353.3149122,169.9224747,2
-0.443504399,-13499.1947,13499.63821,-533.5062427,353.5113841,179.9958206,2
-0.448107284,-14235.42682,14235.87493,-543.0179913,353.2054969,189.8133826,2
-0.452073383,-14951.42962,14951.88169,-551.7580815,352.3976854,199.3612095,2
-0.455397062,-15646.18562,15646.64102,-559.7140933,351.0890976,208.6257331,2
-0.458073597,-16318.70753,16319.16561,-566.8747208,349.2815929,217.5937882,2
-0.460099184,-16968.03967,16968.49977,-573.2297883,346.9777399,226.2526306,2
-0.461470945,-17593.25929,17593.72076,-578.7702649,344.1808126,234.5899556,2
-0.462186931,-18193.47793,18193.94012,-583.4882772,340.8947855,242.5939154,2
-0.462246123,-18767.84264,18768.30489,-587.3771208,337.1243283,250.253136,2
-0.461648439,-19315.53722,19315.99887,-590.4312694,332.8747989,257.5567332,2
-0.460394727,-19835.78337,19836.24376,-592.6463828,328.1522363,264.4943283,2
-0.458486768,-20327.84178,20328.30027,-594.0193133,322.9633514,271.0560623,2
-0.455927275,-20791.01322,20791.46914,-594.5481099,317.3155179,277.2326109,2
-0.452719885,-21224.63948,21225.0922,-594.232021,311.2167616,283.0151968,2
-0.448869154,-21628.10438,21628.55325,-593.0714959,304.6757493,288.3956026,2
-0.444380556,-22000.83455,22001.27893,-591.0681838,297.7017761,293.3661825,2
-0.439260469,-22342.30034,22342.7396,-588.2249314,290.3047524,297.919873,2
-0.433516169,-22652.01649,22652.45001,-584.5457793,282.4951898,302.050203,2
-0.427155819,-22929.54289,22929.97005,-580.0359556,274.284186,305.7513032,2
-0.420188456,-23174.48515,23174.90534,-574.701869,265.6834094,309.017914,2
-0.412623983,-23386.49521,23386.90783,-568.5510997,256.7050821,311.8453935,2
-0.404473149,-23565.27177,23565.67624,-561.5923881,247.3619629,314.2297236,2
-0.395747536,-23710.56079,23710.95654,-553.835623,237.6673288,316.1675161,2
-0.386459545,-23822.15581,23822.54227,-545.2918272,227.6349564,317.6560172,2
-0.376622373,-23899.89824,23900.27486,-535.9731419,217.2791022,318.6931118,2
-0.36625,-23943.67761,23944.04386,-525.8928094,206.6144826,319.277326,2
-0.355357166,-23953.4317,23953.78706,-515.0651545,195.6562525,319.4078296,2
-0.34395935,-23929.14665,23929.49061,-503.5055638,184.4199842,319.0844373,2
-0.332072749,-23870.85698,23871.18905,-491.2304641,172.9216449,318.3076085,2
-0.319714254,-23778.64551,23778.96523,-478.257299,161.1775746,317.0784471,2
-0.306901428,-23652.64329,23652.95019,-464.6045042,149.2044621,315.3987,2
-0.293652478,-23493.02937,23493.32302,-450.2914809,137.0193218,313.270754,2
-0.279986232,-23300.03057,23300.31055,-435.3385689,124.6394697,310.6976332,2
-0.26592211,-23073.92114,23074.18707,-419.7670168,112.082498,307.682994,2
-0.251480098,-22815.02242,22815.2739,-403.5989529,99.36625096,304.2311204,2
-0.23668072,-22523.7023,22523.93898,-386.8573528,86.50879904,300.3469178,2
-0.221545005,-22200.37476,22200.59631,-369.5660072,73.52841338,296.0359058,2
-0.206094462,-21845.49928,21845.70537,-351.7494881,60.44353983,291.3042105,2
-0.190351048,-21459.58015,21459.7705,-333.4331137,47.27277269,286.1585561,2
-0.174337135,-21043.16578,21043.34011,-314.6429127,34.03482837,280.6062546,2
-0.158075479,-20596.84792,20597.00599,-295.4055868,20.74851868,274.6551963,2
-0.141589189,-20121.26081,20121.4024,-275.7484734,7.43272422,268.313838,2
-0.124901693,-19617.08029,19617.20519,-255.6995064,-5.893632551,261.591191,2
-0.108036705,-19085.02282,19085.13086,-235.2871764,-19.21161415,254.4968086,2
-0.091018191,-18525.8445,18525.93552,-214.5404904,-32.50229499,247.0407723,2
-0.073870336,-17940.33993,17940.4138,-193.4889306,-45.74678829,239.2336776,2
-0.056617506,-17329.34116,17329.39778,-172.1624125,-58.9262729,231.0866187,2
-0.03928422,-16693.71645,16693.75574,-150.5912422,-72.02202006,222.6111731,2
-0.021895109,-16034.36905,16034.39095,-128.8060735,-85.01541998,213.8193848,2
-0.004474883,-15352.23594,15352.24042,-106.8378643,-97.88800834,204.7237475,2
0.012951701,-14648.28646,14648.27351,-84.71783262,-110.6214925,195.3371866,2
0.030359881,-13923.52097,13923.49061,-62.47741229,-123.1977774,185.6730408,2
0.047724917,-13178.96938,13178.92166,-40.14820814,-135.5989916,175.7450434,2
0.065022133,-12415.68977,12415.62474,-17.7619512,-147.8075122,165.5673028,2
0.08222695,-11634.76677,11634.68455,4.649546457,-159.8059902,155.1542819,2
0.099314918,-10837.31014,10837.21083,27.05443685,-171.5773752,144.5207783,2
0.116261753,-10024.4531,10024.33684,49.42088141,-183.1049393,133.6819028,2
0.133043375,-9197.350757,9197.217714,71.71709619,-194.3723013,122.653058,2
0.149635934,-8357.178479,8357.028843,93.91139705,-205.3634496,111.4499165,2
0.166015853,-7505.130192,7504.964176,115.9722447,-216.0627652,100.0883985,2
0.182159853,-6642.416705,6642.234545,137.8682894,-226.4550438,88.58464946,2
0.198044995,-5770.26398,5770.065935,159.5684157,-236.5255174,76.95501678,2
0.213648704,-4889.911394,4889.697746,181.0417866,-246.2598752,65.21602681,2
0.228948807,-4002.609977,4002.381028,202.2578872,-255.6442844,53.3843613,2
0.243923561,-3109.620632,3109.376708,223.1865683,-264.665409,41.47683368,2
0.258551686,-2212.212346,2211.953794,243.7980891,-273.3104296,29.51036522,2
0.272812395,-1311.660385,1311.387572,264.0631594,-281.5670611,17.50196092,2
0.286685422,-409.2444823,408.9577969,283.9529815,-289.4235704,5.468685366,2
0.300151054,493.7529787,-494.0531298,303.4392909,-296.868793,-6.572361485,2
0.313190155,1396.04879,-1396.36198,322.4943965,-303.8921487,-18.60406865,2
0.325784196,2296.360739,-2296.686523,341.0912199,-310.4836571,-30.60933842,2
0.337915279,3193.409434,-3193.747349,359.203334,-316.6339513,-42.57111064,2
0.349566166,4085.92012,-4086.269686,376.8050005,-322.3342912,-54.47238698,2
0.360720301,4972.624489,-4972.985209,393.8712065,-327.5765765,-66.29625508,2
0.371361832,5852.262487,-5852.633849,410.3776999,-332.3533576,-78.02591258,2
0.381475638,6723.5841,-6723.965575,426.3010242,-336.6578464,-89.64469098,2
0.391047346,7585.351131,-7585.742179,441.6185514,-340.4839259,-101.1360794,2
0.400063355,8436.338964,-8436.739027,456.3085145,-343.8261591,-112.4837479,2
0.408510851,9275.338298,-9275.746808,470.3500382,-346.6797966,-123.6715708,2
0.416377831,10101.15687,-10101.57325,483.7231687,-349.0407831,-134.6836497,2
0.423653116,10912.62114,-10913.04479,496.4089022,-350.9057635,-145.5043357,2
0.430326366,11708.57798,-11709.00831,508.3892114,-352.2720877,-156.1182521,2
0.436388099,12487.89629,-12488.33268,519.6470718,-353.1378139,-166.5103159,2
0.441829701,13249.46862,-13249.91045,530.1664853,-353.501712,-176.6657595,2
0.446643438,13992.21273,-13992.65937,539.9325031,-353.3632648,-186.5701513,2
0.450822471,14715.07314,-14715.52396,548.9312473,-352.7226691,-196.2094167,2
0.45436086,15417.02262,-15417.47698,557.1499302,-351.5808352,-205.5698579,2
0.457253577,16097.06367,-16097.52093,564.5768726,-349.9393856,-214.638173,2
0.459496513,16754.22992,-16754.68941,571.2015203,-347.8006531,-223.4014755,2
0.461086478,17387.58748,-17388.04857,577.0144594,-345.1676767,-231.8473123,2
0.462021215,17996.23633,-17996.69836,582.0074294,-342.0441983,-239.9636814,2
0.462299394,18579.31155,-18579.77385,586.173335,-338.4346563,-247.739049,2
0.46192062,19135.98455,-19136.44647,589.5062562,-334.3441801,-255.1623658,2
0.460885432,19665.46426,-19665.92515,592.0014567,-329.7785826,-262.2230829,2
0.4591953,20166.99828,-20167.45747,593.6553908,-324.7443516,-268.9111667,2
0.456852627,20639.87389,-20640.33074,594.4657081,-319.2486412,-275.217113,2
0.453860741,21083.4191,-21083.87296,594.4312571,-313.299261,-281.1319607,2
0.450223894,21497.00363,-21497.45385,593.5520867,-306.9046653,-286.6473046,2
0.445947255,21880.03973,-21880.48568,591.8294464,-300.0739414,-291.7553069,2
0.4410369,22231.98311,-22232.42414,589.265784,-292.816796,-296.448709,2
0.435499807,22552.33361,-22552.76911,585.8647427,-285.1435418,-300.7208412,2
0.429343845,22840.63602,-22841.06537,581.6311556,-277.0650831,-304.5656326,2
0.422577763,23096.48064,-23096.90322,576.5710387,-268.5928998,-307.9776197,2
0.415211174,23319.50389,-23319.9191,570.6915829,-259.7390312,-310.9519537,2
0.407254547,23509.38885,-23509.7961,564.0011431,-250.5160593,-313.4844079,2
0.398719189,23665.86568,-23666.2644,556.5092268,-240.9370904,-315.5713836,2
0.38961723,23788.71202,-23789.10164,548.2264804,-231.0157366,-317.2099152,2
0.379961603,23877.75331,-23878.13327,539.1646742,-220.7660969,-318.3976741,2
0.36976603,23932.86299,-23933.23276,529.3366855,-210.2027364,-319.1329724,2
0.359044999,23953.96277,-23954.32182,518.7564804,-199.3406664,-319.4147654,2
0.347813746,23941.02266,-23941.37047,507.439094,-188.1953223,-319.2426525,2
0.33608823,23894.06104,-23894.39713,495.4006089,-176.7825424,-318.6168783,2
0.323885114,23813.14466,-23813.46854,482.6581323,-165.1185449,-317.5383321,2
0.31122174,23698.38849,-23698.69972,469.2297722,-153.2199048,-316.0085466,2
0.298116103,23549.95562,-23550.25374,455.1346109,-141.1035309,-314.0296956,2
0.284586827,23368.05697,-23368.34156,440.3926784,-128.7866412,-311.6045912,2
0.270653137,23152.95104,-23153.22169,425.0249238,-116.2867386,-308.7366797,2
0.256334834,22904.94349,-22905.19983,409.0531855,-103.6215861,-305.4300365,2
0.241652265,22624.38677,-22624.62842,392.5001603,-90.80918177,-301.6893604,2
0.226626296,22311.67955,-22311.90618,375.3893708,-77.86773258,-297.5199673,2
0.211278278,21967.26622,-21967.4775,357.7451325,-64.81562908,-292.927782,2
0.195630021,21591.6362,-21591.83183,339.5925189,-51.67141902,-287.9193303,2
0.179703764,21185.32328,-21185.50299,320.9573256,-38.45378105,-282.5017295,2
0.163522138,20748.90486,-20749.06838,301.8660345,-25.18149816,-276.6826782,2
0.147108139,20283.00111,-20283.14822,282.3457751,-11.87343097,-270.4704458,2
0.13048509,19788.27411,-19788.40459,262.424287,1.451509004,-263.87386,2
0.113676615,19265.42688,-19265.54056,242.1298797,14.77438631,-256.9022951,2
0.096706599,18715.20243,-18715.29914,221.4913925,28.0762684,-249.5656579,2
0.079599158,18138.38266,-18138.46226,200.5381539,41.33825258,-241.8743743,2
0.062378602,17535.78724,-17535.84962,179.2999396,54.54149284,-233.8393739,2
0.045069403,16908.27252,-16908.31759,157.8069303,67.66722666,-225.472075,2
0.027696158,16256.73022,-16256.75791,136.0896688,80.69680164,-216.784368,2
0.010283555,15582.08621,-15582.09649,114.1790163,93.61170205,-207.7885985,2
-0.007143662,14885.2992,-14885.29206,92.10610925,106.3935751,-198.49755,2
-0.024560727,14167.35937,-14167.33481,69.90231436,119.0242571,-188.9244256,2
-0.04194289,13429.28695,-13429.24501,47.59918446,131.4857991,-179.0828293,2
-0.05926545,12672.13078,-12672.07151,25.22841351,143.7604925,-168.9867465,2
-0.07650379,11896.96681,-11896.89031,2.821791601,155.8308945,-158.6505243,2
-0.093633414,11104.8966,-11104.80297,-19.58884023,167.6798522,-148.0888511,2
-0.11062998,10297.04573,-10296.9351,-41.97163524,179.2905277,-137.3167354,2
-0.127469335,9474.562193,-9474.434724,-64.29478626,190.6464215,-126.3494852,2
-0.144127549,8638.614785,-8638.470657,-86.52657088,201.7313963,-115.2026854,2
-0.16058095,7790.391431,-7790.23085,-108.6353965,212.5296998,-103.8921763,2
-0.176806156,6931.097506,-6930.9207,-130.5898453,223.0259869,-92.43403073,2
-0.192780112,6061.954111,-6061.761331,-152.3587187,233.205342,-80.84453136,2
-0.208480116,5184.196348,-5183.987868,-173.9110821,243.0532994,-69.14014748,2
-0.223883858,4299.071558,-4298.847675,-195.2163083,252.5558648,-57.33751166,2
-0.238969449,3407.837553,-3407.598583,-216.2441215,261.6995345,-45.45339611,2
-0.253715452,2511.760824,-2511.507108,-236.96464,270.4713149,-33.50468879,2
-0.268100911,1612.114745,-1611.846644,-257.3484187,278.8587407,-21.50836948,2
-0.282105384,710.1777627,-709.8956573,-277.3664912,286.849893,-9.481485596,2
-0.29570897,-192.7684208,193.0641298,-296.9904108,294.4334159,2.558871996,2
-0.308892337,-1095.44067,1095.749562,-316.1922907,301.5985328,14.59559329,2
-0.321636751,-1996.556238,1996.877875,-334.9448441,308.3350617,26.61157345,2
-0.333924102,-2894.83459,2895.168514,-353.2214226,314.6334296,38.58973711,2
-0.345736929,-3788.999224,3789.344961,-370.996054,320.4846861,50.51306264,2
-0.357058444,-4677.779483,4678.136541,-388.2434798,325.8805164,62.36460634,2
-0.36787256,-5559.912361,5560.280233,-404.9391904,330.8132527,74.12752653,2
-0.378163908,-6434.144299,6434.522463,-421.0594602,335.2758852,85.78510744,2
-0.387917866,-7299.232966,7299.620884,-436.5813815,339.2620723,97.32078302,2
-0.39712057,-8153.949024,8154.346145,-451.4828967,342.7661495,108.7181604,2
-0.405758945,-8997.077874,8997.483633,-465.7428301,345.7831372,119.9610434,2
-0.413820714,-9827.421384,9827.835205,-479.3409174,348.3087482,131.0334552,2
-0.421294421,-10643.79959,10644.22089,-492.257835,350.3393933,141.9196612,2
-0.428169445,-11445.05238,11445.48055,-504.4752273,351.872187,152.6041917,2
-0.434436017,-12230.04112,12230.47555,-515.9757327,352.9049511,163.0718632,2
-0.440085232,-12997.6503,12998.09038,-526.7430083,353.436218,173.3078007,2
-0.445109062,-13746.78911,13747.23422,-536.7617534,353.4652326,183.2974584,2
-0.449500368,-14476.39298,14476.84248,-546.0177306,352.9919538,193.0266403,2
-0.453252909,-15185.4251,15185.87835,-554.4977867,352.0170541,202.4815208,2
-0.456361352,-15872.8779,15873.33426,-562.1898711,350.5419189,211.6486639,2
-0.458821281,-16537.77448,16538.2333,-569.083053,348.5686445,220.5150428,2
-0.460629201,-17179.16997,17179.6306,-575.1675367,346.1000349,229.0680577,2
-0.46178254,-17796.15292,17796.61471,-580.4346758,343.1395983,237.2955543,2
-0.462279662,-18387.84657,18388.30885,-584.8769855,339.6915415,245.185841,2
-0.462119859,-18953.41008,18953.8722,-588.4881531,335.7607645,252.7277052,2
-0.461303358,-19492.03975,19492.50106,-591.2630467,331.352853,259.9104295,2
-0.45983132,-20002.97017,20003.43001,-593.1977232,326.474071,266.7238069,2
-0.457705836,-20485.47528,20485.93299,-594.2894333,321.1313515,273.1581551,2
-0.454929928,-20938.8694,20939.32433,-594.5366256,315.3322867,279.2043306,2
-0.451507539,-21362.50825,21362.95976,-593.9389488,309.0851175,284.8537416,2
-0.447443533,-21755.7898,21756.23725,-592.4972523,302.3987215,290.0983597,2
-0.442743685,-22118.15519,22118.59793,-590.2135847,295.2826003,294.9307322,2
-0.437414675,-22449.08946,22449.52688,-587.0911913,287.7468664,299.343992,2
-0.431464074,-22748.12235,22748.55382,-583.1345093,279.8022285,303.3318676,2
-0.424900339,-23014.82892,23015.25382,-578.3491612,271.4599762,306.8886921,2
-0.417732798,-23248.83015,23249.24788,-572.7419473,262.7319645,310.0094109,2
-0.409971635,-23449.79353,23450.2035,-566.3208357,253.6305963,312.6895894,2
-0.40162788,-23617.43346,23617.83509,-559.0949512,244.1688052,314.9254188,2
-0.39271339,-23751.51173,23751.90444,-551.0745623,234.3600368,316.713722,2
-0.383240833,-23851.8378,23852.22104,-542.2710662,224.21823,318.0519577,2
-0.37322367,-23918.2691,23918.64233,-532.6969732,213.7577967,318.9382241,2
-0.362676135,-23950.71124,23951.07391,-522.3658887,202.993602,319.3712619,2
-0.351613218,-23949.1181,23949.46971,-511.2924937,191.9409423,319.3504556,2
-0.340050639,-23913.49196,23913.83201,-499.4925241,180.6155239,318.8758349,2
-0.328004829,-23843.88343,23844.21144,-486.9827483,169.0334411,317.9480741,2
-0.315492907,-23740.39145,23740.70694,-473.7809434,157.2111524,316.5684918,2
-0.302532652,-23603.16306,23603.4656,-459.9058698,145.1654582,314.7390483,2
-0.289142482,-23432.39329,23432.68244,-445.3772448,132.9134758,312.4623433,2
-0.275341424,-23228.32481,23228.60015,-430.2157143,120.4726161,309.7416123,2
-0.261149091,-22991.24761,22991.50876,-414.4428238,107.8605583,306.5807215,2
-0.246585651,-22721.49859,22721.74517,-398.0809874,95.09522468,302.9841628,2
-0.2316718,-22419.46107,22419.69274,-381.1534561,82.19475556,298.9570469,2
-0.216428729,-22085.56427,22085.7807,-363.6842849,69.17748319,294.5050968,2
-0.200878102,-21720.28268,21720.48356,-345.6982984,56.06190584,289.6346387,2
-0.185042016,-21324.13538,21324.32042,-327.2210557,42.86666145,284.3525941,2
-0.168942976,-20897.68531,20897.85426,-308.278814,29.61050118,278.6664688,2
-0.152603858,-20441.53849,20441.6911,-288.8984912,16.31226278,272.5843432,2
-0.136047881,-19956.34313,19956.47918,-269.1076278,2.990843752,266.1148603,2
-0.119298573,-19442.78871,19442.90801,-248.9343478,-10.33482542,259.2672137,2
-0.102379736,-18901.60502,18901.7074,-228.4073185,-23.64580825,252.0511342,2
-0.085315411,-18333.56112,18333.64643,-207.5557099,-36.92318909,244.4768762,2
-0.068129848,-17739.46422,17739.53235,-186.4091532,-50.14810005,236.5552032,2
-0.050847469,-17120.15858,17120.20942,-164.9976989,-63.30174782,228.2973723,2
-0.033492833,-16476.52425,16476.55774,-143.3517739,-76.36544034,219.7151183,2
-0.016090602,-15809.47588,15809.49197,-121.5021382,-89.3206134,210.8206372,2
0.001334495,-15119.96138,15119.96005,-99.47984127,-102.148857,201.6265683,2
0.018757695,-14408.96059,14408.94183,-77.31617805,-114.8319414,192.1459771,2
0.03615424,-13677.48387,13677.44772,-55.04264431,-127.3518434,182.392336,2
0.053499407,-12926.57071,12926.51721,-32.69089196,-139.6907715,172.3795054,2
0.070768549,-12157.28818,12157.21741,-10.29268406,-151.8311913,162.121714,2
0.087937125,-11370.72947,11370.64154,12.1201503,-163.7558507,151.6335388,2
0.104980738,-10568.01234,10567.90736,34.51576126,-175.447804,140.9298841,2
0.121875167,-9750.277486,9750.155611,56.86232344,-186.8904365,130.0259603,2
0.138596405,-8918.686953,8918.548357,79.12808115,-198.0674874,118.9372625,2
0.15512069,-8074.422477,8074.267357,101.2813935,-208.9630735,107.6795483,2
0.171424539,-7218.683806,7218.512381,123.2907795,-219.5617117,96.2688156,2
0.187484786,-6352.686989,6352.499505,145.1249625,-229.8483407,84.72127964,2
0.203278606,-5477.662657,5477.459379,166.752915,-239.8083426,73.05335011,2
0.218783556,-4594.854267,4594.635483,188.1439025,-249.4275638,61.28160777,2
0.233977602,-3705.516337,3705.282359,209.2675273,-258.6923347,49.42278092,2
0.248839154,-2810.912666,2810.663826,230.0937714,-267.5894897,37.49372158,2
0.263347091,-1912.314533,1912.051186,250.5930396,-276.1063853,25.51138162,2
0.277480798,-1010.998898,1010.721417,270.7362015,-284.2309187,13.49278859,2
0.29122019,-108.2465774,107.9553573,290.4946324,-291.9515444,1.455021567,2
0.304545741,794.6595673,-794.964113,309.8402545,-299.257291,-10.58481312,2
0.317438517,1696.436457,-1696.753896,328.7455767,-306.1377766,-22.60960621,2
0.329880195,2595.802618,-2596.132498,347.1837334,-312.5832236,-34.60226981,2
0.341853095,3491.480002,-3491.821855,365.128523,-318.5844728,-46.5457617,2
0.353340203,4382.195801,-4382.549141,382.5544451,-324.132996,-58.4231095,2
0.364325196,5266.68426,-5267.048585,399.4367363,-329.2209085,-70.21743488,2
0.374792462,6143.688473,-6144.063265,415.751406,-333.8409801,-81.91197743,2
0.384727128,7011.962168,-7012.346895,431.4752703,-337.9866453,-93.49011859,2
0.394115076,7870.271481,-7870.665596,446.5859846,-341.6520131,-104.9354052,2
0.402942964,8717.396708,-8717.799651,461.0620758,-344.8318746,-116.2315728,2
0.411198249,9552.134037,-9552.545236,474.8829725,-347.5217112,-127.362569,2
0.418869198,10373.29726,-10373.71613,488.0290346,-349.7177004,-138.312576,2
0.425944911,11179.71946,-11180.14541,500.4815807,-351.4167217,-149.0660333,2
0.432415333,11970.25467,-11970.68709,512.222915,-352.6163605,-159.6076596,2
0.43827127,12743.77949,-12744.21776,523.2363526,-353.3149122,-169.9224747,2
0.443504399,13499.1947,-13499.63821,533.5062427,-353.5113841,-179.9958206,2
0.448107284,14235.42682,-14235.87493,543.0179913,-353.2054969,-189.8133826,2
0.452073383,14951.42962,-14951.88169,551.7580815,-352.3976854,-199.3612095,2
0.455397062,15646.18562,-15646.64102,559.7140933,-351.0890976,-208.6257331,2
0.458073597,16318.70753,-16319.16561,566.8747208,-349.2815929,-217.5937882,2
0.460099184,16968.03967,-16968.49977,573.2297883,-346.9777399,-226.2526306,2
0.461470945,17593.25929,-17593.72076,578.7702649,-344.1808126,-234.5899556,2
0.462186931,18193.47793,-18193.94012,583.4882772,-340.8947855,-242.5939154,2
0.462246123,18767.84264,-18768.30489,587.3771208,-337.1243283,-250.253136,2
0.461648439,19315.53722,-19315.99887,590.4312694,-332.8747989,-257.5567332,2
0.460394727,19835.78337,-19836.24376,592.6463828,-328.1522363,-264.4943283,2
0.458486768,20327.84178,-20328.30027,594.0193133,-322.9633514,-271.0560623,2
0.455927275,20791.01322,-20791.46914,594.5481099,-317.3155179,-277.2326109,2
0.452719885,21224.63948,-21225.0922,594.232021,-311.2167616,-283.0151968,2
0.448869154,21628.10438,-21628.55325,593.0714959,-304.6757493,-288.3956026,2
0.444380556,22000.83455,-22001.27893,591.0681838,-297.7017761,-293.3661825,2
0.439260469,22342.30034,-22342.7396,588.2249314,-290.3047524,-297.919873,2
0.433516169,22652.01649,-22652.45001,584.5457793,-282.4951898,-302.050203,2
0.427155819,22929.54289,-22929.97005,580.0359556,-274.284186,-305.7513032,2
0.420188456,23174.48515,-23174.90534,574.701869,-265.6834094,-309.017914,2
0.412623983,23386.49521,-23386.90783,568.5510997,-256.7050821,-311.8453935,2
0.404473149,23565.27177,-23565.67624,561.5923881,-247.3619629,-314.2297236,2
0.395747536,23710.56079,-23710.95654,553.835623,-237.6673288,-316.1675161,2
0.386459545,23822.15581,-23822.54227,545.2918272,-227.6349564,-317.6560172,2
0.376622373,23899.89824,-23900.27486,535.9731419,-217.2791022,-318.6931118,2
0.36625,23943.67761,-23944.04386,525.8928094,-206.6144826,-319.277326,2
0.355357166,23953.4317,-23953.78706,515.0651545,-195.6562525,-319.4078296,2
0.34395935,23929.14665,-23929.49061,503.5055638,-184.4199842,-319.0844373,2
0.332072749,23870.85698,-23871.18905,491.2304641,-172.9216449,-318.3076085,2
0.319714254,23778.64551,-23778.96523,478.257299,-161.1775746,-317.0784471,2
0.306901428,23652.64329,-23652.95019,464.6045042,-149.2044621,-315.3987,2
0.293652478,23493.02937,-23493.32302,450.2914809,-137.0193218,-313.270754,2
0.279986232,23300.03057,-23300.31055,435.3385689,-124.6394697,-310.6976332,2
0.26592211,23073.92114,-23074.18707,419.7670168,-112.082498,-307.682994,2
0.251480098,22815.02242,-22815.2739,403.5989529,-99.36625096,-304.2311204,2
0.23668072,22523.7023,-22523.93898,386.8573528,-86.50879904,-300.3469178,2
0.221545005,22200.37476,-22200.59631,369.5660072,-73.52841338,-296.0359058,2
0.206094462,21845.49928,-21845.70537,351.7494881,-60.44353983,-291.3042105,2
0.190351048,21459.58015,-21459.7705,333.4331137,-47.27277269,-286.1585561,2
0.174337135,21043.16578,-21043.34011,314.6429127,-34.03482837,-280.6062546,2
0.158075479,20596.84792,-20597.00599,295.4055868,-20.74851868,-274.6551963,2
0.141589189,20121.26081,-20121.4024,275.7484734,-7.43272422,-268.313838,2
0.124901693,19617.08029,-19617.20519,255.6995064,5.893632551,-261.591191,2
0.108036705,19085.02282,-19085.13086,235.2871764,19.21161415,-254.4968086,2
0.091018191,18525.8445,-18525.93552,214.5404904,32.50229499,-247.0407723,2
0.073870336,17940.33993,-17940.4138,193.4889306,45.74678829,-239.2336776,2
0.056617506,17329.34116,-17329.39778,172.1624125,58.9262729,-231.0866187,2
0.03928422,16693.71645,-16693.75574,150.5912422,72.02202006,-222.6111731,2
0.021895109,16034.36905,-16034.39095,128.8060735,85.01541998,-213.8193848,2
0.004474883,15352.23594,-15352.24042,106.8378643,97.88800834,-204.7237475,2
-0.012951701,14648.28646,-14648.27351,84.71783262,110.6214925,-195.3371866,2
-0.030359881,13923.52097,-13923.49061,62.47741229,123.1977774,-185.6730408,2
-0.047724917,13178.96938,-13178.92166,40.14820814,135.5989916,-175.7450434,2
-0.065022133,12415.68977,-12415.62474,17.7619512,147.8075122,-165.5673028,2
-0.08222695,11634.76677,-11634.68455,-4.649546457,159.8059902,-155.1542819,2
-0.099314918,10837.31014,-10837.21083,-27.05443685,171.5773752,-144.5207783,2
-0.116261753,10024.4531,-10024.33684,-49.42088141,183.1049393,-133.6819028,2
-0.133043375,9197.350757,-9197.217714,-71.71709619,194.3723013,-122.653058,2
-0.149635934,8357.178479,-8357.028843,-93.91139705,205.3634496,-111.4499165,2
-0.166015853,7505.130192,-7504.964176,-115.9722447,216.0627652,-100.0883985,2
-0.182159853,6642.416705,-6642.234545,-137.8682894,226.4550438,-88.58464946,2
-0.198044995,5770.26398,-5770.065935,-159.5684157,236.5255174,-76.95501678,2
-0.213648704,4889.911394,-4889.697746,-181.0417866,246.2598752,-65.21602681,2
-0.228948807,4002.609977,-4002.381028,-202.2578872,255.6442844,-53.3843613,2
-0.243923561,3109.620632,-3109.376708,-223.1865683,264.665409,-41.47683368,2
-0.258551686,2212.212346,-2211.953794,-243.7980891,273.3104296,-29.51036522,2
-0.272812395,1311.660385,-1311.387572,-264.0631594,281.5670611,-17.50196092,2
-0.286685422,409.2444823,-408.9577969,-283.9529815,289.4235704,-5.468685366,2
-0.300151054,-493.7529787,494.0531298,-303.4392909,296.868793,6.572361485,2
-0.313190155,-1396.04879,1396.36198,-322.4943965,303.8921487,18.60406865,2
-0.325784196,-2296.360739,2296.686523,-341.0912199,310.4836571,30.60933842,2
-0.337915279,-3193.409434,3193.747349,-359.203334,316.6339513,42.57111064,2
-0.349566166,-4085.92012,4086.269686,-376.8050005,322.3342912,54.47238698,2
-0.360720301,-4972.624489,4972.985209,-393.8712065,327.5765765,66.29625508,2
-0.371361832,-5852.262487,5852.633849,-410.3776999,332.3533576,78.02591258,2
-0.381475638,-6723.5841,6723.965575,-426.3010242,336.6578464,89.64469098,2
-0.391047346,-7585.351131,7585.742179,-441.6185514,340.4839259,101.1360794,2
-0.400063355,-8436.338964,8436.739027,-456.3085145,343.8261591,112.4837479,2
-0.408510851,-9275.338298,9275.746808,-470.3500382,346.6797966,123.6715708,2
-0.416377831,-10101.15687,10101.57325,-483.7231687,349.0407831,134.6836497,2
-0.423653116,-10912.62114,10913.04479,-496.4089022,350.9057635,145.5043357,2
-0.430326366,-11708.57798,11709.00831,-508.3892114,352.2720877,156.1182521,2
-0.436388099,-12487.89629,12488.33268,-519.6470718,353.1378139,166.5103159,2
-0.441829701,-13249.46862,13249.91045,-530.1664853,353.501712,176.6657595,2
-0.446643438,-13992.21273,13992.65937,-539.9325031,353.3632648,186.5701513,2
-0.450822471,-14715.07314,14715.52396,-548.9312473,352.7226691,196.2094167,2
-0.45436086,-15417.02262,15417.47698,-557.1499302,351.5808352,205.5698579,2
-0.457253577,-16097.06367,16097.52093,-564.5768726,349.9393856,214.638173,2
-0.459496513,-16754.22992,16754.68941,-571.2015203,347.8006531,223.4014755,2
-0.461086478,-17387.58748,17388.04857,-577.0144594,345.1676767,231.8473123,2
-0.462021215,-17996.23633,17996.69836,-582.0074294,342.0441983,239.9636814,2
-0.462299394,-18579.31155,18579.77385,-586.173335,338.4346563,247.739049,2
-0.46192062,-19135.98455,19136.44647,-589.5062562,334.3441801,255.1623658,2
-0.460885432,-19665.46426,19665.92515,-592.0014567,329.7785826,262.2230829,2
-0.4591953,-20166.99828,20167.45747,-593.6553908,324.7443516,268.9111667,2
-0.456852627,-20639.87389,20640.33074,-594.4657081,319.2486412,275.217113,2
-0.453860741,-21083.4191,21083.87296,-594.4312571,313.299261,281.1319607,2
-0.450223894,-21497.00363,21497.45385,-593.5520867,306.9046653,286.6473046,2
-0.445947255,-21880.03973,21880.48568,-591.8294464,300.0739414,291.7553069,2
-0.4410369,-22231.98311,22232.42414,-589.265784,292.816796,296.448709,2
-0.435499807,-22552.33361,22552.76911,-585.8647427,285.1435418,300.7208412,2
-0.429343845,-22840.63602,22841.06537,-581.6311556,277.0650831,304.5656326,2
-0.422577763,-23096.48064,23096.90322,-576.5710387,268.5928998,307.9776197,2
-0.415211174,-23319.50389,23319.9191,-570.6915829,259.7390312,310.9519537,2
-0.407254547,-23509.38885,23509.7961,-564.0011431,250.5160593,313.4844079,2
-0.398719189,-23665.86568,23666.2644,-556.5092268,240.9370904,315.5713836,2
-0.38961723,-23788.71202,23789.10164,-548.2264804,231.0157366,317.2099152,2
-13594.95153,-0.038084469,13594.98962,-181.2923416,52.56239877,128.7320954,2
-12841.9268,-0.055422405,12841.98223,-171.2515839,30.20391455,141.0498279,2
-12070.65299,-0.072681583,12070.72567,-160.9674683,7.802508914,153.1671209,2
-11282.22612,-0.089837476,11282.31596,-150.4546092,-14.60998451,165.0667551,2
-10477.76659,-0.106865705,10477.87345,-139.7279458,-37.00171635,176.7318203,2
-9658.417577,-0.123742072,9658.541319,-128.8027214,-59.34086673,188.14574,2
-8825.343426,-0.140442594,8825.483869,-117.6944612,-81.59569049,199.2922943,2
-7979.727979,-0.15694354,7979.884923,-106.4189508,-103.7345623,210.1556433,2
-7122.772902,-0.173221461,7122.946124,-94.99221323,-125.7260216,220.7203496,2
-6255.695975,-0.189253225,6255.885229,-83.43048652,-147.5388174,230.9714003,2
-5379.729362,-0.205016049,5379.934378,-71.75020053,-169.1419524,240.8942279,2
-4496.117859,-0.220487535,4496.338346,-59.96795358,-190.5047275,250.4747317,2
-3606.117126,-0.235645695,3606.352772,-48.10048888,-211.5967849,259.6992972,2
-2710.991904,-0.25046899,2711.242373,-36.16467075,-232.3881518,268.5548158,2
-1812.014214,-0.264936355,1812.27915,-24.17746065,-252.8492823,277.0287032,2
-910.4615522,-0.279027231,910.7405795,-12.15589306,-272.9511002,285.1089178,2
-7.615074998,-0.292721594,7.907796592,-0.117051275,-292.6650396,292.7839769,2
895.2422237,-0.305999984,-894.9362237,11.92195685,-311.963086,300.042974,2
1796.827334,-0.31884353,-1796.508491,23.94402321,-330.8178158,306.8755936,2
2695.859055,-0.331233983,-2695.527821,35.93206381,-349.2024353,313.2721262,2
3591.059812,-0.343153734,-3590.716658,47.86904298,-367.0908191,319.223482,2
4481.157477,-0.354585845,-4480.802891,59.73799763,-384.4575467,324.7212038,2
5364.887172,-0.36551407,-5364.521658,71.5220613,-401.2779392,329.7574789,2
6240.993068,-0.37592288,-6240.617145,83.20448822,-417.5280937,334.3251506,2
7108.230172,-0.385797482,-7107.844375,94.76867701,-433.184918,338.417728,2
7965.366092,-0.395123845,-7964.970968,106.1981943,-448.2261627,342.0293953,2
8811.182791,-0.403888716,-8810.778902,117.4767982,-462.6304536,345.1550201,2
9644.478317,-0.412079638,-9644.066237,128.5884611,-476.3773213,347.7901607,2
10464.06851,-0.419684973,-10463.64883,139.5173928,-489.4472308,349.9310725,2
11268.78869,-0.426693913,-11268.362,150.2480626,-501.8216089,351.5747131,2
12057.49531,-0.433096497,-12057.06221,160.7652217,-513.4828711,352.7187467,2
12829.06756,-0.438883627,-12828.62868,171.0539246,-524.414446,353.3615478,2
13582.40901,-0.44404708,-13581.96496,181.0995505,-534.6007994,353.5022027,2
14316.44911,-0.448579518,-14316.00053,190.8878241,-544.0274557,353.1405116,2
15030.14475,-0.452474499,-15029.69228,200.4048356,-552.6810192,352.2769886,2
15722.48174,-0.455726489,-15722.02601,209.6370609,-560.5491928,350.9128607,2
16392.47622,-0.458330868,-16392.01789,218.5713804,-567.6207953,349.0500664,2
17039.17609,-0.460283933,-17038.71581,227.1950981,-573.8857776,346.6912529,2
17661.66236,-0.461582909,-17661.20078,235.4959591,-579.3352367,343.8397721,2
18259.05045,-0.462225951,-18258.58822,243.4621674,-583.9614289,340.4996762,2
18830.49142,-0.462212144,-18830.02921,251.0824027,-587.7577798,336.6757116,2
19375.17323,-0.461541508,-19374.71169,258.3458362,-590.7188948,332.3733125,2
19892.32187,-0.460214997,-19891.86165,265.2421461,-592.840566,327.5985926,2
20381.20242,-0.458234495,-20380.74419,271.7615323,-594.1197782,322.3583372,2
20841.12017,-0.455602817,-20840.66457,277.8947306,-594.5547138,316.659993,2
21271.42155,-0.452323703,-21270.96923,283.6330253,-594.1447545,310.5116577,2
21671.49508,-0.448401811,-21671.04667,288.9682619,-592.8904831,303.9220682,2
22040.77222,-0.443842716,-22040.32838,293.8928588,-590.7936818,296.9005889,2
22378.72822,-0.438652897,-22378.28957,298.3998178,-587.8573304,289.4571976,2
22684.88283,-0.432839727,-22684.44999,302.4827344,-584.0856015,281.6024717,2
22958.80097,-0.426411469,-22958.37456,306.1358065,-579.4838551,273.3475734,2
23200.0934,-0.419377256,-23199.67403,309.3538428,-574.0586303,264.7042332,2
23408.41723,-0.411747086,-23408.00548,312.1322704,-567.8176369,255.6847338,2
23583.47642,-0.4035318,-23583.07289,314.467141,-560.7697435,246.3018924,2
23725.0222,-0.394743074,-23724.62745,316.3551365,-552.9249657,236.5690425,2
23832.85342,-0.385393396,-23832.46803,317.7935741,-544.2944512,226.5000151,2
23906.81685,-0.375496053,-23906.44136,318.7804097,-534.8904645,216.1091187,2
23946.80739,-0.36506511,-23946.44233,319.3142408,-524.7263691,205.4111195,2
23952.76821,-0.354115389,-23952.41409,319.3943089,-513.8166089,194.4212198,2
23924.69083,-0.34266245,-23924.34817,319.0205002,-502.1766872,183.155037,2
23862.61515,-0.33072257,-23862.28443,318.193346,-489.823145,171.6285808,2
23766.6294,-0.318312715,-23766.31109,316.9140216,-476.7735372,159.858231,2
23636.86996,-0.30545052,-23636.56451,315.184345,-463.0464082,147.8607139,2
23473.52124,-0.292154263,-23473.22909,313.0067742,-448.6612648,135.6530787,2
23276.81536,-0.278442839,-23276.53692,310.3844037,-433.6385493,123.252673,2
23047.03185,-0.264335732,-23046.76752,307.3209599,-417.9996096,110.6771185,2
22784.49725,-0.24985299,-22784.2474,303.8207963,-401.7666697,97.94428573,2
22489.58463,-0.235015193,-22489.34961,299.8888866,-384.9627973,85.07226881,2
22162.71308,-0.219843427,-22162.49324,295.5308185,-367.6118717,72.07935954,2
21804.3471,-0.204359251,-21804.14274,290.7527849,-349.7385496,58.98402155,2
21414.99595,-0.188584669,-21414.80737,285.5615756,-331.3682298,45.80486404,2
20995.21293,-0.172542098,-20995.04038,279.9645678,-312.5270176,32.56061532,2
20545.59455,-0.156254336,-20545.4383,273.969715,-293.2416874,19.27009618,2
20066.77976,-0.139744527,-20066.64002,267.5855362,-273.5396448,5.952193175,2
19559.44898,-0.123036134,-19559.32594,260.8211037,-253.4488874,-7.37416822,2
19024.32315,-0.1061529,-19024.217,253.6860302,-232.9979652,-20.69005052,2
18462.16272,-0.089118817,-18462.0736,246.1904549,-212.2159401,-33.97653112,2
17873.76654,-0.071958091,-17873.69458,238.3450296,-191.1323446,-47.21472922,2
17259.97076,-0.054695109,-17259.91607,230.1609029,-169.7771396,-60.3858326,2
16621.64762,-0.037354402,-16621.61027,221.6497049,-148.180672,-73.47112441,2
15959.70421,-0.019960612,-15959.68425,212.8235306,-126.3736315,-86.45200973,2
15275.08119,-0.002538457,-15275.07865,203.6949225,-104.3870072,-99.31004201,2
14568.75144,0.014887305,-14568.76633,194.2768526,-82.25204319,-112.0269493,2
13841.7187,0.032291911,-13841.75099,184.5827048,-60.00019456,-124.5846601,2
13095.01611,0.049650629,-13095.06577,174.6262548,-37.66308238,-136.9653294,2
12329.7048,0.066938791,-12329.77174,164.4216514,-15.27244889,-149.1513634,2
11546.8723,0.084131829,-11546.95643,153.9833958,7.139887578,-161.1254452,2
10747.63106,0.101205311,-10747.73226,143.3263214,29.54207788,-172.8705588,2
9933.116845,0.118134975,-9933.23498,132.4655724,51.90228727,-184.370014,2
9104.487132,0.134896762,-9104.622028,121.4165826,74.18874067,-195.6074693,2
8262.919444,0.151466854,-8263.07091,110.1950532,96.36976781,-206.5669556,2
7409.609695,0.167821703,-7409.777516,98.81693059,118.4138482,-217.2328991,2
6545.770485,0.183938068,-6545.954423,87.29838372,140.2896561,-227.5901427,2
5672.629377,0.199793047,-5672.82917,75.65578107,161.9661047,-237.6239682,2
4791.427153,0.21536411,-4791.642517,63.90566741,183.4123906,-247.3201171,2
3903.416048,0.230629128,-3903.646678,52.0647403,204.5980374,-256.6648105,2
3009.857976,0.24556641,-3010.103542,40.14982635,225.4929393,-265.6447692,2
2112.022731,0.260154728,-2112.282886,28.1778573,246.0674033,-274.2472322,2
1211.186186,0.274373352,-1211.460559,16.16584597,266.2921921,-282.4599748,2
308.6284787,0.288202077,-308.9166808,4.130862088,286.1385651,-290.2713264,2
-594.3678062,0.30162125,594.066185,-7.909991974,305.5783196,-297.6701865,2
-1496.519462,0.314611804,1496.20485,-19.93960551,324.5838305,-304.646041,2
-2396.544482,0.327155276,2396.217326,-31.94088377,343.1280901,-311.1889768,2
-3293.163881,0.339233844,3292.824647,-43.89677228,361.1847459,-317.2896961,2
-4185.103513,0.350830341,4184.752683,-55.79028108,378.7281384,-322.9395293,2
-5071.095885,0.361928289,5070.733957,-67.60450884,395.7333374,-328.1304478,2
-5949.881952,0.372511918,5949.50944,-79.3226669,412.1761778,-332.8550749,2
-6820.212911,0.382566186,6819.830345,-90.9281031,428.0332932,-337.1066968,2
-7680.851974,0.392076807,7680.459898,-102.4043255,443.2821499,-340.8792716,2
-8530.576127,0.401030266,8530.175097,-113.7350257,457.9010785,-344.1674383,2
-9368.177864,0.409413838,9367.76845,-124.9041023,471.8693045,-346.9665243,2
-10192.46691,0.417215611,10192.04969,-135.8956833,485.1669784,-349.2725518,2
-11002.2719,0.424424498,11001.84747,-146.694149,497.7752035,-351.082244,2
-11796.44206,0.431030255,11796.01103,-157.2841544,509.6760629,-352.393029,2
-12573.84883,0.437023493,12573.4118,-167.6506504,520.8526446,-353.2030443,2
-13333.38747,0.442395698,13332.94508,-177.7789056,531.2890662,-353.5111387,2
-14073.97864,0.447139234,14073.5315,-187.6545273,540.970497,-353.3168745,2
-14794.56992,0.451247361,14794.11867,-197.2634816,549.8831791,-352.6205276,2
-15494.1373,0.45471424,15493.68259,-206.5921138,558.0144471,-351.4230877,2
-16171.68667,0.457534946,16171.22913,-215.6271672,565.3527461,-349.7262564,2
-16826.25518,0.459705469,16825.79548,-224.3558026,571.8876479,-347.5324449,2
-17456.91267,0.461222726,17456.45144,-232.7656162,577.609866,-344.8447707,2
-18062.76292,0.462084561,18062.30084,-240.844657,582.5112689,-341.6670533,2
-18642.945,0.462289747,18642.48272,-248.5814445,586.5848915,-338.0038083,2
-19196.63444,0.461837995,19196.1726,-255.9649841,589.8249447,-333.8602414,2
-19723.04441,0.460729946,19722.58368,-262.9847834,592.2268245,-329.2422408,2
-20221.42686,0.458967174,20220.96789,-269.630867,593.7871176,-324.156369,2
-20691.07355,0.456552184,20690.61699,-275.8937904,594.5036066,-318.6098533,2
-21131.31709,0.453488409,21130.8636,-281.7646536,594.3752735,-312.6105755,2
-21541.53187,0.449780203,21541.08209,-287.2351138,593.4023007,-306.167061,2
-21921.13496,0.445432834,21920.68953,-292.2973972,591.5860706,-299.2884663,2
-22269.58692,0.44045248,22269.14647,-296.94431,588.9291644,-291.9845664,2
-22586.39257,0.43484622,22585.95773,-301.1692487,585.4353577,-284.2657404,2
-22871.10173,0.428622019,22870.67311,-304.9662094,581.1096152,-276.1429572,2
-23123.3098,0.421788723,23122.88801,-308.3297964,575.9580842,-267.6277598,2
-23342.65838,0.414356041,23342.24402,-311.2552299,569.9880853,-258.7322487,2
-23528.83576,0.406334538,23528.42943,-313.7383528,563.2081021,-249.4690649,2
-23681.57738,0.397735611,23681.17965,-315.7756362,555.6277693,-239.8513719,2
-23800.66619,0.388571479,23800.27762,-317.3641852,547.2578591,-229.892837,2
-23885.93294,0.378855167,23885.55409,-318.5017423,538.1102655,-219.6076117,2
-23937.25648,0.36860048,23936.88788,-319.186691,528.1979878,-209.0103121,2
-23954.56387,0.357821992,23954.20605,-319.4180579,517.5351119,-198.1159974,2
-23937.83051,0.346535019,23937.48397,-319.1955144,506.1367902,-186.940149,2
-23887.08018,0.334755601,23886.74543,-318.5193765,494.0192205,-175.4986484,2
-23802.38501,0.322500477,23802.06251,-317.3906051,481.1996224,-163.8077546,2
-23683.86534,0.309787063,23683.55555,-315.8108044,467.6962134,-151.884081,2
-23531.68961,0.296633424,23531.39297,-313.7822192,453.5281824,-139.7445719,2
-23346.07405,0.283058252,23345.791,-311.3077323,438.715663,-127.4064781,2
-23127.28245,0.26908084,23127.01337,-308.3908601,423.2797047,-114.8873327,2
-22875.62572,0.254721048,22875.371,-305.0357476,407.2422428,-102.2049261,2
-22591.46146,0.239999284,22591.22147,-301.2471626,390.6260673,-89.37728069,2
-22275.19351,0.224936468,22274.96857,-297.0304889,373.4547909,-76.42262529,2
-21927.27129,0.209554005,21927.06173,-292.3917186,355.7528147,-63.35936917,2
-21548.18921,0.193873755,21547.99534,-287.3374437,337.5452944,-50.20607592,2
-21138.48598,0.177917999,21138.30806,-281.8748466,318.8581037,-36.98143708,2
-20698.7438,0.161709412,20698.58209,-276.0116899,299.7177981,-23.7042456,2
-20229.58758,0.145271027,20229.44231,-269.7563054,280.1515772,-10.39336909,2
-19731.684,0.128626203,19731.55538,-263.1175825,260.1872456,2.932276963,2
-19205.74062,0.111798595,19205.62883,-256.1049552,239.8531737,16.25375609,2
-18652.50484,0.094812116,18652.41003,-248.7283886,219.1782572,29.55213775,2
-18072.76282,0.077690902,18072.68513,-240.9983654,198.1918765,42.8085242,2
-17467.33842,0.060459286,17467.27796,-232.9258704,176.9238543,56.00407739,2
-16837.09198,0.043141754,16837.04883,-224.5223749,155.4044136,69.12004572,2
-16182.9191,0.025762915,16182.89334,-215.7998209,133.6641347,82.13779069,2
-15505.74941,0.008347466,15505.74107,-206.7706035,111.7339118,95.03881336,2
-14806.54521,-0.009079846,14806.55429,-197.4475538,89.64490887,107.8047807,2
-14086.30009,-0.026494254,14086.32659,-187.8439202,67.42851563,120.4175515,2
-13346.03757,-0.043871013,13346.08144,-177.9733502,45.11630277,132.8592024,2
-12586.8096,-0.061185429,12586.87079,-167.8498704,22.73997717,145.1120531,2
-11809.69509,-0.078412897,11809.7735,-157.4878667,0.331336829,157.1586916,2
-11015.79835,-0.095528936,11015.89388,-146.9020641,-22.07777436,168.9819991,2
-10206.24756,-0.112509223,10206.36007,-136.1075056,-44.45551183,180.5651738,2
-9382.193133,-0.129329628,9382.322463,-125.1195309,-66.77007558,191.8917556,2
-8544.806097,-0.145966249,8544.952063,-113.9537545,-88.98975541,202.9456487,2
-7695.276424,-0.162395444,7695.438819,-102.6260436,-111.0829759,213.7111449,2
-6834.811342,-0.178593866,6834.989936,-91.15249549,-133.0183414,224.1729459,2
-5964.633619,-0.194538496,5964.828157,-79.54941468,-154.7646806,234.3161849,2
-5085.979825,-0.210206677,5086.190032,-67.8332898,-176.2910907,244.1264477,2
-4200.098576,-0.225576142,4200.324152,-56.0207701,-197.5669815,253.5897935,2
-3308.248757,-0.240625051,3308.489382,-44.12864183,-218.5621189,262.6927743,2
-2411.697735,-0.255332019,2411.953067,-32.17380433,-239.2466675,271.4224544,2
-1511.719559,-0.269676146,1511.989235,-20.17324611,-259.5912334,279.7664282,2
-609.5931464,-0.283637049,609.8767834,-8.144020591,-279.5669061,287.7128387,2
293.3995312,-0.297194887,-293.1023363,3.896778023,-299.1452988,295.2503934,2
1195.975272,-0.310330396,-1195.664942,15.9320391,-318.2985898,302.3683813,2
2096.851466,-0.323024908,-2096.528442,27.94465988,-336.999561,309.056687,2
2994.74792,-0.335260384,-2994.41266,39.91756977,-355.2216374,315.3058064,2
3888.388673,-0.347019437,-3888.041654,51.83375461,-372.9389244,321.1068589,2
4776.503814,-0.358285356,-4776.145528,63.67628085,-390.1262448,326.451601,2
5657.83128,-0.369042132,-5657.462238,75.4283196,-406.7591745,331.3324375,2
6531.118659,-0.379274479,-6530.739385,87.07317059,-422.8140771,335.7424325,2
7395.124961,-0.388967856,-7394.735993,98.59428584,-438.2681378,339.6753192,2
8248.622386,-0.398108488,-8248.224278,109.9752932,-453.0993954,343.1255086,2
9090.398067,-0.406683387,-9089.991384,121.2000197,-467.2867741,346.0880979,2
9919.255795,-0.414680366,-9918.841115,132.2525143,-480.8101126,348.558877,2
10734.01772,-0.422088062,-10733.59563,143.1170708,-493.6501937,350.534335,2
11533.52601,-0.428895948,-11533.09712,153.7782502,-505.7887708,352.0116644,2
12316.64454,-0.435094348,-12316.20944,164.2209022,-517.2085945,352.988766,2
13082.26044,-0.440674456,-13081.81976,174.4301874,-527.8934364,353.4642513,2
13829.28573,-0.445628342,-13828.8401,184.3915977,-537.8281128,353.4374445,2
14556.65885,-0.449948965,-14556.2089,194.0909775,-546.9985061,352.9083838,2
15263.34616,-0.453630186,-15262.89253,203.5145433,-555.3915846,351.877821,2
15948.34342,-0.456666774,-15947.88675,212.6489039,-562.9954212,350.3472205,2
16610.67721,-0.459054414,-16610.21815,221.4810787,-569.7992105,348.3187574,2
17249.40632,-0.460789711,-17248.94553,229.9985168,-575.793284,345.7953144,2
17863.62308,-0.461870202,-17863.16121,238.1891145,-580.9691237,342.7804772,2
18452.45465,-0.46229435,-18451.99236,246.0412323,-585.3193745,339.2785303,2
19015.06428,-0.462061552,-19014.60222,253.5437122,-588.8378545,335.29445,2
19550.65246,-0.461172139,-19550.19129,260.6858925,-591.5195636,330.8338979,2
20058.45809,-0.459627376,-20057.99846,267.4576239,-593.360691,325.9032128,2
20537.75956,-0.457429457,-20537.30213,273.8492834,-594.3586205,320.5094013,2
20987.87574,-0.454581505,-20987.42116,279.851788,-594.5119338,314.6601285,2
21408.16701,-0.451087569,-21407.71592,285.456608,-593.8204132,308.3637064,2
21798.0361,-0.446952612,-21797.58915,290.6557785,-592.2850412,301.6290826,2
22156.92899,-0.442182511,-22156.4868,295.4419112,-589.9079998,294.4658274,2
22484.33567,-0.436784045,-22483.89888,299.8082048,-586.6926668,286.8841201,2
22779.79087,-0.430764884,-22779.36011,303.7484546,-582.6436115,278.8947348,2
23042.87475,-0.424133583,-23042.45062,307.2570612,-577.7665877,270.5090248,2
23273.21344,-0.416899566,-23272.79654,310.3290387,-572.0685259,261.7389067,2
23470.47963,-0.409073111,-23470.07055,312.9600216,-565.5575235,252.5968433,2
23634.39297,-0.40066534,-23633.99231,315.1462712,-558.2428329,243.0958259,2
23764.72055,-0.391688203,-23764.32887,316.8846807,-550.1348487,233.2493561,2
23861.27717,-0.382154455,-23860.89501,318.1727798,-541.2450928,223.0714262,2
23923.9256,-0.372077644,-23923.55352,319.0087379,-531.586198,212.5764996,2
23952.57682,-0.361472091,-23952.21535,319.3913672,-521.1718901,201.7794901,2
23947.19013,-0.350352866,-23946.83977,319.3201238,-510.0169684,190.6957409,2
23907.77316,-0.338735771,-23907.43443,318.7951091,-498.1372847,179.3410027,2
23834.38194,-0.326637314,-23834.05531,317.8170691,-485.5497207,167.7314111,2
23727.12076,-0.314074687,-23726.80669,316.3873936,-472.2721639,155.8834639,2
23586.14205,-0.301065743,-23585.84098,314.5081143,-458.3234826,143.8139978,2
23411.64613,-0.287628967,-23411.3585,312.1819018,-443.7234985,131.5401642,2
23203.88099,-0.273783456,-23203.6072,309.4120618,-428.492959,119.0794048,2
22963.14186,-0.259548883,-22962.88231,306.2025302,-412.6535076,106.4494271,2
22689.77085,-0.244945477,-22689.5259,302.5578681,-396.227653,93.66817885,2
22384.15643,-0.22999399,-22383.92643,298.4832547,-379.2387372,80.75382303,2
22046.7329,-0.214715669,-22046.51819,293.9844803,-361.7109024,67.72471161,2
21677.97976,-0.199132225,-21677.78063,289.0679379,-343.6690566,54.59935967,2
21278.42102,-0.183265804,-21278.23776,283.7406141,-325.1388383,41.39641905,2
20848.62448,-0.167138952,-20848.45734,278.0100793,-306.1465799,28.13465186,2
20389.20091,-0.150774586,-20389.05013,271.8844771,-286.7192705,14.83290378,2
19900.80317,-0.134195961,-19900.66897,265.3725121,-266.8845173,1.510077335,2
19384.12529,-0.117426636,-19384.00786,258.4834382,-246.6705066,-11.81489501,2
18839.90151,-0.100490442,-18839.80102,251.2270452,-226.1059636,-25.12307775,2
18268.90521,-0.083411446,-18268.82179,243.6136449,-205.2201116,-38.39555921,2
17671.94778,-0.066213917,-17671.88157,235.6540562,-184.0426307,-51.61347849,2
17049.87756,-0.048922294,-17049.82863,227.3595903,-162.6036151,-64.75805218,2
16403.57852,-0.03156115,-16403.54696,218.7420339,-140.9335309,-77.81060115,2
15733.9691,-0.014155157,-15733.95495,209.8136331,-119.0631724,-90.75257699,2
15042.00085,0.003270953,-15042.00412,200.5870756,-97.02361859,-103.5655885,2
14328.6571,0.020692413,-14328.67779,191.075473,-74.84618895,-116.2314275,2
13594.95153,0.038084469,-13594.98962,181.2923416,-52.56239877,-128.7320954,2
12841.9268,0.055422405,-12841.98223,171.2515839,-30.20391455,-141.0498279,2
12070.65299,0.072681583,-12070.72567,160.9674683,-7.802508914,-153.1671209,2
11282.22612,0.089837476,-11282.31596,150.4546092,14.60998451,-165.0667551,2
10477.76659,0.106865705,-10477.87345,139.7279458,37.00171635,-176.7318203,2
9658.417577,0.123742072,-9658.541319,128.8027214,59.34086673,-188.14574,2
8825.343426,0.140442594,-8825.483869,117.6944612,81.59569049,-199.2922943,2
7979.727979,0.15694354,-7979.884923,106.4189508,103.7345623,-210.1556433,2
7122.772902,0.173221461,-7122.946124,94.99221323,125.7260216,-220.7203496,2
6255.695975,0.189253225,-6255.885229,83.43048652,147.5388174,-230.9714003,2
5379.729362,0.205016049,-5379.934378,71.75020053,169.1419524,-240.8942279,2
4496.117859,0.220487535,-4496.338346,59.96795358,190.5047275,-250.4747317,2
3606.117126,0.235645695,-3606.352772,48.10048888,211.5967849,-259.6992972,2
2710.991904,0.25046899,-2711.242373,36.16467075,232.3881518,-268.5548158,2
1812.014214,0.264936355,-1812.27915,24.17746065,252.8492823,-277.0287032,2
910.4615522,0.279027231,-910.7405795,12.15589306,272.9511002,-285.1089178,2
7.615074998,0.292721594,-7.907796592,0.117051275,292.6650396,-292.7839769,2
-895.2422237,0.305999984,894.9362237,-11.92195685,311.963086,-300.042974,2
-1796.827334,0.31884353,1796.508491,-23.94402321,330.8178158,-306.8755936,2
-2695.859055,0.331233983,2695.527821,-35.93206381,349.2024353,-313.2721262,2
-3591.059812,0.343153734,3590.716658,-47.86904298,367.0908191,-319.223482,2
-4481.157477,0.354585845,4480.802891,-59.73799763,384.4575467,-324.7212038,2
-5364.887172,0.36551407,5364.521658,-71.5220613,401.2779392,-329.7574789,2
-6240.993068,0.37592288,6240.617145,-83.20448822,417.5280937,-334.3251506,2
-7108.230172,0.385797482,7107.844375,-94.76867701,433.184918,-338.417728,2
-7965.366092,0.395123845,7964.970968,-106.1981943,448.2261627,-342.0293953,2
-8811.182791,0.403888716,8810.778902,-117.4767982,462.6304536,-345.1550201,2
-9644.478317,0.412079638,9644.066237,-128.5884611,476.3773213,-347.7901607,2
-10464.06851,0.419684973,10463.64883,-139.5173928,489.4472308,-349.9310725,2
-11268.78869,0.426693913,11268.362,-150.2480626,501.8216089,-351.5747131,2
-12057.49531,0.433096497,12057.06221,-160.7652217,513.4828711,-352.7187467,2
-12829.06756,0.438883627,12828.62868,-171.0539246,524.414446,-353.3615478,2
-13582.40901,0.44404708,13581.96496,-181.0995505,534.6007994,-353.5022027,2
-14316.44911,0.448579518,14316.00053,-190.8878241,544.0274557,-353.1405116,2
-15030.14475,0.452474499,15029.69228,-200.4048356,552.6810192,-352.2769886,2
-15722.48174,0.455726489,15722.02601,-209.6370609,560.5491928,-350.9128607,2
-16392.47622,0.458330868,16392.01789,-218.5713804,567.6207953,-349.0500664,2
-17039.17609,0.460283933,17038.71581,-227.1950981,573.8857776,-346.6912529,2
-17661.66236,0.461582909,17661.20078,-235.4959591,579.3352367,-343.8397721,2
-18259.05045,0.462225951,18258.58822,-243.4621674,583.9614289,-340.4996762,2
-18830.49142,0.462212144,18830.02921,-251.0824027,587.7577798,-336.6757116,2
-19375.17323,0.461541508,19374.71169,-258.3458362,590.7188948,-332.3733125,2
-19892.32187,0.460214997,19891.86165,-265.2421461,592.840566,-327.5985926,2
-20381.20242,0.458234495,20380.74419,-271.7615323,594.1197782,-322.3583372,2
-20841.12017,0.455602817,20840.66457,-277.8947306,594.5547138,-316.659993,2
-21271.42155,0.452323703,21270.96923,-283.6330253,594.1447545,-310.5116577,2
-21671.49508,0.448401811,21671.04667,-288.9682619,592.8904831,-303.9220682,2
-22040.77222,0.443842716,22040.32838,-293.8928588,590.7936818,-296.9005889,2
-22378.72822,0.438652897,22378.28957,-298.3998178,587.8573304,-289.4571976,2
-22684.88283,0.432839727,22684.44999,-302.4827344,584.0856015,-281.6024717,2
-22958.80097,0.426411469,22958.37456,-306.1358065,579.4838551,-273.3475734,2
-23200.0934,0.419377256,23199.67403,-309.3538428,574.0586303,-264.7042332,2
-23408.41723,0.411747086,23408.00548,-312.1322704,567.8176369,-255.6847338,2
-23583.47642,0.4035318,23583.07289,-314.467141,560.7697435,-246.3018924,2
-23725.0222,0.394743074,23724.62745,-316.3551365,552.9249657,-236.5690425,2
-23832.85342,0.385393396,23832.46803,-317.7935741,544.2944512,-226.5000151,2
-23906.81685,0.375496053,23906.44136,-318.7804097,534.8904645,-216.1091187,2
-23946.80739,0.36506511,23946.44233,-319.3142408,524.7263691,-205.4111195,2
-23952.76821,0.354115389,23952.41409,-319.3943089,513.8166089,-194.4212198,2
-23924.69083,0.34266245,23924.34817,-319.0205002,502.1766872,-183.155037,2
-23862.61515,0.33072257,23862.28443,-318.193346,489.823145,-171.6285808,2
-23766.6294,0.318312715,23766.31109,-316.9140216,476.7735372,-159.858231,2
-23636.86996,0.30545052,23636.56451,-315.184345,463.0464082,-147.8607139,2
-23473.52124,0.292154263,23473.22909,-313.0067742,448.6612648,-135.6530787,2
-23276.81536,0.278442839,23276.53692,-310.3844037,433.6385493,-123.252673,2
-23047.03185,0.264335732,23046.76752,-307.3209599,417.9996096,-110.6771185,2
-22784.49725,0.24985299,22784.2474,-303.8207963,401.7666697,-97.94428573,2
-22489.58463,0.235015193,22489.34961,-299.8888866,384.9627973,-85.07226881,2
-22162.71308,0.219843427,22162.49324,-295.5308185,367.6118717,-72.07935954,2
-21804.3471,0.204359251,21804.14274,-290.7527849,349.7385496,-58.98402155,2
-21414.99595,0.188584669,21414.80737,-285.5615756,331.3682298,-45.80486404,2
-20995.21293,0.172542098,20995.04038,-279.9645678,312.5270176,-32.56061532,2
-20545.59455,0.156254336,20545.4383,-273.969715,293.2416874,-19.27009618,2
-20066.77976,0.139744527,20066.64002,-267.5855362,273.5396448,-5.952193175,2
-19559.44898,0.123036134,19559.32594,-260.8211037,253.4488874,7.37416822,2
-19024.32315,0.1061529,19024.217,-253.6860302,232.9979652,20.69005052,2
-18462.16272,0.089118817,18462.0736,-246.1904549,212.2159401,33.97653112,2
-17873.76654,0.071958091,17873.69458,-238.3450296,191.1323446,47.21472922,2
-17259.97076,0.054695109,17259.91607,-230.1609029,169.7771396,60.3858326,2
-16621.64762,0.037354402,16621.61027,-221.6497049,148.180672,73.47112441,2
-15959.70421,0.019960612,15959.68425,-212.8235306,126.3736315,86.45200973,2
-15275.08119,0.002538457,15275.07865,-203.6949225,104.3870072,99.31004201,2
-14568.75144,-0.014887305,14568.76633,-194.2768526,82.25204319,112.0269493,2
-13841.7187,-0.032291911,13841.75099,-184.5827048,60.00019456,124.5846601,2
-13095.01611,-0.049650629,13095.06577,-174.6262548,37.66308238,136.9653294,2
-12329.7048,-0.066938791,12329.77174,-164.4216514,15.27244889,149.1513634,2
-11546.8723,-0.084131829,11546.95643,-153.9833958,-7.139887578,161.1254452,2
-10747.63106,-0.101205311,10747.73226,-143.3263214,-29.54207788,172.8705588,2
-9933.116845,-0.118134975,9933.23498,-132.4655724,-51.90228727,184.370014,2
-9104.487132,-0.134896762,9104.622028,-121.4165826,-74.18874067,195.6074693,2
-8262.919444,-0.151466854,8263.07091,-110.1950532,-96.36976781,206.5669556,2
-7409.609695,-0.167821703,7409.777516,-98.81693059,-118.4138482,217.2328991,2
-6545.770485,-0.183938068,6545.954423,-87.29838372,-140.2896561,227.5901427,2
-5672.629377,-0.199793047,5672.82917,-75.65578107,-161.9661047,237.6239682,2
-4791.427153,-0.21536411,4791.642517,-63.90566741,-183.4123906,247.3201171,2
-3903.416048,-0.230629128,3903.646678,-52.0647403,-204.5980374,256.6648105,2
-3009.857976,-0.24556641,3010.103542,-40.14982635,-225.4929393,265.6447692,2
-2112.022731,-0.260154728,2112.282886,-28.1778573,-246.0674033,274.2472322,2
-1211.186186,-0.274373352,1211.460559,-16.16584597,-266.2921921,282.4599748,2
-308.6284787,-0.288202077,308.9166808,-4.130862088,-286.1385651,290.2713264,2
594.3678062,-0.30162125,-594.066185,7.909991974,-305.5783196,297.6701865,2
1496.519462,-0.314611804,-1496.20485,19.93960551,-324.5838305,304.646041,2
2396.544482,-0.327155276,-2396.217326,31.94088377,-343.1280901,311.1889768,2
3293.163881,-0.339233844,-3292.824647,43.89677228,-361.1847459,317.2896961,2
4185.103513,-0.350830341,-4184.752683,55.79028108,-378.7281384,322.9395293,2
5071.095885,-0.361928289,-5070.733957,67.60450884,-395.7333374,328.1304478,2
5949.881952,-0.372511918,-5949.50944,79.3226669,-412.1761778,332.8550749,2
6820.212911,-0.382566186,-6819.830345,90.9281031,-428.0332932,337.1066968,2
7680.851974,-0.392076807,-7680.459898,102.4043255,-443.2821499,340.8792716,2
8530.576127,-0.401030266,-8530.175097,113.7350257,-457.9010785,344.1674383,2
9368.177864,-0.409413838,-9367.76845,124.9041023,-471.8693045,346.9665243,2
10192.46691,-0.417215611,-10192.04969,135.8956833,-485.1669784,349.2725518,2
11002.2719,-0.424424498,-11001.84747,146.694149,-497.7752035,351.082244,2
11796.44206,-0.431030255,-11796.01103,157.2841544,-509.6760629,352.393029,2
12573.84883,-0.437023493,-12573.4118,167.6506504,-520.8526446,353.2030443,2
13333.38747,-0.442395698,-13332.94508,177.7789056,-531.2890662,353.5111387,2
14073.97864,-0.447139234,-14073.5315,187.6545273,-540.970497,353.3168745,2
14794.56992,-0.451247361,-14794.11867,197.2634816,-549.8831791,352.6205276,2
15494.1373,-0.45471424,-15493.68259,206.5921138,-558.0144471,351.4230877,2
16171.68667,-0.457534946,-16171.22913,215.6271672,-565.3527461,349.7262564,2
16826.25518,-0.459705469,-16825.79548,224.3558026,-571.8876479,347.5324449,2
17456.91267,-0.461222726,-17456.45144,232.7656162,-577.609866,344.8447707,2
18062.76292,-0.462084561,-18062.30084,240.844657,-582.5112689,341.6670533,2
18642.945,-0.462289747,-18642.48272,248.5814445,-586.5848915,338.0038083,2
19196.63444,-0.461837995,-19196.1726,255.9649841,-589.8249447,333.8602414,2
19723.04441,-0.460729946,-19722.58368,262.9847834,-592.2268245,329.2422408,2
20221.42686,-0.458967174,-20220.96789,269.630867,-593.7871176,324.156369,2
20691.07355,-0.456552184,-20690.61699,275.8937904,-594.5036066,318.6098533,2
21131.31709,-0.453488409,-21130.8636,281.7646536,-594.3752735,312.6105755,2
21541.53187,-0.449780203,-21541.08209,287.2351138,-593.4023007,306.167061,2
21921.13496,-0.445432834,-21920.68953,292.2973972,-591.5860706,299.2884663,2
22269.58692,-0.44045248,-22269.14647,296.94431,-588.9291644,291.9845664,2
22586.39257,-0.43484622,-22585.95773,301.1692487,-585.4353577,284.2657404,2
22871.10173,-0.428622019,-22870.67311,304.9662094,-581.1096152,276.1429572,2
23123.3098,-0.421788723,-23122.88801,308.3297964,-575.9580842,267.6277598,2
23342.65838,-0.414356041,-23342.24402,311.2552299,-569.9880853,258.7322487,2
23528.83576,-0.406334538,-23528.42943,313.7383528,-563.2081021,249.4690649,2
23681.57738,-0.397735611,-23681.17965,315.7756362,-555.6277693,239.8513719,2
23800.66619,-0.388571479,-23800.27762,317.3641852,-547.2578591,229.892837,2
23885.93294,-0.378855167,-23885.55409,318.5017423,-538.1102655,219.6076117,2
23937.25648,-0.36860048,-23936.88788,319.186691,-528.1979878,209.0103121,2
23954.56387,-0.357821992,-23954.20605,319.4180579,-517.5351119,198.1159974,2
23937.83051,-0.346535019,-23937.48397,319.1955144,-506.1367902,186.940149,2
23887.08018,-0.334755601,-23886.74543,318.5193765,-494.0192205,175.4986484,2
23802.38501,-0.322500477,-23802.06251,317.3906051,-481.1996224,163.8077546,2
23683.86534,-0.309787063,-23683.55555,315.8108044,-467.6962134,151.884081,2
23531.68961,-0.296633424,-23531.39297,313.7822192,-453.5281824,139.7445719,2
23346.07405,-0.283058252,-23345.791,311.3077323,-438.715663,127.4064781,2
23127.28245,-0.26908084,-23127.01337,308.3908601,-423.2797047,114.8873327,2
22875.62572,-0.254721048,-22875.371,305.0357476,-407.2422428,102.2049261,2
22591.46146,-0.239999284,-22591.22147,301.2471626,-390.6260673,89.37728069,2
22275.19351,-0.224936468,-22274.96857,297.0304889,-373.4547909,76.42262529,2
21927.27129,-0.209554005,-21927.06173,292.3917186,-355.7528147,63.35936917,2
21548.18921,-0.193873755,-21547.99534,287.3374437,-337.5452944,50.20607592,2
21138.48598,-0.177917999,-21138.30806,281.8748466,-318.8581037,36.98143708,2
20698.7438,-0.161709412,-20698.58209,276.0116899,-299.7177981,23.7042456,2
20229.58758,-0.145271027,-20229.44231,269.7563054,-280.1515772,10.39336909,2
19731.684,-0.128626203,-19731.55538,263.1175825,-260.1872456,-2.932276963,2
19205.74062,-0.111798595,-19205.62883,256.1049552,-239.8531737,-16.25375609,2
18652.50484,-0.094812116,-18652.41003,248.7283886,-219.1782572,-29.55213775,2
18072.76282,-0.077690902,-18072.68513,240.9983654,-198.1918765,-42.8085242,2
17467.33842,-0.060459286,-17467.27796,232.9258704,-176.9238543,-56.00407739,2
16837.09198,-0.043141754,-16837.04883,224.5223749,-155.4044136,-69.12004572,2
16182.9191,-0.025762915,-16182.89334,215.7998209,-133.6641347,-82.13779069,2
15505.74941,-0.008347466,-15505.74107,206.7706035,-111.7339118,-95.03881336,2
14806.54521,0.009079846,-14806.55429,197.4475538,-89.64490887,-107.8047807,2
14086.30009,0.026494254,-14086.32659,187.8439202,-67.42851563,-120.4175515,2
13346.03757,0.043871013,-13346.08144,177.9733502,-45.11630277,-132.8592024,2
12586.8096,0.061185429,-12586.87079,167.8498704,-22.73997717,-145.1120531,2
11809.69509,0.078412897,-11809.7735,157.4878667,-0.331336829,-157.1586916,2
11015.79835,0.095528936,-11015.89388,146.9020641,22.07777436,-168.9819991,2
10206.24756,0.112509223,-10206.36007,136.1075056,44.45551183,-180.5651738,2
9382.193133,0.129329628,-9382.322463,125.1195309,66.77007558,-191.8917556,2
8544.806097,0.145966249,-8544.952063,113.9537545,88.98975541,-202.9456487,2
7695.276424,0.162395444,-7695.438819,102.6260436,111.0829759,-213.7111449,2
6834.811342,0.178593866,-6834.989936,91.15249549,133.0183414,-224.1729459,2
5964.633619,0.194538496,-5964.828157,79.54941468,154.7646806,-234.3161849,2
5085.979825,0.210206677,-5086.190032,67.8332898,176.2910907,-244.1264477,2
4200.098576,0.225576142,-4200.324152,56.0207701,197.5669815,-253.5897935,2
3308.248757,0.240625051,-3308.489382,44.12864183,218.5621189,-262.6927743,2
2411.697735,0.255332019,-2411.953067,32.17380433,239.2466675,-271.4224544,2
1511.719559,0.269676146,-1511.989235,20.17324611,259.5912334,-279.7664282,2
609.5931464,0.283637049,-609.8767834,8.144020591,279.5669061,-287.7128387,2
-293.3995312,0.297194887,293.1023363,-3.896778023,299.1452988,-295.2503934,2
-1195.975272,0.310330396,1195.664942,-15.9320391,318.2985898,-302.3683813,2
-2096.851466,0.323024908,2096.528442,-27.94465988,336.999561,-309.056687,2
-2994.74792,0.335260384,2994.41266,-39.91756977,355.2216374,-315.3058064,2
-3888.388673,0.347019437,3888.041654,-51.83375461,372.9389244,-321.1068589,2
-4776.503814,0.358285356,4776.145528,-63.67628085,390.1262448,-326.451601,2
-5657.83128,0.369042132,5657.462238,-75.4283196,406.7591745,-331.3324375,2
-6531.118659,0.379274479,6530.739385,-87.07317059,422.8140771,-335.7424325,2
-7395.124961,0.388967856,7394.735993,-98.59428584,438.2681378,-339.6753192,2
-8248.622386,0.398108488,8248.224278,-109.9752932,453.0993954,-343.1255086,2
-9090.398067,0.406683387,9089.991384,-121.2000197,467.2867741,-346.0880979,2
-9919.255795,0.414680366,9918.841115,-132.2525143,480.8101126,-348.558877,2
-10734.01772,0.422088062,10733.59563,-143.1170708,493.6501937,-350.534335,2
-11533.52601,0.428895948,11533.09712,-153.7782502,505.7887708,-352.0116644,2
-12316.64454,0.435094348,12316.20944,-164.2209022,517.2085945,-352.988766,2
-13082.26044,0.440674456,13081.81976,-174.4301874,527.8934364,-353.4642513,2
-13829.28573,0.445628342,13828.8401,-184.3915977,537.8281128,-353.4374445,2
-14556.65885,0.449948965,14556.2089,-194.0909775,546.9985061,-352.9083838,2
-15263.34616,0.453630186,15262.89253,-203.5145433,555.3915846,-351.877821,2
-15948.34342,0.456666774,15947.88675,-212.6489039,562.9954212,-350.3472205,2
-16610.67721,0.459054414,16610.21815,-221.4810787,569.7992105,-348.3187574,2
-17249.40632,0.460789711,17248.94553,-229.9985168,575.793284,-345.7953144,2
-17863.62308,0.461870202,17863.16121,-238.1891145,580.9691237,-342.7804772,2
-18452.45465,0.46229435,18451.99236,-246.0412323,585.3193745,-339.2785303,2
-19015.06428,0.462061552,19014.60222,-253.5437122,588.8378545,-335.29445,2
-19550.65246,0.461172139,19550.19129,-260.6858925,591.5195636,-330.8338979,2
-20058.45809,0.459627376,20057.99846,-267.4576239,593.360691,-325.9032128,2
-20537.75956,0.457429457,20537.30213,-273.8492834,594.3586205,-320.5094013,2
-20987.87574,0.454581505,20987.42116,-279.851788,594.5119338,-314.6601285,2
-21408.16701,0.451087569,21407.71592,-285.456608,593.8204132,-308.3637064,2
-21798.0361,0.446952612,21797.58915,-290.6557785,592.2850412,-301.6290826,2
-22156.92899,0.442182511,22156.4868,-295.4419112,589.9079998,-294.4658274,2
-22484.33567,0.436784045,22483.89888,-299.8082048,586.6926668,-286.8841201,2
-22779.79087,0.430764884,22779.36011,-303.7484546,582.6436115,-278.8947348,2
-23042.87475,0.424133583,23042.45062,-307.2570612,577.7665877,-270.5090248,2
-23273.21344,0.416899566,23272.79654,-310.3290387,572.0685259,-261.7389067,2
-23470.47963,0.409073111,23470.07055,-312.9600216,565.5575235,-252.5968433,2
-23634.39297,0.40066534,23633.99231,-315.1462712,558.2428329,-243.0958259,2
-23764.72055,0.391688203,23764.32887,-316.8846807,550.1348487,-233.2493561,2
-23861.27717,0.382154455,23860.89501,-318.1727798,541.2450928,-223.0714262,2
-23923.9256,0.372077644,23923.55352,-319.0087379,531.586198,-212.5764996,2
-23952.57682,0.361472091,23952.21535,-319.3913672,521.1718901,-201.7794901,2
-23947.19013,0.350352866,23946.83977,-319.3201238,510.0169684,-190.6957409,2
-23907.77316,0.338735771,23907.43443,-318.7951091,498.1372847,-179.3410027,2
-23834.38194,0.326637314,23834.05531,-317.8170691,485.5497207,-167.7314111,2
-23727.12076,0.314074687,23726.80669,-316.3873936,472.2721639,-155.8834639,2
-23586.14205,0.301065743,23585.84098,-314.5081143,458.3234826,-143.8139978,2
-23411.64613,0.287628967,23411.3585,-312.1819018,443.7234985,-131.5401642,2
-23203.88099,0.273783456,23203.6072,-309.4120618,428.492959,-119.0794048,2
-22963.14186,0.259548883,22962.88231,-306.2025302,412.6535076,-106.4494271,2
-22689.77085,0.244945477,22689.5259,-302.5578681,396.227653,-93.66817885,2
-22384.15643,0.22999399,22383.92643,-298.4832547,379.2387372,-80.75382303,2
-22046.7329,0.214715669,22046.51819,-293.9844803,361.7109024,-67.72471161,2
-21677.97976,0.199132225,21677.78063,-289.0679379,343.6690566,-54.59935967,2
-21278.42102,0.183265804,21278.23776,-283.7406141,325.1388383,-41.39641905,2
-20848.62448,0.167138952,20848.45734,-278.0100793,306.1465799,-28.13465186,2
-20389.20091,0.150774586,20389.05013,-271.8844771,286.7192705,-14.83290378,2
-19900.80317,0.134195961,19900.66897,-265.3725121,266.8845173,-1.510077335,2
-19384.12529,0.117426636,19384.00786,-258.4834382,246.6705066,11.81489501,2
-18839.90151,0.100490442,18839.80102,-251.2270452,226.1059636,25.12307775,2
-18268.90521,0.083411446,18268.82179,-243.6136449,205.2201116,38.39555921,2
-17671.94778,0.066213917,17671.88157,-235.6540562,184.0426307,51.61347849,2
-17049.87756,0.048922294,17049.82863,-227.3595903,162.6036151,64.75805218,2
-16403.57852,0.03156115,16403.54696,-218.7420339,140.9335309,77.81060115,2
-15733.9691,0.014155157,15733.95495,-209.8136331,119.0631724,90.75257699,2
-15042.00085,-0.003270953,15042.00412,-200.5870756,97.02361859,103.5655885,2
-14328.6571,-0.020692413,14328.67779,-191.075473,74.84618895,116.2314275,2
-13594.95153,-0.038084469,13594.98962,-181.2923416,52.56239877,128.7320954,2
-12841.9268,-0.055422405,12841.98223,-171.2515839,30.20391455,141.0498279,2
-12070.65299,-0.072681583,12070.72567,-160.9674683,7.802508914,153.1671209,2
-11282.22612,-0.089837476,11282.31596,-150.4546092,-14.60998451,165.0667551,2
-10477.76659,-0.106865705,10477.87345,-139.7279458,-37.00171635,176.7318203,2
-9658.417577,-0.123742072,9658.541319,-128.8027214,-59.34086673,188.14574,2
-8825.343426,-0.140442594,8825.483869,-117.6944612,-81.59569049,199.2922943,2
-7979.727979,-0.15694354,7979.884923,-106.4189508,-103.7345623,210.1556433,2
-7122.772902,-0.173221461,7122.946124,-94.99221323,-125.7260216,220.7203496,2
-6255.695975,-0.189253225,6255.885229,-83.43048652,-147.5388174,230.9714003,2
-5379.729362,-0.205016049,5379.934378,-71.75020053,-169.1419524,240.8942279,2
-4496.117859,-0.220487535,4496.338346,-59.96795358,-190.5047275,250.4747317,2
-3606.117126,-0.235645695,3606.352772,-48.10048888,-211.5967849,259.6992972,2
-2710.991904,-0.25046899,2711.242373,-36.16467075,-232.3881518,268.5548158,2
-1812.014214,-0.264936355,1812.27915,-24.17746065,-252.8492823,277.0287032,2
-910.4615522,-0.279027231,910.7405795,-12.15589306,-272.9511002,285.1089178,2
-7.615074998,-0.292721594,7.907796592,-0.117051275,-292.6650396,292.7839769,2
895.2422237,-0.305999984,-894.9362237,11.92195685,-311.963086,300.042974,2
1796.827334,-0.31884353,-1796.508491,23.94402321,-330.8178158,306.8755936,2
2695.859055,-0.331233983,-2695.527821,35.93206381,-349.2024353,313.2721262,2
3591.059812,-0.343153734,-3590.716658,47.86904298,-367.0908191,319.223482,2
4481.157477,-0.354585845,-4480.802891,59.73799763,-384.4575467,324.7212038,2
5364.887172,-0.36551407,-5364.521658,71.5220613,-401.2779392,329.7574789,2
6240.993068,-0.37592288,-6240.617145,83.20448822,-417.5280937,334.3251506,2
7108.230172,-0.385797482,-7107.844375,94.76867701,-433.184918,338.417728,2
7965.366092,-0.395123845,-7964.970968,106.1981943,-448.2261627,342.0293953,2
8811.182791,-0.403888716,-8810.778902,117.4767982,-462.6304536,345.1550201,2
9644.478317,-0.412079638,-9644.066237,128.5884611,-476.3773213,347.7901607,2
10464.06851,-0.419684973,-10463.64883,139.5173928,-489.4472308,349.9310725,2
11268.78869,-0.426693913,-11268.362,150.2480626,-501.8216089,351.5747131,2
12057.49531,-0.433096497,-12057.06221,160.7652217,-513.4828711,352.7187467,2
12829.06756,-0.438883627,-12828.62868,171.0539246,-524.414446,353.3615478,2
13582.40901,-0.44404708,-13581.96496,181.0995505,-534.6007994,353.5022027,2
14316.44911,-0.448579518,-14316.00053,190.8878241,-544.0274557,353.1405116,2
15030.14475,-0.452474499,-15029.69228,200.4048356,-552.6810192,352.2769886,2
15722.48174,-0.455726489,-15722.02601,209.6370609,-560.5491928,350.9128607,2
16392.47622,-0.458330868,-16392.01789,218.5713804,-567.6207953,349.0500664,2
17039.17609,-0.460283933,-17038.71581,227.1950981,-573.8857776,346.6912529,2
17661.66236,-0.461582909,-17661.20078,235.4959591,-579.3352367,343.8397721,2
18259.05045,-0.462225951,-18258.58822,243.4621674,-583.9614289,340.4996762,2
18830.49142,-0.462212144,-18830.02921,251.0824027,-587.7577798,336.6757116,2
19375.17323,-0.461541508,-19374.71169,258.3458362,-590.7188948,332.3733125,2
19892.32187,-0.460214997,-19891.86165,265.2421461,-592.840566,327.5985926,2
20381.20242,-0.458234495,-20380.74419,271.7615323,-594.1197782,322.3583372,2
20841.12017,-0.455602817,-20840.66457,277.8947306,-594.5547138,316.659993,2
21271.42155,-0.452323703,-21270.96923,283.6330253,-594.1447545,310.5116577,2
21671.49508,-0.448401811,-21671.04667,288.9682619,-592.8904831,303.9220682,2
22040.77222,-0.443842716,-22040.32838,293.8928588,-590.7936818,296.9005889,2
22378.72822,-0.438652897,-22378.28957,298.3998178,-587.8573304,289.4571976,2
22684.88283,-0.432839727,-22684.44999,302.4827344,-584.0856015,281.6024717,2
22958.80097,-0.426411469,-22958.37456,306.1358065,-579.4838551,273.3475734,2
23200.0934,-0.419377256,-23199.67403,309.3538428,-574.0586303,264.7042332,2
23408.41723,-0.411747086,-23408.00548,312.1322704,-567.8176369,255.6847338,2
23583.47642,-0.4035318,-23583.07289,314.467141,-560.7697435,246.3018924,2
23725.0222,-0.394743074,-23724.62745,316.3551365,-552.9249657,236.5690425,2
23832.85342,-0.385393396,-23832.46803,317.7935741,-544.2944512,226.5000151,2
23906.81685,-0.375496053,-23906.44136,318.7804097,-534.8904645,216.1091187,2
23946.80739,-0.36506511,-23946.44233,319.3142408,-524.7263691,205.4111195,2
23952.76821,-0.354115389,-23952.41409,319.3943089,-513.8166089,194.4212198,2
23924.69083,-0.34266245,-23924.34817,319.0205002,-502.1766872,183.155037,2
23862.61515,-0.33072257,-23862.28443,318.193346,-489.823145,171.6285808,2
23766.6294,-0.318312715,-23766.31109,316.9140216,-476.7735372,159.858231,2
23636.86996,-0.30545052,-23636.56451,315.184345,-463.0464082,147.8607139,2
23473.52124,-0.292154263,-23473.22909,313.0067742,-448.6612648,135.6530787,2
23276.81536,-0.278442839,-23276.53692,310.3844037,-433.6385493,123.252673,2
23047.03185,-0.264335732,-23046.76752,307.3209599,-417.9996096,110.6771185,2
22784.49725,-0.24985299,-22784.2474,303.8207963,-401.7666697,97.94428573,2
22489.58463,-0.235015193,-22489.34961,299.8888866,-384.9627973,85.07226881,2
22162.71308,-0.219843427,-22162.49324,295.5308185,-367.6118717,72.07935954,2
21804.3471,-0.204359251,-21804.14274,290.7527849,-349.7385496,58.98402155,2
21414.99595,-0.188584669,-21414.80737,285.5615756,-331.3682298,45.80486404,2
20995.21293,-0.172542098,-20995.04038,279.9645678,-312.5270176,32.56061532,2
20545.59455,-0.156254336,-20545.4383,273.969715,-293.2416874,19.27009618,2
20066.77976,-0.139744527,-20066.64002,267.5855362,-273.5396448,5.952193175,2
19559.44898,-0.123036134,-19559.32594,260.8211037,-253.4488874,-7.37416822,2
19024.32315,-0.1061529,-19024.217,253.6860302,-232.9979652,-20.69005052,2
18462.16272,-0.089118817,-18462.0736,246.1904549,-212.2159401,-33.97653112,2
17873.76654,-0.071958091,-17873.69458,238.3450296,-191.1323446,-47.21472922,2
17259.97076,-0.054695109,-17259.91607,230.1609029,-169.7771396,-60.3858326,2
16621.64762,-0.037354402,-16621.61027,221.6497049,-148.180672,-73.47112441,2
15959.70421,-0.019960612,-15959.68425,212.8235306,-126.3736315,-86.45200973,2
15275.08119,-0.002538457,-15275.07865,203.6949225,-104.3870072,-99.31004201,2
14568.75144,0.014887305,-14568.76633,194.2768526,-82.25204319,-112.0269493,2
13841.7187,0.032291911,-13841.75099,184.5827048,-60.00019456,-124.5846601,2
13095.01611,0.049650629,-13095.06577,174.6262548,-37.66308238,-136.9653294,2
12329.7048,0.066938791,-12329.77174,164.4216514,-15.27244889,-149.1513634,2
11546.8723,0.084131829,-11546.95643,153.9833958,7.139887578,-161.1254452,2
10747.63106,0.101205311,-10747.73226,143.3263214,29.54207788,-172.8705588,2
9933.116845,0.118134975,-9933.23498,132.4655724,51.90228727,-184.370014,2
9104.487132,0.134896762,-9104.622028,121.4165826,74.18874067,-195.6074693,2
8262.919444,0.151466854,-8263.07091,110.1950532,96.36976781,-206.5669556,2
7409.609695,0.167821703,-7409.777516,98.81693059,118.4138482,-217.2328991,2
6545.770485,0.183938068,-6545.954423,87.29838372,140.2896561,-227.5901427,2
5672.629377,0.199793047,-5672.82917,75.65578107,161.9661047,-237.6239682,2
4791.427153,0.21536411,-4791.642517,63.90566741,183.4123906,-247.3201171,2
3903.416048,0.230629128,-3903.646678,52.0647403,204.5980374,-256.6648105,2
3009.857976,0.24556641,-3010.103542,40.14982635,225.4929393,-265.6447692,2
2112.022731,0.260154728,-2112.282886,28.1778573,246.0674033,-274.2472322,2
1211.186186,0.274373352,-1211.460559,16.16584597,266.2921921,-282.4599748,2
308.6284787,0.288202077,-308.9166808,4.130862088,286.1385651,-290.2713264,2
-594.3678062,0.30162125,594.066185,-7.909991974,305.5783196,-297.6701865,2
-1496.519462,0.314611804,1496.20485,-19.93960551,324.5838305,-304.646041,2
-2396.544482,0.327155276,2396.217326,-31.94088377,343.1280901,-311.1889768,2
-3293.163881,0.339233844,3292.824647,-43.89677228,361.1847459,-317.2896961,2
-4185.103513,0.350830341,4184.752683,-55.79028108,378.7281384,-322.9395293,2
-5071.095885,0.361928289,5070.733957,-67.60450884,395.7333374,-328.1304478,2
-5949.881952,0.372511918,5949.50944,-79.3226669,412.1761778,-332.8550749,2
-6820.212911,0.382566186,6819.830345,-90.9281031,428.0332932,-337.1066968,2
-7680.851974,0.392076807,7680.459898,-102.4043255,443.2821499,-340.8792716,2
-8530.576127,0.401030266,8530.175097,-113.7350257,457.9010785,-344.1674383,2
-9368.177864,0.409413838,9367.76845,-124.9041023,471.8693045,-346.9665243,2
-10192.46691,0.417215611,10192.04969,-135.8956833,485.1669784,-349.2725518,2
-11002.2719,0.424424498,11001.84747,-146.694149,497.7752035,-351.082244,2
-11796.44206,0.431030255,11796.01103,-157.2841544,509.6760629,-352.393029,2
-12573.84883,0.437023493,12573.4118,-167.6506504,520.8526446,-353.2030443,2
-13333.38747,0.442395698,13332.94508,-177.7789056,531.2890662,-353.5111387,2
-14073.97864,0.447139234,14073.5315,-187.6545273,540.970497,-353.3168745,2
-14794.56992,0.451247361,14794.11867,-197.2634816,549.8831791,-352.6205276,2
-15494.1373,0.45471424,15493.68259,-206.5921138,558.0144471,-351.4230877,2
-16171.68667,0.457534946,16171.22913,-215.6271672,565.3527461,-349.7262564,2
-16826.25518,0.459705469,16825.79548,-224.3558026,571.8876479,-347.5324449,2
-17456.91267,0.461222726,17456.45144,-232.7656162,577.609866,-344.8447707,2
-18062.76292,0.462084561,18062.30084,-240.844657,582.5112689,-341.6670533,2
-18642.945,0.462289747,18642.48272,-248.5814445,586.5848915,-338.0038083,2
-19196.63444,0.461837995,19196.1726,-255.9649841,589.8249447,-333.8602414,2
-19723.04441,0.460729946,19722.58368,-262.9847834,592.2268245,-329.2422408,2
-20221.42686,0.458967174,20220.96789,-269.630867,593.7871176,-324.156369,2
-20691.07355,0.456552184,20690.61699,-275.8937904,594.5036066,-318.6098533,2
-21131.31709,0.453488409,21130.8636,-281.7646536,594.3752735,-312.6105755,2
-21541.53187,0.449780203,21541.08209,-287.2351138,593.4023007,-306.167061,2
-21921.13496,0.445432834,21920.68953,-292.2973972,591.5860706,-299.2884663,2
-22269.58692,0.44045248,22269.14647,-296.94431,588.9291644,-291.9845664,2
-22586.39257,0.43484622,22585.95773,-301.1692487,585.4353577,-284.2657404,2
-22871.10173,0.428622019,22870.67311,-304.9662094,581.1096152,-276.1429572,2
-23123.3098,0.421788723,23122.88801,-308.3297964,575.9580842,-267.6277598,2
-23342.65838,0.414356041,23342.24402,-311.2552299,569.9880853,-258.7322487,2
-23528.83576,0.406334538,23528.42943,-313.7383528,563.2081021,-249.4690649,2
-23681.57738,0.397735611,23681.17965,-315.7756362,555.6277693,-239.8513719,2
-23800.66619,0.388571479,23800.27762,-317.3641852,547.2578591,-229.892837,2
-23885.93294,0.378855167,23885.55409,-318.5017423,538.1102655,-219.6076117,2
-23937.25648,0.36860048,23936.88788,-319.186691,528.1979878,-209.0103121,2
-23954.56387,0.357821992,23954.20605,-319.4180579,517.5351119,-198.1159974,2
-23937.83051,0.346535019,23937.48397,-319.1955144,506.1367902,-186.940149,2
-23887.08018,0.334755601,23886.74543,-318.5193765,494.0192205,-175.4986484,2
-23802.38501,0.322500477,23802.06251,-317.3906051,481.1996224,-163.8077546,2
-23683.86534,0.309787063,23683.55555,-315.8108044,467.6962134,-151.884081,2
-23531.68961,0.296633424,23531.39297,-313.7822192,453.5281824,-139.7445719,2
-23346.07405,0.283058252,23345.791,-311.3077323,438.715663,-127.4064781,2
-23127.28245,0.26908084,23127.01337,-308.3908601,423.2797047,-114.8873327,2
-22875.62572,0.254721048,22875.371,-305.0357476,407.2422428,-102.2049261,2
-22591.46146,0.239999284,22591.22147,-301.2471626,390.6260673,-89.37728069,2
-22275.19351,0.224936468,22274.96857,-297.0304889,373.4547909,-76.42262529,2
-21927.27129,0.209554005,21927.06173,-292.3917186,355.7528147,-63.35936917,2
-21548.18921,0.193873755,21547.99534,-287.3374437,337.5452944,-50.20607592,2
-21138.48598,0.177917999,21138.30806,-281.8748466,318.8581037,-36.98143708,2
-20698.7438,0.161709412,20698.58209,-276.0116899,299.7177981,-23.7042456,2
-20229.58758,0.145271027,20229.44231,-269.7563054,280.1515772,-10.39336909,2
-19731.684,0.128626203,19731.55538,-263.1175825,260.1872456,2.932276963,2
-19205.74062,0.111798595,19205.62883,-256.1049552,239.8531737,16.25375609,2
-18652.50484,0.094812116,18652.41003,-248.7283886,219.1782572,29.55213775,2
-18072.76282,0.077690902,18072.68513,-240.9983654,198.1918765,42.8085242,2
-17467.33842,0.060459286,17467.27796,-232.9258704,176.9238543,56.00407739,2
-16837.09198,0.043141754,16837.04883,-224.5223749,155.4044136,69.12004572,2
-16182.9191,0.025762915,16182.89334,-215.7998209,133.6641347,82.13779069,2
-15505.74941,0.008347466,15505.74107,-206.7706035,111.7339118,95.03881336,2
-14806.54521,-0.009079846,14806.55429,-197.4475538,89.64490887,107.8047807,2
-14086.30009,-0.026494254,14086.32659,-187.8439202,67.42851563,120.4175515,2
-13346.03757,-0.043871013,13346.08144,-177.9733502,45.11630277,132.8592024,2
-12586.8096,-0.061185429,12586.87079,-167.8498704,22.73997717,145.1120531,2
-11809.69509,-0.078412897,11809.7735,-157.4878667,0.331336829,157.1586916,2
-11015.79835,-0.095528936,11015.89388,-146.9020641,-22.07777436,168.9819991,2
-10206.24756,-0.112509223,10206.36007,-136.1075056,-44.45551183,180.5651738,2
-9382.193133,-0.129329628,9382.322463,-125.1195309,-66.77007558,191.8917556,2
-8544.806097,-0.145966249,8544.952063,-113.9537545,-88.98975541,202.9456487,2
-7695.276424,-0.162395444,7695.438819,-102.6260436,-111.0829759,213.7111449,2
-6834.811342,-0.178593866,6834.989936,-91.15249549,-133.0183414,224.1729459,2
-5964.633619,-0.194538496,5964.828157,-79.54941468,-154.7646806,234.3161849,2
-5085.979825,-0.210206677,5086.190032,-67.8332898,-176.2910907,244.1264477,2
-4200.098576,-0.225576142,4200.324152,-56.0207701,-197.5669815,253.5897935,2
-3308.248757,-0.240625051,3308.489382,-44.12864183,-218.5621189,262.6927743,2
-2411.697735,-0.255332019,2411.953067,-32.17380433,-239.2466675,271.4224544,2
-1511.719559,-0.269676146,1511.989235,-20.17324611,-259.5912334,279.7664282,2
-609.5931464,-0.283637049,609.8767834,-8.144020591,-279.5669061,287.7128387,2
293.3995312,-0.297194887,-293.1023363,3.896778023,-299.1452988,295.2503934,2
1195.975272,-0.310330396,-1195.664942,15.9320391,-318.2985898,302.3683813,2
2096.851466,-0.323024908,-2096.528442,27.94465988,-336.999561,309.056687,2
2994.74792,-0.335260384,-2994.41266,39.91756977,-355.2216374,315.3058064,2
3888.388673,-0.347019437,-3888.041654,51.83375461,-372.9389244,321.1068589,2
4776.503814,-0.358285356,-4776.145528,63.67628085,-390.1262448,326.451601,2
5657.83128,-0.369042132,-5657.462238,75.4283196,-406.7591745,331.3324375,2
6531.118659,-0.379274479,-6530.739385,87.07317059,-422.8140771,335.7424325,2
7395.124961,-0.388967856,-7394.735993,98.59428584,-438.2681378,339.6753192,2
8248.622386,-0.398108488,-8248.224278,109.9752932,-453.0993954,343.1255086,2
9090.398067,-0.406683387,-9089.991384,121.2000197,-467.2867741,346.0880979,2
9919.255795,-0.414680366,-9918.841115,132.2525143,-480.8101126,348.558877,2
10734.01772,-0.422088062,-10733.59563,143.1170708,-493.6501937,350.534335,2
11533.52601,-0.428895948,-11533.09712,153.7782502,-505.7887708,352.0116644,2
12316.64454,-0.435094348,-12316.20944,164.2209022,-517.2085945,352.988766,2
13082.26044,-0.440674456,-13081.81976,174.4301874,-527.8934364,353.4642513,2
13829.28573,-0.445628342,-13828.8401,184.3915977,-537.8281128,353.4374445,2
14556.65885,-0.449948965,-14556.2089,194.0909775,-546.9985061,352.9083838,2
15263.34616,-0.453630186,-15262.89253,203.5145433,-555.3915846,351.877821,2
15948.34342,-0.456666774,-15947.88675,212.6489039,-562.9954212,350.3472205,2
16610.67721,-0.459054414,-16610.21815,221.4810787,-569.7992105,348.3187574,2
17249.40632,-0.460789711,-17248.94553,229.9985168,-575.793284,345.7953144,2
17863.62308,-0.461870202,-17863.16121,238.1891145,-580.9691237,342.7804772,2
18452.45465,-0.46229435,-18451.99236,246.0412323,-585.3193745,339.2785303,2
19015.06428,-0.462061552,-19014.60222,253.5437122,-588.8378545,335.29445,2
19550.65246,-0.461172139,-19550.19129,260.6858925,-591.5195636,330.8338979,2
20058.45809,-0.459627376,-20057.99846,267.4576239,-593.360691,325.9032128,2
20537.75956,-0.457429457,-20537.30213,273.8492834,-594.3586205,320.5094013,2
20987.87574,-0.454581505,-20987.42116,279.851788,-594.5119338,314.6601285,2
21408.16701,-0.451087569,-21407.71592,285.456608,-593.8204132,308.3637064,2
21798.0361,-0.446952612,-21797.58915,290.6557785,-592.2850412,301.6290826,2
22156.92899,-0.442182511,-22156.4868,295.4419112,-589.9079998,294.4658274,2
22484.33567,-0.436784045,-22483.89888,299.8082048,-586.6926668,286.8841201,2
22779.79087,-0.430764884,-22779.36011,303.7484546,-582.6436115,278.8947348,2
23042.87475,-0.424133583,-23042.45062,307.2570612,-577.7665877,270.5090248,2
23273.21344,-0.416899566,-23272.79654,310.3290387,-572.0685259,261.7389067,2
23470.47963,-0.409073111,-23470.07055,312.9600216,-565.5575235,252.5968433,2
23634.39297,-0.40066534,-23633.99231,315.1462712,-558.2428329,243.0958259,2
23764.72055,-0.391688203,-23764.32887,316.8846807,-550.1348487,233.2493561,2
23861.27717,-0.382154455,-23860.89501,318.1727798,-541.2450928,223.0714262,2
23923.9256,-0.372077644,-23923.55352,319.0087379,-531.586198,212.5764996,2
23952.57682,-0.361472091,-23952.21535,319.3913672,-521.1718901,201.7794901,2
23947.19013,-0.350352866,-23946.83977,319.3201238,-510.0169684,190.6957409,2
23907.77316,-0.338735771,-23907.43443,318.7951091,-498.1372847,179.3410027,2
23834.38194,-0.326637314,-23834.05531,317.8170691,-485.5497207,167.7314111,2
23727.12076,-0.314074687,-23726.80669,316.3873936,-472.2721639,155.8834639,2
23586.14205,-0.301065743,-23585.84098,314.5081143,-458.3234826,143.8139978,2
23411.64613,-0.287628967,-23411.3585,312.1819018,-443.7234985,131.5401642,2
23203.88099,-0.273783456,-23203.6072,309.4120618,-428.492959,119.0794048,2
22963.14186,-0.259548883,-22962.88231,306.2025302,-412.6535076,106.4494271,2
22689.77085,-0.244945477,-22689.5259,302.5578681,-396.227653,93.66817885,2
22384.15643,-0.22999399,-22383.92643,298.4832547,-379.2387372,80.75382303,2
22046.7329,-0.214715669,-22046.51819,293.9844803,-361.7109024,67.72471161,2
21677.97976,-0.199132225,-21677.78063,289.0679379,-343.6690566,54.59935967,2
21278.42102,-0.183265804,-21278.23776,283.7406141,-325.1388383,41.39641905,2
20848.62448,-0.167138952,-20848.45734,278.0100793,-306.1465799,28.13465186,2
20389.20091,-0.150774586,-20389.05013,271.8844771,-286.7192705,14.83290378,2
19900.80317,-0.134195961,-19900.66897,265.3725121,-266.8845173,1.510077335,2
19384.12529,-0.117426636,-19384.00786,258.4834382,-246.6705066,-11.81489501,2
18839.90151,-0.100490442,-18839.80102,251.2270452,-226.1059636,-25.12307775,2
18268.90521,-0.083411446,-18268.82179,243.6136449,-205.2201116,-38.39555921,2
17671.94778,-0.066213917,-17671.88157,235.6540562,-184.0426307,-51.61347849,2
17049.87756,-0.048922294,-17049.82863,227.3595903,-162.6036151,-64.75805218,2
16403.57852,-0.03156115,-16403.54696,218.7420339,-140.9335309,-77.81060115,2
15733.9691,-0.014155157,-15733.95495,209.8136331,-119.0631724,-90.75257699,2
15042.00085,0.003270953,-15042.00412,200.5870756,-97.02361859,-103.5655885,2
14328.6571,0.020692413,-14328.67779,191.075473,-74.84618895,-116.2314275,2
13594.95153,0.038084469,-13594.98962,181.2923416,-52.56239877,-128.7320954,2
12841.9268,0.055422405,-12841.98223,171.2515839,-30.20391455,-141.0498279,2
12070.65299,0.072681583,-12070.72567,160.9674683,-7.802508914,-153.1671209,2
11282.22612,0.089837476,-11282.31596,150.4546092,14.60998451,-165.0667551,2
10477.76659,0.106865705,-10477.87345,139.7279458,37.00171635,-176.7318203,2
9658.417577,0.123742072,-9658.541319,128.8027214,59.34086673,-188.14574,2
8825.343426,0.140442594,-8825.483869,117.6944612,81.59569049,-199.2922943,2
7979.727979,0.15694354,-7979.884923,106.4189508,103.7345623,-210.1556433,2
7122.772902,0.173221461,-7122.946124,94.99221323,125.7260216,-220.7203496,2
6255.695975,0.189253225,-6255.885229,83.43048652,147.5388174,-230.9714003,2
5379.729362,0.205016049,-5379.934378,71.75020053,169.1419524,-240.8942279,2
4496.117859,0.220487535,-4496.338346,59.96795358,190.5047275,-250.4747317,2
3606.117126,0.235645695,-3606.352772,48.10048888,211.5967849,-259.6992972,2
2710.991904,0.25046899,-2711.242373,36.16467075,232.3881518,-268.5548158,2
1812.014214,0.264936355,-1812.27915,24.17746065,252.8492823,-277.0287032,2
910.4615522,0.279027231,-910.7405795,12.15589306,272.9511002,-285.1089178,2
7.615074998,0.292721594,-7.907796592,0.117051275,292.6650396,-292.7839769,2
-895.2422237,0.305999984,894.9362237,-11.92195685,311.963086,-300.042974,2
-1796.827334,0.31884353,1796.508491,-23.94402321,330.8178158,-306.8755936,2
-2695.859055,0.331233983,2695.527821,-35.93206381,349.2024353,-313.2721262,2
-3591.059812,0.343153734,3590.716658,-47.86904298,367.0908191,-319.223482,2
-4481.157477,0.354585845,4480.802891,-59.73799763,384.4575467,-324.7212038,2
-5364.887172,0.36551407,5364.521658,-71.5220613,401.2779392,-329.7574789,2
-6240.993068,0.37592288,6240.617145,-83.20448822,417.5280937,-334.3251506,2
-7108.230172,0.385797482,7107.844375,-94.76867701,433.184918,-338.417728,2
-7965.366092,0.395123845,7964.970968,-106.1981943,448.2261627,-342.0293953,2
-8811.182791,0.403888716,8810.778902,-117.4767982,462.6304536,-345.1550201,2
-9644.478317,0.412079638,9644.066237,-128.5884611,476.3773213,-347.7901607,2
-10464.06851,0.419684973,10463.64883,-139.5173928,489.4472308,-349.9310725,2
-11268.78869,0.426693913,11268.362,-150.2480626,501.8216089,-351.5747131,2
-12057.49531,0.433096497,12057.06221,-160.7652217,513.4828711,-352.7187467,2
-12829.06756,0.438883627,12828.62868,-171.0539246,524.414446,-353.3615478,2
-13582.40901,0.44404708,13581.96496,-181.0995505,534.6007994,-353.5022027,2
-14316.44911,0.448579518,14316.00053,-190.8878241,544.0274557,-353.1405116,2
-15030.14475,0.452474499,15029.69228,-200.4048356,552.6810192,-352.2769886,2
-15722.48174,0.455726489,15722.02601,-209.6370609,560.5491928,-350.9128607,2
-16392.47622,0.458330868,16392.01789,-218.5713804,567.6207953,-349.0500664,2
-17039.17609,0.460283933,17038.71581,-227.1950981,573.8857776,-346.6912529,2
-17661.66236,0.461582909,17661.20078,-235.4959591,579.3352367,-343.8397721,2
-18259.05045,0.462225951,18258.58822,-243.4621674,583.9614289,-340.4996762,2
-18830.49142,0.462212144,18830.02921,-251.0824027,587.7577798,-336.6757116,2
-19375.17323,0.461541508,19374.71169,-258.3458362,590.7188948,-332.3733125,2
-19892.32187,0.460214997,19891.86165,-265.2421461,592.840566,-327.5985926,2
-20381.20242,0.458234495,20380.74419,-271.7615323,594.1197782,-322.3583372,2
-20841.12017,0.455602817,20840.66457,-277.8947306,594.5547138,-316.659993,2
-21271.42155,0.452323703,21270.96923,-283.6330253,594.1447545,-310.5116577,2
-21671.49508,0.448401811,21671.04667,-288.9682619,592.8904831,-303.9220682,2
-22040.77222,0.443842716,22040.32838,-293.8928588,590.7936818,-296.9005889,2
-22378.72822,0.438652897,22378.28957,-298.3998178,587.8573304,-289.4571976,2
-22684.88283,0.432839727,22684.44999,-302.4827344,584.0856015,-281.6024717,2
-22958.80097,0.426411469,22958.37456,-306.1358065,579.4838551,-273.3475734,2
-23200.0934,0.419377256,23199.67403,-309.3538428,574.0586303,-264.7042332,2
-23408.41723,0.411747086,23408.00548,-312.1322704,567.8176369,-255.6847338,2
-23583.47642,0.4035318,23583.07289,-314.467141,560.7697435,-246.3018924,2
-23725.0222,0.394743074,23724.62745,-316.3551365,552.9249657,-236.5690425,2
-23832.85342,0.385393396,23832.46803,-317.7935741,544.2944512,-226.5000151,2
-23906.81685,0.375496053,23906.44136,-318.7804097,534.8904645,-216.1091187,2
-23946.80739,0.36506511,23946.44233,-319.3142408,524.7263691,-205.4111195,2
-23952.76821,0.354115389,23952.41409,-319.3943089,513.8166089,-194.4212198,2
-23924.69083,0.34266245,23924.34817,-319.0205002,502.1766872,-183.155037,2
-23862.61515,0.33072257,23862.28443,-318.193346,489.823145,-171.6285808,2
-23766.6294,0.318312715,23766.31109,-316.9140216,476.7735372,-159.858231,2
-23636.86996,0.30545052,23636.56451,-315.184345,463.0464082,-147.8607139,2
-23473.52124,0.292154263,23473.22909,-313.0067742,448.6612648,-135.6530787,2
-23276.81536,0.278442839,23276.53692,-310.3844037,433.6385493,-123.252673,2
-23047.03185,0.264335732,23046.76752,-307.3209599,417.9996096,-110.6771185,2
-22784.49725,0.24985299,22784.2474,-303.8207963,401.7666697,-97.94428573,2
-22489.58463,0.235015193,22489.34961,-299.8888866,384.9627973,-85.07226881,2
-22162.71308,0.219843427,22162.49324,-295.5308185,367.6118717,-72.07935954,2
-21804.3471,0.204359251,21804.14274,-290.7527849,349.7385496,-58.98402155,2
-21414.99595,0.188584669,21414.80737,-285.5615756,331.3682298,-45.80486404,2
-20995.21293,0.172542098,20995.04038,-279.9645678,312.5270176,-32.56061532,2
-20545.59455,0.156254336,20545.4383,-273.969715,293.2416874,-19.27009618,2
-20066.77976,0.139744527,20066.64002,-267.5855362,273.5396448,-5.952193175,2
-19559.44898,0.123036134,19559.32594,-260.8211037,253.4488874,7.37416822,2
-19024.32315,0.1061529,19024.217,-253.6860302,232.9979652,20.69005052,2
-18462.16272,0.089118817,18462.0736,-246.1904549,212.2159401,33.97653112,2
-17873.76654,0.071958091,17873.69458,-238.3450296,191.1323446,47.21472922,2
-17259.97076,0.054695109,17259.91607,-230.1609029,169.7771396,60.3858326,2
-16621.64762,0.037354402,16621.61027,-221.6497049,148.180672,73.47112441,2
-15959.70421,0.019960612,15959.68425,-212.8235306,126.3736315,86.45200973,2
-15275.08119,0.002538457,15275.07865,-203.6949225,104.3870072,99.31004201,2
-14568.75144,-0.014887305,14568.76633,-194.2768526,82.25204319,112.0269493,2
-13841.7187,-0.032291911,13841.75099,-184.5827048,60.00019456,124.5846601,2
-13095.01611,-0.049650629,13095.06577,-174.6262548,37.66308238,136.9653294,2
-12329.7048,-0.066938791,12329.77174,-164.4216514,15.27244889,149.1513634,2
-11546.8723,-0.084131829,11546.95643,-153.9833958,-7.139887578,161.1254452,2
-10747.63106,-0.101205311,10747.73226,-143.3263214,-29.54207788,172.8705588,2
-9933.116845,-0.118134975,9933.23498,-132.4655724,-51.90228727,184.370014,2
-9104.487132,-0.134896762,9104.622028,-121.4165826,-74.18874067,195.6074693,2
-8262.919444,-0.151466854,8263.07091,-110.1950532,-96.36976781,206.5669556,2
-7409.609695,-0.167821703,7409.777516,-98.81693059,-118.4138482,217.2328991,2
-6545.770485,-0.183938068,6545.954423,-87.29838372,-140.2896561,227.5901427,2
-5672.629377,-0.199793047,5672.82917,-75.65578107,-161.9661047,237.6239682,2
-4791.427153,-0.21536411,4791.642517,-63.90566741,-183.4123906,247.3201171,2
-3903.416048,-0.230629128,3903.646678,-52.0647403,-204.5980374,256.6648105,2
-3009.857976,-0.24556641,3010.103542,-40.14982635,-225.4929393,265.6447692,2
-2112.022731,-0.260154728,2112.282886,-28.1778573,-246.0674033,274.2472322,2
-1211.186186,-0.274373352,1211.460559,-16.16584597,-266.2921921,282.4599748,2
-308.6284787,-0.288202077,308.9166808,-4.130862088,-286.1385651,290.2713264,2
594.3678062,-0.30162125,-594.066185,7.909991974,-305.5783196,297.6701865,2
1496.519462,-0.314611804,-1496.20485,19.93960551,-324.5838305,304.646041,2
2396.544482,-0.327155276,-2396.217326,31.94088377,-343.1280901,311.1889768,2
3293.163881,-0.339233844,-3292.824647,43.89677228,-361.1847459,317.2896961,2
4185.103513,-0.350830341,-4184.752683,55.79028108,-378.7281384,322.9395293,2
5071.095885,-0.361928289,-5070.733957,67.60450884,-395.7333374,328.1304478,2
5949.881952,-0.372511918,-5949.50944,79.3226669,-412.1761778,332.8550749,2
6820.212911,-0.382566186,-6819.830345,90.9281031,-428.0332932,337.1066968,2
7680.851974,-0.392076807,-7680.459898,102.4043255,-443.2821499,340.8792716,2
8530.576127,-0.401030266,-8530.175097,113.7350257,-457.9010785,344.1674383,2
9368.177864,-0.409413838,-9367.76845,124.9041023,-471.8693045,346.9665243,2
10192.46691,-0.417215611,-10192.04969,135.8956833,-485.1669784,349.2725518,2
11002.2719,-0.424424498,-11001.84747,146.694149,-497.7752035,351.082244,2
11796.44206,-0.431030255,-11796.01103,157.2841544,-509.6760629,352.393029,2
12573.84883,-0.437023493,-12573.4118,167.6506504,-520.8526446,353.2030443,2
13333.38747,-0.442395698,-13332.94508,177.7789056,-531.2890662,353.5111387,2
14073.97864,-0.447139234,-14073.5315,187.6545273,-540.970497,353.3168745,2
14794.56992,-0.451247361,-14794.11867,197.2634816,-549.8831791,352.6205276,2
15494.1373,-0.45471424,-15493.68259,206.5921138,-558.0144471,351.4230877,2
16171.68667,-0.457534946,-16171.22913,215.6271672,-565.3527461,349.7262564,2
16826.25518,-0.459705469,-16825.79548,224.3558026,-571.8876479,347.5324449,2
17456.91267,-0.461222726,-17456.45144,232.7656162,-577.609866,344.8447707,2
18062.76292,-0.462084561,-18062.30084,240.844657,-582.5112689,341.6670533,2
18642.945,-0.462289747,-18642.48272,248.5814445,-586.5848915,338.0038083,2
19196.63444,-0.461837995,-19196.1726,255.9649841,-589.8249447,333.8602414,2
19723.04441,-0.460729946,-19722.58368,262.9847834,-592.2268245,329.2422408,2
20221.42686,-0.458967174,-20220.96789,269.630867,-593.7871176,324.156369,2
20691.07355,-0.456552184,-20690.61699,275.8937904,-594.5036066,318.6098533,2
21131.31709,-0.453488409,-21130.8636,281.7646536,-594.3752735,312.6105755,2
21541.53187,-0.449780203,-21541.08209,287.2351138,-593.4023007,306.167061,2
21921.13496,-0.445432834,-21920.68953,292.2973972,-591.5860706,299.2884663,2
22269.58692,-0.44045248,-22269.14647,296.94431,-588.9291644,291.9845664,2
22586.39257,-0.43484622,-22585.95773,301.1692487,-585.4353577,284.2657404,2
22871.10173,-0.428622019,-22870.67311,304.9662094,-581.1096152,276.1429572,2
23123.3098,-0.421788723,-23122.88801,308.3297964,-575.9580842,267.6277598,2
23342.65838,-0.414356041,-23342.24402,311.2552299,-569.9880853,258.7322487,2
23528.83576,-0.406334538,-23528.42943,313.7383528,-563.2081021,249.4690649,2
23681.57738,-0.397735611,-23681.17965,315.7756362,-555.6277693,239.8513719,2
23800.66619,-0.388571479,-23800.27762,317.3641852,-547.2578591,229.892837,2
23885.93294,-0.378855167,-23885.55409,318.5017423,-538.1102655,219.6076117,2
23937.25648,-0.36860048,-23936.88788,319.186691,-528.1979878,209.0103121,2
23954.56387,-0.357821992,-23954.20605,319.4180579,-517.5351119,198.1159974,2
23937.83051,-0.346535019,-23937.48397,319.1955144,-506.1367902,186.940149,2
23887.08018,-0.334755601,-23886.74543,318.5193765,-494.0192205,175.4986484,2
23802.38501,-0.322500477,-23802.06251,317.3906051,-481.1996224,163.8077546,2
23683.86534,-0.309787063,-23683.55555,315.8108044,-467.6962134,151.884081,2
23531.68961,-0.296633424,-23531.39297,313.7822192,-453.5281824,139.7445719,2
23346.07405,-0.283058252,-23345.791,311.3077323,-438.715663,127.4064781,2
23127.28245,-0.26908084,-23127.01337,308.3908601,-423.2797047,114.8873327,2
22875.62572,-0.254721048,-22875.371,305.0357476,-407.2422428,102.2049261,2
22591.46146,-0.239999284,-22591.22147,301.2471626,-390.6260673,89.37728069,2
22275.19351,-0.224936468,-22274.96857,297.0304889,-373.4547909,76.42262529,2
21927.27129,-0.209554005,-21927.06173,292.3917186,-355.7528147,63.35936917,2
21548.18921,-0.193873755,-21547.99534,287.3374437,-337.5452944,50.20607592,2
21138.48598,-0.177917999,-21138.30806,281.8748466,-318.8581037,36.98143708,2
20698.7438,-0.161709412,-20698.58209,276.0116899,-299.7177981,23.7042456,2
20229.58758,-0.145271027,-20229.44231,269.7563054,-280.1515772,10.39336909,2
19731.684,-0.128626203,-19731.55538,263.1175825,-260.1872456,-2.932276963,2
19205.74062,-0.111798595,-19205.62883,256.1049552,-239.8531737,-16.25375609,2
18652.50484,-0.094812116,-18652.41003,248.7283886,-219.1782572,-29.55213775,2
18072.76282,-0.077690902,-18072.68513,240.9983654,-198.1918765,-42.8085242,2
17467.33842,-0.060459286,-17467.27796,232.9258704,-176.9238543,-56.00407739,2
16837.09198,-0.043141754,-16837.04883,224.5223749,-155.4044136,-69.12004572,2
16182.9191,-0.025762915,-16182.89334,215.7998209,-133.6641347,-82.13779069,2
15505.74941,-0.008347466,-15505.74107,206.7706035,-111.7339118,-95.03881336,2
14806.54521,0.009079846,-14806.55429,197.4475538,-89.64490887,-107.8047807,2
14086.30009,0.026494254,-14086.32659,187.8439202,-67.42851563,-120.4175515,2
13346.03757,0.043871013,-13346.08144,177.9733502,-45.11630277,-132.8592024,2
12586.8096,0.061185429,-12586.87079,167.8498704,-22.73997717,-145.1120531,2
11809.69509,0.078412897,-11809.7735,157.4878667,-0.331336829,-157.1586916,2
11015.79835,0.095528936,-11015.89388,146.9020641,22.07777436,-168.9819991,2
10206.24756,0.112509223,-10206.36007,136.1075056,44.45551183,-180.5651738,2
9382.193133,0.129329628,-9382.322463,125.1195309,66.77007558,-191.8917556,2
8544.806097,0.145966249,-8544.952063,113.9537545,88.98975541,-202.9456487,2
7695.276424,0.162395444,-7695.438819,102.6260436,111.0829759,-213.7111449,2
6834.811342,0.178593866,-6834.989936,91.15249549,133.0183414,-224.1729459,2
5964.633619,0.194538496,-5964.828157,79.54941468,154.7646806,-234.3161849,2
5085.979825,0.210206677,-5086.190032,67.8332898,176.2910907,-244.1264477,2
4200.098576,0.225576142,-4200.324152,56.0207701,197.5669815,-253.5897935,2
3308.248757,0.240625051,-3308.489382,44.12864183,218.5621189,-262.6927743,2
2411.697735,0.255332019,-2411.953067,32.17380433,239.2466675,-271.4224544,2
1511.719559,0.269676146,-1511.989235,20.17324611,259.5912334,-279.7664282,2
609.5931464,0.283637049,-609.8767834,8.144020591,279.5669061,-287.7128387,2
-293.3995312,0.297194887,293.1023363,-3.896778023,299.1452988,-295.2503934,2
-1195.975272,0.310330396,1195.664942,-15.9320391,318.2985898,-302.3683813,2
-2096.851466,0.323024908,2096.528442,-27.94465988,336.999561,-309.056687,2
-2994.74792,0.335260384,2994.41266,-39.91756977,355.2216374,-315.3058064,2
-3888.388673,0.347019437,3888.041654,-51.83375461,372.9389244,-321.1068589,2
-4776.503814,0.358285356,4776.145528,-63.67628085,390.1262448,-326.451601,2
-5657.83128,0.369042132,5657.462238,-75.4283196,406.7591745,-331.3324375,2
-6531.118659,0.379274479,6530.739385,-87.07317059,422.8140771,-335.7424325,2
-7395.124961,0.388967856,7394.735993,-98.59428584,438.2681378,-339.6753192,2
-8248.622386,0.398108488,8248.224278,-109.9752932,453.0993954,-343.1255086,2
-9090.398067,0.406683387,9089.991384,-121.2000197,467.2867741,-346.0880979,2
-9919.255795,0.414680366,9918.841115,-132.2525143,480.8101126,-348.558877,2
-10734.01772,0.422088062,10733.59563,-143.1170708,493.6501937,-350.534335,2
-11533.52601,0.428895948,11533.09712,-153.7782502,505.7887708,-352.0116644,2
-12316.64454,0.435094348,12316.20944,-164.2209022,517.2085945,-352.988766,2
-13082.26044,0.440674456,13081.81976,-174.4301874,527.8934364,-353.4642513,2
-13829.28573,0.445628342,13828.8401,-184.3915977,537.8281128,-353.4374445,2
-14556.65885,0.449948965,14556.2089,-194.0909775,546.9985061,-352.9083838,2
-15263.34616,0.453630186,15262.89253,-203.5145433,555.3915846,-351.877821,2
-15948.34342,0.456666774,15947.88675,-212.6489039,562.9954212,-350.3472205,2
-16610.67721,0.459054414,16610.21815,-221.4810787,569.7992105,-348.3187574,2
-17249.40632,0.460789711,17248.94553,-229.9985168,575.793284,-345.7953144,2
-17863.62308,0.461870202,17863.16121,-238.1891145,580.9691237,-342.7804772,2
-18452.45465,0.46229435,18451.99236,-246.0412323,585.3193745,-339.2785303,2
-19015.06428,0.462061552,19014.60222,-253.5437122,588.8378545,-335.29445,2
-19550.65246,0.461172139,19550.19129,-260.6858925,591.5195636,-330.8338979,2
-20058.45809,0.459627376,20057.99846,-267.4576239,593.360691,-325.9032128,2
-20537.75956,0.457429457,20537.30213,-273.8492834,594.3586205,-320.5094013,2
-20987.87574,0.454581505,20987.42116,-279.851788,594.5119338,-314.6601285,2
-21408.16701,0.451087569,21407.71592,-285.456608,593.8204132,-308.3637064,2
-21798.0361,0.446952612,21797.58915,-290.6557785,592.2850412,-301.6290826,2
-22156.92899,0.442182511,22156.4868,-295.4419112,589.9079998,-294.4658274,2
-22484.33567,0.436784045,22483.89888,-299.8082048,586.6926668,-286.8841201,2
-22779.79087,0.430764884,22779.36011,-303.7484546,582.6436115,-278.8947348,2
-23042.87475,0.424133583,23042.45062,-307.2570612,577.7665877,-270.5090248,2
-23273.21344,0.416899566,23272.79654,-310.3290387,572.0685259,-261.7389067,2
-23470.47963,0.409073111,23470.07055,-312.9600216,565.5575235,-252.5968433,2
-23634.39297,0.40066534,23633.99231,-315.1462712,558.2428329,-243.0958259,2
-23764.72055,0.391688203,23764.32887,-316.8846807,550.1348487,-233.2493561,2
-23861.27717,0.382154455,23860.89501,-318.1727798,541.2450928,-223.0714262,2
-23923.9256,0.372077644,23923.55352,-319.0087379,531.586198,-212.5764996,2
-23952.57682,0.361472091,23952.21535,-319.3913672,521.1718901,-201.7794901,2
-23947.19013,0.350352866,23946.83977,-319.3201238,510.0169684,-190.6957409,2
-23907.77316,0.338735771,23907.43443,-318.7951091,498.1372847,-179.3410027,2
-23834.38194,0.326637314,23834.05531,-317.8170691,485.5497207,-167.7314111,2
-23727.12076,0.314074687,23726.80669,-316.3873936,472.2721639,-155.8834639,2
-23586.14205,0.301065743,23585.84098,-314.5081143,458.3234826,-143.8139978,2
-23411.64613,0.287628967,23411.3585,-312.1819018,443.7234985,-131.5401642,2
-23203.88099,0.273783456,23203.6072,-309.4120618,428.492959,-119.0794048,2
-22963.14186,0.259548883,22962.88231,-306.2025302,412.6535076,-106.4494271,2
-22689.77085,0.244945477,22689.5259,-302.5578681,396.227653,-93.66817885,2
-22384.15643,0.22999399,22383.92643,-298.4832547,379.2387372,-80.75382303,2
-22046.7329,0.214715669,22046.51819,-293.9844803,361.7109024,-67.72471161,2
-21677.97976,0.199132225,21677.78063,-289.0679379,343.6690566,-54.59935967,2
-21278.42102,0.183265804,21278.23776,-283.7406141,325.1388383,-41.39641905,2
-20848.62448,0.167138952,20848.45734,-278.0100793,306.1465799,-28.13465186,2
-20389.20091,0.150774586,20389.05013,-271.8844771,286.7192705,-14.83290378,2
-19900.80317,0.134195961,19900.66897,-265.3725121,266.8845173,-1.510077335,2
-19384.12529,0.117426636,19384.00786,-258.4834382,246.6705066,11.81489501,2
-18839.90151,0.100490442,18839.80102,-251.2270452,226.1059636,25.12307775,2
-18268.90521,0.083411446,18268.82179,-243.6136449,205.2201116,38.39555921,2
-17671.94778,0.066213917,17671.88157,-235.6540562,184.0426307,51.61347849,2
-17049.87756,0.048922294,17049.82863,-227.3595903,162.6036151,64.75805218,2
-16403.57852,0.03156115,16403.54696,-218.7420339,140.9335309,77.81060115,2
-15733.9691,0.014155157,15733.95495,-209.8136331,119.0631724,90.75257699,2
-15042.00085,-0.003270953,15042.00412,-200.5870756,97.02361859,103.5655885,2
-14328.6571,-0.020692413,14328.67779,-191.075473,74.84618895,116.2314275,2
10282.76369,-10283.18173,0.418046072,-349.4981923,-137.1053325,486.6022755,2
11090.88077,-11091.30596,0.425188434,-351.2525644,-147.8813885,499.132771,2
11883.2371,-11883.66883,0.431726581,-352.5077873,-158.4472971,510.9539715,2
12658.7067,-12659.14435,0.437651221,-353.2620774,-168.7880433,522.0490785,2
13416.18759,-13416.63054,0.442953934,-353.5143628,-178.8889325,532.4023252,2
14154.60334,-14155.05097,0.447627185,-353.2642849,-188.7356107,541.9989991,2
14872.90463,-14873.35629,0.451664334,-352.5121991,-198.3140854,550.8254627,2
15570.0707,-15570.52576,0.455059643,-351.2591742,-207.6107448,558.8691732,2
16245.11085,-16245.56866,0.457808287,-349.5069908,-216.612378,566.1187,2
16897.06581,-16897.52572,0.459906361,-347.2581389,-225.3061932,572.5637412,2
17525.00911,-17525.47046,0.461350883,-344.5158141,-233.6798359,578.1951379,2
18128.04842,-18128.51056,0.462139799,-341.2839135,-241.7214068,583.0048878,2
18705.32678,-18705.78905,0.46227199,-337.5670298,-249.4194784,586.9861558,2
19256.02385,-19256.48559,0.461747267,-333.3704448,-256.7631112,590.1332843,2
19779.35705,-19779.81762,0.460566376,-328.7001223,-263.7418696,592.4418011,2
20274.5827,-20275.04143,0.458730995,-323.5626988,-270.3458364,593.9084258,2
20740.99706,-20741.45331,0.456243732,-317.9654751,-276.565627,594.531074,2
21177.93734,-21178.39044,0.453108122,-311.916405,-282.3924026,594.3088611,2
21584.7826,-21585.23193,0.44932862,-305.4240846,-287.8178832,593.2421028,2
21960.9547,-21961.39961,0.444910598,-298.4977399,-292.8343589,591.332315,2
22305.91909,-22306.35895,0.439860333,-291.1472136,-297.4347009,588.5822116,2
22619.18555,-22619.61973,0.434185003,-283.3829512,-301.6123719,584.9957006,2
22900.3089,-22900.73679,0.427892672,-275.2159861,-305.3614352,580.5778788,2
23148.88967,-23149.31066,0.420992282,-266.657924,-308.6765632,575.335024,2
23364.57459,-23364.98808,0.41349364,-257.7209264,-311.553045,569.2745867,2
23547.05718,-23547.46258,0.4054074,-248.4176932,-313.9867928,562.4051791,2
23696.0781,-23696.47485,0.396745054,-238.761445,-315.9743482,554.7365629,2
23811.42561,-23811.81313,0.387518911,-228.7659036,-317.5128867,546.2796357,2
23892.93578,-23893.31352,0.377742083,-218.4452734,-318.6002221,537.0464152,2
23940.49277,-23940.8602,0.367428463,-207.8142205,-319.2348091,527.0500224,2
23954.02902,-23954.38561,0.356592707,-196.8878522,-319.415746,516.3046627,2
23933.52528,-23933.87053,0.345250213,-185.6816955,-319.1427756,504.8256058,2
23879.01069,-23879.34411,0.3334171,-174.211675,-318.4162859,492.6291641,2
23790.56272,-23790.88383,0.321110183,-162.4940901,-317.2373093,479.7326694,2
23668.30706,-23668.61541,0.30834695,-150.5455923,-315.607521,466.1544483,2
23512.41744,-23512.71259,0.29514554,-138.3831609,-313.5292372,451.9137963,2
23323.11539,-23323.39692,0.281524712,-126.0240795,-311.0054112,437.03095,2
23100.66992,-23100.93742,0.267503821,-113.4859109,-308.0396295,421.5270588,2
22845.39713,-22845.65023,0.253102794,-100.7864727,-304.6361066,405.4241546,2
22557.65978,-22557.89812,0.238342093,-87.94381139,-300.7996791,388.7451205,2
22237.86676,-22238.09,0.223242695,-74.9761771,-296.5357988,371.5136583,2
21886.47252,-21886.68034,0.207826057,-61.90199756,-291.850525,353.7542549,2
21503.9764,-21504.16851,0.192114087,-48.7398519,-286.7505155,335.4921473,2
21090.92195,-21091.09808,0.176129112,-35.50844424,-281.2430179,316.753287,2
20647.89615,-20648.05604,0.159893848,-22.22657714,-275.3358586,297.564303,2
20175.52856,-20175.67199,0.143431366,-8.913124852,-269.037432,277.9524638,2
19674.49044,-19674.6172,0.12676506,4.412993472,-262.3566884,257.945639,2
19145.49379,-19145.60371,0.109918615,17.73284069,-255.3031217,237.5722592,2
18589.29035,-18589.38326,0.092915969,31.02748857,-247.8867552,216.8612763,2
18006.6705,-18006.74629,0.075781284,44.27804469,-240.1181281,195.8421217,2
17398.4622,-17398.52074,0.05853891,57.46567929,-232.00828,174.5446647,2
16765.52973,-16765.57094,0.041213349,70.57165201,-223.5687354,152.9991701,2
16108.77252,-16108.79635,0.023829221,83.57733856,-214.8114874,131.2362554,2
15429.12386,-15429.13027,0.006411231,96.46425713,-205.7489805,109.2868468,2
14727.54958,-14727.53856,-0.01101587,109.2140947,-196.3940931,87.18213559,2
14005.04664,-14005.01821,-0.028427317,121.8087331,-186.760119,64.95353379,2
13262.64177,-13262.59597,-0.045798367,134.2302746,-176.8607484,42.63262947,2
12501.38995,-12501.32685,-0.063104335,146.4610675,-166.7100491,20.25114185,2
11722.37298,-11722.29266,-0.080320628,158.4837313,-156.3224457,-2.159123756,2
10926.69787,-10926.60045,-0.097422781,170.281181,-145.7126995,-24.56632113,2
10115.49533,-10115.38094,-0.114386491,181.8366518,-134.8958876,-46.93860841,2
9289.91811,-9289.786922,-0.131187652,193.1337228,-123.8873813,-69.24419336,2
8451.139412,-8450.99161,-0.147802388,204.1563402,-112.7028242,-91.45137853,2
7600.351183,-7600.186976,-0.164207089,214.8888403,-101.3581103,-113.5286063,2
6738.762439,-6738.582061,-0.180378442,225.3159715,-89.8693609,-135.4445037,2
5867.597545,-5867.401251,-0.196293468,235.4229165,-78.25290224,-157.167927,2
4988.094473,-4987.882544,-0.21192955,245.1953126,-66.52524193,-178.6680061,2
4101.503047,-4101.275782,-0.227264468,254.6192727,-54.70304561,-199.9141882,2
3209.08316,-3208.840883,-0.242276431,263.6814049,-42.80311327,-220.8762813,2
2312.10299,-2311.846046,-0.256944106,272.3688314,-30.84235536,-241.5244971,2
1411.837196,-1411.565949,-0.27124665,280.6692069,-18.83776877,-261.8294934,2
509.5651033,-509.2799395,-0.285163737,288.5707361,-6.806412691,-281.7624157,2
-393.4311091,393.7297847,-0.298675591,296.0621905,5.234615677,-301.2949381,2
-1295.868234,1296.179997,-0.31176301,303.1329244,17.26820537,-320.399304,2
-2196.46386,2196.788267,-0.324407398,309.7728897,29.277256,-339.0483649,2
-3093.93819,3094.274781,-0.336590784,315.9726508,41.24470204,-357.2156195,2
-3987.015865,3987.364161,-0.348295857,321.7233975,53.15353711,-374.8752512,2
-4874.427772,4874.787278,-0.359505982,327.0169577,64.98683809,-392.0021647,2
-5754.91285,5755.283055,-0.370205229,331.8458088,76.72778922,-408.5720216,2
-6627.219883,6627.600261,-0.380378395,336.2030889,88.35970596,-424.5612753,2
-7490.109273,7490.499284,-0.390011022,340.0826061,99.86605873,-439.9472042,2
-8342.354808,8342.753897,-0.399089422,343.4788472,111.2304964,-454.7079441,2
-9182.745401,9183.153001,-0.407600695,346.3869861,122.4368694,-468.8225191,2
-10010.08681,10010.50234,-0.415532744,348.8028901,133.4692529,-482.2708716,2
-10823.20334,10823.62621,-0.422874298,350.7231261,144.3119693,-495.0338909,2
-11620.9395,11621.36912,-0.429614925,352.1449654,154.9496105,-507.0934399,2
-12402.16167,12402.59742,-0.435745046,353.0663874,165.3670598,-518.4323813,2
-13165.7597,13166.20095,-0.441255949,353.4860828,175.5495135,-529.034602,2
-13910.64845,13911.09459,-0.446139804,353.4034551,185.4825017,-538.8850356,2
-14635.76942,14636.21981,-0.450389669,352.8186217,195.1519092,-547.969684,2
-15340.09215,15340.54615,-0.453999506,351.7324138,204.5439951,-556.2756376,2
-16022.61578,16023.07274,-0.456964184,350.1463749,213.6454127,-563.791093,2
-16682.37039,16682.82967,-0.459279492,348.0627588,222.4432286,-570.5053704,2
-17318.41844,17318.87938,-0.460942138,345.4845265,230.9249405,-576.4089285,2
-17929.85607,17930.31802,-0.461949761,342.4153417,239.0784954,-581.493378,2
-18515.81439,18516.27669,-0.462300927,338.8595661,246.8923066,-585.7514935,2
-19075.46073,19075.92273,-0.461995139,334.8222524,254.3552704,-589.1772241,2
-19607.9998,19608.46083,-0.46103283,330.309138,261.4567814,-591.7657017,2
-20112.67482,20113.13423,-0.459415368,325.3266363,268.1867481,-593.5132478,2
-20588.76863,20589.22578,-0.457145052,319.8818276,274.5356067,-594.4173791,2
-21035.60468,21036.0589,-0.454225108,313.9824493,280.4943351,-594.4768108,2
-21452.54798,21452.99864,-0.450659685,307.6368848,286.0544658,-593.6914584,2
-21839.00603,21839.45249,-0.44645385,300.8541514,291.2080974,-592.0624379,2
-22194.42967,22194.87128,-0.441613579,293.6438878,295.9479064,-589.5920644,2
-22518.3138,22518.74995,-0.436145752,286.0163402,300.2671573,-586.2838482,2
-22810.19818,22810.62824,-0.430058137,277.9823477,304.159712,-582.1424906,2
-23069.66802,23070.09138,-0.423359387,269.5533271,307.6200392,-577.1738767,2
-23296.3546,23296.77065,-0.416059019,260.7412565,310.6432214,-571.3850672,2
-23489.93578,23490.34395,-0.408167409,251.5586582,313.2249627,-564.7842881,2
-23650.13648,23650.53617,-0.399695771,242.0185814,315.3615941,-557.3809197,2
-23776.72904,23777.11969,-0.390656143,232.1345829,317.0500794,-549.1854826,2
-23869.53357,23869.91463,-0.381061372,221.9207084,318.2880193,-540.2096227,2
-23928.41818,23928.78911,-0.370925091,211.3914725,319.0736544,-530.4660955,2
-23953.2992,23953.65947,-0.360261705,200.5618378,319.4058684,-519.9687469,2
-23944.14128,23944.49036,-0.349086368,189.4471936,319.2841892,-508.7324943,2
-23900.95742,23901.29483,-0.33741496,178.0633347,318.7087897,-496.773305,2
-23823.80899,23824.13425,-0.325264067,166.426438,317.6804876,-484.1081736,2
-23712.80562,23713.11827,-0.312650956,154.5530403,316.2007441,-470.755098,2
-23568.10506,23568.40466,-0.299593551,142.4600142,314.2716621,-456.7330536,2
-23389.91294,23390.19905,-0.286110407,130.1645446,311.8959828,-442.0619666,2
-23178.48246,23178.75469,-0.272220684,117.6841041,309.0770823,-426.7626854,2
-22934.1141,22934.37204,-0.257944121,105.0364281,305.8189663,-410.856951,2
-22657.1551,22657.39841,-0.243301005,92.23948953,302.1262648,-394.3673664,2
-22347.99905,22348.22736,-0.228312146,79.3114736,298.0042254,-377.3173642,2
-22007.08527,22007.29827,-0.212998842,66.27075174,293.4587057,-359.7311734,2
-21634.89822,21635.0956,-0.197382855,53.13585551,288.4961651,-341.6337849,2
-21231.96679,21232.14827,-0.181486376,39.92545032,283.1236556,-323.0509161,2
-20798.86357,20799.0289,-0.165331995,26.65830888,277.348812,-304.0089742,2
-20336.20403,20336.35297,-0.148942669,13.35328452,271.1798405,-284.535019,2
-19844.64563,19844.77798,-0.132341686,0.029284423,264.6255076,-264.656724,2
-19324.88691,19325.00246,-0.115552639,-13.29475729,257.6951274,-244.4023373,2
-18777.66646,18777.76506,-0.098599386,-26.59990643,250.3985483,-223.8006414,2
-18203.76193,18203.84343,-0.081506017,-39.86725565,242.7461392,-202.8809126,2
-17603.98885,17604.05314,-0.064296823,-53.07795132,234.7487745,-181.672879,2
-16979.19954,16979.24653,-0.046996261,-66.21322031,226.417819,-160.2066782,2
-16330.28185,16330.31148,-0.029628914,-79.25439669,217.7651114,-138.512815,2
-15658.15795,15658.17016,-0.012219463,-92.18294824,208.8029476,-116.6221175,2
-14963.78294,14963.77773,0.005207353,-104.9805028,199.5440634,-94.56569354,2
-14248.14358,14248.12095,0.022626769,-117.6288743,190.0016162,-72.3748866,2
-13512.25683,13512.21681,0.040014031,-130.1100887,180.1891663,-50.08123098,2
-12757.16842,12757.11107,0.05734443,-142.4064096,170.1206577,-27.71640718,2
-11983.95138,11983.87678,0.074593341,-154.5003631,159.8103984,-5.312196861,2
-11193.70448,11193.61275,0.09173625,-166.3747632,149.2730397,17.09956238,2
-10387.55072,10387.44197,0.108748796,-178.0127357,138.5235559,39.48702222,2
-9566.635684,9566.510077,0.125606805,-189.3977423,127.5772225,61.81836883,2
-8732.125933,8731.983647,0.14228632,-200.5136044,116.4495949,84.06186815,2
-7885.207354,7885.04859,0.158763638,-211.3445257,105.1564861,106.185911,2
-7027.083463,7026.908448,0.175015344,-221.8751148,93.71394413,128.1590578,2
-6158.973702,6158.782684,0.191018344,-232.0904072,82.13822954,149.9500836,2
-5282.111703,5281.904953,0.206749896,-241.9758865,70.44579202,171.5280221,2
-4397.743534,4397.521346,0.222187645,-251.5175048,58.65324718,192.8622099,2
-3507.12593,3506.888621,0.237309654,-260.701703,46.77735287,213.92233,2
-2611.524509,2611.272415,0.252094432,-269.5154298,34.83498538,234.6784547,2
-1712.211969,1711.945448,0.266520971,-277.9461604,22.84311547,255.1010885,2
-810.4662813,810.1857125,0.280568769,-285.9819143,10.81878424,275.1612097,2
92.43112301,-92.72534087,0.294217863,-293.6112723,-1.220921072,294.8303117,2
995.1971776,-995.5046265,0.307448857,-300.8233925,-13.25889139,314.0804438,2
1896.549003,-1896.869246,0.32024295,-307.6080263,-25.2780201,332.8842503,2
2795.205728,-2795.53831,0.33258196,-313.9555322,-37.26122735,351.2150101,2
3689.890312,-3690.234761,0.344448353,-319.8568902,-49.19148437,369.0466742,2
4579.331361,-4579.687186,0.355825266,-325.303714,-61.05183759,386.3539028,2
5462.264929,-5462.631626,0.366696532,-330.2882634,-72.82543281,403.1121013,2
6337.43632,-6337.813367,0.377046701,-334.8034551,-84.49553911,419.2974554,2
7203.601868,-7203.988729,0.386861067,-338.8428728,-96.04557262,434.886965,2
8059.530702,-8059.926828,0.396125682,-342.4007763,-107.4591201,449.8584763,2
8904.006503,-8904.41133,0.404827381,-345.4721095,-118.7199623,464.1907142,2
9735.829223,-9736.242177,0.412953798,-348.0525079,-129.812097,477.8633116,2
10553.8168,-10554.23729,0.420493385,-350.1383047,-140.7197615,490.8568391,2
11356.80682,-11357.23426,0.427435428,-351.7265357,-151.4274556,503.1528323,2
12143.6582,-12144.09197,0.433770062,-352.8149442,-161.919963,514.7338176,2
12913.25278,-12913.69226,0.439488285,-353.4019832,-172.1823732,525.5833381,2
13664.49691,-13664.94149,0.444581971,-353.4868188,-182.2001029,535.6859759,2
14396.32305,-14396.7721,0.449043882,-353.0693302,-191.9589162,545.0273746,2
15107.69123,-15108.1441,0.452867676,-352.1501108,-201.4449455,553.5942596,2
15797.59055,-15798.0466,0.456047921,-350.7304668,-210.6447104,561.3744569,2
16465.04063,-16465.49921,0.458580097,-348.8124156,-219.5451377,568.3569103,2
17109.09299,-17109.55345,0.460460606,-346.3986829,-228.1335793,574.5316975,2
17728.83239,-17729.29407,0.461686775,-343.4926987,-236.3978306,579.8900436,2
18323.37814,-18323.8404,0.462256861,-340.0985925,-244.3261477,584.4243343,2
18891.88538,-18892.34755,0.462170055,-336.2211877,-251.9072639,588.1281261,2
19433.54621,-19434.00764,0.461426481,-331.8659942,-259.1304062,590.9961556,2
19947.59091,-19948.05094,0.460027194,-327.0392009,-265.9853099,593.0243472,2
20433.28899,-20433.74697,0.457974183,-321.747667,-272.462234,594.2098188,2
20889.95025,-20890.40552,0.455270366,-315.9989121,-278.5519744,594.5508857,2
21316.92575,-21317.37767,0.451919585,-309.8011055,-284.2458771,594.0470632,2
21713.60873,-21714.05666,0.447926601,-303.1630545,-289.5358509,592.6990674,2
22079.43548,-22079.87878,0.443297089,-296.0941922,-294.4143784,590.5088138,2
22413.88615,-22414.32419,0.438037628,-288.6045639,-298.8745269,587.4794148,2
22716.48546,-22716.91762,0.432155691,-280.7048127,-302.9099584,583.6151754,2
22986.8034,-22987.22906,0.425659638,-272.4061646,-306.5149383,578.921587,2
23224.45584,-23224.87439,0.418558699,-263.7204125,-309.6843437,573.4053193,2
23429.10505,-23429.51591,0.410862964,-254.6598992,-312.4136707,567.0742112,2
23600.46022,-23600.8628,0.402583372,-245.2375002,-314.6990407,559.9372597,2
23738.27785,-23738.67158,0.393731686,-235.4666054,-316.5372062,552.0046067,2
23842.36208,-23842.7464,0.384320486,-225.3610996,-317.9255551,543.2875249,2
23912.56501,-23912.93938,0.374363145,-214.9353434,-318.8621143,533.7984018,2
23948.78688,-23949.15076,0.363873814,-204.2041522,-319.345553,523.550722,2
23950.97622,-23951.32909,0.352867399,-193.1827758,-319.3751841,512.559048,2
23919.1299,-23919.47126,0.341359539,-181.8868761,-318.9509657,500.8389995,2
23853.2932,-23853.62256,0.329366589,-170.3325053,-318.0735005,488.4072314,2
23753.55966,-23753.87656,0.316905591,-158.5360825,-316.7440355,475.2814099,2
23620.07101,-23620.375,0.303994253,-146.5143714,-314.9644598,461.4801875,2
23453.01694,-23453.30759,0.290650922,-134.2844553,-312.7373024,447.0231765,2
23252.63486,-23252.91175,0.27689456,-121.8637137,-310.0657282,431.9309211,2
23019.20951,-23019.47225,0.262744717,-109.269797,-306.9535336,416.2248683,2
22753.0726,-22753.32082,0.248221498,-96.52060198,-303.4051413,399.9273371,2
22454.60234,-22454.83568,0.233345543,-83.63424591,-299.4255936,383.0614873,2
22124.22285,-22124.44099,0.218137992,-70.62904099,-295.0205458,365.6512861,2
21762.40363,-21762.60625,0.202620454,-57.52346835,-290.1962577,347.7214745,2
21369.65885,-21369.84566,0.186814982,-44.3361517,-284.9595848,329.2975316,2
20946.54661,-20946.71736,0.170744035,-31.08583097,-279.3179687,310.405639,2
20493.66818,-20493.82261,0.154430451,-17.79133556,-273.2794265,291.0726429,2
20011.66713,-20011.80503,0.137897414,-4.471557692,-266.8525393,271.3260167,2
19501.22841,-19501.34958,0.121168417,8.854574503,-260.0464401,251.1938213,2
18963.07737,-18963.18164,0.104267233,22.16812386,-252.8708006,230.7046658,2
18397.97876,-18398.06598,0.087217879,35.45017111,-245.3358179,209.8876663,2
17806.73562,-17806.80566,0.070044584,48.68184172,-237.4521995,188.772405,2
17190.18813,-17190.2409,0.052771752,61.84433277,-229.2311486,167.3888878,2
16549.21245,-16549.24787,0.035423928,74.91893964,-220.6843477,145.7675018,2
15884.71942,-15884.73745,0.018025765,87.88708259,-211.8239422,123.9389721,2
15197.65334,-15197.65395,0.000601986,100.7303332,-202.6625234,101.9343185,2
14488.99057,-14488.97375,-0.016822648,113.4304405,-193.2131099,79.78481057,2
13759.73815,-13759.70392,-0.034223376,125.9693569,-183.4891301,57.52192407,2
13010.93238,-13010.88081,-0.051575471,138.329264,-173.5044022,35.17729578,2
12243.63737,-12243.56852,-0.068854274,150.4925976,-163.2731151,12.78267862,2
11458.94348,-11458.85744,-0.086035232,162.442073,-152.8098079,-9.630103422,2
10657.9658,-10657.86271,-0.103093929,174.1607093,-142.1293496,-32.02920056,2
9841.842575,-9841.722569,-0.120006124,185.6318538,-131.2469178,-54.38278245,2
9011.73355,-9011.596803,-0.136747783,196.8392052,-120.1779769,-76.65908344,2
8168.818359,-8168.665064,-0.153295116,207.7668373,-108.9382565,-98.82644767,2
7314.294829,-7314.125205,-0.169624609,218.3992214,-97.54372885,-120.8533741,2
6449.377286,-6449.191573,-0.185713056,228.7212482,-86.01058625,-142.7085613,2
5575.294826,-5575.093288,-0.201537594,238.7182497,-74.35521791,-164.3609518,2
4693.289566,-4693.07249,-0.217075737,248.3760194,-62.59418673,-185.7797764,2
3804.614885,-3804.38258,-0.232305403,257.6808332,-50.74420579,-206.9345978,2
2910.533638,-2910.286433,-0.24720495,266.6194685,-38.82211455,-227.7953538,2
2012.316363,-2012.05461,-0.261753206,275.1792229,-26.84485497,-248.3324001,2
1111.239477,-1110.963548,-0.275929495,283.3479326,-14.82944738,-268.5165525,2
208.583459,-208.2937453,-0.289713674,291.1139893,-2.79296633,-288.3191282,2
-694.3689678,694.672054,-0.303086154,298.4663572,9.247483675,-307.7119866,2
-1596.334658,1596.650686,-0.316027932,305.394588,21.2747925,-326.6675695,2
-2496.03187,2496.360391,-0.328520617,311.8888364,33.27186868,-345.1589398,2
-3392.182084,3392.52263,-0.340546457,317.9398737,45.22166372,-363.1598204,2
-4283.511821,4283.863909,-0.352088361,323.539101,57.10719629,-380.6446311,2
-5168.754454,5169.117584,-0.363129928,328.6785616,68.91157642,-397.5885249,2
-6046.652004,6047.025659,-0.373655468,333.350952,80.61802942,-413.9674236,2
-6915.95693,6916.34058,-0.383650023,337.5496324,92.2099198,-429.758052,2
-7775.433903,7775.827003,-0.39309939,341.2686363,103.6707748,-444.9379707,2
-8623.861559,8624.263549,-0.401990141,344.5026788,114.984308,-459.4856082,2
-9460.034236,9460.444546,-0.410309643,347.2471642,126.1344422,-473.3802915,2
-10282.76369,10283.18173,-0.418046072,349.4981923,137.1053325,-486.6022755,2
-11090.88077,11091.30596,-0.425188434,351.2525644,147.8813885,-499.132771,2
-11883.2371,11883.66883,-0.431726581,352.5077873,158.4472971,-510.9539715,2
-12658.7067,12659.14435,-0.437651221,353.2620774,168.7880433,-522.0490785,2
-13416.18759,13416.63054,-0.442953934,353.5143628,178.8889325,-532.4023252,2
-14154.60334,14155.05097,-0.447627185,353.2642849,188.7356107,-541.9989991,2
-14872.90463,14873.35629,-0.451664334,352.5121991,198.3140854,-550.8254627,2
-15570.0707,15570.52576,-0.455059643,351.2591742,207.6107448,-558.8691732,2
-16245.11085,16245.56866,-0.457808287,349.5069908,216.612378,-566.1187,2
-16897.06581,16897.52572,-0.459906361,347.2581389,225.3061932,-572.5637412,2
-17525.00911,17525.47046,-0.461350883,344.5158141,233.6798359,-578.1951379,2
-18128.04842,18128.51056,-0.462139799,341.2839135,241.7214068,-583.0048878,2
-18705.32678,18705.78905,-0.46227199,337.5670298,249.4194784,-586.9861558,2
-19256.02385,19256.48559,-0.461747267,333.3704448,256.7631112,-590.1332843,2
-19779.35705,19779.81762,-0.460566376,328.7001223,263.7418696,-592.4418011,2
-20274.5827,20275.04143,-0.458730995,323.5626988,270.3458364,-593.9084258,2
-20740.99706,20741.45331,-0.456243732,317.9654751,276.565627,-594.531074,2
-21177.93734,21178.39044,-0.453108122,311.916405,282.3924026,-594.3088611,2
-21584.7826,21585.23193,-0.44932862,305.4240846,287.8178832,-593.2421028,2
-21960.9547,21961.39961,-0.444910598,298.4977399,292.8343589,-591.332315,2
-22305.91909,22306.35895,-0.439860333,291.1472136,297.4347009,-588.5822116,2
-22619.18555,22619.61973,-0.434185003,283.3829512,301.6123719,-584.9957006,2
-22900.3089,22900.73679,-0.427892672,275.2159861,305.3614352,-580.5778788,2
-23148.88967,23149.31066,-0.420992282,266.657924,308.6765632,-575.335024,2
-23364.57459,23364.98808,-0.41349364,257.7209264,311.553045,-569.2745867,2
-23547.05718,23547.46258,-0.4054074,248.4176932,313.9867928,-562.4051791,2
-23696.0781,23696.47485,-0.396745054,238.761445,315.9743482,-554.7365629,2
-23811.42561,23811.81313,-0.387518911,228.7659036,317.5128867,-546.2796357,2
-23892.93578,23893.31352,-0.377742083,218.4452734,318.6002221,-537.0464152,2
-23940.49277,23940.8602,-0.367428463,207.8142205,319.2348091,-527.0500224,2
-23954.02902,23954.38561,-0.356592707,196.8878522,319.415746,-516.3046627,2
-23933.52528,23933.87053,-0.345250213,185.6816955,319.1427756,-504.8256058,2
-23879.01069,23879.34411,-0.3334171,174.211675,318.4162859,-492.6291641,2
-23790.56272,23790.88383,-0.321110183,162.4940901,317.2373093,-479.7326694,2
-23668.30706,23668.61541,-0.30834695,150.5455923,315.607521,-466.1544483,2
-23512.41744,23512.71259,-0.29514554,138.3831609,313.5292372,-451.9137963,2
-23323.11539,23323.39692,-0.281524712,126.0240795,311.0054112,-437.03095,2
-23100.66992,23100.93742,-0.267503821,113.4859109,308.0396295,-421.5270588,2
-22845.39713,22845.65023,-0.253102794,100.7864727,304.6361066,-405.4241546,2
-22557.65978,22557.89812,-0.238342093,87.94381139,300.7996791,-388.7451205,2
-22237.86676,22238.09,-0.223242695,74.9761771,296.5357988,-371.5136583,2
-21886.47252,21886.68034,-0.207826057,61.90199756,291.850525,-353.7542549,2
-21503.9764,21504.16851,-0.192114087,48.7398519,286.7505155,-335.4921473,2
-21090.92195,21091.09808,-0.176129112,35.50844424,281.2430179,-316.753287,2
-20647.89615,20648.05604,-0.159893848,22.22657714,275.3358586,-297.564303,2
-20175.52856,20175.67199,-0.143431366,8.913124852,269.037432,-277.9524638,2
-19674.49044,19674.6172,-0.12676506,-4.412993472,262.3566884,-257.9456389,2
-19145.49379,19145.60371,-0.109918615,-17.73284069,255.3031217,-237.5722592,2
-18589.29035,18589.38326,-0.092915969,-31.02748857,247.8867552,-216.8612763,2
-18006.6705,18006.74629,-0.075781284,-44.27804469,240.1181281,-195.8421217,2
-17398.4622,17398.52074,-0.05853891,-57.46567929,232.00828,-174.5446647,2
-16765.52973,16765.57094,-0.041213349,-70.57165201,223.5687354,-152.9991701,2
-16108.77252,16108.79635,-0.023829221,-83.57733856,214.8114874,-131.2362554,2
-15429.12386,15429.13027,-0.006411231,-96.46425713,205.7489805,-109.2868468,2
-14727.54958,14727.53856,0.01101587,-109.2140947,196.3940931,-87.18213559,2
-14005.04664,14005.01821,0.028427317,-121.8087331,186.760119,-64.95353379,2
-13262.64177,13262.59597,0.045798367,-134.2302746,176.8607484,-42.63262947,2
-12501.38995,12501.32685,0.063104335,-146.4610675,166.7100491,-20.25114185,2
-11722.37298,11722.29266,0.080320628,-158.4837313,156.3224457,2.159123756,2
-10926.69787,10926.60045,0.097422781,-170.281181,145.7126995,24.56632113,2
-10115.49533,10115.38094,0.114386491,-181.8366518,134.8958876,46.93860841,2
-9289.91811,9289.786922,0.131187652,-193.1337228,123.8873813,69.24419336,2
-8451.139412,8450.99161,0.147802388,-204.1563402,112.7028242,91.45137853,2
-7600.351183,7600.186976,0.164207089,-214.8888403,101.3581103,113.5286063,2
-6738.762439,6738.582061,0.180378442,-225.3159715,89.8693609,135.4445037,2
-5867.597545,5867.401251,0.196293468,-235.4229165,78.25290224,157.167927,2
-4988.094473,4987.882544,0.21192955,-245.1953126,66.52524193,178.6680061,2
-4101.503047,4101.275782,0.227264468,-254.6192727,54.70304561,199.9141882,2
-3209.08316,3208.840883,0.242276431,-263.6814049,42.80311327,220.8762813,2
-2312.10299,2311.846046,0.256944106,-272.3688314,30.84235536,241.5244971,2
-1411.837196,1411.565949,0.27124665,-280.6692069,18.83776877,261.8294934,2
-509.5651033,509.2799395,0.285163737,-288.5707361,6.806412691,281.7624157,2
393.4311091,-393.7297847,0.298675591,-296.0621905,-5.234615677,301.2949381,2
1295.868234,-1296.179997,0.31176301,-303.1329244,-17.26820537,320.399304,2
2196.46386,-2196.788267,0.324407398,-309.7728897,-29.277256,339.0483649,2
3093.93819,-3094.274781,0.336590784,-315.9726508,-41.24470204,357.2156195,2
3987.015865,-3987.364161,0.348295857,-321.7233975,-53.15353711,374.8752512,2
4874.427772,-4874.787278,0.359505982,-327.0169577,-64.98683809,392.0021647,2
5754.91285,-5755.283055,0.370205229,-331.8458088,-76.72778922,408.5720216,2
6627.219883,-6627.600261,0.380378395,-336.2030889,-88.35970596,424.5612753,2
7490.109273,-7490.499284,0.390011022,-340.0826061,-99.86605873,439.9472042,2
8342.354808,-8342.753897,0.399089422,-343.4788472,-111.2304964,454.7079441,2
9182.745401,-9183.153001,0.407600695,-346.3869861,-122.4368694,468.8225191,2
10010.08681,-10010.50234,0.415532744,-348.8028901,-133.4692529,482.2708716,2
10823.20334,-10823.62621,0.422874298,-350.7231261,-144.3119693,495.0338909,2
11620.9395,-11621.36912,0.429614925,-352.1449654,-154.9496105,507.0934399,2
12402.16167,-12402.59742,0.435745046,-353.0663874,-165.3670598,518.4323813,2
13165.7597,-13166.20095,0.441255949,-353.4860828,-175.5495135,529.034602,2
13910.64845,-13911.09459,0.446139804,-353.4034551,-185.4825017,538.8850356,2
14635.76942,-14636.21981,0.450389669,-352.8186217,-195.1519092,547.969684,2
15340.09215,-15340.54615,0.453999506,-351.7324138,-204.5439951,556.2756376,2
16022.61578,-16023.07274,0.456964184,-350.1463749,-213.6454127,563.791093,2
16682.37039,-16682.82967,0.459279492,-348.0627588,-222.4432286,570.5053704,2
17318.41844,-17318.87938,0.460942138,-345.4845265,-230.9249405,576.4089285,2
17929.85607,-17930.31802,0.461949761,-342.4153417,-239.0784954,581.493378,2
18515.81439,-18516.27669,0.462300927,-338.8595661,-246.8923066,585.7514935,2
19075.46073,-19075.92273,0.461995139,-334.8222524,-254.3552704,589.1772241,2
19607.9998,-19608.46083,0.46103283,-330.309138,-261.4567814,591.7657017,2
20112.67482,-20113.13423,0.459415368,-325.3266363,-268.1867481,593.5132478,2
20588.76863,-20589.22578,0.457145052,-319.8818276,-274.5356067,594.4173791,2
21035.60468,-21036.0589,0.454225108,-313.9824493,-280.4943351,594.4768108,2
21452.54798,-21452.99864,0.450659685,-307.6368848,-286.0544658,593.6914584,2
21839.00603,-21839.45249,0.44645385,-300.8541514,-291.2080974,592.0624379,2
22194.42967,-22194.87128,0.441613579,-293.6438878,-295.9479064,589.5920644,2
22518.3138,-22518.74995,0.436145752,-286.0163402,-300.2671573,586.2838482,2
22810.19818,-22810.62824,0.430058137,-277.9823477,-304.159712,582.1424906,2
23069.66802,-23070.09138,0.423359387,-269.5533271,-307.6200392,577.1738767,2
23296.3546,-23296.77065,0.416059019,-260.7412565,-310.6432214,571.3850672,2
23489.93578,-23490.34395,0.408167409,-251.5586582,-313.2249627,564.7842881,2
23650.13648,-23650.53617,0.399695771,-242.0185814,-315.3615941,557.3809197,2
23776.72904,-23777.11969,0.390656143,-232.1345829,-317.0500794,549.1854826,2
23869.53357,-23869.91463,0.381061372,-221.9207084,-318.2880193,540.2096227,2
23928.41818,-23928.78911,0.370925091,-211.3914725,-319.0736544,530.4660955,2
23953.2992,-23953.65947,0.360261705,-200.5618378,-319.4058684,519.9687469,2
23944.14128,-23944.49036,0.349086368,-189.4471936,-319.2841892,508.7324943,2
23900.95742,-23901.29483,0.33741496,-178.0633347,-318.7087897,496.773305,2
23823.80899,-23824.13425,0.325264067,-166.426438,-317.6804876,484.1081736,2
23712.80562,-23713.11827,0.312650956,-154.5530403,-316.2007441,470.755098,2
23568.10506,-23568.40466,0.299593551,-142.4600142,-314.2716621,456.7330536,2
23389.91294,-23390.19905,0.286110407,-130.1645446,-311.8959828,442.0619666,2
23178.48246,-23178.75469,0.272220684,-117.6841041,-309.0770823,426.7626854,2
22934.1141,-22934.37204,0.257944121,-105.0364281,-305.8189663,410.856951,2
22657.1551,-22657.39841,0.243301005,-92.23948953,-302.1262648,394.3673664,2
22347.99905,-22348.22736,0.228312146,-79.3114736,-298.0042254,377.3173642,2
22007.08527,-22007.29827,0.212998842,-66.27075174,-293.4587057,359.7311734,2
21634.89822,-21635.0956,0.197382855,-53.13585551,-288.4961651,341.6337849,2
21231.96679,-21232.14827,0.181486376,-39.92545032,-283.1236556,323.0509161,2
20798.86357,-20799.0289,0.165331995,-26.65830888,-277.348812,304.0089742,2
20336.20403,-20336.35297,0.148942669,-13.35328452,-271.1798405,284.535019,2
19844.64563,-19844.77798,0.132341686,-0.029284423,-264.6255076,264.656724,2
19324.88691,-19325.00246,0.115552639,13.29475729,-257.6951274,244.4023373,2
18777.66646,-18777.76506,0.098599386,26.59990643,-250.3985483,223.8006414,2
18203.76193,-18203.84343,0.081506017,39.86725565,-242.7461392,202.8809126,2
17603.98885,-17604.05314,0.064296823,53.07795132,-234.7487745,181.672879,2
16979.19954,-16979.24653,0.046996261,66.21322031,-226.417819,160.2066782,2
16330.28185,-16330.31148,0.029628914,79.25439669,-217.7651114,138.512815,2
15658.15795,-15658.17016,0.012219463,92.18294824,-208.8029476,116.6221175,2
14963.78294,-14963.77773,-0.005207353,104.9805028,-199.5440634,94.56569354,2
14248.14358,-14248.12095,-0.022626769,117.6288743,-190.0016162,72.3748866,2
13512.25683,-13512.21681,-0.040014031,130.1100887,-180.1891663,50.08123098,2
12757.16842,-12757.11107,-0.05734443,142.4064096,-170.1206577,27.71640718,2
11983.95138,-11983.87678,-0.074593341,154.5003631,-159.8103984,5.312196861,2
11193.70448,-11193.61275,-0.09173625,166.3747632,-149.2730397,-17.09956238,2
10387.55072,-10387.44197,-0.108748796,178.0127357,-138.5235559,-39.48702222,2
9566.635684,-9566.510077,-0.125606805,189.3977423,-127.5772225,-61.81836883,2
8732.125933,-8731.983647,-0.14228632,200.5136044,-116.4495949,-84.06186815,2
7885.207354,-7885.04859,-0.158763638,211.3445257,-105.1564861,-106.185911,2
7027.083463,-7026.908448,-0.175015344,221.8751148,-93.71394413,-128.1590578,2
6158.973702,-6158.782684,-0.191018344,232.0904072,-82.13822954,-149.9500836,2
5282.111703,-5281.904953,-0.206749896,241.9758865,-70.44579202,-171.5280221,2
4397.743534,-4397.521346,-0.222187645,251.5175048,-58.65324718,-192.8622099,2
3507.12593,-3506.888621,-0.237309654,260.701703,-46.77735287,-213.92233,2
2611.524509,-2611.272415,-0.252094432,269.5154298,-34.83498538,-234.6784547,2
1712.211969,-1711.945448,-0.266520971,277.9461604,-22.84311547,-255.1010885,2
810.4662813,-810.1857125,-0.280568769,285.9819143,-10.81878424,-275.1612097,2
-92.43112301,92.72534087,-0.294217863,293.6112723,1.220921072,-294.8303117,2
-995.1971776,995.5046265,-0.307448857,300.8233925,13.25889139,-314.0804438,2
-1896.549003,1896.869246,-0.32024295,307.6080263,25.2780201,-332.8842503,2
-2795.205728,2795.53831,-0.33258196,313.9555322,37.26122735,-351.2150101,2
-3689.890312,3690.234761,-0.344448353,319.8568902,49.19148437,-369.0466742,2
-4579.331361,4579.687186,-0.355825266,325.303714,61.05183759,-386.3539028,2
-5462.264929,5462.631626,-0.366696532,330.2882634,72.82543281,-403.1121013,2
-6337.43632,6337.813367,-0.377046701,334.8034551,84.49553911,-419.2974554,2
-7203.601868,7203.988729,-0.386861067,338.8428728,96.04557262,-434.886965,2
-8059.530702,8059.926828,-0.396125682,342.4007763,107.4591201,-449.8584763,2
-8904.006503,8904.41133,-0.404827381,345.4721095,118.7199623,-464.1907142,2
-9735.829223,9736.242177,-0.412953798,348.0525079,129.812097,-477.8633116,2
-10553.8168,10554.23729,-0.420493385,350.1383047,140.7197615,-490.8568391,2
-11356.80682,11357.23426,-0.427435428,351.7265357,151.4274556,-503.1528323,2
-12143.6582,12144.09197,-0.433770062,352.8149442,161.919963,-514.7338176,2
-12913.25278,12913.69226,-0.439488285,353.4019832,172.1823732,-525.5833381,2
-13664.49691,13664.94149,-0.444581971,353.4868188,182.2001029,-535.6859759,2
-14396.32305,14396.7721,-0.449043882,353.0693302,191.9589162,-545.0273746,2
-15107.69123,15108.1441,-0.452867676,352.1501108,201.4449455,-553.5942596,2
-15797.59055,15798.0466,-0.456047921,350.7304668,210.6447104,-561.3744569,2
-16465.04063,16465.49921,-0.458580097,348.8124156,219.5451377,-568.3569103,2
-17109.09299,17109.55345,-0.460460606,346.3986829,228.1335793,-574.5316975,2
-17728.83239,17729.29407,-0.461686775,343.4926987,236.3978306,-579.8900436,2
-18323.37814,18323.8404,-0.462256861,340.0985925,244.3261477,-584.4243343,2
-18891.88538,18892.34755,-0.462170055,336.2211877,251.9072639,-588.1281261,2
-19433.54621,19434.00764,-0.461426481,331.8659942,259.1304062,-590.9961556,2
-19947.59091,19948.05094,-0.460027194,327.0392009,265.9853099,-593.0243472,2
-20433.28899,20433.74697,-0.457974183,321.747667,272.462234,-594.2098188,2
-20889.95025,20890.40552,-0.455270366,315.9989121,278.5519744,-594.5508857,2
-21316.92575,21317.37767,-0.451919585,309.8011055,284.2458771,-594.0470632,2
-21713.60873,21714.05666,-0.447926601,303.1630545,289.5358509,-592.6990674,2
-22079.43548,22079.87878,-0.443297089,296.0941922,294.4143784,-590.5088138,2
-22413.88615,22414.32419,-0.438037628,288.6045639,298.8745269,-587.4794148,2
-22716.48546,22716.91762,-0.432155691,280.7048127,302.9099584,-583.6151754,2
-22986.8034,22987.22906,-0.425659638,272.4061646,306.5149383,-578.921587,2
-23224.45584,23224.87439,-0.418558699,263.7204125,309.6843437,-573.4053193,2
-23429.10505,23429.51591,-0.410862964,254.6598992,312.4136707,-567.0742112,2
-23600.46022,23600.8628,-0.402583372,245.2375002,314.6990407,-559.9372597,2
-23738.27785,23738.67158,-0.393731686,235.4666054,316.5372062,-552.0046067,2
-23842.36208,23842.7464,-0.384320486,225.3610996,317.9255551,-543.2875249,2
-23912.56501,23912.93938,-0.374363145,214.9353434,318.8621143,-533.7984018,2
-23948.78688,23949.15076,-0.363873814,204.2041522,319.345553,-523.550722,2
-23950.97622,23951.32909,-0.352867399,193.1827758,319.3751841,-512.559048,2
-23919.1299,23919.47126,-0.341359539,181.8868761,318.9509657,-500.8389995,2
-23853.2932,23853.62256,-0.329366589,170.3325053,318.0735005,-488.4072314,2
-23753.55966,23753.87656,-0.316905591,158.5360825,316.7440355,-475.2814099,2
-23620.07101,23620.375,-0.303994253,146.5143714,314.9644598,-461.4801875,2
-23453.01694,23453.30759,-0.290650922,134.2844553,312.7373024,-447.0231765,2
-23252.63486,23252.91175,-0.27689456,121.8637137,310.0657282,-431.9309211,2
-23019.20951,23019.47225,-0.262744717,109.269797,306.9535336,-416.2248683,2
-22753.0726,22753.32082,-0.248221498,96.52060198,303.4051413,-399.9273371,2
-22454.60234,22454.83568,-0.233345543,83.63424591,299.4255936,-383.0614873,2
-22124.22285,22124.44099,-0.218137992,70.62904099,295.0205458,-365.6512861,2
-21762.40363,21762.60625,-0.202620454,57.52346835,290.1962577,-347.7214745,2
-21369.65885,21369.84566,-0.186814982,44.3361517,284.9595848,-329.2975316,2
-20946.54661,20946.71736,-0.170744035,31.08583097,279.3179687,-310.405639,2
-20493.66818,20493.82261,-0.154430451,17.79133556,273.2794265,-291.0726429,2
-20011.66713,20011.80503,-0.137897414,4.471557692,266.8525393,-271.3260167,2
-19501.22841,19501.34958,-0.121168417,-8.854574503,260.0464401,-251.1938213,2
-18963.07737,18963.18164,-0.104267233,-22.16812386,252.8708006,-230.7046658,2
-18397.97876,18398.06598,-0.087217879,-35.45017111,245.3358179,-209.8876663,2
-17806.73562,17806.80566,-0.070044584,-48.68184172,237.4521995,-188.772405,2
-17190.18813,17190.2409,-0.052771752,-61.84433277,229.2311486,-167.3888878,2
-16549.21245,16549.24787,-0.035423928,-74.91893964,220.6843477,-145.7675018,2
-15884.71942,15884.73745,-0.018025765,-87.88708259,211.8239422,-123.9389721,2
-15197.65334,15197.65395,-0.000601986,-100.7303332,202.6625234,-101.9343185,2
-14488.99057,14488.97375,0.016822648,-113.4304405,193.2131099,-79.78481057,2
-13759.73815,13759.70392,0.034223376,-125.9693569,183.4891301,-57.52192407,2
-13010.93238,13010.88081,0.051575471,-138.329264,173.5044022,-35.17729578,2
-12243.63737,12243.56852,0.068854274,-150.4925976,163.2731151,-12.78267862,2
-11458.94348,11458.85744,0.086035232,-162.442073,152.8098079,9.630103422,2
-10657.9658,10657.86271,0.103093929,-174.1607093,142.1293496,32.02920056,2
-9841.842575,9841.722569,0.120006124,-185.6318538,131.2469178,54.38278245,2
-9011.73355,9011.596803,0.136747783,-196.8392052,120.1779769,76.65908344,2
-8168.818359,8168.665064,0.153295116,-207.7668373,108.9382565,98.82644767,2
-7314.294829,7314.125205,0.169624609,-218.3992214,97.54372885,120.8533741,2
-6449.377286,6449.191573,0.185713056,-228.7212482,86.01058625,142.7085613,2
-5575.294826,5575.093288,0.201537594,-238.7182497,74.35521791,164.3609518,2
-4693.289566,4693.07249,0.217075737,-248.3760194,62.59418673,185.7797764,2
-3804.614885,3804.38258,0.232305403,-257.6808332,50.74420579,206.9345978,2
-2910.533638,2910.286433,0.24720495,-266.6194685,38.82211455,227.7953538,2
-2012.316363,2012.05461,0.261753206,-275.1792229,26.84485497,248.3324001,2
-1111.239477,1110.963548,0.275929495,-283.3479326,14.82944738,268.5165525,2
-208.583459,208.2937453,0.289713674,-291.1139893,2.79296633,288.3191282,2
694.3689678,-694.672054,0.303086154,-298.4663572,-9.247483675,307.7119866,2
1596.334658,-1596.650686,0.316027932,-305.394588,-21.2747925,326.6675695,2
2496.03187,-2496.360391,0.328520617,-311.8888364,-33.27186868,345.1589398,2
3392.182084,-3392.52263,0.340546457,-317.9398737,-45.22166372,363.1598204,2
4283.511821,-4283.863909,0.352088361,-323.539101,-57.10719629,380.6446311,2
5168.754454,-5169.117584,0.363129928,-328.6785616,-68.91157642,397.5885249,2
6046.652004,-6047.025659,0.373655468,-333.350952,-80.61802942,413.9674236,2
6915.95693,-6916.34058,0.383650023,-337.5496324,-92.2099198,429.758052,2
7775.433903,-7775.827003,0.39309939,-341.2686363,-103.6707748,444.9379707,2
8623.861559,-8624.263549,0.401990141,-344.5026788,-114.984308,459.4856082,2
9460.034236,-9460.444546,0.410309643,-347.2471642,-126.1344422,473.3802915,2
10282.76369,-10283.18173,0.418046072,-349.4981923,-137.1053325,486.6022755,2
11090.88077,-11091.30596,0.425188434,-351.2525644,-147.8813885,499.132771,2
11883.2371,-11883.66883,0.431726581,-352.5077873,-158.4472971,510.9539715,2
12658.7067,-12659.14435,0.437651221,-353.2620774,-168.7880433,522.0490785,2
13416.18759,-13416.63054,0.442953934,-353.5143628,-178.8889325,532.4023252,2
14154.60334,-14155.05097,0.447627185,-353.2642849,-188.7356107,541.9989991,2
14872.90463,-14873.35629,0.451664334,-352.5121991,-198.3140854,550.8254627,2
15570.0707,-15570.52576,0.455059643,-351.2591742,-207.6107448,558.8691732,2
16245.11085,-16245.56866,0.457808287,-349.5069908,-216.612378,566.1187,2
16897.06581,-16897.52572,0.459906361,-347.2581389,-225.3061932,572.5637412,2
17525.00911,-17525.47046,0.461350883,-344.5158141,-233.6798359,578.1951379,2
18128.04842,-18128.51056,0.462139799,-341.2839135,-241.7214068,583.0048878,2
18705.32678,-18705.78905,0.46227199,-337.5670298,-249.4194784,586.9861558,2
19256.02385,-19256.48559,0.461747267,-333.3704448,-256.7631112,590.1332843,2
19779.35705,-19779.81762,0.460566376,-328.7001223,-263.7418696,592.4418011,2
20274.5827,-20275.04143,0.458730995,-323.5626988,-270.3458364,593.9084258,2
20740.99706,-20741.45331,0.456243732,-317.9654751,-276.565627,594.531074,2
21177.93734,-21178.39044,0.453108122,-311.916405,-282.3924026,594.3088611,2
21584.7826,-21585.23193,0.44932862,-305.4240846,-287.8178832,593.2421028,2
21960.9547,-21961.39961,0.444910598,-298.4977399,-292.8343589,591.332315,2
22305.91909,-22306.35895,0.439860333,-291.1472136,-297.4347009,588.5822116,2
22619.18555,-22619.61973,0.434185003,-283.3829512,-301.6123719,584.9957006,2
22900.3089,-22900.73679,0.427892672,-275.2159861,-305.3614352,580.5778788,2
23148.88967,-23149.31066,0.420992282,-266.657924,-308.6765632,575.335024,2
23364.57459,-23364.98808,0.41349364,-257.7209264,-311.553045,569.2745867,2
23547.05718,-23547.46258,0.4054074,-248.4176932,-313.9867928,562.4051791,2
23696.0781,-23696.47485,0.396745054,-238.761445,-315.9743482,554.7365629,2
23811.42561,-23811.81313,0.387518911,-228.7659036,-317.5128867,546.2796357,2
23892.93578,-23893.31352,0.377742083,-218.4452734,-318.6002221,537.0464152,2
23940.49277,-23940.8602,0.367428463,-207.8142205,-319.2348091,527.0500224,2
23954.02902,-23954.38561,0.356592707,-196.8878522,-319.415746,516.3046627,2
23933.52528,-23933.87053,0.345250213,-185.6816955,-319.1427756,504.8256058,2
23879.01069,-23879.34411,0.3334171,-174.211675,-318.4162859,492.6291641,2
23790.56272,-23790.88383,0.321110183,-162.4940901,-317.2373093,479.7326694,2
23668.30706,-23668.61541,0.30834695,-150.5455923,-315.607521,466.1544483,2
23512.41744,-23512.71259,0.29514554,-138.3831609,-313.5292372,451.9137963,2
23323.11539,-23323.39692,0.281524712,-126.0240795,-311.0054112,437.03095,2
23100.66992,-23100.93742,0.267503821,-113.4859109,-308.0396295,421.5270588,2
22845.39713,-22845.65023,0.253102794,-100.7864727,-304.6361066,405.4241546,2
22557.65978,-22557.89812,0.238342093,-87.94381139,-300.7996791,388.7451205,2
22237.86676,-22238.09,0.223242695,-74.9761771,-296.5357988,371.5136583,2
21886.47252,-21886.68034,0.207826057,-61.90199756,-291.850525,353.7542549,2
21503.9764,-21504.16851,0.192114087,-48.7398519,-286.7505155,335.4921473,2
21090.92195,-21091.09808,0.176129112,-35.50844424,-281.2430179,316.753287,2
20647.89615,-20648.05604,0.159893848,-22.22657714,-275.3358586,297.564303,2
20175.52856,-20175.67199,0.143431366,-8.913124852,-269.037432,277.9524638,2
19674.49044,-19674.6172,0.12676506,4.412993472,-262.3566884,257.9456389,2
19145.49379,-19145.60371,0.109918615,17.73284069,-255.3031217,237.5722592,2
18589.29035,-18589.38326,0.092915969,31.02748857,-247.8867552,216.8612763,2
18006.6705,-18006.74629,0.075781284,44.27804469,-240.1181281,195.8421217,2
17398.4622,-17398.52074,0.05853891,57.46567929,-232.00828,174.5446647,2
16765.52973,-16765.57094,0.041213349,70.57165201,-223.5687354,152.9991701,2
16108.77252,-16108.79635,0.023829221,83.57733856,-214.8114874,131.2362554,2
15429.12386,-15429.13027,0.006411231,96.46425713,-205.7489805,109.2868468,2
14727.54958,-14727.53856,-0.01101587,109.2140947,-196.3940931,87.18213559,2
14005.04664,-14005.01821,-0.028427317,121.8087331,-186.760119,64.95353379,2
13262.64177,-13262.59597,-0.045798367,134.2302746,-176.8607484,42.63262947,2
12501.38995,-12501.32685,-0.063104335,146.4610675,-166.7100491,20.25114185,2
11722.37298,-11722.29266,-0.080320628,158.4837313,-156.3224457,-2.159123756,2
10926.69787,-10926.60045,-0.097422781,170.281181,-145.7126995,-24.56632113,2
10115.49533,-10115.38094,-0.114386491,181.8366518,-134.8958876,-46.93860841,2
9289.91811,-9289.786922,-0.131187652,193.1337228,-123.8873813,-69.24419336,2
8451.139412,-8450.99161,-0.147802388,204.1563402,-112.7028242,-91.45137853,2
7600.351183,-7600.186976,-0.164207089,214.8888403,-101.3581103,-113.5286063,2
6738.762439,-6738.582061,-0.180378442,225.3159715,-89.8693609,-135.4445037,2
5867.597545,-5867.401251,-0.196293468,235.4229165,-78.25290224,-157.167927,2
4988.094473,-4987.882544,-0.21192955,245.1953126,-66.52524193,-178.6680061,2
4101.503047,-4101.275782,-0.227264468,254.6192727,-54.70304561,-199.9141882,2
3209.08316,-3208.840883,-0.242276431,263.6814049,-42.80311327,-220.8762813,2
2312.10299,-2311.846046,-0.256944106,272.3688314,-30.84235536,-241.5244971,2
1411.837196,-1411.565949,-0.27124665,280.6692069,-18.83776877,-261.8294934,2
509.5651033,-509.2799395,-0.285163737,288.5707361,-6.806412691,-281.7624157,2
-393.4311091,393.7297847,-0.298675591,296.0621905,5.234615677,-301.2949381,2
-1295.868234,1296.179997,-0.31176301,303.1329244,17.26820537,-320.399304,2
-2196.46386,2196.788267,-0.324407398,309.7728897,29.277256,-339.0483649,2
-3093.93819,3094.274781,-0.336590784,315.9726508,41.24470204,-357.2156195,2
-3987.015865,3987.364161,-0.348295857,321.7233975,53.15353711,-374.8752512,2
-4874.427772,4874.787278,-0.359505982,327.0169577,64.98683809,-392.0021647,2
-5754.91285,5755.283055,-0.370205229,331.8458088,76.72778922,-408.5720216,2
-6627.219883,6627.600261,-0.380378395,336.2030889,88.35970596,-424.5612753,2
-7490.109273,7490.499284,-0.390011022,340.0826061,99.86605873,-439.9472042,2
-8342.354808,8342.753897,-0.399089422,343.4788472,111.2304964,-454.7079441,2
-9182.745401,9183.153001,-0.407600695,346.3869861,122.4368694,-468.8225191,2
-10010.08681,10010.50234,-0.415532744,348.8028901,133.4692529,-482.2708716,2
-10823.20334,10823.62621,-0.422874298,350.7231261,144.3119693,-495.0338909,2
-11620.9395,11621.36912,-0.429614925,352.1449654,154.9496105,-507.0934399,2
-12402.16167,12402.59742,-0.435745046,353.0663874,165.3670598,-518.4323813,2
-13165.7597,13166.20095,-0.441255949,353.4860828,175.5495135,-529.034602,2
-13910.64845,13911.09459,-0.446139804,353.4034551,185.4825017,-538.8850356,2
-14635.76942,14636.21981,-0.450389669,352.8186217,195.1519092,-547.969684,2
-15340.09215,15340.54615,-0.453999506,351.7324138,204.5439951,-556.2756376,2
-16022.61578,16023.07274,-0.456964184,350.1463749,213.6454127,-563.791093,2
-16682.37039,16682.82967,-0.459279492,348.0627588,222.4432286,-570.5053704,2
-17318.41844,17318.87938,-0.460942138,345.4845265,230.9249405,-576.4089285,2
-17929.85607,17930.31802,-0.461949761,342.4153417,239.0784954,-581.493378,2
-18515.81439,18516.27669,-0.462300927,338.8595661,246.8923066,-585.7514935,2
-19075.46073,19075.92273,-0.461995139,334.8222524,254.3552704,-589.1772241,2
-19607.9998,19608.46083,-0.46103283,330.309138,261.4567814,-591.7657017,2
-20112.67482,20113.13423,-0.459415368,325.3266363,268.1867481,-593.5132478,2
-20588.76863,20589.22578,-0.457145052,319.8818276,274.5356067,-594.4173791,2
-21035.60468,21036.0589,-0.454225108,313.9824493,280.4943351,-594.4768108,2
-21452.54798,21452.99864,-0.450659685,307.6368848,286.0544658,-593.6914584,2
-21839.00603,21839.45249,-0.44645385,300.8541514,291.2080974,-592.0624379,2
-22194.42967,22194.87128,-0.441613579,293.6438878,295.9479064,-589.5920644,2
-22518.3138,22518.74995,-0.436145752,286.0163402,300.2671573,-586.2838482,2
-22810.19818,22810.62824,-0.430058137,277.9823477,304.159712,-582.1424906,2
-23069.66802,23070.09138,-0.423359387,269.5533271,307.6200392,-577.1738767,2
-23296.3546,23296.77065,-0.416059019,260.7412565,310.6432214,-571.3850672,2
-23489.93578,23490.34395,-0.408167409,251.5586582,313.2249627,-564.7842881,2
-23650.13648,23650.53617,-0.399695771,242.0185814,315.3615941,-557.3809197,2
-23776.72904,23777.11969,-0.390656143,232.1345829,317.0500794,-549.1854826,2
-23869.53357,23869.91463,-0.381061372,221.9207084,318.2880193,-540.2096227,2
-23928.41818,23928.78911,-0.370925091,211.3914725,319.0736544,-530.4660955,2
-23953.2992,23953.65947,-0.360261705,200.5618378,319.4058684,-519.9687469,2
-23944.14128,23944.49036,-0.349086368,189.4471936,319.2841892,-508.7324943,2
-23900.95742,23901.29483,-0.33741496,178.0633347,318.7087897,-496.773305,2
-23823.80899,23824.13425,-0.325264067,166.426438,317.6804876,-484.1081736,2
-23712.80562,23713.11827,-0.312650956,154.5530403,316.2007441,-470.755098,2
-23568.10506,23568.40466,-0.299593551,142.4600142,314.2716621,-456.7330536,2
-23389.91294,23390.19905,-0.286110407,130.1645446,311.8959828,-442.0619666,2
-23178.48246,23178.75469,-0.272220684,117.6841041,309.0770823,-426.7626854,2
-22934.1141,22934.37204,-0.257944121,105.0364281,305.8189663,-410.856951,2
-22657.1551,22657.39841,-0.243301005,92.23948953,302.1262648,-394.3673664,2
-22347.99905,22348.22736,-0.228312146,79.3114736,298.0042254,-377.3173642,2
-22007.08527,22007.29827,-0.212998842,66.27075174,293.4587057,-359.7311734,2
-21634.89822,21635.0956,-0.197382855,53.13585551,288.4961651,-341.6337849,2
-21231.96679,21232.14827,-0.181486376,39.92545032,283.1236556,-323.0509161,2
-20798.86357,20799.0289,-0.165331995,26.65830888,277.348812,-304.0089742,2
-20336.20403,20336.35297,-0.148942669,13.35328452,271.1798405,-284.535019,2
-19844.64563,19844.77798,-0.132341686,0.029284423,264.6255076,-264.656724,2
-19324.88691,19325.00246,-0.115552639,-13.29475729,257.6951274,-244.4023373,2
-18777.66646,18777.76506,-0.098599386,-26.59990643,250.3985483,-223.8006414,2
-18203.76193,18203.84343,-0.081506017,-39.86725565,242.7461392,-202.8809126,2
-17603.98885,17604.05314,-0.064296823,-53.07795132,234.7487745,-181.672879,2
-16979.19954,16979.24653,-0.046996261,-66.21322031,226.417819,-160.2066782,2
-16330.28185,16330.31148,-0.029628914,-79.25439669,217.7651114,-138.512815,2
-15658.15795,15658.17016,-0.012219463,-92.18294824,208.8029476,-116.6221175,2
-14963.78294,14963.77773,0.005207353,-104.9805028,199.5440634,-94.56569354,2
-14248.14358,14248.12095,0.022626769,-117.6288743,190.0016162,-72.3748866,2
-13512.25683,13512.21681,0.040014031,-130.1100887,180.1891663,-50.08123098,2
-12757.16842,12757.11107,0.05734443,-142.4064096,170.1206577,-27.71640718,2
-11983.95138,11983.87678,0.074593341,-154.5003631,159.8103984,-5.312196861,2
-11193.70448,11193.61275,0.09173625,-166.3747632,149.2730397,17.09956238,2
-10387.55072,10387.44197,0.108748796,-178.0127357,138.5235559,39.48702222,2
-9566.635684,9566.510077,0.125606805,-189.3977423,127.5772225,61.81836883,2
-8732.125933,8731.983647,0.14228632,-200.5136044,116.4495949,84.06186815,2
-7885.207354,7885.04859,0.158763638,-211.3445257,105.1564861,106.185911,2
-7027.083463,7026.908448,0.175015344,-221.8751148,93.71394413,128.1590578,2
-6158.973702,6158.782684,0.191018344,-232.0904072,82.13822954,149.9500836,2
-5282.111703,5281.904953,0.206749896,-241.9758865,70.44579202,171.5280221,2
-4397.743534,4397.521346,0.222187645,-251.5175048,58.65324718,192.8622099,2
-3507.12593,3506.888621,0.237309654,-260.701703,46.77735287,213.92233,2
-2611.524509,2611.272415,0.252094432,-269.5154298,34.83498538,234.6784547,2
-1712.211969,1711.945448,0.266520971,-277.9461604,22.84311547,255.1010885,2
-810.4662813,810.1857125,0.280568769,-285.9819143,10.81878424,275.1612097,2
92.43112301,-92.72534087,0.294217863,-293.6112723,-1.220921072,294.8303117,2
995.1971776,-995.5046265,0.307448857,-300.8233925,-13.25889139,314.0804438,2
1896.549003,-1896.869246,0.32024295,-307.6080263,-25.2780201,332.8842503,2
2795.205728,-2795.53831,0.33258196,-313.9555322,-37.26122735,351.2150101,2
3689.890312,-3690.234761,0.344448353,-319.8568902,-49.19148437,369.0466742,2
4579.331361,-4579.687186,0.355825266,-325.303714,-61.05183759,386.3539028,2
5462.264929,-5462.631626,0.366696532,-330.2882634,-72.82543281,403.1121013,2
6337.43632,-6337.813367,0.377046701,-334.8034551,-84.49553911,419.2974554,2
7203.601868,-7203.988729,0.386861067,-338.8428728,-96.04557262,434.886965,2
8059.530702,-8059.926828,0.396125682,-342.4007763,-107.4591201,449.8584763,2
8904.006503,-8904.41133,0.404827381,-345.4721095,-118.7199623,464.1907142,2
9735.829223,-9736.242177,0.412953798,-348.0525079,-129.812097,477.8633116,2
10553.8168,-10554.23729,0.420493385,-350.1383047,-140.7197615,490.8568391,2
11356.80682,-11357.23426,0.427435428,-351.7265357,-151.4274556,503.1528323,2
12143.6582,-12144.09197,0.433770062,-352.8149442,-161.919963,514.7338176,2
12913.25278,-12913.69226,0.439488285,-353.4019832,-172.1823732,525.5833381,2
13664.49691,-13664.94149,0.444581971,-353.4868188,-182.2001029,535.6859759,2
14396.32305,-14396.7721,0.449043882,-353.0693302,-191.9589162,545.0273746,2
15107.69123,-15108.1441,0.452867676,-352.1501108,-201.4449455,553.5942596,2
15797.59055,-15798.0466,0.456047921,-350.7304668,-210.6447104,561.3744569,2
16465.04063,-16465.49921,0.458580097,-348.8124156,-219.5451377,568.3569103,2
17109.09299,-17109.55345,0.460460606,-346.3986829,-228.1335793,574.5316975,2
17728.83239,-17729.29407,0.461686775,-343.4926987,-236.3978306,579.8900436,2
18323.37814,-18323.8404,0.462256861,-340.0985925,-244.3261477,584.4243343,2
18891.88538,-18892.34755,0.462170055,-336.2211877,-251.9072639,588.1281261,2
19433.54621,-19434.00764,0.461426481,-331.8659942,-259.1304062,590.9961556,2
19947.59091,-19948.05094,0.460027194,-327.0392009,-265.9853099,593.0243472,2
20433.28899,-20433.74697,0.457974183,-321.747667,-272.462234,594.2098188,2
20889.95025,-20890.40552,0.455270366,-315.9989121,-278.5519744,594.5508857,2
21316.92575,-21317.37767,0.451919585,-309.8011055,-284.2458771,594.0470632,2
21713.60873,-21714.05666,0.447926601,-303.1630545,-289.5358509,592.6990674,2
22079.43548,-22079.87878,0.443297089,-296.0941922,-294.4143784,590.5088138,2
22413.88615,-22414.32419,0.438037628,-288.6045639,-298.8745269,587.4794148,2
22716.48546,-22716.91762,0.432155691,-280.7048127,-302.9099584,583.6151754,2
22986.8034,-22987.22906,0.425659638,-272.4061646,-306.5149383,578.921587,2
23224.45584,-23224.87439,0.418558699,-263.7204125,-309.6843437,573.4053193,2
23429.10505,-23429.51591,0.410862964,-254.6598992,-312.4136707,567.0742112,2
23600.46022,-23600.8628,0.402583372,-245.2375002,-314.6990407,559.9372597,2
23738.27785,-23738.67158,0.393731686,-235.4666054,-316.5372062,552.0046067,2
23842.36208,-23842.7464,0.384320486,-225.3610996,-317.9255551,543.2875249,2
23912.56501,-23912.93938,0.374363145,-214.9353434,-318.8621143,533.7984018,2
23948.78688,-23949.15076,0.363873814,-204.2041522,-319.345553,523.550722,2
23950.97622,-23951.32909,0.352867399,-193.1827758,-319.3751841,512.559048,2
23919.1299,-23919.47126,0.341359539,-181.8868761,-318.9509657,500.8389995,2
23853.2932,-23853.62256,0.329366589,-170.3325053,-318.0735005,488.4072314,2
23753.55966,-23753.87656,0.316905591,-158.5360825,-316.7440355,475.2814099,2
23620.07101,-23620.375,0.303994253,-146.5143714,-314.9644598,461.4801875,2
23453.01694,-23453.30759,0.290650922,-134.2844553,-312.7373024,447.0231765,2
23252.63486,-23252.91175,0.27689456,-121.8637137,-310.0657282,431.9309211,2
23019.20951,-23019.47225,0.262744717,-109.269797,-306.9535336,416.2248683,2
22753.0726,-22753.32082,0.248221498,-96.52060198,-303.4051413,399.9273371,2
22454.60234,-22454.83568,0.233345543,-83.63424591,-299.4255936,383.0614873,2
22124.22285,-22124.44099,0.218137992,-70.62904099,-295.0205458,365.6512861,2
21762.40363,-21762.60625,0.202620454,-57.52346835,-290.1962577,347.7214745,2
21369.65885,-21369.84566,0.186814982,-44.3361517,-284.9595848,329.2975316,2
20946.54661,-20946.71736,0.170744035,-31.08583097,-279.3179687,310.405639,2
20493.66818,-20493.82261,0.154430451,-17.79133556,-273.2794265,291.0726429,2
20011.66713,-20011.80503,0.137897414,-4.471557692,-266.8525393,271.3260167,2
19501.22841,-19501.34958,0.121168417,8.854574503,-260.0464401,251.1938213,2
18963.07737,-18963.18164,0.104267233,22.16812386,-252.8708006,230.7046658,2
18397.97876,-18398.06598,0.087217879,35.45017111,-245.3358179,209.8876663,2
17806.73562,-17806.80566,0.070044584,48.68184172,-237.4521995,188.772405,2
17190.18813,-17190.2409,0.052771752,61.84433277,-229.2311486,167.3888878,2
16549.21245,-16549.24787,0.035423928,74.91893964,-220.6843477,145.7675018,2
15884.71942,-15884.73745,0.018025765,87.88708259,-211.8239422,123.9389721,2
15197.65334,-15197.65395,0.000601986,100.7303332,-202.6625234,101.9343185,2
14488.99057,-14488.97375,-0.016822648,113.4304405,-193.2131099,79.78481057,2
13759.73815,-13759.70392,-0.034223376,125.9693569,-183.4891301,57.52192407,2
13010.93238,-13010.88081,-0.051575471,138.329264,-173.5044022,35.17729578,2
12243.63737,-12243.56852,-0.068854274,150.4925976,-163.2731151,12.78267862,2
11458.94348,-11458.85744,-0.086035232,162.442073,-152.8098079,-9.630103422,2
10657.9658,-10657.86271,-0.103093929,174.1607093,-142.1293496,-32.02920056,2
9841.842575,-9841.722569,-0.120006124,185.6318538,-131.2469178,-54.38278245,2
9011.73355,-9011.596803,-0.136747783,196.8392052,-120.1779769,-76.65908344,2
8168.818359,-8168.665064,-0.153295116,207.7668373,-108.9382565,-98.82644767,2
7314.294829,-7314.125205,-0.169624609,218.3992214,-97.54372885,-120.8533741,2
6449.377286,-6449.191573,-0.185713056,228.7212482,-86.01058625,-142.7085613,2
5575.294826,-5575.093288,-0.201537594,238.7182497,-74.35521791,-164.3609518,2
4693.289566,-4693.07249,-0.217075737,248.3760194,-62.59418673,-185.7797764,2
3804.614885,-3804.38258,-0.232305403,257.6808332,-50.74420579,-206.9345978,2
2910.533638,-2910.286433,-0.24720495,266.6194685,-38.82211455,-227.7953538,2
2012.316363,-2012.05461,-0.261753206,275.1792229,-26.84485497,-248.3324001,2
1111.239477,-1110.963548,-0.275929495,283.3479326,-14.82944738,-268.5165525,2
208.583459,-208.2937453,-0.289713674,291.1139893,-2.79296633,-288.3191282,2
-694.3689678,694.672054,-0.303086154,298.4663572,9.247483675,-307.7119866,2
-1596.334658,1596.650686,-0.316027932,305.394588,21.2747925,-326.6675695,2
-2496.03187,2496.360391,-0.328520617,311.8888364,33.27186868,-345.1589398,2
-3392.182084,3392.52263,-0.340546457,317.9398737,45.22166372,-363.1598204,2
-4283.511821,4283.863909,-0.352088361,323.539101,57.10719629,-380.6446311,2
-5168.754454,5169.117584,-0.363129928,328.6785616,68.91157642,-397.5885249,2
-6046.652004,6047.025659,-0.373655468,333.350952,80.61802942,-413.9674236,2
-6915.95693,6916.34058,-0.383650023,337.5496324,92.2099198,-429.758052,2
-7775.433903,7775.827003,-0.39309939,341.2686363,103.6707748,-444.9379707,2
-8623.861559,8624.263549,-0.401990141,344.5026788,114.984308,-459.4856082,2
-9460.034236,9460.444546,-0.410309643,347.2471642,126.1344422,-473.3802915,2
-10282.76369,10283.18173,-0.418046072,349.4981923,137.1053325,-486.6022755,2
-11090.88077,11091.30596,-0.425188434,351.2525644,147.8813885,-499.132771,2
-11883.2371,11883.66883,-0.431726581,352.5077873,158.4472971,-510.9539715,2
-12658.7067,12659.14435,-0.437651221,353.2620774,168.7880433,-522.0490785,2
-13416.18759,13416.63054,-0.442953934,353.5143628,178.8889325,-532.4023252,2
-14154.60334,14155.05097,-0.447627185,353.2642849,188.7356107,-541.9989991,2
-14872.90463,14873.35629,-0.451664334,352.5121991,198.3140854,-550.8254627,2
-15570.0707,15570.52576,-0.455059643,351.2591742,207.6107448,-558.8691732,2
-16245.11085,16245.56866,-0.457808287,349.5069908,216.612378,-566.1187,2
-16897.06581,16897.52572,-0.459906361,347.2581389,225.3061932,-572.5637412,2
-17525.00911,17525.47046,-0.461350883,344.5158141,233.6798359,-578.1951379,2
-18128.04842,18128.51056,-0.462139799,341.2839135,241.7214068,-583.0048878,2
-18705.32678,18705.78905,-0.46227199,337.5670298,249.4194784,-586.9861558,2
-19256.02385,19256.48559,-0.461747267,333.3704448,256.7631112,-590.1332843,2
-19779.35705,19779.81762,-0.460566376,328.7001223,263.7418696,-592.4418011,2
-20274.5827,20275.04143,-0.458730995,323.5626988,270.3458364,-593.9084258,2
-20740.99706,20741.45331,-0.456243732,317.9654751,276.565627,-594.531074,2
-21177.93734,21178.39044,-0.453108122,311.916405,282.3924026,-594.3088611,2
-21584.7826,21585.23193,-0.44932862,305.4240846,287.8178832,-593.2421028,2
-21960.9547,21961.39961,-0.444910598,298.4977399,292.8343589,-591.332315,2
-22305.91909,22306.35895,-0.439860333,291.1472136,297.4347009,-588.5822116,2
-22619.18555,22619.61973,-0.434185003,283.3829512,301.6123719,-584.9957006,2
-22900.3089,22900.73679,-0.427892672,275.2159861,305.3614352,-580.5778788,2
-23148.88967,23149.31066,-0.420992282,266.657924,308.6765632,-575.335024,2
-23364.57459,23364.98808,-0.41349364,257.7209264,311.553045,-569.2745867,2
-23547.05718,23547.46258,-0.4054074,248.4176932,313.9867928,-562.4051791,2
-23696.0781,23696.47485,-0.396745054,238.761445,315.9743482,-554.7365629,2
-23811.42561,23811.81313,-0.387518911,228.7659036,317.5128867,-546.2796357,2
-23892.93578,23893.31352,-0.377742083,218.4452734,318.6002221,-537.0464152,2
-23940.49277,23940.8602,-0.367428463,207.8142205,319.2348091,-527.0500224,2
-23954.02902,23954.38561,-0.356592707,196.8878522,319.415746,-516.3046627,2
-23933.52528,23933.87053,-0.345250213,185.6816955,319.1427756,-504.8256058,2
-23879.01069,23879.34411,-0.3334171,174.211675,318.4162859,-492.6291641,2
-23790.56272,23790.88383,-0.321110183,162.4940901,317.2373093,-479.7326694,2
-23668.30706,23668.61541,-0.30834695,150.5455923,315.607521,-466.1544483,2
-23512.41744,23512.71259,-0.29514554,138.3831609,313.5292372,-451.9137963,2
-23323.11539,23323.39692,-0.281524712,126.0240795,311.0054112,-437.03095,2
-23100.66992,23100.93742,-0.267503821,113.4859109,308.0396295,-421.5270588,2
-22845.39713,22845.65023,-0.253102794,100.7864727,304.6361066,-405.4241546,2
-22557.65978,22557.89812,-0.238342093,87.94381139,300.7996791,-388.7451205,2
-22237.86676,22238.09,-0.223242695,74.9761771,296.5357988,-371.5136583,2
-21886.47252,21886.68034,-0.207826057,61.90199756,291.850525,-353.7542549,2
-21503.9764,21504.16851,-0.192114087,48.7398519,286.7505155,-335.4921473,2
-21090.92195,21091.09808,-0.176129112,35.50844424,281.2430179,-316.753287,2
-20647.89615,20648.05604,-0.159893848,22.22657714,275.3358586,-297.564303,2
-20175.52856,20175.67199,-0.143431366,8.913124852,269.037432,-277.9524638,2
-19674.49044,19674.6172,-0.12676506,-4.412993472,262.3566884,-257.9456389,2
-19145.49379,19145.60371,-0.109918615,-17.73284069,255.3031217,-237.5722592,2
-18589.29035,18589.38326,-0.092915969,-31.02748857,247.8867552,-216.8612763,2
-18006.6705,18006.74629,-0.075781284,-44.27804469,240.1181281,-195.8421217,2
-17398.4622,17398.52074,-0.05853891,-57.46567929,232.00828,-174.5446647,2
-16765.52973,16765.57094,-0.041213349,-70.57165201,223.5687354,-152.9991701,2
-16108.77252,16108.79635,-0.023829221,-83.57733856,214.8114874,-131.2362554,2
-15429.12386,15429.13027,-0.006411231,-96.46425713,205.7489805,-109.2868468,2
-14727.54958,14727.53856,0.01101587,-109.2140947,196.3940931,-87.18213559,2
-14005.04664,14005.01821,0.028427317,-121.8087331,186.760119,-64.95353379,2
-13262.64177,13262.59597,0.045798367,-134.2302746,176.8607484,-42.63262947,2
-12501.38995,12501.32685,0.063104335,-146.4610675,166.7100491,-20.25114185,2
-11722.37298,11722.29266,0.080320628,-158.4837313,156.3224457,2.159123756,2
-10926.69787,10926.60045,0.097422781,-170.281181,145.7126995,24.56632113,2
-10115.49533,10115.38094,0.114386491,-181.8366518,134.8958876,46.93860841,2
-9289.91811,9289.786922,0.131187652,-193.1337228,123.8873813,69.24419336,2
-8451.139412,8450.99161,0.147802388,-204.1563402,112.7028242,91.45137853,2
-7600.351183,7600.186976,0.164207089,-214.8888403,101.3581103,113.5286063,2
-6738.762439,6738.582061,0.180378442,-225.3159715,89.8693609,135.4445037,2
-5867.597545,5867.401251,0.196293468,-235.4229165,78.25290224,157.167927,2
-4988.094473,4987.882544,0.21192955,-245.1953126,66.52524193,178.6680061,2
-4101.503047,4101.275782,0.227264468,-254.6192727,54.70304561,199.9141882,2
-3209.08316,3208.840883,0.242276431,-263.6814049,42.80311327,220.8762813,2
-2312.10299,2311.846046,0.256944106,-272.3688314,30.84235536,241.5244971,2
-1411.837196,1411.565949,0.27124665,-280.6692069,18.83776877,261.8294934,2
-509.5651033,509.2799395,0.285163737,-288.5707361,6.806412691,281.7624157,2
393.4311091,-393.7297847,0.298675591,-296.0621905,-5.234615677,301.2949381,2
1295.868234,-1296.179997,0.31176301,-303.1329244,-17.26820537,320.399304,2
2196.46386,-2196.788267,0.324407398,-309.7728897,-29.277256,339.0483649,2
3093.93819,-3094.274781,0.336590784,-315.9726508,-41.24470204,357.2156195,2
3987.015865,-3987.364161,0.348295857,-321.7233975,-53.15353711,374.8752512,2
4874.427772,-4874.787278,0.359505982,-327.0169577,-64.98683809,392.0021647,2
5754.91285,-5755.283055,0.370205229,-331.8458088,-76.72778922,408.5720216,2
6627.219883,-6627.600261,0.380378395,-336.2030889,-88.35970596,424.5612753,2
7490.109273,-7490.499284,0.390011022,-340.0826061,-99.86605873,439.9472042,2
8342.354808,-8342.753897,0.399089422,-343.4788472,-111.2304964,454.7079441,2
9182.745401,-9183.153001,0.407600695,-346.3869861,-122.4368694,468.8225191,2
10010.08681,-10010.50234,0.415532744,-348.8028901,-133.4692529,482.2708716,2
10823.20334,-10823.62621,0.422874298,-350.7231261,-144.3119693,495.0338909,2
11620.9395,-11621.36912,0.429614925,-352.1449654,-154.9496105,507.0934399,2
12402.16167,-12402.59742,0.435745046,-353.0663874,-165.3670598,518.4323813,2
13165.7597,-13166.20095,0.441255949,-353.4860828,-175.5495135,529.034602,2
13910.64845,-13911.09459,0.446139804,-353.4034551,-185.4825017,538.8850356,2
14635.76942,-14636.21981,0.450389669,-352.8186217,-195.1519092,547.969684,2
15340.09215,-15340.54615,0.453999506,-351.7324138,-204.5439951,556.2756376,2
16022.61578,-16023.07274,0.456964184,-350.1463749,-213.6454127,563.791093,2
16682.37039,-16682.82967,0.459279492,-348.0627588,-222.4432286,570.5053704,2
17318.41844,-17318.87938,0.460942138,-345.4845265,-230.9249405,576.4089285,2
17929.85607,-17930.31802,0.461949761,-342.4153417,-239.0784954,581.493378,2
18515.81439,-18516.27669,0.462300927,-338.8595661,-246.8923066,585.7514935,2
19075.46073,-19075.92273,0.461995139,-334.8222524,-254.3552704,589.1772241,2
19607.9998,-19608.46083,0.46103283,-330.309138,-261.4567814,591.7657017,2
20112.67482,-20113.13423,0.459415368,-325.3266363,-268.1867481,593.5132478,2
20588.76863,-20589.22578,0.457145052,-319.8818276,-274.5356067,594.4173791,2
21035.60468,-21036.0589,0.454225108,-313.9824493,-280.4943351,594.4768108,2
21452.54798,-21452.99864,0.450659685,-307.6368848,-286.0544658,593.6914584,2
21839.00603,-21839.45249,0.44645385,-300.8541514,-291.2080974,592.0624379,2
22194.42967,-22194.87128,0.441613579,-293.6438878,-295.9479064,589.5920644,2
22518.3138,-22518.74995,0.436145752,-286.0163402,-300.2671573,586.2838482,2
22810.19818,-22810.62824,0.430058137,-277.9823477,-304.159712,582.1424906,2
23069.66802,-23070.09138,0.423359387,-269.5533271,-307.6200392,577.1738767,2
23296.3546,-23296.77065,0.416059019,-260.7412565,-310.6432214,571.3850672,2
23489.93578,-23490.34395,0.408167409,-251.5586582,-313.2249627,564.7842881,2
23650.13648,-23650.53617,0.399695771,-242.0185814,-315.3615941,557.3809197,2
23776.72904,-23777.11969,0.390656143,-232.1345829,-317.0500794,549.1854826,2
23869.53357,-23869.91463,0.381061372,-221.9207084,-318.2880193,540.2096227,2
23928.41818,-23928.78911,0.370925091,-211.3914725,-319.0736544,530.4660955,2
23953.2992,-23953.65947,0.360261705,-200.5618378,-319.4058684,519.9687469,2
23944.14128,-23944.49036,0.349086368,-189.4471936,-319.2841892,508.7324943,2
23900.95742,-23901.29483,0.33741496,-178.0633347,-318.7087897,496.773305,2
23823.80899,-23824.13425,0.325264067,-166.426438,-317.6804876,484.1081736,2
23712.80562,-23713.11827,0.312650956,-154.5530403,-316.2007441,470.755098,2
23568.10506,-23568.40466,0.299593551,-142.4600142,-314.2716621,456.7330536,2
23389.91294,-23390.19905,0.286110407,-130.1645446,-311.8959828,442.0619666,2
23178.48246,-23178.75469,0.272220684,-117.6841041,-309.0770823,426.7626854,2
22934.1141,-22934.37204,0.257944121,-105.0364281,-305.8189663,410.856951,2
22657.1551,-22657.39841,0.243301005,-92.23948953,-302.1262648,394.3673664,2
22347.99905,-22348.22736,0.228312146,-79.3114736,-298.0042254,377.3173642,2
22007.08527,-22007.29827,0.212998842,-66.27075174,-293.4587057,359.7311734,2
21634.89822,-21635.0956,0.197382855,-53.13585551,-288.4961651,341.6337849,2
21231.96679,-21232.14827,0.181486376,-39.92545032,-283.1236556,323.0509161,2
20798.86357,-20799.0289,0.165331995,-26.65830888,-277.348812,304.0089742,2
20336.20403,-20336.35297,0.148942669,-13.35328452,-271.1798405,284.535019,2
19844.64563,-19844.77798,0.132341686,-0.029284423,-264.6255076,264.656724,2
19324.88691,-19325.00246,0.115552639,13.29475729,-257.6951274,244.4023373,2
18777.66646,-18777.76506,0.098599386,26.59990643,-250.3985483,223.8006414,2
18203.76193,-18203.84343,0.081506017,39.86725565,-242.7461392,202.8809126,2
17603.98885,-17604.05314,0.064296823,53.07795132,-234.7487745,181.672879,2
16979.19954,-16979.24653,0.046996261,66.21322031,-226.417819,160.2066782,2
16330.28185,-16330.31148,0.029628914,79.25439669,-217.7651114,138.512815,2
15658.15795,-15658.17016,0.012219463,92.18294824,-208.8029476,116.6221175,2
14963.78294,-14963.77773,-0.005207353,104.9805028,-199.5440634,94.56569354,2
14248.14358,-14248.12095,-0.022626769,117.6288743,-190.0016162,72.3748866,2
13512.25683,-13512.21681,-0.040014031,130.1100887,-180.1891663,50.08123098,2
12757.16842,-12757.11107,-0.05734443,142.4064096,-170.1206577,27.71640718,2
11983.95138,-11983.87678,-0.074593341,154.5003631,-159.8103984,5.312196861,2
11193.70448,-11193.61275,-0.09173625,166.3747632,-149.2730397,-17.09956238,2
10387.55072,-10387.44197,-0.108748796,178.0127357,-138.5235559,-39.48702222,2
9566.635684,-9566.510077,-0.125606805,189.3977423,-127.5772225,-61.81836883,2
8732.125933,-8731.983647,-0.14228632,200.5136044,-116.4495949,-84.06186815,2
7885.207354,-7885.04859,-0.158763638,211.3445257,-105.1564861,-106.185911,2
7027.083463,-7026.908448,-0.175015344,221.8751148,-93.71394413,-128.1590578,2
6158.973702,-6158.782684,-0.191018344,232.0904072,-82.13822954,-149.9500836,2
5282.111703,-5281.904953,-0.206749896,241.9758865,-70.44579202,-171.5280221,2
4397.743534,-4397.521346,-0.222187645,251.5175048,-58.65324718,-192.8622099,2
3507.12593,-3506.888621,-0.237309654,260.701703,-46.77735287,-213.92233,2
2611.524509,-2611.272415,-0.252094432,269.5154298,-34.83498538,-234.6784547,2
1712.211969,-1711.945448,-0.266520971,277.9461604,-22.84311547,-255.1010885,2
810.4662813,-810.1857125,-0.280568769,285.9819143,-10.81878424,-275.1612097,2
-92.43112301,92.72534087,-0.294217863,293.6112723,1.220921072,-294.8303117,2
-995.1971776,995.5046265,-0.307448857,300.8233925,13.25889139,-314.0804438,2
-1896.549003,1896.869246,-0.32024295,307.6080263,25.2780201,-332.8842503,2
-2795.205728,2795.53831,-0.33258196,313.9555322,37.26122735,-351.2150101,2
-3689.890312,3690.234761,-0.344448353,319.8568902,49.19148437,-369.0466742,2
-4579.331361,4579.687186,-0.355825266,325.303714,61.05183759,-386.3539028,2
-5462.264929,5462.631626,-0.366696532,330.2882634,72.82543281,-403.1121013,2
-6337.43632,6337.813367,-0.377046701,334.8034551,84.49553911,-419.2974554,2
-7203.601868,7203.988729,-0.386861067,338.8428728,96.04557262,-434.886965,2
-8059.530702,8059.926828,-0.396125682,342.4007763,107.4591201,-449.8584763,2
-8904.006503,8904.41133,-0.404827381,345.4721095,118.7199623,-464.1907142,2
-9735.829223,9736.242177,-0.412953798,348.0525079,129.812097,-477.8633116,2
-10553.8168,10554.23729,-0.420493385,350.1383047,140.7197615,-490.8568391,2
-11356.80682,11357.23426,-0.427435428,351.7265357,151.4274556,-503.1528323,2
-12143.6582,12144.09197,-0.433770062,352.8149442,161.919963,-514.7338176,2
-12913.25278,12913.69226,-0.439488285,353.4019832,172.1823732,-525.5833381,2
-13664.49691,13664.94149,-0.444581971,353.4868188,182.2001029,-535.6859759,2
-14396.32305,14396.7721,-0.449043882,353.0693302,191.9589162,-545.0273746,2
-15107.69123,15108.1441,-0.452867676,352.1501108,201.4449455,-553.5942596,2
-15797.59055,15798.0466,-0.456047921,350.7304668,210.6447104,-561.3744569,2
-16465.04063,16465.49921,-0.458580097,348.8124156,219.5451377,-568.3569103,2
-17109.09299,17109.55345,-0.460460606,346.3986829,228.1335793,-574.5316975,2
-17728.83239,17729.29407,-0.461686775,343.4926987,236.3978306,-579.8900436,2
-18323.37814,18323.8404,-0.462256861,340.0985925,244.3261477,-584.4243343,2
-18891.88538,18892.34755,-0.462170055,336.2211877,251.9072639,-588.1281261,2
-19433.54621,19434.00764,-0.461426481,331.8659942,259.1304062,-590.9961556,2
-19947.59091,19948.05094,-0.460027194,327.0392009,265.9853099,-593.0243472,2
-20433.28899,20433.74697,-0.457974183,321.747667,272.462234,-594.2098188,2
-20889.95025,20890.40552,-0.455270366,315.9989121,278.5519744,-594.5508857,2
-21316.92575,21317.37767,-0.451919585,309.8011055,284.2458771,-594.0470632,2
-21713.60873,21714.05666,-0.447926601,303.1630545,289.5358509,-592.6990674,2
-22079.43548,22079.87878,-0.443297089,296.0941922,294.4143784,-590.5088138,2
-22413.88615,22414.32419,-0.438037628,288.6045639,298.8745269,-587.4794148,2
-22716.48546,22716.91762,-0.432155691,280.7048127,302.9099584,-583.6151754,2
-22986.8034,22987.22906,-0.425659638,272.4061646,306.5149383,-578.921587,2
-23224.45584,23224.87439,-0.418558699,263.7204125,309.6843437,-573.4053193,2
-23429.10505,23429.51591,-0.410862964,254.6598992,312.4136707,-567.0742112,2
-23600.46022,23600.8628,-0.402583372,245.2375002,314.6990407,-559.9372597,2
-23738.27785,23738.67158,-0.393731686,235.4666054,316.5372062,-552.0046067,2
-23842.36208,23842.7464,-0.384320486,225.3610996,317.9255551,-543.2875249,2
-23912.56501,23912.93938,-0.374363145,214.9353434,318.8621143,-533.7984018,2
-23948.78688,23949.15076,-0.363873814,204.2041522,319.345553,-523.550722,2
-23950.97622,23951.32909,-0.352867399,193.1827758,319.3751841,-512.559048,2
-23919.1299,23919.47126,-0.341359539,181.8868761,318.9509657,-500.8389995,2
-23853.2932,23853.62256,-0.329366589,170.3325053,318.0735005,-488.4072314,2
-23753.55966,23753.87656,-0.316905591,158.5360825,316.7440355,-475.2814099,2
-23620.07101,23620.375,-0.303994253,146.5143714,314.9644598,-461.4801875,2
-23453.01694,23453.30759,-0.290650922,134.2844553,312.7373024,-447.0231765,2
-23252.63486,23252.91175,-0.27689456,121.8637137,310.0657282,-431.9309211,2
-23019.20951,23019.47225,-0.262744717,109.269797,306.9535336,-416.2248683,2
-22753.0726,22753.32082,-0.248221498,96.52060198,303.4051413,-399.9273371,2
-22454.60234,22454.83568,-0.233345543,83.63424591,299.4255936,-383.0614873,2
-22124.22285,22124.44099,-0.218137992,70.62904099,295.0205458,-365.6512861,2
-21762.40363,21762.60625,-0.202620454,57.52346835,290.1962577,-347.7214745,2
-21369.65885,21369.84566,-0.186814982,44.3361517,284.9595848,-329.2975316,2
-20946.54661,20946.71736,-0.170744035,31.08583097,279.3179687,-310.405639,2
-20493.66818,20493.82261,-0.154430451,17.79133556,273.2794265,-291.0726429,2
-20011.66713,20011.80503,-0.137897414,4.471557692,266.8525393,-271.3260167,2
-19501.22841,19501.34958,-0.121168417,-8.854574503,260.0464401,-251.1938213,2
-18963.07737,18963.18164,-0.104267233,-22.16812386,252.8708006,-230.7046658,2
-18397.97876,18398.06598,-0.087217879,-35.45017111,245.3358179,-209.8876663,2
-17806.73562,17806.80566,-0.070044584,-48.68184172,237.4521995,-188.772405,2
-17190.18813,17190.2409,-0.052771752,-61.84433277,229.2311486,-167.3888878,2
-16549.21245,16549.24787,-0.035423928,-74.91893964,220.6843477,-145.7675018,2
-15884.71942,15884.73745,-0.018025765,-87.88708259,211.8239422,-123.9389721,2
-15197.65334,15197.65395,-0.000601986,-100.7303332,202.6625234,-101.9343185,2
-14488.99057,14488.97375,0.016822648,-113.4304405,193.2131099,-79.78481057,2
-13759.73815,13759.70392,0.034223376,-125.9693569,183.4891301,-57.52192407,2
-13010.93238,13010.88081,0.051575471,-138.329264,173.5044022,-35.17729578,2
-12243.63737,12243.56852,0.068854274,-150.4925976,163.2731151,-12.78267862,2
-11458.94348,11458.85744,0.086035232,-162.442073,152.8098079,9.630103422,2
-10657.9658,10657.86271,0.103093929,-174.1607093,142.1293496,32.02920056,2
-9841.842575,9841.722569,0.120006124,-185.6318538,131.2469178,54.38278245,2
-9011.73355,9011.596803,0.136747783,-196.8392052,120.1779769,76.65908344,2
-8168.818359,8168.665064,0.153295116,-207.7668373,108.9382565,98.82644767,2
-7314.294829,7314.125205,0.169624609,-218.3992214,97.54372885,120.8533741,2
-6449.377286,6449.191573,0.185713056,-228.7212482,86.01058625,142.7085613,2
-5575.294826,5575.093288,0.201537594,-238.7182497,74.35521791,164.3609518,2
-4693.289566,4693.07249,0.217075737,-248.3760194,62.59418673,185.7797764,2
-3804.614885,3804.38258,0.232305403,-257.6808332,50.74420579,206.9345978,2
-2910.533638,2910.286433,0.24720495,-266.6194685,38.82211455,227.7953538,2
-2012.316363,2012.05461,0.261753206,-275.1792229,26.84485497,248.3324001,2
-1111.239477,1110.963548,0.275929495,-283.3479326,14.82944738,268.5165525,2
-208.583459,208.2937453,0.289713674,-291.1139893,2.79296633,288.3191282,2
694.3689678,-694.672054,0.303086154,-298.4663572,-9.247483675,307.7119866,2
1596.334658,-1596.650686,0.316027932,-305.394588,-21.2747925,326.6675695,2
2496.03187,-2496.360391,0.328520617,-311.8888364,-33.27186868,345.1589398,2
3392.182084,-3392.52263,0.340546457,-317.9398737,-45.22166372,363.1598204,2
4283.511821,-4283.863909,0.352088361,-323.539101,-57.10719629,380.6446311,2
5168.754454,-5169.117584,0.363129928,-328.6785616,-68.91157642,397.5885249,2
6046.652004,-6047.025659,0.373655468,-333.350952,-80.61802942,413.9674236,2
6915.95693,-6916.34058,0.383650023,-337.5496324,-92.2099198,429.758052,2
7775.433903,-7775.827003,0.39309939,-341.2686363,-103.6707748,444.9379707,2
8623.861559,-8624.263549,0.401990141,-344.5026788,-114.984308,459.4856082,2
9460.034236,-9460.444546,0.410309643,-347.2471642,-126.1344422,473.3802915,2
2563.708123,-22774.47396,20210.76584,-450.9513054,-51.35892587,404.1393826,2
3091.345926,-23349.9513,20258.60538,-444.4882959,-61.91094754,405.0982557,2
3614.590757,-23892.24709,20277.65633,-437.3936443,-72.37499037,405.481462,2
4132.699057,-24400.59069,20267.89163,-429.6774324,-82.73618438,405.2884569,2
4644.934565,-24874.25971,20229.32514,-421.3506254,-92.97980574,404.5195148,2
5150.569367,-25312.58105,20162.01168,-412.4250561,-103.0912977,403.1757283,2
5648.884928,-25714.93182,20066.04689,-402.9134081,-113.0562913,401.259007,2
6139.173114,-26080.74027,19941.56716,-392.8291982,-122.8606257,398.7720748,2
6620.7372,-26409.48656,19788.74936,-382.1867565,-132.4903685,395.7184655,2
7092.892856,-26700.70353,19607.81067,-371.0012065,-141.9318351,392.1025187,2
7554.969123,-26953.97733,19399.00821,-359.2884435,-151.1716089,387.9293728,2
8006.309365,-27168.94806,19162.63869,-347.065112,-160.1965596,383.204958,2
8446.272204,-27345.31022,18899.03802,-334.3485819,-168.9938621,377.935988,2
8874.232428,-27482.81321,18608.58078,-321.1569242,-177.5510152,372.1299502,2
9289.581882,-27581.26161,18291.67973,-307.508885,-185.8558585,365.7950955,2
9691.730331,-27640.51553,17948.7852,-293.4238588,-193.8965905,358.9404259,2
10080.1063,-27660.49077,17580.38446,-278.9218612,-201.6617849,351.5756823,2
10454.15789,-27641.15893,17187.00104,-264.0235004,-209.1404068,343.7113304,2
10813.35355,-27582.54749,16769.19395,-248.7499478,-216.3218287,335.3585459,2
11157.18284,-27484.73975,16327.55691,-233.1229079,-223.1958455,326.5291986,2
11485.15716,-27347.87469,15862.71753,-217.1645875,-229.7526888,317.2358354,2
11796.81045,-27172.1468,15375.33635,-200.8976644,-235.9830409,307.4916627,2
12091.69982,-26957.8058,14866.10598,-184.3452548,-241.8780482,297.3105276,2
12369.40623,-26705.15629,14335.75006,-167.5308804,-247.4293336,286.7068979,2
12629.53503,-26414.55728,13785.02225,-150.4784355,-252.6290083,275.695842,2
12871.71657,-26086.42175,13214.70518,-133.2121525,-257.4696834,264.2930073,2
13095.6067,-25721.21598,12625.60928,-115.7565678,-261.94448,252.5145977,2
13300.88726,-25319.45896,12018.5717,-98.13648658,-266.0470392,240.3773511,2
13487.26652,-24881.7216,11394.45508,-80.37694809,-269.771531,227.8985151,2
13654.47965,-24408.62596,10754.14631,-62.50318956,-273.1126626,215.0958228,2
13802.28901,-23900.84432,10098.55531,-44.54061058,-276.0656862,201.9874676,2
13930.48456,-23359.09827,9428.613709,-26.51473695,-278.6264054,188.5920772,2
14038.88413,-22784.15766,8745.273534,-8.451184426,-280.7911812,174.9286871,2
14127.33368,-22176.83953,8049.505846,9.62437769,-282.5569374,161.0167138,2
14195.70751,-21538.00688,7342.29937,27.68626304,-283.9211647,146.8759269,2
14243.90847,-20868.56756,6624.659084,45.70880469,-284.8819244,132.5264213,2
14271.86806,-20169.47285,5897.604796,63.66639163,-285.4378514,117.9885883,2
14279.54654,-19441.71622,5162.169689,81.53350515,-285.5881556,103.2830872,2
14266.933,-18686.33185,4419.398856,99.28475509,-285.3326234,88.43081511,2
14234.04537,-17904.39318,3670.347815,116.894916,-284.6716179,73.452878,2
14180.93038,-17097.01139,2916.081009,134.3389628,-283.6060785,58.37056034,2
14107.66351,-16265.33381,2157.670293,151.5921066,-282.1375193,43.20529491,2
14014.34889,-15410.54229,1396.193409,168.6298297,-280.2680272,27.9786324,2
13901.1191,-14533.85156,632.7324576,185.4279205,-278.000259,12.71221072,2
13768.13507,-13636.50743,-131.627641,201.9625082,-275.3374372,-2.572275707,2
13615.58576,-12719.78507,-895.8006896,218.2100961,-272.2833458,-17.85310679,2
13443.68796,-11784.9872,-1658.700756,234.1475955,-268.8423248,-33.10856763,2
13252.68594,-10833.44222,-2419.243719,249.7523584,-265.0192643,-48.31697939,2
13042.85113,-9866.502327,-3176.348803,265.0022095,-260.8195968,-63.45673007,2
12814.48172,-8885.541594,-3928.940122,279.8754779,-256.2492904,-78.50630527,2
12567.90222,-7891.95402,-4675.948202,294.351028,-251.3148398,-93.44431871,2
12303.46305,-6887.151548,-5416.311504,308.4082892,-246.023257,-108.2495427,2
12021.53999,-5872.562056,-6148.977931,322.0272853,-240.3820617,-122.9009381,2
11722.53366,-4849.627332,-6872.906324,335.188663,-234.3992704,-137.3776846,2
11406.86896,-3819.801022,-7587.067941,347.8737193,-228.0833848,-151.6592098,2
11074.99449,-2784.546567,-8290.447919,360.064428,-221.4433803,-165.725219,2
10727.38183,-1745.335118,-8982.046717,371.7434654,-214.4886927,-179.5557237,2
10364.52499,-703.6434521,-9660.881535,382.8942351,-207.2292048,-193.1310698,2
9986.939583,339.0481293,-10325.98771,393.5008911,-199.675233,-206.4319661,2
9595.16219,1381.257905,-10976.4201,403.5483607,-191.8375116,-219.4395113,2
9189.749548,2421.504837,-11611.25438,413.0223661,-183.7271787,-232.1352209,2
8771.277768,3458.310679,-12229.58845,421.9094441,-175.3557595,-244.5010537,2
8340.341522,4490.202072,-12830.54359,430.1969657,-166.73515,-256.5194371,2
7897.553195,5515.712642,-13413.26584,437.8731539,-157.8776009,-268.1732923,2
7443.542013,6533.385082,-13976.9271,444.9271003,-148.795699,-279.4460586,2
6978.95315,7541.773225,-14520.72638,451.348781,-139.5023502,-290.3217168,2
6504.446813,8539.444095,-15043.89091,457.1290704,-130.010761,-300.7848119,2
6020.697301,9524.979949,-15545.67725,462.2597543,-120.3344194,-310.8204754,2
5528.392049,10496.98028,-16025.37233,466.7335419,-110.487076,-320.4144459,2
5028.230649,11454.06384,-16482.29449,470.5440755,-100.4827244,-329.55309,2
4520.923858,12394.87054,-16915.79439,473.6859403,-90.33558142,-338.2234211,2
4007.192588,13318.06345,-17325.25604,476.1546714,-80.06006658,-346.4131183,2
3487.766877,14222.33066,-17710.09754,477.9467607,-69.67078201,-354.1105434,2
2963.384858,15106.38717,-18069.77202,479.0596615,-59.18249145,-361.3047581,2
2434.791708,15968.97667,-18403.76838,479.4917923,-48.61009933,-367.9855389,2
1902.738585,16808.87338,-18711.61196,479.242539,-37.9686296,-374.1433922,2
1367.981567,17624.88376,-18992.86533,478.3122559,-27.27320436,-379.7695672,2
831.2805717,18415.84822,-19247.12879,476.7022648,-16.53902242,-384.8560689,2
293.3982815,19180.64275,-19474.04103,474.4148538,-5.781337612,-389.395669,2
-244.9009437,19918.18054,-19673.2796,471.4532733,4.984562789,-393.3819167,2
-782.8521513,20627.4135,-19844.56135,467.8217319,15.74337985,-396.809147,2
-1319.690883,21307.33378,-19987.6429,463.5253902,26.47982472,-399.6724899,2
-1854.654262,21956.97518,-20102.32091,458.5703536,37.1786403,-401.9678763,2
-2386.982076,22575.41451,-20188.43243,452.9636634,47.82462299,-403.6920443,2
-2915.917857,23161.77294,-20245.85508,446.713287,58.40264429,-404.8425439,2
-3440.70996,23715.21722,-20274.50726,439.8281067,68.89767223,-405.41774,2
-3960.612626,24234.96088,-20274.34826,432.3179065,79.2947928,-405.4168154,2
-4474.887044,24720.26534,-20245.3783,424.1933589,89.57923114,-404.8397712,2
-4982.802403,25170.44095,-20187.63854,415.4660093,99.73637249,-403.6874276,2
-5483.636927,25584.84798,-20101.21105,406.1482599,109.751783,-401.9614221,2
-5976.678903,25962.89754,-19986.21864,396.2533515,119.6112302,-399.6642074,2
-6461.227691,26304.05241,-19842.82472,385.7953454,129.3007033,-396.799048,2
-6936.594721,26607.82778,-19671.23306,374.789103,138.8064331,-393.3700155,2
-7402.104471,26873.79197,-19471.6875,363.2502648,148.1149113,-389.3819826,2
-7857.095425,27101.56703,-19244.4716,351.1952281,157.2129101,-384.8406166,2
-8300.921016,27290.82928,-18989.90826,338.6411238,166.0875007,-379.7523711,2
-8732.950545,27441.30977,-18708.35922,325.6057919,174.726072,-374.1244766,2
-9152.570072,27552.79465,-18400.22458,312.1077563,183.1163479,-367.9649308,2
-9559.183297,27625.12551,-18065.94221,298.1661985,191.2464055,-361.2824867,2
-9952.2124,27658.19955,-17705.98715,283.8009303,199.1046914,-354.0866404,2
-10331.09886,27651.96978,-17320.87092,269.0323654,206.6800387,-346.3876176,2
-10695.30427,27606.44505,-16911.14077,253.8814908,213.9616824,-338.1963591,2
-11044.31107,27521.69004,-16477.37898,238.3698367,220.9392748,-329.524505,2
-11377.62329,27397.82521,-16020.20192,222.5194461,227.6029004,-320.3843786,2
-11694.76729,27235.02657,-15540.25928,206.3528431,233.9430898,-310.7889684,2
-11995.29238,27033.52547,-15038.23308,189.8930014,239.9508333,-300.7519101,2
-12278.77151,26793.60825,-14514.83673,173.1633114,245.6175936,-290.2874669,2
-12544.80183,26515.61584,-13970.81401,156.1875468,250.9353178,-279.4105094,2
-12793.00531,26199.94329,-13406.93799,138.9898312,255.8964491,-268.1364941,2
-13023.02922,25847.03919,-12824.00998,121.5946035,260.4939377,-256.4814423,2
-13234.54669,25457.40504,-12222.85835,104.0265831,264.72125,-244.4619163,2
-13427.25715,25031.59451,-11604.33736,86.31073534,268.572379,-232.0949965,2
-13600.88674,24570.21273,-10969.32598,68.47223525,272.041852,-219.3982571,2
-13755.18873,24073.91532,-10318.72659,50.53643237,275.1247386,-206.3897407,2
-13889.94384,23543.40757,-9653.463725,32.52881446,277.8166579,-193.0879332,2
-14004.96058,22979.44334,-8974.482757,14.47497132,280.1137845,-179.5117372,2
-14100.07551,22382.82407,-8282.748559,-3.599441546,282.0128541,-165.6804452,2
-14175.15346,21754.39758,-7579.244121,-21.66873941,283.511168,-151.6137122,2
-14230.08774,21095.0569,-6864.969163,-39.70724481,284.606597,-137.3315278,2
-14264.80028,20405.73899,-6140.938708,-57.68932404,285.2975845,-122.8541878,2
-14279.24177,19687.42341,-5408.181643,-75.58942358,285.5831485,-108.2022653,2
-14273.39167,18941.13092,-4667.739257,-93.38210642,285.4628832,-93.39658148,2
-14247.2583,18167.92205,-3920.663757,-111.0420882,284.9369595,-78.45817597,2
-14200.87879,17368.89557,-3168.016779,-128.544273,284.0061248,-63.4082771,2
-14134.31906,16545.18694,-2410.867876,-145.8637895,282.6717019,-48.26827161,2
-14047.67369,15697.96669,-1650.292999,-162.9760255,280.935587,-33.05967425,2
-13941.06581,14828.43877,-887.372964,-179.8566636,278.8002473,-17.80409729,2
-13814.6469,13937.83883,-123.1919239,-196.4817156,276.2687172,-2.523219739,2
-13668.59663,13027.43246,641.1641786,-212.8275563,273.3445941,12.76124345,2
-13503.12254,12098.51339,1404.609152,-228.8709574,270.0320334,28.02757221,2
-13318.45977,11152.40167,2166.058099,-244.5891204,266.3357424,43.25407226,2
-13114.87074,10190.44178,2924.428958,-259.9597088,262.2609737,58.41910591,2
-12892.64476,9214.000715,3678.644044,-274.9608803,257.8135178,73.50112281,2
-12652.09763,8224.466051,4427.631576,-289.5713173,252.9996948,88.47869059,2
-12393.57117,7223.24397,5170.327201,-303.7702576,247.8263454,103.3305253,2
-12117.43277,6211.757264,5905.675508,-317.5375238,242.3008213,118.0355217,2
-11824.07484,5191.443311,6632.631527,-330.8535518,236.4309743,132.5727832,2
-11513.91425,4163.752034,7350.162213,-343.6994188,230.2251461,146.9216514,2
-11187.39175,3130.143836,8057.247917,-356.05687,223.6921553,161.061736,2
-10844.97136,2092.087534,8752.883831,-367.908345,216.8412857,174.972943,2
-10487.13968,1051.05826,9436.081418,-379.2370021,209.6822728,188.6355039,2
-10114.40519,8.535374745,10105.86982,-390.0267427,202.2252898,202.0300035,2
-9727.297582,-1033.99964,10761.29722,-400.2622339,194.4809337,215.1374073,2
-9326.36695,-2075.065284,11401.43223,-409.9289306,186.4602096,227.9390891,2
-8912.183041,-3113.182147,12025.36519,-419.0130959,178.1745153,240.416857,2
-8485.334432,-4146.875007,12632.20944,-427.5018206,169.6356252,252.5529794,2
-8046.427698,-5174.674932,13221.10263,-435.3830418,160.8556736,264.3302102,2
-7596.08655,-6195.12136,13791.20791,-442.6455599,151.8471374,275.7318133,2
-7134.950948,-7206.764182,14341.71513,-449.2790545,142.622818,286.7415864,2
-6663.67619,-8208.165797,14871.84199,-455.2740989,133.1958238,297.343884,2
-6182.931983,-9197.90316,15380.83514,-460.6221739,123.5795511,307.5236397,2
-5693.401492,-10174.5698,15867.97129,-465.3156796,113.787665,317.2663874,2
-5195.780366,-11136.77782,16332.55818,-469.3479463,103.8340805,326.5582823,2
-4690.775751,-12083.15987,16773.93562,-472.7132438,93.73294199,335.38612,2
-4179.105288,-13012.37108,17191.47637,-475.40679,83.49860389,343.7373556,2
-3661.496087,-13923.09101,17584.5871,-477.4247571,73.14560971,351.6001217,2
-3138.6837,-14814.02546,17952.70916,-478.7642775,62.68867161,358.9632447,2
-2611.411072,-15683.90837,18295.31944,-479.4234477,52.14264948,365.8162614,2
-2080.427485,-16531.50359,18611.93107,-479.4013309,41.52252979,372.1494331,2
-1546.487498,-17355.60663,18902.09413,-478.6979585,30.84340431,377.9537601,2
-1010.349867,-18155.04642,19165.39628,-477.3143302,20.12044867,383.2209941,2
-472.7764731,-18928.68688,19401.46335,-475.2524122,9.368900766,387.9436501,2
65.4687616,-19675.42865,19609.95989,-472.5151344,-1.395960855,392.115017,2
603.6209616,-20394.21055,19790.58959,-469.1063867,-12.15883874,395.729167,2
1140.915383,-21084.01117,19943.09579,-465.0310133,-22.90443825,398.7809642,2
1676.588502,-21743.85025,20067.26175,-460.2948053,-33.6174893,401.2660718,2
2209.879096,-22372.79013,20162.91104,-454.9044932,-44.28276806,403.1809583,2
2740.029331,-22969.93706,20229.90773,-448.8677369,-54.88511858,404.5229027,2
3266.285835,-23534.44244,20268.15661,-442.193115,-65.40947434,405.2899979,2
3787.900768,-24065.5041,20277.60333,-434.8901125,-75.84087966,405.4811538,2
4304.132886,-24562.36735,20258.23447,-426.9691074,-86.16451095,405.0960988,2
4814.248597,-25024.32614,20210.07755,-418.4413557,-96.36569774,404.1353801,2
5317.522996,-25450.724,20133.201,-409.3189761,-106.4299436,402.6003629,2
5813.240905,-25840.95498,20027.71407,-399.6149317,-116.3429467,400.4932285,2
6300.697879,-26194.46455,19893.76667,-389.3430127,-126.0906201,397.8169714,2
6779.201218,-26510.75035,19731.54913,-378.5178159,-135.6591118,394.5753945,2
7248.070941,-26789.36292,19541.29198,-367.1547247,-145.0348245,390.7731045,2
7706.640758,-27029.90635,19323.26559,-355.2698864,-154.2044348,386.4155045,2
8154.259017,-27232.0388,19077.77978,-342.8801903,-163.1549122,381.5087869,2
8590.289627,-27395.47303,18805.1834,-330.0032426,-171.8735375,376.0599244,2
9014.112967,-27519.97679,18505.86383,-316.6573422,-180.3479211,370.0766602,2
9425.126758,-27605.37316,18180.24641,-302.8614544,-188.5660204,363.5674968,2
9822.746928,-27651.54079,17828.79386,-288.635184,-196.5161571,356.5416842,2
10206.40844,-27658.41407,17452.00563,-273.9987471,-204.1870336,349.0092062,2
10575.56608,-27625.98322,17050.41714,-258.972943,-211.5677491,340.9807671,2
10929.69527,-27554.29434,16624.59907,-243.5791242,-218.6478153,332.4677757,2
11268.29276,-27443.4493,16175.15654,-227.8391662,-225.4171709,323.4823294,2
11590.87739,-27293.60562,15702.72823,-211.7754362,-231.8661965,314.037197,2
11896.99075,-27104.97623,15207.98548,-195.4107617,-237.9857275,304.1458005,2
12186.19784,-26877.82918,14691.63135,-178.7683979,-243.7670677,293.8221962,2
12458.08767,-26612.48727,14154.3996,-161.8719944,-249.2020016,283.0810545,2
12712.27388,-26309.32756,13597.05369,-144.7455619,-254.2828058,271.9376391,2
12948.39525,-25968.78086,13020.38561,-127.413438,-259.0022603,260.4077855,2
13166.11624,-25591.33109,12425.21486,-109.9002527,-263.3536583,248.5078782,2
13365.12746,-25177.51465,11812.38719,-92.23089312,-267.3308164,236.2548275,2
13545.1461,-24727.91958,11182.77348,-74.43046839,-270.9280828,223.6660458,2
13705.91635,-24243.18478,10537.26843,-56.52427389,-274.1403456,210.7594225,2
13847.20974,-23723.99909,9876.789347,-38.5377553,-276.9630399,197.5532984,2
13968.82549,-23171.1003,9202.274806,-20.49647245,-279.3921546,184.0664403,2
14070.59078,-22585.27411,8514.68333,-2.426062992,-281.4242377,170.3180137,2
14152.36098,-21967.353,7814.992023,15.64779403,-283.0564016,156.327556,2
14214.01991,-21318.21509,7104.195184,33.69941469,-284.2863269,142.1149482,2
14255.47993,-20638.78283,6383.302895,51.70314663,-285.1122657,127.7003872,2
14276.68214,-19930.02172,5653.339584,69.63340557,-285.5330444,113.1043571,2
14277.5964,-19192.93897,4915.342567,87.46471163,-285.5480651,98.34759944,2
14258.22142,-18428.582,4170.36058,105.1717256,-285.1573063,83.45108448,2
14218.58472,-17638.037,3419.452283,122.7292847,-284.3613233,68.43598097,2
14158.74263,-16822.42739,2663.684756,140.1124388,-283.1612474,53.32362618,2
14078.7802,-15982.91219,1904.131988,157.2964855,-281.5587838,38.1354956,2
13978.81105,-15120.6844,1141.873344,174.2570052,-279.5562099,22.8931724,2
13858.97725,-14236.96928,377.9920354,190.9698963,-277.1563712,7.61831674,2
13719.44908,-13333.02266,-386.4264204,207.4114086,-274.3626781,-7.667364961,2
13560.42482,-12410.12908,-1150.295743,223.558178,-271.1791007,-22.94215092,2
13382.13046,-11469.60003,-1912.530433,239.387259,-267.610163,-38.18433482,2
13184.81936,-10512.77205,-2672.047312,254.8761576,-263.6609365,-53.3722567,2
12968.7719,-9541.004839,-3427.767066,270.0028632,-259.3370335,-68.48433367,2
12734.29512,-8555.679343,-4178.615775,284.74588,-254.6445983,-83.49909067,2
12481.7222,-7558.195758,-4923.526442,299.0842573,-249.5902992,-98.39519088,2
12211.41207,-6549.971564,-5661.44051,312.9976195,-244.1813187,-113.1514661,2
11923.74886,-5532.439502,-6391.30936,326.4661949,-238.4253431,-127.746947,2
11619.14135,-4507.04554,-7112.09581,339.4708441,-232.3305521,-142.1608924,2
11298.0224,-3475.24682,-7822.775582,351.9930866,-225.9056066,-156.3728195,2
10960.84835,-2438.509585,-8522.338763,364.0151276,-219.1596369,-170.3625322,2
10608.09833,-1398.307093,-9209.791234,375.5198833,-212.1022294,-184.1101504,2
10240.27362,-356.117531,-9884.156087,386.4910046,-204.743413,-197.596138,2
9857.89692,686.5780938,-10544.47501,396.9129011,-197.093645,-210.8013307,2
9461.511611,1728.298053,-11189.80966,406.7707626,-189.1637962,-223.7069632,2
9051.680977,2767.562007,-11819.24298,416.0505806,-180.9651352,-236.2946958,2
8628.987408,3802.893104,-12431.88051,424.739168,-172.5093129,-248.5466407,2
8194.031577,4832.820081,-13026.85166,432.8241777,-163.8083455,-260.4453873,2
7747.431578,5855.879357,-13603.31093,440.2941207,-154.8745974,-271.9740267,2
7289.822054,6870.617107,-14160.43916,447.1383816,-145.720764,-283.1161762,2
6821.853295,7875.591335,-14697.44463,453.3472343,-136.3598534,-293.856002,2
6344.190309,8869.373916,-15213.56423,458.9118559,-126.805168,-304.1782424,2
5857.511881,9850.552632,-15708.06451,463.8243386,-117.0702856,-314.0682289,2
5362.509609,10817.73317,-16180.24278,468.0777015,-107.1690399,-323.5119073,2
4859.886917,11769.54112,-16629.42804,471.6659004,-97.11550105,-332.4958575,2
4350.358059,12704.62391,-17054.98197,474.5838363,-86.92395581,-341.0073129,2
3834.647105,13621.65274,-17456.29984,476.8273626,-76.60888686,-349.0341783,2
3313.486907,14519.32445,-17832.81135,478.393291,-66.1849525,-356.565047,2
2787.618064,15396.3634,-18183.98146,479.2793965,-55.66696569,-363.5892172,2
2257.787862,16251.52328,-18509.31114,479.4844197,-45.06987309,-370.0967073,2
1724.74922,17083.58886,-18808.33808,479.0080693,-34.40873372,-376.0782697,2
1189.259616,17891.37772,-19080.63733,477.8510222,-23.69869767,-381.5254043,2
652.0800079,18673.74195,-19325.82196,476.0149226,-12.95498446,-386.4303704,2
113.9737588,19429.56978,-19543.54354,473.5023798,-2.192861518,-390.7861979,2
-424.2944532,20157.78712,-19733.49267,470.3169643,8.572377604,-394.5866967,2
-961.9597196,20857.35915,-19895.39943,466.4632026,19.32543491,-397.8264663,2
-1498.257989,21527.29172,-20029.03373,461.9465711,30.05102971,-400.5009027,2
-2032.427151,22166.63284,-20134.20569,456.7734883,40.73392036,-402.6062054,2
-2563.708123,22774.47396,-20210.76584,450.9513054,51.35892587,-404.1393826,2
-3091.345926,23349.9513,-20258.60538,444.4882959,61.91094754,-405.0982557,2
-3614.590757,23892.24709,-20277.65633,437.3936443,72.37499037,-405.481462,2
-4132.699057,24400.59069,-20267.89163,429.6774324,82.73618438,-405.2884569,2
-4644.934565,24874.25971,-20229.32514,421.3506254,92.97980574,-404.5195148,2
-5150.569367,25312.58105,-20162.01168,412.4250561,103.0912977,-403.1757283,2
-5648.884928,25714.93182,-20066.04689,402.9134081,113.0562913,-401.259007,2
-6139.173114,26080.74027,-19941.56716,392.8291982,122.8606257,-398.7720748,2
-6620.7372,26409.48656,-19788.74936,382.1867565,132.4903685,-395.7184655,2
-7092.892856,26700.70353,-19607.81067,371.0012065,141.9318351,-392.1025187,2
-7554.969123,26953.97733,-19399.00821,359.2884435,151.1716089,-387.9293728,2
-8006.309365,27168.94806,-19162.63869,347.065112,160.1965596,-383.204958,2
-8446.272204,27345.31022,-18899.03802,334.3485819,168.9938621,-377.935988,2
-8874.232428,27482.81321,-18608.58078,321.1569242,177.5510152,-372.1299502,2
-9289.581882,27581.26161,-18291.67973,307.508885,185.8558585,-365.7950955,2
-9691.730331,27640.51553,-17948.7852,293.4238588,193.8965905,-358.9404259,2
-10080.1063,27660.49077,-17580.38446,278.9218612,201.6617849,-351.5756823,2
-10454.15789,27641.15893,-17187.00104,264.0235004,209.1404068,-343.7113304,2
-10813.35355,27582.54749,-16769.19395,248.7499478,216.3218287,-335.3585459,2
-11157.18284,27484.73975,-16327.55691,233.1229079,223.1958455,-326.5291986,2
-11485.15716,27347.87469,-15862.71753,217.1645875,229.7526888,-317.2358354,2
-11796.81045,27172.1468,-15375.33635,200.8976644,235.9830409,-307.4916627,2
-12091.69982,26957.8058,-14866.10598,184.3452548,241.8780482,-297.3105276,2
-12369.40623,26705.15629,-14335.75006,167.5308804,247.4293336,-286.7068979,2
-12629.53503,26414.55728,-13785.02225,150.4784355,252.6290083,-275.695842,2
-12871.71657,26086.42175,-13214.70518,133.2121525,257.4696834,-264.2930073,2
-13095.6067,25721.21598,-12625.60928,115.7565678,261.94448,-252.5145977,2
-13300.88726,25319.45896,-12018.5717,98.13648658,266.0470392,-240.3773511,2
-13487.26652,24881.7216,-11394.45508,80.37694809,269.771531,-227.8985151,2
-13654.47965,24408.62596,-10754.14631,62.50318956,273.1126626,-215.0958228,2
-13802.28901,23900.84432,-10098.55531,44.54061058,276.0656862,-201.9874676,2
-13930.48456,23359.09827,-9428.613709,26.51473695,278.6264054,-188.5920772,2
-14038.88413,22784.15766,-8745.273534,8.451184426,280.7911812,-174.9286871,2
-14127.33368,22176.83953,-8049.505846,-9.62437769,282.5569374,-161.0167138,2
-14195.70751,21538.00688,-7342.29937,-27.68626304,283.9211647,-146.8759269,2
-14243.90847,20868.56756,-6624.659084,-45.70880469,284.8819244,-132.5264213,2
-14271.86806,20169.47285,-5897.604796,-63.66639163,285.4378514,-117.9885883,2
-14279.54654,19441.71622,-5162.169689,-81.53350515,285.5881556,-103.2830872,2
-14266.933,18686.33185,-4419.398856,-99.28475509,285.3326234,-88.43081511,2
-14234.04537,17904.39318,-3670.347815,-116.894916,284.6716179,-73.452878,2
-14180.93038,17097.01139,-2916.081009,-134.3389628,283.6060785,-58.37056034,2
-14107.66351,16265.33381,-2157.670293,-151.5921066,282.1375193,-43.20529491,2
-14014.34889,15410.54229,-1396.193409,-168.6298297,280.2680272,-27.9786324,2
-13901.1191,14533.85156,-632.7324576,-185.4279205,278.000259,-12.71221072,2
-13768.13507,13636.50743,131.627641,-201.9625082,275.3374372,2.572275707,2
-13615.58576,12719.78507,895.8006896,-218.2100961,272.2833458,17.85310679,2
-13443.68796,11784.9872,1658.700756,-234.1475955,268.8423248,33.10856763,2
-13252.68594,10833.44222,2419.243719,-249.7523584,265.0192643,48.31697939,2
-13042.85113,9866.502327,3176.348803,-265.0022095,260.8195968,63.45673007,2
-12814.48172,8885.541594,3928.940122,-279.8754779,256.2492904,78.50630527,2
-12567.90222,7891.95402,4675.948202,-294.351028,251.3148398,93.44431871,2
-12303.46305,6887.151548,5416.311504,-308.4082892,246.023257,108.2495427,2
-12021.53999,5872.562056,6148.977931,-322.0272853,240.3820617,122.9009381,2
-11722.53366,4849.627332,6872.906324,-335.188663,234.3992704,137.3776846,2
-11406.86896,3819.801022,7587.067941,-347.8737193,228.0833848,151.6592098,2
-11074.99449,2784.546567,8290.447919,-360.064428,221.4433803,165.725219,2
-10727.38183,1745.335118,8982.046717,-371.7434654,214.4886927,179.5557237,2
-10364.52499,703.6434521,9660.881535,-382.8942351,207.2292048,193.1310698,2
-9986.939583,-339.0481293,10325.98771,-393.5008911,199.675233,206.4319661,2
-9595.16219,-1381.257905,10976.4201,-403.5483607,191.8375116,219.4395113,2
-9189.749548,-2421.504837,11611.25438,-413.0223661,183.7271787,232.1352209,2
-8771.277768,-3458.310679,12229.58845,-421.9094441,175.3557595,244.5010537,2
-8340.341522,-4490.202072,12830.54359,-430.1969657,166.73515,256.5194371,2
-7897.553195,-5515.712642,13413.26584,-437.8731539,157.8776009,268.1732923,2
-7443.542013,-6533.385082,13976.9271,-444.9271003,148.795699,279.4460586,2
-6978.95315,-7541.773225,14520.72638,-451.348781,139.5023502,290.3217168,2
-6504.446813,-8539.444095,15043.89091,-457.1290704,130.010761,300.7848119,2
-6020.697301,-9524.979949,15545.67725,-462.2597543,120.3344194,310.8204754,2
-5528.392049,-10496.98028,16025.37233,-466.7335419,110.487076,320.4144459,2
-5028.230649,-11454.06384,16482.29449,-470.5440755,100.4827244,329.55309,2
-4520.923858,-12394.87054,16915.79439,-473.6859403,90.33558142,338.2234211,2
-4007.192588,-13318.06345,17325.25604,-476.1546714,80.06006658,346.4131183,2
-3487.766877,-14222.33066,17710.09754,-477.9467607,69.67078201,354.1105434,2
-2963.384858,-15106.38717,18069.77202,-479.0596615,59.18249145,361.3047581,2
-2434.791708,-15968.97667,18403.76838,-479.4917923,48.61009933,367.9855389,2
-1902.738585,-16808.87338,18711.61196,-479.242539,37.9686296,374.1433922,2
-1367.981567,-17624.88376,18992.86533,-478.3122559,27.27320436,379.7695672,2
-831.2805717,-18415.84822,19247.12879,-476.7022648,16.53902242,384.8560689,2
-293.3982815,-19180.64275,19474.04103,-474.4148538,5.781337612,389.395669,2
244.9009437,-19918.18054,19673.2796,-471.4532733,-4.984562789,393.3819167,2
782.8521513,-20627.4135,19844.56135,-467.8217319,-15.74337985,396.809147,2
1319.690883,-21307.33378,19987.6429,-463.5253902,-26.47982472,399.6724899,2
1854.654262,-21956.97518,20102.32091,-458.5703536,-37.1786403,401.9678763,2
2386.982076,-22575.41451,20188.43243,-452.9636634,-47.82462299,403.6920443,2
2915.917857,-23161.77294,20245.85508,-446.713287,-58.40264429,404.8425439,2
3440.70996,-23715.21722,20274.50726,-439.8281067,-68.89767223,405.41774,2
3960.612626,-24234.96088,20274.34826,-432.3179065,-79.2947928,405.4168154,2
4474.887044,-24720.26534,20245.3783,-424.1933589,-89.57923114,404.8397712,2
4982.802403,-25170.44095,20187.63854,-415.4660093,-99.73637249,403.6874276,2
5483.636927,-25584.84798,20101.21105,-406.1482599,-109.751783,401.9614221,2
5976.678903,-25962.89754,19986.21864,-396.2533515,-119.6112302,399.6642074,2
6461.227691,-26304.05241,19842.82472,-385.7953454,-129.3007033,396.799048,2
6936.594721,-26607.82778,19671.23306,-374.789103,-138.8064331,393.3700155,2
7402.104471,-26873.79197,19471.6875,-363.2502648,-148.1149113,389.3819826,2
7857.095425,-27101.56703,19244.4716,-351.1952281,-157.2129101,384.8406166,2
8300.921016,-27290.82928,18989.90826,-338.6411238,-166.0875007,379.7523711,2
8732.950545,-27441.30977,18708.35922,-325.6057919,-174.726072,374.1244766,2
9152.570072,-27552.79465,18400.22458,-312.1077563,-183.1163479,367.9649308,2
9559.183297,-27625.12551,18065.94221,-298.1661985,-191.2464055,361.2824867,2
9952.2124,-27658.19955,17705.98715,-283.8009303,-199.1046914,354.0866404,2
10331.09886,-27651.96978,17320.87092,-269.0323654,-206.6800387,346.3876176,2
10695.30427,-27606.44505,16911.14077,-253.8814908,-213.9616824,338.1963591,2
11044.31107,-27521.69004,16477.37898,-238.3698367,-220.9392748,329.524505,2
11377.62329,-27397.82521,16020.20192,-222.5194461,-227.6029004,320.3843786,2
11694.76729,-27235.02657,15540.25928,-206.3528431,-233.9430898,310.7889684,2
11995.29238,-27033.52547,15038.23308,-189.8930014,-239.9508333,300.7519101,2
12278.77151,-26793.60825,14514.83673,-173.1633114,-245.6175936,290.2874669,2
12544.80183,-26515.61584,13970.81401,-156.1875468,-250.9353178,279.4105094,2
12793.00531,-26199.94329,13406.93799,-138.9898312,-255.8964491,268.1364941,2
13023.02922,-25847.03919,12824.00998,-121.5946035,-260.4939377,256.4814423,2
13234.54669,-25457.40504,12222.85835,-104.0265831,-264.72125,244.4619163,2
13427.25715,-25031.59451,11604.33736,-86.31073534,-268.572379,232.0949965,2
13600.88674,-24570.21273,10969.32598,-68.47223525,-272.041852,219.3982571,2
13755.18873,-24073.91532,10318.72659,-50.53643237,-275.1247386,206.3897407,2
13889.94384,-23543.40757,9653.463725,-32.52881446,-277.8166579,193.0879332,2
14004.96058,-22979.44334,8974.482757,-14.47497132,-280.1137845,179.5117372,2
14100.07551,-22382.82407,8282.748559,3.599441546,-282.0128541,165.6804452,2
14175.15346,-21754.39758,7579.244121,21.66873941,-283.511168,151.6137122,2
14230.08774,-21095.0569,6864.969163,39.70724481,-284.606597,137.3315278,2
14264.80028,-20405.73899,6140.938708,57.68932404,-285.2975845,122.8541878,2
14279.24177,-19687.42341,5408.181643,75.58942358,-285.5831485,108.2022653,2
14273.39167,-18941.13092,4667.739257,93.38210642,-285.4628832,93.39658148,2
14247.2583,-18167.92205,3920.663757,111.0420882,-284.9369595,78.45817597,2
14200.87879,-17368.89557,3168.016779,128.544273,-284.0061248,63.4082771,2
14134.31906,-16545.18694,2410.867876,145.8637895,-282.6717019,48.26827161,2
14047.67369,-15697.96669,1650.292999,162.9760255,-280.935587,33.05967425,2
13941.06581,-14828.43877,887.372964,179.8566636,-278.8002473,17.80409729,2
13814.6469,-13937.83883,123.1919239,196.4817156,-276.2687172,2.523219739,2
13668.59663,-13027.43246,-641.1641786,212.8275563,-273.3445941,-12.76124345,2
13503.12254,-12098.51339,-1404.609152,228.8709574,-270.0320334,-28.02757221,2
13318.45977,-11152.40167,-2166.058099,244.5891204,-266.3357424,-43.25407226,2
13114.87074,-10190.44178,-2924.428958,259.9597088,-262.2609737,-58.41910591,2
12892.64476,-9214.000715,-3678.644044,274.9608803,-257.8135178,-73.50112281,2
12652.09763,-8224.466051,-4427.631576,289.5713173,-252.9996948,-88.47869059,2
12393.57117,-7223.24397,-5170.327201,303.7702576,-247.8263454,-103.3305253,2
12117.43277,-6211.757264,-5905.675508,317.5375238,-242.3008213,-118.0355217,2
11824.07484,-5191.443311,-6632.631527,330.8535518,-236.4309743,-132.5727832,2
11513.91425,-4163.752034,-7350.162213,343.6994188,-230.2251461,-146.9216514,2
11187.39175,-3130.143836,-8057.247917,356.05687,-223.6921553,-161.061736,2
10844.97136,-2092.087534,-8752.883831,367.908345,-216.8412857,-174.972943,2
10487.13968,-1051.05826,-9436.081418,379.2370021,-209.6822728,-188.6355039,2
10114.40519,-8.535374745,-10105.86982,390.0267427,-202.2252898,-202.0300035,2
9727.297582,1033.99964,-10761.29722,400.2622339,-194.4809337,-215.1374073,2
9326.36695,2075.065284,-11401.43223,409.9289306,-186.4602096,-227.9390891,2
8912.183041,3113.182147,-12025.36519,419.0130959,-178.1745153,-240.416857,2
8485.334432,4146.875007,-12632.20944,427.5018206,-169.6356252,-252.5529794,2
8046.427698,5174.674932,-13221.10263,435.3830418,-160.8556736,-264.3302102,2
7596.08655,6195.12136,-13791.20791,442.6455599,-151.8471374,-275.7318133,2
7134.950948,7206.764182,-14341.71513,449.2790545,-142.622818,-286.7415864,2
6663.67619,8208.165797,-14871.84199,455.2740989,-133.1958238,-297.343884,2
6182.931983,9197.90316,-15380.83514,460.6221739,-123.5795511,-307.5236397,2
5693.401492,10174.5698,-15867.97129,465.3156796,-113.787665,-317.2663874,2
5195.780366,11136.77782,-16332.55818,469.3479463,-103.8340805,-326.5582823,2
4690.775751,12083.15987,-16773.93562,472.7132438,-93.73294199,-335.38612,2
4179.105288,13012.37108,-17191.47637,475.40679,-83.49860389,-343.7373556,2
3661.496087,13923.09101,-17584.5871,477.4247571,-73.14560971,-351.6001217,2
3138.6837,14814.02546,-17952.70916,478.7642775,-62.68867161,-358.9632447,2
2611.411072,15683.90837,-18295.31944,479.4234477,-52.14264948,-365.8162614,2
2080.427485,16531.50359,-18611.93107,479.4013309,-41.52252979,-372.1494331,2
1546.487498,17355.60663,-18902.09413,478.6979585,-30.84340431,-377.9537601,2
1010.349867,18155.04642,-19165.39628,477.3143302,-20.12044867,-383.2209941,2
472.7764731,18928.68688,-19401.46335,475.2524122,-9.368900766,-387.9436501,2
-65.4687616,19675.42865,-19609.95989,472.5151344,1.395960855,-392.115017,2
-603.6209616,20394.21055,-19790.58959,469.1063867,12.15883874,-395.729167,2
-1140.915383,21084.01117,-19943.09579,465.0310133,22.90443825,-398.7809642,2
-1676.588502,21743.85025,-20067.26175,460.2948053,33.6174893,-401.2660718,2
-2209.879096,22372.79013,-20162.91104,454.9044932,44.28276806,-403.1809583,2
-2740.029331,22969.93706,-20229.90773,448.8677369,54.88511858,-404.5229027,2
-3266.285835,23534.44244,-20268.15661,442.193115,65.40947434,-405.2899979,2
-3787.900768,24065.5041,-20277.60333,434.8901125,75.84087966,-405.4811538,2
-4304.132886,24562.36735,-20258.23447,426.9691074,86.16451095,-405.0960988,2
-4814.248597,25024.32614,-20210.07755,418.4413557,96.36569774,-404.1353801,2
-5317.522996,25450.724,-20133.201,409.3189761,106.4299436,-402.6003629,2
-5813.240905,25840.95498,-20027.71407,399.6149317,116.3429467,-400.4932285,2
-6300.697879,26194.46455,-19893.76667,389.3430127,126.0906201,-397.8169714,2
-6779.201218,26510.75035,-19731.54913,378.5178159,135.6591118,-394.5753945,2
-7248.070941,26789.36292,-19541.29198,367.1547247,145.0348245,-390.7731045,2
-7706.640758,27029.90635,-19323.26559,355.2698864,154.2044348,-386.4155045,2
-8154.259017,27232.0388,-19077.77978,342.8801903,163.1549122,-381.5087869,2
-8590.289627,27395.47303,-18805.1834,330.0032426,171.8735375,-376.0599244,2
-9014.112967,27519.97679,-18505.86383,316.6573422,180.3479211,-370.0766602,2
-9425.126758,27605.37316,-18180.24641,302.8614544,188.5660204,-363.5674968,2
-9822.746928,27651.54079,-17828.79386,288.635184,196.5161571,-356.5416842,2
-10206.40844,27658.41407,-17452.00563,273.9987471,204.1870336,-349.0092062,2
-10575.56608,27625.98322,-17050.41714,258.972943,211.5677491,-340.9807671,2
-10929.69527,27554.29434,-16624.59907,243.5791242,218.6478153,-332.4677757,2
-11268.29276,27443.4493,-16175.15654,227.8391662,225.4171709,-323.4823294,2
-11590.87739,27293.60562,-15702.72823,211.7754362,231.8661965,-314.037197,2
-11896.99075,27104.97623,-15207.98548,195.4107617,237.9857275,-304.1458005,2
-12186.19784,26877.82918,-14691.63135,178.7683979,243.7670677,-293.8221962,2
-12458.08767,26612.48727,-14154.3996,161.8719944,249.2020016,-283.0810545,2
-12712.27388,26309.32756,-13597.05369,144.7455619,254.2828058,-271.9376391,2
-12948.39525,25968.78086,-13020.38561,127.413438,259.0022603,-260.4077855,2
-13166.11624,25591.33109,-12425.21486,109.9002527,263.3536583,-248.5078782,2
-13365.12746,25177.51465,-11812.38719,92.23089312,267.3308164,-236.2548275,2
-13545.1461,24727.91958,-11182.77348,74.43046839,270.9280828,-223.6660458,2
-13705.91635,24243.18478,-10537.26843,56.52427389,274.1403456,-210.7594225,2
-13847.20974,23723.99909,-9876.789347,38.5377553,276.9630399,-197.5532984,2
-13968.82549,23171.1003,-9202.274806,20.49647245,279.3921546,-184.0664403,2
-14070.59078,22585.27411,-8514.68333,2.426062992,281.4242377,-170.3180137,2
-14152.36098,21967.353,-7814.992023,-15.64779403,283.0564016,-156.327556,2
-14214.01991,21318.21509,-7104.195184,-33.69941469,284.2863269,-142.1149482,2
-14255.47993,20638.78283,-6383.302895,-51.70314663,285.1122657,-127.7003872,2
-14276.68214,19930.02172,-5653.339584,-69.63340557,285.5330444,-113.1043571,2
-14277.5964,19192.93897,-4915.342567,-87.46471163,285.5480651,-98.34759944,2
-14258.22142,18428.582,-4170.36058,-105.1717256,285.1573063,-83.45108448,2
-14218.58472,17638.037,-3419.452283,-122.7292847,284.3613233,-68.43598097,2
-14158.74263,16822.42739,-2663.684756,-140.1124388,283.1612474,-53.32362618,2
-14078.7802,15982.91219,-1904.131988,-157.2964855,281.5587838,-38.1354956,2
-13978.81105,15120.6844,-1141.873344,-174.2570052,279.5562099,-22.8931724,2
-13858.97725,14236.96928,-377.9920354,-190.9698963,277.1563712,-7.61831674,2
-13719.44908,13333.02266,386.4264204,-207.4114086,274.3626781,7.667364961,2
-13560.42482,12410.12908,1150.295743,-223.558178,271.1791007,22.94215092,2
-13382.13046,11469.60003,1912.530433,-239.387259,267.610163,38.18433482,2
-13184.81936,10512.77205,2672.047312,-254.8761576,263.6609365,53.3722567,2
-12968.7719,9541.004839,3427.767066,-270.0028632,259.3370335,68.48433367,2
-12734.29512,8555.679343,4178.615775,-284.74588,254.6445983,83.49909067,2
-12481.7222,7558.195758,4923.526442,-299.0842573,249.5902992,98.39519088,2
-12211.41207,6549.971564,5661.44051,-312.9976195,244.1813187,113.1514661,2
-11923.74886,5532.439502,6391.30936,-326.4661949,238.4253431,127.746947,2
-11619.14135,4507.04554,7112.09581,-339.4708441,232.3305521,142.1608924,2
-11298.0224,3475.24682,7822.775582,-351.9930866,225.9056066,156.3728195,2
-10960.84835,2438.509585,8522.338763,-364.0151276,219.1596369,170.3625322,2
-10608.09833,1398.307093,9209.791234,-375.5198833,212.1022294,184.1101504,2
-10240.27362,356.117531,9884.156087,-386.4910046,204.743413,197.596138,2
-9857.89692,-686.5780938,10544.47501,-396.9129011,197.093645,210.8013307,2
-9461.511611,-1728.298053,11189.80966,-406.7707626,189.1637962,223.7069632,2
-9051.680977,-2767.562007,11819.24298,-416.0505806,180.9651352,236.2946958,2
-8628.987408,-3802.893104,12431.88051,-424.739168,172.5093129,248.5466407,2
-8194.031577,-4832.820081,13026.85166,-432.8241777,163.8083455,260.4453873,2
-7747.431578,-5855.879357,13603.31093,-440.2941207,154.8745974,271.9740267,2
-7289.822054,-6870.617107,14160.43916,-447.1383816,145.720764,283.1161762,2
-6821.853295,-7875.591335,14697.44463,-453.3472343,136.3598534,293.856002,2
-6344.190309,-8869.373916,15213.56423,-458.9118559,126.805168,304.1782424,2
-5857.511881,-9850.552632,15708.06451,-463.8243386,117.0702856,314.0682289,2
-5362.509609,-10817.73317,16180.24278,-468.0777015,107.1690399,323.5119073,2
-4859.886917,-11769.54112,16629.42804,-471.6659004,97.11550105,332.4958575,2
-4350.358059,-12704.62391,17054.98197,-474.5838363,86.92395581,341.0073129,2
-3834.647105,-13621.65274,17456.29984,-476.8273626,76.60888686,349.0341783,2
-3313.486907,-14519.32445,17832.81135,-478.393291,66.1849525,356.565047,2
-2787.618064,-15396.3634,18183.98146,-479.2793965,55.66696569,363.5892172,2
-2257.787862,-16251.52328,18509.31114,-479.4844197,45.06987309,370.0967073,2
-1724.74922,-17083.58886,18808.33808,-479.0080693,34.40873372,376.0782697,2
-1189.259616,-17891.37772,19080.63733,-477.8510222,23.69869767,381.5254043,2
-652.0800079,-18673.74195,19325.82196,-476.0149226,12.95498446,386.4303704,2
-113.9737588,-19429.56978,19543.54354,-473.5023798,2.192861518,390.7861979,2
424.2944532,-20157.78712,19733.49267,-470.3169643,-8.572377604,394.5866967,2
961.9597196,-20857.35915,19895.39943,-466.4632026,-19.32543491,397.8264663,2
1498.257989,-21527.29172,20029.03373,-461.9465711,-30.05102971,400.5009027,2
2032.427151,-22166.63284,20134.20569,-456.7734883,-40.73392036,402.6062054,2
2563.708123,-22774.47396,20210.76584,-450.9513054,-51.35892587,404.1393826,2
3091.345926,-23349.9513,20258.60538,-444.4882959,-61.91094754,405.0982557,2
3614.590757,-23892.24709,20277.65633,-437.3936443,-72.37499037,405.481462,2
4132.699057,-24400.59069,20267.89163,-429.6774324,-82.73618438,405.2884569,2
4644.934565,-24874.25971,20229.32514,-421.3506254,-92.97980574,404.5195148,2
5150.569367,-25312.58105,20162.01168,-412.4250561,-103.0912977,403.1757283,2
5648.884928,-25714.93182,20066.04689,-402.9134081,-113.0562913,401.259007,2
6139.173114,-26080.74027,19941.56716,-392.8291982,-122.8606257,398.7720748,2
6620.7372,-26409.48656,19788.74936,-382.1867565,-132.4903685,395.7184655,2
7092.892856,-26700.70353,19607.81067,-371.0012065,-141.9318351,392.1025187,2
7554.969123,-26953.97733,19399.00821,-359.2884435,-151.1716089,387.9293728,2
8006.309365,-27168.94806,19162.63869,-347.065112,-160.1965596,383.204958,2
8446.272204,-27345.31022,18899.03802,-334.3485819,-168.9938621,377.935988,2
8874.232428,-27482.81321,18608.58078,-321.1569242,-177.5510152,372.1299502,2
9289.581882,-27581.26161,18291.67973,-307.508885,-185.8558585,365.7950955,2
9691.730331,-27640.51553,17948.7852,-293.4238588,-193.8965905,358.9404259,2
10080.1063,-27660.49077,17580.38446,-278.9218612,-201.6617849,351.5756823,2
10454.15789,-27641.15893,17187.00104,-264.0235004,-209.1404068,343.7113304,2
10813.35355,-27582.54749,16769.19395,-248.7499478,-216.3218287,335.3585459,2
11157.18284,-27484.73975,16327.55691,-233.1229079,-223.1958455,326.5291986,2
11485.15716,-27347.87469,15862.71753,-217.1645875,-229.7526888,317.2358354,2
11796.81045,-27172.1468,15375.33635,-200.8976644,-235.9830409,307.4916627,2
12091.69982,-26957.8058,14866.10598,-184.3452548,-241.8780482,297.3105276,2
12369.40623,-26705.15629,14335.75006,-167.5308804,-247.4293336,286.7068979,2
12629.53503,-26414.55728,13785.02225,-150.4784355,-252.6290083,275.695842,2
12871.71657,-26086.42175,13214.70518,-133.2121525,-257.4696834,264.2930073,2
13095.6067,-25721.21598,12625.60928,-115.7565678,-261.94448,252.5145977,2
13300.88726,-25319.45896,12018.5717,-98.13648658,-266.0470392,240.3773511,2
13487.26652,-24881.7216,11394.45508,-80.37694809,-269.771531,227.8985151,2
13654.47965,-24408.62596,10754.14631,-62.50318956,-273.1126626,215.0958228,2
13802.28901,-23900.84432,10098.55531,-44.54061058,-276.0656862,201.9874676,2
13930.48456,-23359.09827,9428.613709,-26.51473695,-278.6264054,188.5920772,2
14038.88413,-22784.15766,8745.273534,-8.451184426,-280.7911812,174.9286871,2
14127.33368,-22176.83953,8049.505846,9.62437769,-282.5569374,161.0167138,2
14195.70751,-21538.00688,7342.29937,27.68626304,-283.9211647,146.8759269,2
14243.90847,-20868.56756,6624.659084,45.70880469,-284.8819244,132.5264213,2
14271.86806,-20169.47285,5897.604796,63.66639163,-285.4378514,117.9885883,2
14279.54654,-19441.71622,5162.169689,81.53350515,-285.5881556,103.2830872,2
14266.933,-18686.33185,4419.398856,99.28475509,-285.3326234,88.43081511,2
14234.04537,-17904.39318,3670.347815,116.894916,-284.6716179,73.452878,2
14180.93038,-17097.01139,2916.081009,134.3389628,-283.6060785,58.37056034,2
14107.66351,-16265.33381,2157.670293,151.5921066,-282.1375193,43.20529491,2
14014.34889,-15410.54229,1396.193409,168.6298297,-280.2680272,27.9786324,2
13901.1191,-14533.85156,632.7324576,185.4279205,-278.000259,12.71221072,2
13768.13507,-13636.50743,-131.627641,201.9625082,-275.3374372,-2.572275707,2
13615.58576,-12719.78507,-895.8006896,218.2100961,-272.2833458,-17.85310679,2
13443.68796,-11784.9872,-1658.700756,234.1475955,-268.8423248,-33.10856763,2
13252.68594,-10833.44222,-2419.243719,249.7523584,-265.0192643,-48.31697939,2
13042.85113,-9866.502327,-3176.348803,265.0022095,-260.8195968,-63.45673007,2
12814.48172,-8885.541594,-3928.940122,279.8754779,-256.2492904,-78.50630527,2
12567.90222,-7891.95402,-4675.948202,294.351028,-251.3148398,-93.44431871,2
12303.46305,-6887.151548,-5416.311504,308.4082892,-246.023257,-108.2495427,2
12021.53999,-5872.562056,-6148.977931,322.0272853,-240.3820617,-122.9009381,2
11722.53366,-4849.627332,-6872.906324,335.188663,-234.3992704,-137.3776846,2
11406.86896,-3819.801022,-7587.067941,347.8737193,-228.0833848,-151.6592098,2
11074.99449,-2784.546567,-8290.447919,360.064428,-221.4433803,-165.725219,2
10727.38183,-1745.335118,-8982.046717,371.7434654,-214.4886927,-179.5557237,2
10364.52499,-703.6434521,-9660.881535,382.8942351,-207.2292048,-193.1310698,2
9986.939583,339.0481293,-10325.98771,393.5008911,-199.675233,-206.4319661,2
9595.16219,1381.257905,-10976.4201,403.5483607,-191.8375116,-219.4395113,2
9189.749548,2421.504837,-11611.25438,413.0223661,-183.7271787,-232.1352209,2
8771.277768,3458.310679,-12229.58845,421.9094441,-175.3557595,-244.5010537,2
8340.341522,4490.202072,-12830.54359,430.1969657,-166.73515,-256.5194371,2
7897.553195,5515.712642,-13413.26584,437.8731539,-157.8776009,-268.1732923,2
7443.542013,6533.385082,-13976.9271,444.9271003,-148.795699,-279.4460586,2
6978.95315,7541.773225,-14520.72638,451.348781,-139.5023502,-290.3217168,2
6504.446813,8539.444095,-15043.89091,457.1290704,-130.010761,-300.7848119,2
6020.697301,9524.979949,-15545.67725,462.2597543,-120.3344194,-310.8204754,2
5528.392049,10496.98028,-16025.37233,466.7335419,-110.487076,-320.4144459,2
5028.230649,11454.06384,-16482.29449,470.5440755,-100.4827244,-329.55309,2
4520.923858,12394.87054,-16915.79439,473.6859403,-90.33558142,-338.2234211,2
4007.192588,13318.06345,-17325.25604,476.1546714,-80.06006658,-346.4131183,2
3487.766877,14222.33066,-17710.09754,477.9467607,-69.67078201,-354.1105434,2
2963.384858,15106.38717,-18069.77202,479.0596615,-59.18249145,-361.3047581,2
2434.791708,15968.97667,-18403.76838,479.4917923,-48.61009933,-367.9855389,2
1902.738585,16808.87338,-18711.61196,479.242539,-37.9686296,-374.1433922,2
1367.981567,17624.88376,-18992.86533,478.3122559,-27.27320436,-379.7695672,2
831.2805717,18415.84822,-19247.12879,476.7022648,-16.53902242,-384.8560689,2
293.3982815,19180.64275,-19474.04103,474.4148538,-5.781337612,-389.395669,2
-244.9009437,19918.18054,-19673.2796,471.4532733,4.984562789,-393.3819167,2
-782.8521513,20627.4135,-19844.56135,467.8217319,15.74337985,-396.809147,2
-1319.690883,21307.33378,-19987.6429,463.5253902,26.47982472,-399.6724899,2
-1854.654262,21956.97518,-20102.32091,458.5703536,37.1786403,-401.9678763,2
-2386.982076,22575.41451,-20188.43243,452.9636634,47.82462299,-403.6920443,2
-2915.917857,23161.77294,-20245.85508,446.713287,58.40264429,-404.8425439,2
-3440.70996,23715.21722,-20274.50726,439.8281067,68.89767223,-405.41774,2
-3960.612626,24234.96088,-20274.34826,432.3179065,79.2947928,-405.4168154,2
-4474.887044,24720.26534,-20245.3783,424.1933589,89.57923114,-404.8397712,2
-4982.802403,25170.44095,-20187.63854,415.4660093,99.73637249,-403.6874276,2
-5483.636927,25584.84798,-20101.21105,406.1482599,109.751783,-401.9614221,2
-5976.678903,25962.89754,-19986.21864,396.2533515,119.6112302,-399.6642074,2
-6461.227691,26304.05241,-19842.82472,385.7953454,129.3007033,-396.799048,2
-6936.594721,26607.82778,-19671.23306,374.789103,138.8064331,-393.3700155,2
-7402.104471,26873.79197,-19471.6875,363.2502648,148.1149113,-389.3819826,2
-7857.095425,27101.56703,-19244.4716,351.1952281,157.2129101,-384.8406166,2
-8300.921016,27290.82928,-18989.90826,338.6411238,166.0875007,-379.7523711,2
-8732.950545,27441.30977,-18708.35922,325.6057919,174.726072,-374.1244766,2
-9152.570072,27552.79465,-18400.22458,312.1077563,183.1163479,-367.9649308,2
-9559.183297,27625.12551,-18065.94221,298.1661985,191.2464055,-361.2824867,2
-9952.2124,27658.19955,-17705.98715,283.8009303,199.1046914,-354.0866404,2
-10331.09886,27651.96978,-17320.87092,269.0323654,206.6800387,-346.3876176,2
-10695.30427,27606.44505,-16911.14077,253.8814908,213.9616824,-338.1963591,2
-11044.31107,27521.69004,-16477.37898,238.3698367,220.9392748,-329.524505,2
-11377.62329,27397.82521,-16020.20192,222.5194461,227.6029004,-320.3843786,2
-11694.76729,27235.02657,-15540.25928,206.3528431,233.9430898,-310.7889684,2
-11995.29238,27033.52547,-15038.23308,189.8930014,239.9508333,-300.7519101,2
-12278.77151,26793.60825,-14514.83673,173.1633114,245.6175936,-290.2874669,2
-12544.80183,26515.61584,-13970.81401,156.1875468,250.9353178,-279.4105094,2
-12793.00531,26199.94329,-13406.93799,138.9898312,255.8964491,-268.1364941,2
-13023.02922,25847.03919,-12824.00998,121.5946035,260.4939377,-256.4814423,2
-13234.54669,25457.40504,-12222.85835,104.0265831,264.72125,-244.4619163,2
-13427.25715,25031.59451,-11604.33736,86.31073534,268.572379,-232.0949965,2
-13600.88674,24570.21273,-10969.32598,68.47223525,272.041852,-219.3982571,2
-13755.18873,24073.91532,-10318.72659,50.53643237,275.1247386,-206.3897407,2
-13889.94384,23543.40757,-9653.463725,32.52881446,277.8166579,-193.0879332,2
-14004.96058,22979.44334,-8974.482757,14.47497132,280.1137845,-179.5117372,2
-14100.07551,22382.82407,-8282.748559,-3.599441546,282.0128541,-165.6804452,2
-14175.15346,21754.39758,-7579.244121,-21.66873941,283.511168,-151.6137122,2
-14230.08774,21095.0569,-6864.969163,-39.70724481,284.606597,-137.3315278,2
-14264.80028,20405.73899,-6140.938708,-57.68932404,285.2975845,-122.8541878,2
-14279.24177,19687.42341,-5408.181643,-75.58942358,285.5831485,-108.2022653,2
-14273.39167,18941.13092,-4667.739257,-93.38210642,285.4628832,-93.39658148,2
-14247.2583,18167.92205,-3920.663757,-111.0420882,284.9369595,-78.45817597,2
-14200.87879,17368.89557,-3168.016779,-128.544273,284.0061248,-63.4082771,2
-14134.31906,16545.18694,-2410.867876,-145.8637895,282.6717019,-48.26827161,2
-14047.67369,15697.96669,-1650.292999,-162.9760255,280.935587,-33.05967425,2
-13941.06581,14828.43877,-887.372964,-179.8566636,278.8002473,-17.80409729,2
-13814.6469,13937.83883,-123.1919239,-196.4817156,276.2687172,-2.523219739,2
-13668.59663,13027.43246,641.1641786,-212.8275563,273.3445941,12.76124345,2
-13503.12254,12098.51339,1404.609152,-228.8709574,270.0320334,28.02757221,2
-13318.45977,11152.40167,2166.058099,-244.5891204,266.3357424,43.25407226,2
-13114.87074,10190.44178,2924.428958,-259.9597088,262.2609737,58.41910591,2
-12892.64476,9214.000715,3678.644044,-274.9608803,257.8135178,73.50112281,2
-12652.09763,8224.466051,4427.631576,-289.5713173,252.9996948,88.47869059,2
-12393.57117,7223.24397,5170.327201,-303.7702576,247.8263454,103.3305253,2
-12117.43277,6211.757264,5905.675508,-317.5375238,242.3008213,118.0355217,2
-11824.07484,5191.443311,6632.631527,-330.8535518,236.4309743,132.5727832,2
-11513.91425,4163.752034,7350.162213,-343.6994188,230.2251461,146.9216514,2
-11187.39175,3130.143836,8057.247917,-356.05687,223.6921553,161.061736,2
-10844.97136,2092.087534,8752.883831,-367.908345,216.8412857,174.972943,2
-10487.13968,1051.05826,9436.081418,-379.2370021,209.6822728,188.6355039,2
-10114.40519,8.535374745,10105.86982,-390.0267427,202.2252898,202.0300035,2
-9727.297582,-1033.99964,10761.29722,-400.2622339,194.4809337,215.1374073,2
-9326.36695,-2075.065284,11401.43223,-409.9289306,186.4602096,227.9390891,2
-8912.183041,-3113.182147,12025.36519,-419.0130959,178.1745153,240.416857,2
-8485.334432,-4146.875007,12632.20944,-427.5018206,169.6356252,252.5529794,2
-8046.427698,-5174.674932,13221.10263,-435.3830418,160.8556736,264.3302102,2
-7596.08655,-6195.12136,13791.20791,-442.6455599,151.8471374,275.7318133,2
-7134.950948,-7206.764182,14341.71513,-449.2790545,142.622818,286.7415864,2
-6663.67619,-8208.165797,14871.84199,-455.2740989,133.1958238,297.343884,2
-6182.931983,-9197.90316,15380.83514,-460.6221739,123.5795511,307.5236397,2
-5693.401492,-10174.5698,15867.97129,-465.3156796,113.787665,317.2663874,2
-5195.780366,-11136.77782,16332.55818,-469.3479463,103.8340805,326.5582823,2
-4690.775751,-12083.15987,16773.93562,-472.7132438,93.73294199,335.38612,2
-4179.105288,-13012.37108,17191.47637,-475.40679,83.49860389,343.7373556,2
-3661.496087,-13923.09101,17584.5871,-477.4247571,73.14560971,351.6001217,2
-3138.6837,-14814.02546,17952.70916,-478.7642775,62.68867161,358.9632447,2
-2611.411072,-15683.90837,18295.31944,-479.4234477,52.14264948,365.8162614,2
-2080.427485,-16531.50359,18611.93107,-479.4013309,41.52252979,372.1494331,2
-1546.487498,-17355.60663,18902.09413,-478.6979585,30.84340431,377.9537601,2
-1010.349867,-18155.04642,19165.39628,-477.3143302,20.12044867,383.2209941,2
-472.7764731,-18928.68688,19401.46335,-475.2524122,9.368900766,387.9436501,2
65.4687616,-19675.42865,19609.95989,-472.5151344,-1.395960855,392.115017,2
603.6209616,-20394.21055,19790.58959,-469.1063867,-12.15883874,395.729167,2
1140.915383,-21084.01117,19943.09579,-465.0310133,-22.90443825,398.7809642,2
1676.588502,-21743.85025,20067.26175,-460.2948053,-33.6174893,401.2660718,2
2209.879096,-22372.79013,20162.91104,-454.9044932,-44.28276806,403.1809583,2
2740.029331,-22969.93706,20229.90773,-448.8677369,-54.88511858,404.5229027,2
3266.285835,-23534.44244,20268.15661,-442.193115,-65.40947434,405.2899979,2
3787.900768,-24065.5041,20277.60333,-434.8901125,-75.84087966,405.4811538,2
4304.132886,-24562.36735,20258.23447,-426.9691074,-86.16451095,405.0960988,2
4814.248597,-25024.32614,20210.07755,-418.4413557,-96.36569774,404.1353801,2
5317.522996,-25450.724,20133.201,-409.3189761,-106.4299436,402.6003629,2
5813.240905,-25840.95498,20027.71407,-399.6149317,-116.3429467,400.4932285,2
6300.697879,-26194.46455,19893.76667,-389.3430127,-126.0906201,397.8169714,2
6779.201218,-26510.75035,19731.54913,-378.5178159,-135.6591118,394.5753945,2
7248.070941,-26789.36292,19541.29198,-367.1547247,-145.0348245,390.7731045,2
7706.640758,-27029.90635,19323.26559,-355.2698864,-154.2044348,386.4155045,2
8154.259017,-27232.0388,19077.77978,-342.8801903,-163.1549122,381.5087869,2
8590.289627,-27395.47303,18805.1834,-330.0032426,-171.8735375,376.0599244,2
9014.112967,-27519.97679,18505.86383,-316.6573422,-180.3479211,370.0766602,2
9425.126758,-27605.37316,18180.24641,-302.8614544,-188.5660204,363.5674968,2
9822.746928,-27651.54079,17828.79386,-288.635184,-196.5161571,356.5416842,2
10206.40844,-27658.41407,17452.00563,-273.9987471,-204.1870336,349.0092062,2
10575.56608,-27625.98322,17050.41714,-258.972943,-211.5677491,340.9807671,2
10929.69527,-27554.29434,16624.59907,-243.5791242,-218.6478153,332.4677757,2
11268.29276,-27443.4493,16175.15654,-227.8391662,-225.4171709,323.4823294,2
11590.87739,-27293.60562,15702.72823,-211.7754362,-231.8661965,314.037197,2
11896.99075,-27104.97623,15207.98548,-195.4107617,-237.9857275,304.1458005,2
12186.19784,-26877.82918,14691.63135,-178.7683979,-243.7670677,293.8221962,2
12458.08767,-26612.48727,14154.3996,-161.8719944,-249.2020016,283.0810545,2
12712.27388,-26309.32756,13597.05369,-144.7455619,-254.2828058,271.9376391,2
12948.39525,-25968.78086,13020.38561,-127.413438,-259.0022603,260.4077855,2
13166.11624,-25591.33109,12425.21486,-109.9002527,-263.3536583,248.5078782,2
13365.12746,-25177.51465,11812.38719,-92.23089312,-267.3308164,236.2548275,2
13545.1461,-24727.91958,11182.77348,-74.43046839,-270.9280828,223.6660458,2
13705.91635,-24243.18478,10537.26843,-56.52427389,-274.1403456,210.7594225,2
13847.20974,-23723.99909,9876.789347,-38.5377553,-276.9630399,197.5532984,2
13968.82549,-23171.1003,9202.274806,-20.49647245,-279.3921546,184.0664403,2
14070.59078,-22585.27411,8514.68333,-2.426062992,-281.4242377,170.3180137,2
14152.36098,-21967.353,7814.992023,15.64779403,-283.0564016,156.327556,2
14214.01991,-21318.21509,7104.195184,33.69941469,-284.2863269,142.1149482,2
14255.47993,-20638.78283,6383.302895,51.70314663,-285.1122657,127.7003872,2
14276.68214,-19930.02172,5653.339584,69.63340557,-285.5330444,113.1043571,2
14277.5964,-19192.93897,4915.342567,87.46471163,-285.5480651,98.34759944,2
14258.22142,-18428.582,4170.36058,105.1717256,-285.1573063,83.45108448,2
14218.58472,-17638.037,3419.452283,122.7292847,-284.3613233,68.43598097,2
14158.74263,-16822.42739,2663.684756,140.1124388,-283.1612474,53.32362618,2
14078.7802,-15982.91219,1904.131988,157.2964855,-281.5587838,38.1354956,2
13978.81105,-15120.6844,1141.873344,174.2570052,-279.5562099,22.8931724,2
13858.97725,-14236.96928,377.9920354,190.9698963,-277.1563712,7.61831674,2
13719.44908,-13333.02266,-386.4264204,207.4114086,-274.3626781,-7.667364961,2
13560.42482,-12410.12908,-1150.295743,223.558178,-271.1791007,-22.94215092,2
13382.13046,-11469.60003,-1912.530433,239.387259,-267.610163,-38.18433482,2
13184.81936,-10512.77205,-2672.047312,254.8761576,-263.6609365,-53.3722567,2
12968.7719,-9541.004839,-3427.767066,270.0028632,-259.3370335,-68.48433367,2
12734.29512,-8555.679343,-4178.615775,284.74588,-254.6445983,-83.49909067,2
12481.7222,-7558.195758,-4923.526442,299.0842573,-249.5902992,-98.39519088,2
12211.41207,-6549.971564,-5661.44051,312.9976195,-244.1813187,-113.1514661,2
11923.74886,-5532.439502,-6391.30936,326.4661949,-238.4253431,-127.746947,2
11619.14135,-4507.04554,-7112.09581,339.4708441,-232.3305521,-142.1608924,2
11298.0224,-3475.24682,-7822.775582,351.9930866,-225.9056066,-156.3728195,2
10960.84835,-2438.509585,-8522.338763,364.0151276,-219.1596369,-170.3625322,2
10608.09833,-1398.307093,-9209.791234,375.5198833,-212.1022294,-184.1101504,2
10240.27362,-356.117531,-9884.156087,386.4910046,-204.743413,-197.596138,2
9857.89692,686.5780938,-10544.47501,396.9129011,-197.093645,-210.8013307,2
9461.511611,1728.298053,-11189.80966,406.7707626,-189.1637962,-223.7069632,2
9051.680977,2767.562007,-11819.24298,416.0505806,-180.9651352,-236.2946958,2
8628.987408,3802.893104,-12431.88051,424.739168,-172.5093129,-248.5466407,2
8194.031577,4832.820081,-13026.85166,432.8241777,-163.8083455,-260.4453873,2
7747.431578,5855.879357,-13603.31093,440.2941207,-154.8745974,-271.9740267,2
7289.822054,6870.617107,-14160.43916,447.1383816,-145.720764,-283.1161762,2
6821.853295,7875.591335,-14697.44463,453.3472343,-136.3598534,-293.856002,2
6344.190309,8869.373916,-15213.56423,458.9118559,-126.805168,-304.1782424,2
5857.511881,9850.552632,-15708.06451,463.8243386,-117.0702856,-314.0682289,2
5362.509609,10817.73317,-16180.24278,468.0777015,-107.1690399,-323.5119073,2
4859.886917,11769.54112,-16629.42804,471.6659004,-97.11550105,-332.4958575,2
4350.358059,12704.62391,-17054.98197,474.5838363,-86.92395581,-341.0073129,2
3834.647105,13621.65274,-17456.29984,476.8273626,-76.60888686,-349.0341783,2
3313.486907,14519.32445,-17832.81135,478.393291,-66.1849525,-356.565047,2
2787.618064,15396.3634,-18183.98146,479.2793965,-55.66696569,-363.5892172,2
2257.787862,16251.52328,-18509.31114,479.4844197,-45.06987309,-370.0967073,2
1724.74922,17083.58886,-18808.33808,479.0080693,-34.40873372,-376.0782697,2
1189.259616,17891.37772,-19080.63733,477.8510222,-23.69869767,-381.5254043,2
652.0800079,18673.74195,-19325.82196,476.0149226,-12.95498446,-386.4303704,2
113.9737588,19429.56978,-19543.54354,473.5023798,-2.192861518,-390.7861979,2
-424.2944532,20157.78712,-19733.49267,470.3169643,8.572377604,-394.5866967,2
-961.9597196,20857.35915,-19895.39943,466.4632026,19.32543491,-397.8264663,2
-1498.257989,21527.29172,-20029.03373,461.9465711,30.05102971,-400.5009027,2
-2032.427151,22166.63284,-20134.20569,456.7734883,40.73392036,-402.6062054,2
-2563.708123,22774.47396,-20210.76584,450.9513054,51.35892587,-404.1393826,2
-3091.345926,23349.9513,-20258.60538,444.4882959,61.91094754,-405.0982557,2
-3614.590757,23892.24709,-20277.65633,437.3936443,72.37499037,-405.481462,2
-4132.699057,24400.59069,-20267.89163,429.6774324,82.73618438,-405.2884569,2
-4644.934565,24874.25971,-20229.32514,421.3506254,92.97980574,-404.5195148,2
-5150.569367,25312.58105,-20162.01168,412.4250561,103.0912977,-403.1757283,2
-5648.884928,25714.93182,-20066.04689,402.9134081,113.0562913,-401.259007,2
-6139.173114,26080.74027,-19941.56716,392.8291982,122.8606257,-398.7720748,2
-6620.7372,26409.48656,-19788.74936,382.1867565,132.4903685,-395.7184655,2
-7092.892856,26700.70353,-19607.81067,371.0012065,141.9318351,-392.1025187,2
-7554.969123,26953.97733,-19399.00821,359.2884435,151.1716089,-387.9293728,2
-8006.309365,27168.94806,-19162.63869,347.065112,160.1965596,-383.204958,2
-8446.272204,27345.31022,-18899.03802,334.3485819,168.9938621,-377.935988,2
-8874.232428,27482.81321,-18608.58078,321.1569242,177.5510152,-372.1299502,2
-9289.581882,27581.26161,-18291.67973,307.508885,185.8558585,-365.7950955,2
-9691.730331,27640.51553,-17948.7852,293.4238588,193.8965905,-358.9404259,2
-10080.1063,27660.49077,-17580.38446,278.9218612,201.6617849,-351.5756823,2
-10454.15789,27641.15893,-17187.00104,264.0235004,209.1404068,-343.7113304,2
-10813.35355,27582.54749,-16769.19395,248.7499478,216.3218287,-335.3585459,2
-11157.18284,27484.73975,-16327.55691,233.1229079,223.1958455,-326.5291986,2
-11485.15716,27347.87469,-15862.71753,217.1645875,229.7526888,-317.2358354,2
-11796.81045,27172.1468,-15375.33635,200.8976644,235.9830409,-307.4916627,2
-12091.69982,26957.8058,-14866.10598,184.3452548,241.8780482,-297.3105276,2
-12369.40623,26705.15629,-14335.75006,167.5308804,247.4293336,-286.7068979,2
-12629.53503,26414.55728,-13785.02225,150.4784355,252.6290083,-275.695842,2
-12871.71657,26086.42175,-13214.70518,133.2121525,257.4696834,-264.2930073,2
-13095.6067,25721.21598,-12625.60928,115.7565678,261.94448,-252.5145977,2
-13300.88726,25319.45896,-12018.5717,98.13648658,266.0470392,-240.3773511,2
-13487.26652,24881.7216,-11394.45508,80.37694809,269.771531,-227.8985151,2
-13654.47965,24408.62596,-10754.14631,62.50318956,273.1126626,-215.0958228,2
-13802.28901,23900.84432,-10098.55531,44.54061058,276.0656862,-201.9874676,2
-13930.48456,23359.09827,-9428.613709,26.51473695,278.6264054,-188.5920772,2
-14038.88413,22784.15766,-8745.273534,8.451184426,280.7911812,-174.9286871,2
-14127.33368,22176.83953,-8049.505846,-9.62437769,282.5569374,-161.0167138,2
-14195.70751,21538.00688,-7342.29937,-27.68626304,283.9211647,-146.8759269,2
-14243.90847,20868.56756,-6624.659084,-45.70880469,284.8819244,-132.5264213,2
-14271.86806,20169.47285,-5897.604796,-63.66639163,285.4378514,-117.9885883,2
-14279.54654,19441.71622,-5162.169689,-81.53350515,285.5881556,-103.2830872,2
-14266.933,18686.33185,-4419.398856,-99.28475509,285.3326234,-88.43081511,2
-14234.04537,17904.39318,-3670.347815,-116.894916,284.6716179,-73.452878,2
-14180.93038,17097.01139,-2916.081009,-134.3389628,283.6060785,-58.37056034,2
-14107.66351,16265.33381,-2157.670293,-151.5921066,282.1375193,-43.20529491,2
-14014.34889,15410.54229,-1396.193409,-168.6298297,280.2680272,-27.9786324,2
-13901.1191,14533.85156,-632.7324576,-185.4279205,278.000259,-12.71221072,2
-13768.13507,13636.50743,131.627641,-201.9625082,275.3374372,2.572275707,2
-13615.58576,12719.78507,895.8006896,-218.2100961,272.2833458,17.85310679,2
-13443.68796,11784.9872,1658.700756,-234.1475955,268.8423248,33.10856763,2
-13252.68594,10833.44222,2419.243719,-249.7523584,265.0192643,48.31697939,2
-13042.85113,9866.502327,3176.348803,-265.0022095,260.8195968,63.45673007,2
-12814.48172,8885.541594,3928.940122,-279.8754779,256.2492904,78.50630527,2
-12567.90222,7891.95402,4675.948202,-294.351028,251.3148398,93.44431871,2
-12303.46305,6887.151548,5416.311504,-308.4082892,246.023257,108.2495427,2
-12021.53999,5872.562056,6148.977931,-322.0272853,240.3820617,122.9009381,2
-11722.53366,4849.627332,6872.906324,-335.188663,234.3992704,137.3776846,2
-11406.86896,3819.801022,7587.067941,-347.8737193,228.0833848,151.6592098,2
-11074.99449,2784.546567,8290.447919,-360.064428,221.4433803,165.725219,2
-10727.38183,1745.335118,8982.046717,-371.7434654,214.4886927,179.5557237,2
-10364.52499,703.6434521,9660.881535,-382.8942351,207.2292048,193.1310698,2
-9986.939583,-339.0481293,10325.98771,-393.5008911,199.675233,206.4319661,2
-9595.16219,-1381.257905,10976.4201,-403.5483607,191.8375116,219.4395113,2
-9189.749548,-2421.504837,11611.25438,-413.0223661,183.7271787,232.1352209,2
-8771.277768,-3458.310679,12229.58845,-421.9094441,175.3557595,244.5010537,2
-8340.341522,-4490.202072,12830.54359,-430.1969657,166.73515,256.5194371,2
-7897.553195,-5515.712642,13413.26584,-437.8731539,157.8776009,268.1732923,2
-7443.542013,-6533.385082,13976.9271,-444.9271003,148.795699,279.4460586,2
-6978.95315,-7541.773225,14520.72638,-451.348781,139.5023502,290.3217168,2
-6504.446813,-8539.444095,15043.89091,-457.1290704,130.010761,300.7848119,2
-6020.697301,-9524.979949,15545.67725,-462.2597543,120.3344194,310.8204754,2
-5528.392049,-10496.98028,16025.37233,-466.7335419,110.487076,320.4144459,2
-5028.230649,-11454.06384,16482.29449,-470.5440755,100.4827244,329.55309,2
-4520.923858,-12394.87054,16915.79439,-473.6859403,90.33558142,338.2234211,2
-4007.192588,-13318.06345,17325.25604,-476.1546714,80.06006658,346.4131183,2
-3487.766877,-14222.33066,17710.09754,-477.9467607,69.67078201,354.1105434,2
-2963.384858,-15106.38717,18069.77202,-479.0596615,59.18249145,361.3047581,2
-2434.791708,-15968.97667,18403.76838,-479.4917923,48.61009933,367.9855389,2
-1902.738585,-16808.87338,18711.61196,-479.242539,37.9686296,374.1433922,2
-1367.981567,-17624.88376,18992.86533,-478.3122559,27.27320436,379.7695672,2
-831.2805717,-18415.84822,19247.12879,-476.7022648,16.53902242,384.8560689,2
-293.3982815,-19180.64275,19474.04103,-474.4148538,5.781337612,389.395669,2
244.9009437,-19918.18054,19673.2796,-471.4532733,-4.984562789,393.3819167,2
782.8521513,-20627.4135,19844.56135,-467.8217319,-15.74337985,396.809147,2
1319.690883,-21307.33378,19987.6429,-463.5253902,-26.47982472,399.6724899,2
1854.654262,-21956.97518,20102.32091,-458.5703536,-37.1786403,401.9678763,2
2386.982076,-22575.41451,20188.43243,-452.9636634,-47.82462299,403.6920443,2
2915.917857,-23161.77294,20245.85508,-446.713287,-58.40264429,404.8425439,2
3440.70996,-23715.21722,20274.50726,-439.8281067,-68.89767223,405.41774,2
3960.612626,-24234.96088,20274.34826,-432.3179065,-79.2947928,405.4168154,2
4474.887044,-24720.26534,20245.3783,-424.1933589,-89.57923114,404.8397712,2
4982.802403,-25170.44095,20187.63854,-415.4660093,-99.73637249,403.6874276,2
5483.636927,-25584.84798,20101.21105,-406.1482599,-109.751783,401.9614221,2
5976.678903,-25962.89754,19986.21864,-396.2533515,-119.6112302,399.6642074,2
6461.227691,-26304.05241,19842.82472,-385.7953454,-129.3007033,396.799048,2
6936.594721,-26607.82778,19671.23306,-374.789103,-138.8064331,393.3700155,2
7402.104471,-26873.79197,19471.6875,-363.2502648,-148.1149113,389.3819826,2
7857.095425,-27101.56703,19244.4716,-351.1952281,-157.2129101,384.8406166,2
8300.921016,-27290.82928,18989.90826,-338.6411238,-166.0875007,379.7523711,2
8732.950545,-27441.30977,18708.35922,-325.6057919,-174.726072,374.1244766,2
9152.570072,-27552.79465,18400.22458,-312.1077563,-183.1163479,367.9649308,2
9559.183297,-27625.12551,18065.94221,-298.1661985,-191.2464055,361.2824867,2
9952.2124,-27658.19955,17705.98715,-283.8009303,-199.1046914,354.0866404,2
10331.09886,-27651.96978,17320.87092,-269.0323654,-206.6800387,346.3876176,2
10695.30427,-27606.44505,16911.14077,-253.8814908,-213.9616824,338.1963591,2
11044.31107,-27521.69004,16477.37898,-238.3698367,-220.9392748,329.524505,2
11377.62329,-27397.82521,16020.20192,-222.5194461,-227.6029004,320.3843786,2
11694.76729,-27235.02657,15540.25928,-206.3528431,-233.9430898,310.7889684,2
11995.29238,-27033.52547,15038.23308,-189.8930014,-239.9508333,300.7519101,2
12278.77151,-26793.60825,14514.83673,-173.1633114,-245.6175936,290.2874669,2
12544.80183,-26515.61584,13970.81401,-156.1875468,-250.9353178,279.4105094,2
12793.00531,-26199.94329,13406.93799,-138.9898312,-255.8964491,268.1364941,2
13023.02922,-25847.03919,12824.00998,-121.5946035,-260.4939377,256.4814423,2
13234.54669,-25457.40504,12222.85835,-104.0265831,-264.72125,244.4619163,2
13427.25715,-25031.59451,11604.33736,-86.31073534,-268.572379,232.0949965,2
13600.88674,-24570.21273,10969.32598,-68.47223525,-272.041852,219.3982571,2
13755.18873,-24073.91532,10318.72659,-50.53643237,-275.1247386,206.3897407,2
13889.94384,-23543.40757,9653.463725,-32.52881446,-277.8166579,193.0879332,2
14004.96058,-22979.44334,8974.482757,-14.47497132,-280.1137845,179.5117372,2
14100.07551,-22382.82407,8282.748559,3.599441546,-282.0128541,165.6804452,2
14175.15346,-21754.39758,7579.244121,21.66873941,-283.511168,151.6137122,2
14230.08774,-21095.0569,6864.969163,39.70724481,-284.606597,137.3315278,2
14264.80028,-20405.73899,6140.938708,57.68932404,-285.2975845,122.8541878,2
14279.24177,-19687.42341,5408.181643,75.58942358,-285.5831485,108.2022653,2
14273.39167,-18941.13092,4667.739257,93.38210642,-285.4628832,93.39658148,2
14247.2583,-18167.92205,3920.663757,111.0420882,-284.9369595,78.45817597,2
14200.87879,-17368.89557,3168.016779,128.544273,-284.0061248,63.4082771,2
14134.31906,-16545.18694,2410.867876,145.8637895,-282.6717019,48.26827161,2
14047.67369,-15697.96669,1650.292999,162.9760255,-280.935587,33.05967425,2
13941.06581,-14828.43877,887.372964,179.8566636,-278.8002473,17.80409729,2
13814.6469,-13937.83883,123.1919239,196.4817156,-276.2687172,2.523219739,2
13668.59663,-13027.43246,-641.1641786,212.8275563,-273.3445941,-12.76124345,2
13503.12254,-12098.51339,-1404.609152,228.8709574,-270.0320334,-28.02757221,2
13318.45977,-11152.40167,-2166.058099,244.5891204,-266.3357424,-43.25407226,2
13114.87074,-10190.44178,-2924.428958,259.9597088,-262.2609737,-58.41910591,2
12892.64476,-9214.000715,-3678.644044,274.9608803,-257.8135178,-73.50112281,2
12652.09763,-8224.466051,-4427.631576,289.5713173,-252.9996948,-88.47869059,2
12393.57117,-7223.24397,-5170.327201,303.7702576,-247.8263454,-103.3305253,2
12117.43277,-6211.757264,-5905.675508,317.5375238,-242.3008213,-118.0355217,2
11824.07484,-5191.443311,-6632.631527,330.8535518,-236.4309743,-132.5727832,2
11513.91425,-4163.752034,-7350.162213,343.6994188,-230.2251461,-146.9216514,2
11187.39175,-3130.143836,-8057.247917,356.05687,-223.6921553,-161.061736,2
10844.97136,-2092.087534,-8752.883831,367.908345,-216.8412857,-174.972943,2
10487.13968,-1051.05826,-9436.081418,379.2370021,-209.6822728,-188.6355039,2
10114.40519,-8.535374745,-10105.86982,390.0267427,-202.2252898,-202.0300035,2
9727.297582,1033.99964,-10761.29722,400.2622339,-194.4809337,-215.1374073,2
9326.36695,2075.065284,-11401.43223,409.9289306,-186.4602096,-227.9390891,2
8912.183041,3113.182147,-12025.36519,419.0130959,-178.1745153,-240.416857,2
8485.334432,4146.875007,-12632.20944,427.5018206,-169.6356252,-252.5529794,2
8046.427698,5174.674932,-13221.10263,435.3830418,-160.8556736,-264.3302102,2
7596.08655,6195.12136,-13791.20791,442.6455599,-151.8471374,-275.7318133,2
7134.950948,7206.764182,-14341.71513,449.2790545,-142.622818,-286.7415864,2
6663.67619,8208.165797,-14871.84199,455.2740989,-133.1958238,-297.343884,2
6182.931983,9197.90316,-15380.83514,460.6221739,-123.5795511,-307.5236397,2
5693.401492,10174.5698,-15867.97129,465.3156796,-113.787665,-317.2663874,2
5195.780366,11136.77782,-16332.55818,469.3479463,-103.8340805,-326.5582823,2
4690.775751,12083.15987,-16773.93562,472.7132438,-93.73294199,-335.38612,2
4179.105288,13012.37108,-17191.47637,475.40679,-83.49860389,-343.7373556,2
3661.496087,13923.09101,-17584.5871,477.4247571,-73.14560971,-351.6001217,2
3138.6837,14814.02546,-17952.70916,478.7642775,-62.68867161,-358.9632447,2
2611.411072,15683.90837,-18295.31944,479.4234477,-52.14264948,-365.8162614,2
2080.427485,16531.50359,-18611.93107,479.4013309,-41.52252979,-372.1494331,2
1546.487498,17355.60663,-18902.09413,478.6979585,-30.84340431,-377.9537601,2
1010.349867,18155.04642,-19165.39628,477.3143302,-20.12044867,-383.2209941,2
472.7764731,18928.68688,-19401.46335,475.2524122,-9.368900766,-387.9436501,2
-65.4687616,19675.42865,-19609.95989,472.5151344,1.395960855,-392.115017,2
-603.6209616,20394.21055,-19790.58959,469.1063867,12.15883874,-395.729167,2
-1140.915383,21084.01117,-19943.09579,465.0310133,22.90443825,-398.7809642,2
-1676.588502,21743.85025,-20067.26175,460.2948053,33.6174893,-401.2660718,2
-2209.879096,22372.79013,-20162.91104,454.9044932,44.28276806,-403.1809583,2
-2740.029331,22969.93706,-20229.90773,448.8677369,54.88511858,-404.5229027,2
-3266.285835,23534.44244,-20268.15661,442.193115,65.40947434,-405.2899979,2
-3787.900768,24065.5041,-20277.60333,434.8901125,75.84087966,-405.4811538,2
-4304.132886,24562.36735,-20258.23447,426.9691074,86.16451095,-405.0960988,2
-4814.248597,25024.32614,-20210.07755,418.4413557,96.36569774,-404.1353801,2
-5317.522996,25450.724,-20133.201,409.3189761,106.4299436,-402.6003629,2
-5813.240905,25840.95498,-20027.71407,399.6149317,116.3429467,-400.4932285,2
-6300.697879,26194.46455,-19893.76667,389.3430127,126.0906201,-397.8169714,2
-6779.201218,26510.75035,-19731.54913,378.5178159,135.6591118,-394.5753945,2
-7248.070941,26789.36292,-19541.29198,367.1547247,145.0348245,-390.7731045,2
-7706.640758,27029.90635,-19323.26559,355.2698864,154.2044348,-386.4155045,2
-8154.259017,27232.0388,-19077.77978,342.8801903,163.1549122,-381.5087869,2
-8590.289627,27395.47303,-18805.1834,330.0032426,171.8735375,-376.0599244,2
-9014.112967,27519.97679,-18505.86383,316.6573422,180.3479211,-370.0766602,2
-9425.126758,27605.37316,-18180.24641,302.8614544,188.5660204,-363.5674968,2
-9822.746928,27651.54079,-17828.79386,288.635184,196.5161571,-356.5416842,2
-10206.40844,27658.41407,-17452.00563,273.9987471,204.1870336,-349.0092062,2
-10575.56608,27625.98322,-17050.41714,258.972943,211.5677491,-340.9807671,2
-10929.69527,27554.29434,-16624.59907,243.5791242,218.6478153,-332.4677757,2
-11268.29276,27443.4493,-16175.15654,227.8391662,225.4171709,-323.4823294,2
-11590.87739,27293.60562,-15702.72823,211.7754362,231.8661965,-314.037197,2
-11896.99075,27104.97623,-15207.98548,195.4107617,237.9857275,-304.1458005,2
-12186.19784,26877.82918,-14691.63135,178.7683979,243.7670677,-293.8221962,2
-12458.08767,26612.48727,-14154.3996,161.8719944,249.2020016,-283.0810545,2
-12712.27388,26309.32756,-13597.05369,144.7455619,254.2828058,-271.9376391,2
-12948.39525,25968.78086,-13020.38561,127.413438,259.0022603,-260.4077855,2
-13166.11624,25591.33109,-12425.21486,109.9002527,263.3536583,-248.5078782,2
-13365.12746,25177.51465,-11812.38719,92.23089312,267.3308164,-236.2548275,2
-13545.1461,24727.91958,-11182.77348,74.43046839,270.9280828,-223.6660458,2
-13705.91635,24243.18478,-10537.26843,56.52427389,274.1403456,-210.7594225,2
-13847.20974,23723.99909,-9876.789347,38.5377553,276.9630399,-197.5532984,2
-13968.82549,23171.1003,-9202.274806,20.49647245,279.3921546,-184.0664403,2
-14070.59078,22585.27411,-8514.68333,2.426062992,281.4242377,-170.3180137,2
-14152.36098,21967.353,-7814.992023,-15.64779403,283.0564016,-156.327556,2
-14214.01991,21318.21509,-7104.195184,-33.69941469,284.2863269,-142.1149482,2
-14255.47993,20638.78283,-6383.302895,-51.70314663,285.1122657,-127.7003872,2
-14276.68214,19930.02172,-5653.339584,-69.63340557,285.5330444,-113.1043571,2
-14277.5964,19192.93897,-4915.342567,-87.46471163,285.5480651,-98.34759944,2
-14258.22142,18428.582,-4170.36058,-105.1717256,285.1573063,-83.45108448,2
-14218.58472,17638.037,-3419.452283,-122.7292847,284.3613233,-68.43598097,2
-14158.74263,16822.42739,-2663.684756,-140.1124388,283.1612474,-53.32362618,2
-14078.7802,15982.91219,-1904.131988,-157.2964855,281.5587838,-38.1354956,2
-13978.81105,15120.6844,-1141.873344,-174.2570052,279.5562099,-22.8931724,2
-13858.97725,14236.96928,-377.9920354,-190.9698963,277.1563712,-7.61831674,2
-13719.44908,13333.02266,386.4264204,-207.4114086,274.3626781,7.667364961,2
-13560.42482,12410.12908,1150.295743,-223.558178,271.1791007,22.94215092,2
-13382.13046,11469.60003,1912.530433,-239.387259,267.610163,38.18433482,2
-13184.81936,10512.77205,2672.047312,-254.8761576,263.6609365,53.3722567,2
-12968.7719,9541.004839,3427.767066,-270.0028632,259.3370335,68.48433367,2
-12734.29512,8555.679343,4178.615775,-284.74588,254.6445983,83.49909067,2
-12481.7222,7558.195758,4923.526442,-299.0842573,249.5902992,98.39519088,2
-12211.41207,6549.971564,5661.44051,-312.9976195,244.1813187,113.1514661,2
-11923.74886,5532.439502,6391.30936,-326.4661949,238.4253431,127.746947,2
-11619.14135,4507.04554,7112.09581,-339.4708441,232.3305521,142.1608924,2
-11298.0224,3475.24682,7822.775582,-351.9930866,225.9056066,156.3728195,2
-10960.84835,2438.509585,8522.338763,-364.0151276,219.1596369,170.3625322,2
-10608.09833,1398.307093,9209.791234,-375.5198833,212.1022294,184.1101504,2
-10240.27362,356.117531,9884.156087,-386.4910046,204.743413,197.596138,2
-9857.89692,-686.5780938,10544.47501,-396.9129011,197.093645,210.8013307,2
-9461.511611,-1728.298053,11189.80966,-406.7707626,189.1637962,223.7069632,2
-9051.680977,-2767.562007,11819.24298,-416.0505806,180.9651352,236.2946958,2
-8628.987408,-3802.893104,12431.88051,-424.739168,172.5093129,248.5466407,2
-8194.031577,-4832.820081,13026.85166,-432.8241777,163.8083455,260.4453873,2
-7747.431578,-5855.879357,13603.31093,-440.2941207,154.8745974,271.9740267,2
-7289.822054,-6870.617107,14160.43916,-447.1383816,145.720764,283.1161762,2
-6821.853295,-7875.591335,14697.44463,-453.3472343,136.3598534,293.856002,2
-6344.190309,-8869.373916,15213.56423,-458.9118559,126.805168,304.1782424,2
-5857.511881,-9850.552632,15708.06451,-463.8243386,117.0702856,314.0682289,2
-5362.509609,-10817.73317,16180.24278,-468.0777015,107.1690399,323.5119073,2
-4859.886917,-11769.54112,16629.42804,-471.6659004,97.11550105,332.4958575,2
-4350.358059,-12704.62391,17054.98197,-474.5838363,86.92395581,341.0073129,2
-3834.647105,-13621.65274,17456.29984,-476.8273626,76.60888686,349.0341783,2
-3313.486907,-14519.32445,17832.81135,-478.393291,66.1849525,356.565047,2
-2787.618064,-15396.3634,18183.98146,-479.2793965,55.66696569,363.5892172,2
-2257.787862,-16251.52328,18509.31114,-479.4844197,45.06987309,370.0967073,2
-1724.74922,-17083.58886,18808.33808,-479.0080693,34.40873372,376.0782697,2
-1189.259616,-17891.37772,19080.63733,-477.8510222,23.69869767,381.5254043,2
-652.0800079,-18673.74195,19325.82196,-476.0149226,12.95498446,386.4303704,2
-113.9737588,-19429.56978,19543.54354,-473.5023798,2.192861518,390.7861979,2
424.2944532,-20157.78712,19733.49267,-470.3169643,-8.572377604,394.5866967,2
961.9597196,-20857.35915,19895.39943,-466.4632026,-19.32543491,397.8264663,2
1498.257989,-21527.29172,20029.03373,-461.9465711,-30.05102971,400.5009027,2
2032.427151,-22166.63284,20134.20569,-456.7734883,-40.73392036,402.6062054,2
-11534.57858,-13447.49634,24982.07492,-230.7002091,84.33427441,268.9768181,2
-10897.79022,-13618.99011,24516.78032,-217.9679284,66.48370824,272.4035705,2
-10245.5155,-13771.13054,24016.64604,-204.9259034,48.53866508,275.4432225,2
-9578.681348,-13903.70145,23482.3828,-191.5926675,30.52464581,278.0914547,2
-8898.235364,-14016.51443,22914.7498,-177.9871679,12.46724936,280.3445036,2
-8205.1445,-14109.40918,22314.55368,-164.1287388,-5.607863735,282.1991677,2
-7500.393677,-14182.25369,21682.64737,-150.0370737,-23.67500775,283.6528113,2
-6784.984384,-14234.94444,21019.92883,-135.7321978,-41.70850828,284.7033687,2
-6059.933257,-14267.40656,20327.33981,-121.234439,-59.68273875,285.3493471,2
-5326.270633,-14279.59391,19605.86454,-106.5643995,-77.57215677,285.5898285,2
-4585.039088,-14271.48917,18856.52826,-91.74292605,-95.35134051,285.424471,2
-3837.29195,-14243.10387,18080.39582,-76.79108093,-112.9950248,284.8535098,2
-3084.091811,-14194.47834,17278.57015,-61.73011147,-130.4781369,283.8777562,2
-2326.509009,-14125.68167,16452.19068,-46.58142015,-147.7758325,282.4985967,2
-1565.62011,-14036.81165,15602.43176,-31.36653408,-164.8635306,280.7179913,2
-802.5063795,-13927.99454,14730.50092,-16.10707446,-181.7169485,278.5384702,2
-38.25224332,-13799.38499,13837.63723,-0.824725793,-198.3121367,275.9631307,2
726.0562514,-13651.16576,12925.10951,14.45879485,-214.6255126,272.9956325,2
1489.33298,-13483.54748,11994.2145,29.72176875,-230.6338938,269.6401926,2
2250.493286,-13296.76834,11046.27505,44.9425064,-246.3145316,265.9015793,2
3008.455517,-13091.09376,10082.63824,60.09937828,-261.645143,261.7851052,2
3762.142569,-12866.81602,9104.673451,75.17084566,-276.6039424,257.2966202,2
4510.483409,-12624.25383,8113.770423,90.13549116,-291.1696724,252.4425026,2
5252.414607,-12363.75189,7111.337282,104.9720492,-305.3216344,247.2296503,2
5986.881835,-12085.68038,6098.798543,119.6594362,-319.0397176,241.6654713,2
6712.841377,-11790.43445,5077.593076,134.1767806,-332.3044279,235.7578723,2
7429.261604,-11478.43368,4049.172073,148.5034524,-345.0969155,229.5152485,2
8135.124444,-11150.12142,3014.996974,162.6190928,-357.3990014,222.946471,2
8829.426827,-10805.96423,1976.537399,176.5036424,-369.1932038,216.0608744,2
9511.182111,-10446.45117,935.2690568,190.1373708,-380.4627625,208.8682435,2
10179.42148,-10072.09313,-107.3283541,203.5009035,-391.1916628,201.3787993,2
10833.19534,-9683.422098,-1149.773245,216.5752504,-401.3646583,193.6031848,2
11471.57464,-9280.990393,-2190.584246,229.3418319,-410.9672926,185.5524497,2
12093.6522,-8865.369893,-3228.282307,241.7825062,-419.98592,177.2380343,2
12698.54402,-8437.151217,-4261.392802,253.8795943,-428.4077244,168.671754,2
13285.39051,-7996.942887,-5288.447624,265.6159055,-436.2207379,159.8657819,2
13853.35774,-7545.370465,-6307.987273,276.9747621,-443.413858,150.8326318,2
14401.63858,-7083.075657,-7318.562927,287.9400223,-449.9768626,141.5851402,2
14929.45391,-6610.715412,-8318.738503,298.4961041,-455.9004255,132.1364485,2
15436.05367,-6128.960978,-9307.092696,308.6280065,-461.176129,122.4999836,2
15920.71796,-5638.496956,-10282.221,318.3213317,-465.796476,112.6894395,2
16382.75803,-5140.02032,-11242.73771,327.5623048,-469.7549007,102.7187575,2
16821.5173,-4634.239435,-12187.27787,336.3377939,-473.0457779,92.60210664,2
17236.37228,-4121.873041,-13114.49924,344.6353287,-475.6644313,82.35386306,2
17626.73343,-3603.649241,-14023.08419,352.4431178,-477.6071394,71.98859014,2
17992.04603,-3080.304458,-14911.74157,359.7500659,-478.8711417,61.5210175,2
18331.79095,-2552.582394,-15779.20855,366.5457895,-479.4546418,50.96602012,2
18645.48538,-2021.23297,-16624.25241,372.8206315,-479.3568107,40.33859724,2
18932.68357,-1487.011264,-17445.6723,378.565675,-478.5777873,29.65385101,2
19192.97737,-950.676433,-18242.30094,383.7727559,-477.1186787,18.92696503,2
19425.9969,-412.9906392,-19013.00626,388.4344747,-474.9815584,8.173182793,2
19631.41103,125.282037,-19756.69307,392.5442069,-472.1694633,-2.592213979,2
19808.92785,663.3766805,-20472.30453,396.0961123,-468.6863895,-13.35392707,2
19958.2951,1200.528629,-21158.82373,399.0851435,-464.5372867,-24.09666351,2
20079.30052,1735.974562,-21815.27508,401.5070528,-459.728051,-34.80515726,2
20171.77215,2268.953579,-22440.72573,403.3583986,-454.2655166,-45.46419099,2
20235.57859,2798.708289,-23034.28688,404.6365501,-448.1574461,-56.05861761,2
20270.62917,3324.485881,-23595.11505,405.3396909,-441.4125193,-66.57338186,2
20276.87408,3845.539197,-24122.41327,405.4668218,-434.0403211,-76.9935417,2
20254.30443,4361.127792,-24615.43222,405.0177622,-426.0513279,-87.3042895,2
20202.95231,4870.518985,-25073.4713,403.9931502,-417.4568925,-97.49097313,2
20122.8907,5372.988904,-25495.8796,402.3944418,-408.2692279,-107.5391168,2
20014.23335,5867.823512,-25882.05686,400.2239088,-398.5013905,-117.4344414,2
19877.13468,6354.319622,-26231.4543,397.4846358,-388.1672608,-127.1628853,2
19711.78952,6831.785896,-26543.57541,394.1805154,-377.2815241,-136.7106238,2
19518.43282,7299.543828,-26817.97665,390.3162429,-365.8596498,-146.064089,2
19297.33936,7756.928709,-27054.26807,385.8973097,-353.9178689,-155.2099891,2
19048.82333,8203.29057,-27252.1139,380.9299953,-341.4731513,-164.1353273,2
18773.23788,8637.995106,-27411.23299,375.4213585,-328.5431817,-172.8274203,2
18470.97463,9060.424579,-27531.39921,369.3792274,-315.1463342,-181.273916,2
18142.46311,9469.978692,-27612.4418,362.8121882,-301.3016466,-189.4628116,2
17788.17016,9866.075448,-27654.24561,355.7295731,-287.0287928,-197.3824702,2
17408.59925,10248.15197,-27656.75122,348.1414467,-272.3480555,-205.0216374,2
17004.28977,10615.66531,-27619.95507,340.0585923,-257.2802966,-212.3694577,2
16575.81626,10968.0932,-27543.90946,331.4924961,-241.8469283,-219.4154894,2
16123.7876,11304.93484,-27428.72244,322.4553309,-226.0698824,-226.1497197,2
15648.84617,11625.71154,-27274.55771,312.959939,-209.9715787,-232.5625788,2
15151.66686,11929.96748,-27081.63434,303.0198139,-193.574894,-238.6449538,2
14632.95621,12217.27027,-26850.22649,292.649081,-176.9031287,-244.3882013,2
14093.45133,12487.21166,-26580.66299,281.8624778,-159.9799744,-249.7841597,2
13533.91888,12739.40803,-26273.32692,270.6753326,-142.8294799,-254.8251612,2
12955.15399,12973.50101,-25928.65501,259.103543,-125.4760168,-259.5040422,2
12357.97912,13189.15794,-25547.13706,247.163553,-107.9442454,-263.8141538,2
11743.24289,13386.07235,-25129.31524,234.8723301,-90.25907933,-267.749371,2
11111.81886,13563.96442,-24675.78328,222.2473408,-72.44565019,-271.3041017,2
10464.60434,13722.58135,-24187.18568,209.3065258,-54.52927181,-274.4732944,2
9802.519032,13861.69774,-23664.21677,196.0682748,-36.53540435,-277.2524455,2
9126.503812,13981.1159,-23107.61972,182.5514001,-18.48961808,-279.6376058,2
8437.519332,14080.66614,-22518.18547,168.7751098,-0.417557058,-281.6253857,2
7736.544674,14160.20697,-21896.75165,154.7589809,17.65509734,-283.2129605,2
7024.575963,14219.62538,-21244.20134,140.522931,35.70266288,-284.3980742,2
6302.624946,14258.83692,-20561.46186,126.0871903,53.69949298,-285.1790427,2
5571.717553,14277.78587,-19849.50342,111.4722728,71.62001316,-285.5547562,2
4832.892445,14276.44531,-19109.33775,96.69894714,89.43875738,-285.5246807,2
4087.199533,14254.81713,-18342.01667,81.78820696,107.1304042,-285.0888591,2
3335.698486,14212.93209,-17548.63057,66.76124127,124.6698129,-284.2479105,2
2579.457229,14150.84969,-16730.30691,51.6394042,142.032059,-283.0030302,2
1819.550422,14068.65815,-15888.20857,36.4441847,159.1924697,-281.355987,2
1057.057935,13966.47429,-15023.53222,21.19717603,176.1266593,-279.3091216,2
293.0633102,13844.4433,-14137.50661,5.920045012,192.8105632,-276.8653427,2
-471.3477734,13702.73859,-13231.39082,-9.365498715,209.2204727,-274.0281229,2
-1235.089046,13541.56155,-12306.4725,-24.63773356,225.3330685,-270.8014942,2
-1997.07519,13361.14121,-11364.06602,-39.87495683,241.1254537,-267.1900417,2
-2756.22338,13161.73395,-10405.51057,-55.05551561,256.5751864,-263.1988976,2
-3511.454826,12943.62315,-9432.168323,-70.15783748,271.6603118,-258.8337334,2
-4261.696303,12707.11875,-8445.422449,-85.16046124,286.3593929,-254.1007524,2
-5005.881676,12452.55684,-7446.675168,-100.0420673,300.6515417,-249.0066802,2
-5742.953417,12180.29917,-6437.345754,-114.7815081,314.5164483,-243.558756,2
-6471.864107,11890.73263,-5418.868519,-129.3578382,327.9344097,-237.7647214,2
-7191.577925,11584.2687,-4392.690776,-143.7503436,340.8863584,-231.6328102,2
-7901.072116,11261.34289,-3360.270779,-157.938572,353.3538889,-225.171736,2
-8599.338452,10922.4141,-2323.075653,-171.902361,365.3192842,-218.3906805,2
-9285.384657,10567.96397,-1282.579309,-185.6218673,376.7655408,-211.2992799,2
-9958.235822,10198.49617,-240.2603502,-199.0775948,387.676393,-203.9076115,2
-10616.93579,9814.535758,802.4000319,-212.2504222,398.0363358,-196.2261791,2
-11260.54851,9416.628351,1843.92016,-225.12163,407.8306472,-188.2658987,2
-11888.15938,9005.3394,2882.819976,-237.6729278,417.0454089,-180.0380821,2
-12498.87652,8581.253369,3917.623147,-249.8864793,425.6675263,-171.5544215,2
-13091.83207,8144.972907,4946.859162,-261.7449284,433.6847468,-162.8269727,2
-13666.18341,7697.117993,5969.065419,-273.2314237,441.0856776,-153.8681379,2
-14221.11436,7238.325053,6982.789307,-284.3296421,447.8598015,-144.690648,2
-14755.83633,6769.246058,7986.59027,-295.0238126,453.9974921,-135.3075448,2
-15269.58944,6290.547593,8979.04185,-305.2987381,459.4900274,-125.7321622,2
-15761.64364,5802.909916,9958.733722,-315.1398174,464.3296023,-115.9781073,2
-16231.29967,5307.025986,10924.27369,-324.5330658,468.5093394,-106.0592411,2
-16677.89014,4803.600482,11874.28966,-333.4651349,472.023299,-95.989659,2
-17100.78042,4293.348799,12807.43162,-341.9233318,474.8664878,-85.78367031,2
-17499.36955,3776.996032,13722.37352,-349.895637,477.0348653,-75.45577833,2
-17873.09112,3255.275948,14617.81517,-357.3707213,478.5253501,-65.02065957,2
-18221.41405,2728.929938,15492.48411,-364.3379623,479.3358242,-54.49314288,2
-18543.84335,2198.705969,16345.13739,-370.787459,479.4651359,-43.88818846,2
-18839.92084,1665.357519,17174.56332,-376.7100465,478.9131014,-33.22086652,2
-19109.22577,1129.642504,17979.58327,-382.0973085,477.6805052,-22.50633592,2
-19351.37544,592.3222063,18759.05324,-386.9415892,475.7690988,-11.75982258,2
-19566.02575,54.16018581,19511.86557,-391.2360048,473.1815985,-0.996597883,2
-19752.87167,-484.0787992,20236.95047,-394.9744526,469.9216813,9.76804303,2
-19911.64767,-1021.629882,20933.27756,-398.1516201,465.9939796,20.51880302,2
-20042.12814,-1557.729172,21599.85731,-400.7629923,461.404075,31.24040467,2
-20144.12764,-2091.614845,22235.74249,-402.8048584,456.15849,41.91761199,2
-20217.50124,-2622.528218,22840.02946,-404.2743168,450.2646788,52.53525209,2
-20262.14466,-3149.714835,23411.85949,-405.1692792,443.7310168,63.07823673,2
-20277.99446,-3672.425535,23950.42,-405.4884739,436.5667888,73.53158374,2
-20265.02813,-4189.917517,24454.94564,-405.2314473,428.7821755,83.88043834,2
-20223.26408,-4701.455397,24924.71947,-404.3985647,420.3882393,94.11009426,2
-20152.76166,-5206.312252,25359.07391,-402.9910096,411.3969083,104.2060146,2
-20053.62107,-5703.770652,25757.39172,-401.0107821,401.8209599,114.1538524,2
-19925.98319,-6193.123682,26119.10687,-398.4606965,391.6740019,123.9394714,2
-19770.02939,-6673.675944,26443.70533,-395.3443763,380.9704537,133.5489657,2
-19585.9813,-7144.744548,26730.72585,-391.6662502,369.7255256,142.9686795,2
-19374.10046,-7605.660079,26979.76054,-387.4315449,357.9551973,152.185227,2
-19134.68796,-8055.76755,27190.45551,-382.6462782,345.6761951,161.185511,2
-18868.08402,-8494.427335,27362.51136,-377.3172502,332.9059681,169.9567416,2
-18574.6675,-8921.016074,27495.68358,-371.4520337,319.6626636,178.4864543,2
-18254.85537,-9334.927561,27589.78293,-365.0589636,305.9651008,186.762528,2
-17909.10208,-9735.573605,27644.67569,-358.1471246,291.832745,194.773202,2
-17537.89899,-10122.38487,27660.28385,-350.7263391,277.2856788,202.5070925,2
-17141.77357,-10494.81167,27636.58524,-342.8071522,262.3445745,209.9532094,2
-16721.28876,-10852.32476,27573.61353,-334.4008176,247.0306642,217.1009713,2
-16277.04209,-11194.41611,27471.4582,-325.5192811,231.3657099,223.9402209,2
-15809.66484,-11520.59958,27330.26443,-316.1751639,215.3719721,230.4612391,2
-15319.8212,-11830.41165,27150.23285,-306.3817445,199.0721791,236.6547593,2
-14808.20725,-12123.41206,26931.61931,-296.1529399,182.4894936,242.5119802,2
-14275.55003,-12399.18444,26674.73447,-285.5032858,165.6474805,248.0245782,2
-13722.60647,-12657.33689,26379.94337,-274.4479159,148.5700733,253.1847197,2
-13150.16234,-12897.50258,26047.66492,-263.0025404,131.2815398,257.985072,2
-12559.03111,-13119.34021,25678.37132,-251.183424,113.8064482,262.4188133,2
-11950.05281,-13322.53454,25272.58734,-239.0073621,96.1696313,266.4796431,2
-11324.09282,-13506.79682,24830.88964,-226.4916578,78.39615213,270.1617907,2
-10682.04069,-13671.8652,24353.90589,-213.6540964,60.51126774,273.4600237,2
-10024.80878,-13817.50511,23842.3139,-200.5129208,42.54039352,276.369655,2
-9353.33108,-13943.5096,23296.84068,-187.0868054,24.50906708,278.8865499,2
-8668.561781,-14049.69959,22718.26137,-173.3948294,6.442911915,281.0071318,2
-7971.473981,-14135.92419,22107.39817,-159.4564498,-11.63239898,282.7283871,2
-7263.058281,-14202.06087,21465.11915,-145.291474,-29.6911796,284.04787,2
-6544.321377,-14248.01564,20792.33702,-130.920031,-47.70776744,284.9637053,2
-5816.284635,-14273.72321,20090.00784,-116.3625434,-65.65655992,285.4745915,2
-5079.982633,-14279.14703,19359.12966,-101.6396983,-83.51205084,285.5798028,2
-4336.461699,-14264.2794,18600.7411,-86.77241769,-101.2488666,285.2791895,2
-3586.778415,-14229.14145,17815.91987,-71.78182869,-118.8418021,284.5731789,2
-2831.998123,-14173.78311,17005.78124,-56.68923378,-136.2658569,283.4627742,2
-2073.193406,-14098.28305,16171.47646,-41.51608036,-153.4962706,281.9495534,2
-1311.442569,-14002.74856,15314.19113,-26.28393033,-170.5085576,280.0356669,2
-547.8280991,-13887.3154,14435.1435,-11.01442939,-187.2785426,277.7238343,2
216.5648641,-13752.1476,13535.58274,4.270723659,-203.7823945,275.017341,2
980.6500767,-13597.43725,12616.78717,19.54980777,-219.9966605,271.920033,2
1743.341732,-13423.4042,11680.06247,34.80111054,-235.8982993,268.4363118,2
2503.556003,-13230.29575,10726.73975,50.00295903,-251.4647136,264.5711279,2
3260.212584,-13018.38633,9758.173746,65.13375057,-266.6737828,260.3299739,2
4012.236225,-12787.97707,8775.740846,80.17198349,-281.503894,255.7188768,2
4758.558258,-12539.3954,7780.837138,95.09628764,-295.9339728,250.7443891,2
5498.11812,-12272.99455,6774.876434,109.8854548,-309.9435131,245.41358,2
6229.864855,-11989.15312,5759.28826,124.5184686,-323.5126068,239.7340247,2
6952.758612,-11688.27443,4735.515823,138.9745349,-336.6219714,233.7137943,2
7665.772117,-11370.78608,3705.013958,153.2331108,-349.2529777,227.3614438,2
8367.892142,-11037.13921,2669.247066,167.2739341,-361.3876765,220.6860002,2
9058.120933,-10687.80796,1629.687027,181.077052,-373.0088235,213.6969498,2
9735.477639,-10323.28875,587.8111146,194.6228494,-384.0999047,206.4042243,2
10398.9997,-9944.099589,-454.90011,207.8920771,-394.6451588,198.8181871,2
11047.74421,-9550.779314,-1496.964897,220.8658788,-404.6296006,190.9496183,2
11680.78927,-9143.88686,-2536.902414,233.5258181,-414.0390416,182.8096998,2
12297.2353,-8724.000441,-3573.234855,245.8539043,-422.8601104,174.4099986,2
12896.20627,-8291.716741,-4604.489533,257.8326187,-431.0802719,165.7624513,2
13476.85104,-7847.650058,-5629.200979,269.4449388,-438.6878447,156.8793464,2
14038.34446,-7392.431434,-6645.913023,280.674363,-445.6720181,147.7733075,2
14579.88862,-6926.707761,-7653.180861,291.5049335,-452.0228672,138.4572745,2
15100.71397,-6451.140857,-8649.573111,301.9212595,-457.731367,128.9444862,2
15600.08037,-5966.406529,-9633.673843,311.908539,-462.7894056,119.2484608,2
16077.27821,-5473.193611,-10604.0846,321.4525793,-467.189795,109.3829767,2
16531.62935,-4972.202985,-11559.42637,330.5398179,-470.9262822,99.36205348,2
16962.48815,-4464.146587,-12498.34156,339.1573413,-473.9935574,89.19993133,2
17369.24232,-3949.746392,-13419.49593,347.2929036,-476.3872618,78.91105118,2
17751.31385,-3429.733392,-14321.58045,354.9349437,-478.1039938,68.51003412,2
18108.15978,-2904.846552,-15203.31323,362.0726018,-479.1413139,58.01166055,2
18439.27304,-2375.831767,-16063.44127,368.6957349,-479.497748,47.43084923,2
18744.18307,-1843.440795,-16900.74228,374.7949313,-479.1727895,36.78263608,2
19022.4566,-1308.430192,-17714.02641,380.3615235,-478.1669003,26.0821528,2
19273.69818,-771.5602388,-18502.13794,385.3876011,-476.4815098,15.34460535,2
19497.55077,-233.5938561,-19263.95692,389.8660219,-474.1190129,4.58525237,2
19693.69628,304.7044763,-19998.40076,393.7904218,-471.082767,-6.1806165,2
19861.85597,842.5698069,-20704.42578,397.1552239,-467.3770867,-16.93770238,2
20001.79088,1379.2378,-21381.02868,399.9556467,-463.007238,-27.67071885,2
20113.30214,1913.94582,-22027.24796,402.1877107,-457.9794306,-38.36441372,2
20196.2313,2445.934019,-22642.16532,403.8482439,-452.3008095,-49.00359066,2
20250.46052,2974.446412,-23224.90693,404.9348866,-445.9794441,-59.57313081,2
20275.91272,3498.731953,-23774.64467,405.4460947,-439.0243176,-70.05801429,2
20272.55174,4018.045605,-24290.59734,405.3811418,-431.4453134,-80.44334149,2
20240.38235,4531.649394,-24772.03174,404.74012,-423.2532019,-90.7143543,2
20179.45027,5038.813462,-25218.26373,403.5239404,-414.4596244,-100.8564571,2
20089.84209,5538.8171,-25628.65919,401.7343312,-405.0770771,-110.8552373,2
19971.68515,6030.949776,-26002.63492,399.3738355,-395.1188931,-120.6964861,2
19825.14735,6514.512142,-26339.65949,396.4458078,-384.5992236,-130.3662187,2
19650.43692,6988.81703,-26639.25395,392.9544088,-373.5330175,-139.8506937,2
19447.80216,7453.190426,-26900.99258,388.9046002,-361.9360005,-149.1364332,2
19217.531,7906.972431,-27124.50343,384.3021368,-349.8246527,-158.2102417,2
18959.95067,8349.518196,-27309.46887,379.1535591,-337.2161849,-167.0592247,2
18675.42723,8780.198838,-27455.62606,373.4661834,-324.1285144,-175.6708075,2
18364.36497,9198.402337,-27562.76731,367.2480918,-310.5802396,-184.0327525,2
18027.20595,9603.534403,-27630.74035,360.5081206,-296.5906133,-192.1331768,2
17664.42928,9995.019322,-27659.44861,353.2558477,-282.1795155,-199.9605694,2
17276.5505,10372.30077,-27648.85127,345.5015788,-267.3674252,-207.5038071,2
16864.12079,10734.84261,-27598.9634,337.2563333,-252.1753911,-214.7521705,2
16427.72624,11082.12966,-27509.85589,328.5318281,-236.625002,-221.6953593,2
15967.98699,11413.66839,-27381.65538,319.3404612,-220.7383558,-228.3235069,2
15485.55636,11728.98767,-27214.54403,309.695294,-204.5380284,-234.6271943,2
14981.1199,12027.63942,-27008.75932,299.6100328,-188.0470412,-240.5974636,2
14455.39446,12309.19924,-26764.5937,289.0990095,-171.2888288,-246.2258307,2
13909.12711,12573.26701,-26482.39412,278.1771605,-154.2872057,-251.5042975,2
13343.09413,12819.46748,-26162.5616,266.8600067,-137.066332,-256.4253629,2
12758.09988,13047.45078,-25805.55066,255.1636301,-119.6506796,-260.9820338,2
12154.97567,13256.89295,-25411.86862,243.1046521,-102.064997,-265.167835,2
11534.57858,13447.49634,-24982.07492,230.7002091,-84.33427441,-268.9768181,2
10897.79022,13618.99011,-24516.78032,217.9679284,-66.48370824,-272.4035705,2
10245.5155,13771.13054,-24016.64604,204.9259034,-48.53866508,-275.4432225,2
9578.681348,13903.70145,-23482.3828,191.5926675,-30.52464581,-278.0914547,2
8898.235364,14016.51443,-22914.7498,177.9871679,-12.46724936,-280.3445036,2
8205.1445,14109.40918,-22314.55368,164.1287388,5.607863735,-282.1991677,2
7500.393677,14182.25369,-21682.64737,150.0370737,23.67500775,-283.6528113,2
6784.984384,14234.94444,-21019.92883,135.7321978,41.70850828,-284.7033687,2
6059.933257,14267.40656,-20327.33981,121.234439,59.68273875,-285.3493471,2
5326.270633,14279.59391,-19605.86454,106.5643995,77.57215677,-285.5898285,2
4585.039088,14271.48917,-18856.52826,91.74292605,95.35134051,-285.424471,2
3837.29195,14243.10387,-18080.39582,76.79108093,112.9950248,-284.8535098,2
3084.091811,14194.47834,-17278.57015,61.73011147,130.4781369,-283.8777562,2
2326.509009,14125.68167,-16452.19068,46.58142015,147.7758325,-282.4985967,2
1565.62011,14036.81165,-15602.43176,31.36653408,164.8635306,-280.7179913,2
802.5063795,13927.99454,-14730.50092,16.10707446,181.7169485,-278.5384702,2
38.25224332,13799.38499,-13837.63723,0.824725793,198.3121367,-275.9631307,2
-726.0562514,13651.16576,-12925.10951,-14.45879485,214.6255126,-272.9956325,2
-1489.33298,13483.54748,-11994.2145,-29.72176875,230.6338938,-269.6401926,2
-2250.493286,13296.76834,-11046.27505,-44.9425064,246.3145316,-265.9015793,2
-3008.455517,13091.09376,-10082.63824,-60.09937828,261.645143,-261.7851052,2
-3762.142569,12866.81602,-9104.673451,-75.17084566,276.6039424,-257.2966202,2
-4510.483409,12624.25383,-8113.770423,-90.13549116,291.1696724,-252.4425026,2
-5252.414607,12363.75189,-7111.337282,-104.9720492,305.3216344,-247.2296503,2
-5986.881835,12085.68038,-6098.798543,-119.6594362,319.0397176,-241.6654713,2
-6712.841377,11790.43445,-5077.593076,-134.1767806,332.3044279,-235.7578723,2
-7429.261604,11478.43368,-4049.172073,-148.5034524,345.0969155,-229.5152485,2
-8135.124444,11150.12142,-3014.996974,-162.6190928,357.3990014,-222.946471,2
-8829.426827,10805.96423,-1976.537399,-176.5036424,369.1932038,-216.0608744,2
-9511.182111,10446.45117,-935.2690568,-190.1373708,380.4627625,-208.8682435,2
-10179.42148,10072.09313,107.3283541,-203.5009035,391.1916628,-201.3787993,2
-10833.19534,9683.422098,1149.773245,-216.5752504,401.3646583,-193.6031848,2
-11471.57464,9280.990393,2190.584246,-229.3418319,410.9672926,-185.5524497,2
-12093.6522,8865.369893,3228.282307,-241.7825062,419.98592,-177.2380343,2
-12698.54402,8437.151217,4261.392802,-253.8795943,428.4077244,-168.671754,2
-13285.39051,7996.942887,5288.447624,-265.6159055,436.2207379,-159.8657819,2
-13853.35774,7545.370465,6307.987273,-276.9747621,443.413858,-150.8326318,2
-14401.63858,7083.075657,7318.562927,-287.9400223,449.9768626,-141.5851402,2
-14929.45391,6610.715412,8318.738503,-298.4961041,455.9004255,-132.1364485,2
-15436.05367,6128.960978,9307.092696,-308.6280065,461.176129,-122.4999836,2
-15920.71796,5638.496956,10282.221,-318.3213317,465.796476,-112.6894395,2
-16382.75803,5140.02032,11242.73771,-327.5623048,469.7549007,-102.7187575,2
-16821.5173,4634.239435,12187.27787,-336.3377939,473.0457779,-92.60210664,2
-17236.37228,4121.873041,13114.49924,-344.6353287,475.6644313,-82.35386306,2
-17626.73343,3603.649241,14023.08419,-352.4431178,477.6071394,-71.98859014,2
-17992.04603,3080.304458,14911.74157,-359.7500659,478.8711417,-61.5210175,2
-18331.79095,2552.582394,15779.20855,-366.5457895,479.4546418,-50.96602012,2
-18645.48538,2021.23297,16624.25241,-372.8206315,479.3568107,-40.33859724,2
-18932.68357,1487.011264,17445.6723,-378.565675,478.5777873,-29.65385101,2
-19192.97737,950.676433,18242.30094,-383.7727559,477.1186787,-18.92696503,2
-19425.9969,412.9906392,19013.00626,-388.4344747,474.9815584,-8.173182793,2
-19631.41103,-125.282037,19756.69307,-392.5442069,472.1694633,2.592213979,2
-19808.92785,-663.3766805,20472.30453,-396.0961123,468.6863895,13.35392707,2
-19958.2951,-1200.528629,21158.82373,-399.0851435,464.5372867,24.09666351,2
-20079.30052,-1735.974562,21815.27508,-401.5070528,459.728051,34.80515726,2
-20171.77215,-2268.953579,22440.72573,-403.3583986,454.2655166,45.46419099,2
-20235.57859,-2798.708289,23034.28688,-404.6365501,448.1574461,56.05861761,2
-20270.62917,-3324.485881,23595.11505,-405.3396909,441.4125193,66.57338186,2
-20276.87408,-3845.539197,24122.41327,-405.4668218,434.0403211,76.9935417,2
-20254.30443,-4361.127792,24615.43222,-405.0177622,426.0513279,87.3042895,2
-20202.95231,-4870.518985,25073.4713,-403.9931502,417.4568925,97.49097313,2
-20122.8907,-5372.988904,25495.8796,-402.3944418,408.2692279,107.5391168,2
-20014.23335,-5867.823512,25882.05686,-400.2239088,398.5013905,117.4344414,2
-19877.13468,-6354.319622,26231.4543,-397.4846358,388.1672608,127.1628853,2
-19711.78952,-6831.785896,26543.57541,-394.1805154,377.2815241,136.7106238,2
-19518.43282,-7299.543828,26817.97665,-390.3162429,365.8596498,146.064089,2
-19297.33936,-7756.928709,27054.26807,-385.8973097,353.9178689,155.2099891,2
-19048.82333,-8203.29057,27252.1139,-380.9299953,341.4731513,164.1353273,2
-18773.23788,-8637.995106,27411.23299,-375.4213585,328.5431817,172.8274203,2
-18470.97463,-9060.424579,27531.39921,-369.3792274,315.1463342,181.273916,2
-18142.46311,-9469.978692,27612.4418,-362.8121882,301.3016466,189.4628116,2
-17788.17016,-9866.075448,27654.24561,-355.7295731,287.0287928,197.3824702,2
-17408.59925,-10248.15197,27656.75122,-348.1414467,272.3480555,205.0216374,2
-17004.28977,-10615.66531,27619.95507,-340.0585923,257.2802966,212.3694577,2
-16575.81626,-10968.0932,27543.90946,-331.4924961,241.8469283,219.4154894,2
-16123.7876,-11304.93484,27428.72244,-322.4553309,226.0698824,226.1497197,2
-15648.84617,-11625.71154,27274.55771,-312.959939,209.9715787,232.5625788,2
-15151.66686,-11929.96748,27081.63434,-303.0198139,193.574894,238.6449538,2
-14632.95621,-12217.27027,26850.22649,-292.649081,176.9031287,244.3882013,2
-14093.45133,-12487.21166,26580.66299,-281.8624778,159.9799744,249.7841597,2
-13533.91888,-12739.40803,26273.32692,-270.6753326,142.8294799,254.8251612,2
-12955.15399,-12973.50101,25928.65501,-259.103543,125.4760168,259.5040422,2
-12357.97912,-13189.15794,25547.13706,-247.163553,107.9442454,263.8141538,2
-11743.24289,-13386.07235,25129.31524,-234.8723301,90.25907933,267.749371,2
-11111.81886,-13563.96442,24675.78328,-222.2473408,72.44565019,271.3041017,2
-10464.60434,-13722.58135,24187.18568,-209.3065258,54.52927181,274.4732944,2
-9802.519032,-13861.69774,23664.21677,-196.0682748,36.53540435,277.2524455,2
-9126.503812,-13981.1159,23107.61972,-182.5514001,18.48961808,279.6376058,2
-8437.519332,-14080.66614,22518.18547,-168.7751098,0.417557058,281.6253857,2
-7736.544674,-14160.20697,21896.75165,-154.7589809,-17.65509734,283.2129605,2
-7024.575963,-14219.62538,21244.20134,-140.522931,-35.70266288,284.3980742,2
-6302.624946,-14258.83692,20561.46186,-126.0871903,-53.69949298,285.1790427,2
-5571.717553,-14277.78587,19849.50342,-111.4722728,-71.62001316,285.5547562,2
-4832.892445,-14276.44531,19109.33775,-96.69894714,-89.43875738,285.5246807,2
-4087.199533,-14254.81713,18342.01667,-81.78820696,-107.1304042,285.0888591,2
-3335.698486,-14212.93209,17548.63057,-66.76124127,-124.6698129,284.2479105,2
-2579.457229,-14150.84969,16730.30691,-51.6394042,-142.032059,283.0030302,2
-1819.550422,-14068.65815,15888.20857,-36.4441847,-159.1924697,281.355987,2
-1057.057935,-13966.47429,15023.53222,-21.19717603,-176.1266593,279.3091216,2
-293.0633102,-13844.4433,14137.50661,-5.920045012,-192.8105632,276.8653426,2
471.3477734,-13702.73859,13231.39082,9.365498715,-209.2204727,274.0281229,2
1235.089046,-13541.56155,12306.4725,24.63773356,-225.3330685,270.8014942,2
1997.07519,-13361.14121,11364.06602,39.87495683,-241.1254537,267.1900417,2
2756.22338,-13161.73395,10405.51057,55.05551561,-256.5751864,263.1988976,2
3511.454826,-12943.62315,9432.168323,70.15783748,-271.6603118,258.8337334,2
4261.696303,-12707.11875,8445.422449,85.16046124,-286.3593929,254.1007524,2
5005.881676,-12452.55684,7446.675168,100.0420673,-300.6515417,249.0066802,2
5742.953417,-12180.29917,6437.345754,114.7815081,-314.5164483,243.558756,2
6471.864107,-11890.73263,5418.868519,129.3578382,-327.9344097,237.7647214,2
7191.577925,-11584.2687,4392.690776,143.7503436,-340.8863584,231.6328102,2
7901.072116,-11261.34289,3360.270779,157.938572,-353.3538889,225.171736,2
8599.338452,-10922.4141,2323.075653,171.902361,-365.3192842,218.3906805,2
9285.384657,-10567.96397,1282.579309,185.6218673,-376.7655408,211.2992799,2
9958.235822,-10198.49617,240.2603502,199.0775948,-387.676393,203.9076115,2
10616.93579,-9814.535758,-802.4000319,212.2504222,-398.0363358,196.2261791,2
11260.54851,-9416.628351,-1843.92016,225.12163,-407.8306472,188.2658987,2
11888.15938,-9005.3394,-2882.819976,237.6729278,-417.0454089,180.0380821,2
12498.87652,-8581.253369,-3917.623147,249.8864793,-425.6675263,171.5544215,2
13091.83207,-8144.972907,-4946.859162,261.7449284,-433.6847468,162.8269727,2
13666.18341,-7697.117993,-5969.065419,273.2314237,-441.0856776,153.8681379,2
14221.11436,-7238.325053,-6982.789307,284.3296421,-447.8598015,144.690648,2
14755.83633,-6769.246058,-7986.59027,295.0238126,-453.9974921,135.3075448,2
15269.58944,-6290.547593,-8979.04185,305.2987381,-459.4900274,125.7321622,2
15761.64364,-5802.909916,-9958.733722,315.1398174,-464.3296023,115.9781073,2
16231.29967,-5307.025986,-10924.27369,324.5330658,-468.5093394,106.0592411,2
16677.89014,-4803.600482,-11874.28966,333.4651349,-472.023299,95.989659,2
17100.78042,-4293.348799,-12807.43162,341.9233318,-474.8664878,85.78367031,2
17499.36955,-3776.996032,-13722.37352,349.895637,-477.0348653,75.45577833,2
17873.09112,-3255.275948,-14617.81517,357.3707213,-478.5253501,65.02065957,2
18221.41405,-2728.929938,-15492.48411,364.3379623,-479.3358242,54.49314288,2
18543.84335,-2198.705969,-16345.13739,370.787459,-479.4651359,43.88818846,2
18839.92084,-1665.357519,-17174.56332,376.7100465,-478.9131014,33.22086652,2
19109.22577,-1129.642504,-17979.58327,382.0973085,-477.6805052,22.50633592,2
19351.37544,-592.3222063,-18759.05324,386.9415892,-475.7690988,11.75982258,2
19566.02575,-54.16018581,-19511.86557,391.2360048,-473.1815985,0.996597883,2
19752.87167,484.0787992,-20236.95047,394.9744526,-469.9216813,-9.76804303,2
19911.64767,1021.629882,-20933.27756,398.1516201,-465.9939796,-20.51880302,2
20042.12814,1557.729172,-21599.85731,400.7629923,-461.404075,-31.24040467,2
20144.12764,2091.614845,-22235.74249,402.8048584,-456.15849,-41.91761199,2
20217.50124,2622.528218,-22840.02946,404.2743168,-450.2646788,-52.53525209,2
20262.14466,3149.714835,-23411.85949,405.1692792,-443.7310168,-63.07823673,2
20277.99446,3672.425535,-23950.42,405.4884739,-436.5667888,-73.53158374,2
20265.02813,4189.917517,-24454.94564,405.2314473,-428.7821755,-83.88043834,2
20223.26408,4701.455397,-24924.71947,404.3985647,-420.3882393,-94.11009426,2
20152.76166,5206.312252,-25359.07391,402.9910096,-411.3969083,-104.2060146,2
20053.62107,5703.770652,-25757.39172,401.0107821,-401.8209599,-114.1538524,2
19925.98319,6193.123682,-26119.10687,398.4606965,-391.6740019,-123.9394714,2
19770.02939,6673.675944,-26443.70533,395.3443763,-380.9704537,-133.5489657,2
19585.9813,7144.744548,-26730.72585,391.6662502,-369.7255256,-142.9686795,2
19374.10046,7605.660079,-26979.76054,387.4315449,-357.9551973,-152.185227,2
19134.68796,8055.76755,-27190.45551,382.6462782,-345.6761951,-161.185511,2
18868.08402,8494.427335,-27362.51136,377.3172502,-332.9059681,-169.9567416,2
18574.6675,8921.016074,-27495.68358,371.4520337,-319.6626636,-178.4864543,2
18254.85537,9334.927561,-27589.78293,365.0589636,-305.9651008,-186.762528,2
17909.10208,9735.573605,-27644.67569,358.1471246,-291.832745,-194.773202,2
17537.89899,10122.38487,-27660.28385,350.7263391,-277.2856788,-202.5070925,2
17141.77357,10494.81167,-27636.58524,342.8071522,-262.3445745,-209.9532094,2
16721.28876,10852.32476,-27573.61353,334.4008176,-247.0306642,-217.1009713,2
16277.04209,11194.41611,-27471.4582,325.5192811,-231.3657099,-223.9402209,2
15809.66484,11520.59958,-27330.26443,316.1751639,-215.3719721,-230.4612391,2
15319.8212,11830.41165,-27150.23285,306.3817445,-199.0721791,-236.6547593,2
14808.20725,12123.41206,-26931.61931,296.1529399,-182.4894936,-242.5119802,2
14275.55003,12399.18444,-26674.73447,285.5032858,-165.6474805,-248.0245782,2
13722.60647,12657.33689,-26379.94337,274.4479159,-148.5700733,-253.1847197,2
13150.16234,12897.50258,-26047.66492,263.0025404,-131.2815398,-257.985072,2
12559.03111,13119.34021,-25678.37132,251.183424,-113.8064482,-262.4188133,2
11950.05281,13322.53454,-25272.58734,239.0073621,-96.1696313,-266.4796431,2
11324.09282,13506.79682,-24830.88964,226.4916578,-78.39615213,-270.1617907,2
10682.04069,13671.8652,-24353.90589,213.6540964,-60.51126774,-273.4600237,2
10024.80878,13817.50511,-23842.3139,200.5129208,-42.54039352,-276.369655,2
9353.33108,13943.5096,-23296.84068,187.0868054,-24.50906708,-278.8865499,2
8668.561781,14049.69959,-22718.26137,173.3948294,-6.442911915,-281.0071318,2
7971.473981,14135.92419,-22107.39817,159.4564498,11.63239898,-282.7283871,2
7263.058281,14202.06087,-21465.11915,145.291474,29.6911796,-284.04787,2
6544.321377,14248.01564,-20792.33702,130.920031,47.70776744,-284.9637053,2
5816.284635,14273.72321,-20090.00784,116.3625434,65.65655992,-285.4745915,2
5079.982633,14279.14703,-19359.12966,101.6396983,83.51205084,-285.5798028,2
4336.461699,14264.2794,-18600.7411,86.77241769,101.2488666,-285.2791895,2
3586.778415,14229.14145,-17815.91987,71.78182869,118.8418021,-284.5731789,2
2831.998123,14173.78311,-17005.78124,56.68923378,136.2658569,-283.4627742,2
2073.193406,14098.28305,-16171.47646,41.51608036,153.4962706,-281.9495534,2
1311.442569,14002.74856,-15314.19113,26.28393033,170.5085576,-280.0356669,2
547.8280991,13887.3154,-14435.1435,11.01442939,187.2785426,-277.7238343,2
-216.5648641,13752.1476,-13535.58274,-4.270723659,203.7823945,-275.017341,2
-980.6500767,13597.43725,-12616.78717,-19.54980777,219.9966605,-271.920033,2
-1743.341732,13423.4042,-11680.06247,-34.80111054,235.8982993,-268.4363118,2
-2503.556003,13230.29575,-10726.73975,-50.00295903,251.4647136,-264.5711279,2
-3260.212584,13018.38633,-9758.173746,-65.13375057,266.6737828,-260.3299739,2
-4012.236225,12787.97707,-8775.740846,-80.17198349,281.503894,-255.7188768,2
-4758.558258,12539.3954,-7780.837138,-95.09628764,295.9339728,-250.7443891,2
-5498.11812,12272.99455,-6774.876434,-109.8854548,309.9435131,-245.41358,2
-6229.864855,11989.15312,-5759.28826,-124.5184686,323.5126068,-239.7340247,2
-6952.758612,11688.27443,-4735.515823,-138.9745349,336.6219714,-233.7137943,2
-7665.772117,11370.78608,-3705.013958,-153.2331108,349.2529777,-227.3614438,2
-8367.892142,11037.13921,-2669.247066,-167.2739341,361.3876765,-220.6860002,2
-9058.120933,10687.80796,-1629.687027,-181.077052,373.0088235,-213.6969498,2
-9735.477639,10323.28875,-587.8111146,-194.6228494,384.0999047,-206.4042243,2
-10398.9997,9944.099589,454.90011,-207.8920771,394.6451588,-198.8181871,2
-11047.74421,9550.779314,1496.964897,-220.8658788,404.6296006,-190.9496183,2
-11680.78927,9143.88686,2536.902414,-233.5258181,414.0390416,-182.8096998,2
-12297.2353,8724.000441,3573.234855,-245.8539043,422.8601104,-174.4099986,2
-12896.20627,8291.716741,4604.489533,-257.8326187,431.0802719,-165.7624513,2
-13476.85104,7847.650058,5629.200979,-269.4449388,438.6878447,-156.8793464,2
-14038.34446,7392.431434,6645.913023,-280.674363,445.6720181,-147.7733075,2
-14579.88862,6926.707761,7653.180861,-291.5049335,452.0228672,-138.4572745,2
-15100.71397,6451.140857,8649.573111,-301.9212595,457.731367,-128.9444862,2
-15600.08037,5966.406529,9633.673843,-311.908539,462.7894056,-119.2484608,2
-16077.27821,5473.193611,10604.0846,-321.4525793,467.189795,-109.3829767,2
-16531.62935,4972.202985,11559.42637,-330.5398179,470.9262822,-99.36205348,2
-16962.48815,4464.146587,12498.34156,-339.1573413,473.9935574,-89.19993133,2
-17369.24232,3949.746392,13419.49593,-347.2929036,476.3872618,-78.91105118,2
-17751.31385,3429.733392,14321.58045,-354.9349437,478.1039938,-68.51003412,2
-18108.15978,2904.846552,15203.31323,-362.0726018,479.1413139,-58.01166055,2
-18439.27304,2375.831767,16063.44127,-368.6957349,479.497748,-47.43084923,2
-18744.18307,1843.440795,16900.74228,-374.7949313,479.1727895,-36.78263608,2
-19022.4566,1308.430192,17714.02641,-380.3615235,478.1669003,-26.0821528,2
-19273.69818,771.5602388,18502.13794,-385.3876011,476.4815098,-15.34460535,2
-19497.55077,233.5938561,19263.95692,-389.8660219,474.1190129,-4.58525237,2
-19693.69628,-304.7044763,19998.40076,-393.7904218,471.082767,6.1806165,2
-19861.85597,-842.5698069,20704.42578,-397.1552239,467.3770867,16.93770238,2
-20001.79088,-1379.2378,21381.02868,-399.9556467,463.007238,27.67071885,2
-20113.30214,-1913.94582,22027.24796,-402.1877107,457.9794306,38.36441372,2
-20196.2313,-2445.934019,22642.16532,-403.8482439,452.3008095,49.00359066,2
-20250.46052,-2974.446412,23224.90693,-404.9348866,445.9794441,59.57313081,2
-20275.91272,-3498.731953,23774.64467,-405.4460947,439.0243176,70.05801429,2
-20272.55174,-4018.045605,24290.59734,-405.3811418,431.4453134,80.44334149,2
-20240.38235,-4531.649394,24772.03174,-404.74012,423.2532019,90.7143543,2
-20179.45027,-5038.813462,25218.26373,-403.5239404,414.4596244,100.8564571,2
-20089.84209,-5538.8171,25628.65919,-401.7343312,405.0770771,110.8552373,2
-19971.68515,-6030.949776,26002.63492,-399.3738355,395.1188931,120.6964861,2
-19825.14735,-6514.512142,26339.65949,-396.4458078,384.5992236,130.3662187,2
-19650.43692,-6988.81703,26639.25395,-392.9544088,373.5330175,139.8506937,2
-19447.80216,-7453.190426,26900.99258,-388.9046002,361.9360005,149.1364332,2
-19217.531,-7906.972431,27124.50343,-384.3021368,349.8246527,158.2102417,2
-18959.95067,-8349.518196,27309.46887,-379.1535591,337.2161849,167.0592247,2
-18675.42723,-8780.198838,27455.62606,-373.4661834,324.1285144,175.6708075,2
-18364.36497,-9198.402337,27562.76731,-367.2480918,310.5802396,184.0327525,2
-18027.20595,-9603.534403,27630.74035,-360.5081206,296.5906133,192.1331768,2
-17664.42928,-9995.019322,27659.44861,-353.2558477,282.1795155,199.9605694,2
-17276.5505,-10372.30077,27648.85127,-345.5015788,267.3674252,207.5038071,2
-16864.12079,-10734.84261,27598.9634,-337.2563333,252.1753911,214.7521705,2
-16427.72624,-11082.12966,27509.85589,-328.5318281,236.625002,221.6953593,2
-15967.98699,-11413.66839,27381.65538,-319.3404612,220.7383558,228.3235069,2
-15485.55636,-11728.98767,27214.54403,-309.695294,204.5380284,234.6271943,2
-14981.1199,-12027.63942,27008.75932,-299.6100328,188.0470412,240.5974636,2
-14455.39446,-12309.19924,26764.5937,-289.0990095,171.2888288,246.2258307,2
-13909.12711,-12573.26701,26482.39412,-278.1771605,154.2872057,251.5042975,2
-13343.09413,-12819.46748,26162.5616,-266.8600067,137.066332,256.4253629,2
-12758.09988,-13047.45078,25805.55066,-255.1636301,119.6506796,260.9820338,2
-12154.97567,-13256.89295,25411.86862,-243.1046521,102.064997,265.167835,2
-11534.57858,-13447.49634,24982.07492,-230.7002091,84.33427441,268.9768181,2
-10897.79022,-13618.99011,24516.78032,-217.9679284,66.48370824,272.4035705,2
-10245.5155,-13771.13054,24016.64604,-204.9259034,48.53866508,275.4432225,2
-9578.681348,-13903.70145,23482.3828,-191.5926675,30.52464581,278.0914547,2
-8898.235364,-14016.51443,22914.7498,-177.9871679,12.46724936,280.3445036,2
-8205.1445,-14109.40918,22314.55368,-164.1287388,-5.607863735,282.1991677,2
-7500.393677,-14182.25369,21682.64737,-150.0370737,-23.67500775,283.6528113,2
-6784.984384,-14234.94444,21019.92883,-135.7321978,-41.70850828,284.7033687,2
-6059.933257,-14267.40656,20327.33981,-121.234439,-59.68273875,285.3493471,2
-5326.270633,-14279.59391,19605.86454,-106.5643995,-77.57215677,285.5898285,2
-4585.039088,-14271.48917,18856.52826,-91.74292605,-95.35134051,285.424471,2
-3837.29195,-14243.10387,18080.39582,-76.79108093,-112.9950248,284.8535098,2
-3084.091811,-14194.47834,17278.57015,-61.73011147,-130.4781369,283.8777562,2
-2326.509009,-14125.68167,16452.19068,-46.58142015,-147.7758325,282.4985967,2
-1565.62011,-14036.81165,15602.43176,-31.36653408,-164.8635306,280.7179913,2
-802.5063795,-13927.99454,14730.50092,-16.10707446,-181.7169485,278.5384702,2
-38.25224332,-13799.38499,13837.63723,-0.824725793,-198.3121367,275.9631307,2
726.0562514,-13651.16576,12925.10951,14.45879485,-214.6255126,272.9956325,2
1489.33298,-13483.54748,11994.2145,29.72176875,-230.6338938,269.6401926,2
2250.493286,-13296.76834,11046.27505,44.9425064,-246.3145316,265.9015793,2
3008.455517,-13091.09376,10082.63824,60.09937828,-261.645143,261.7851052,2
3762.142569,-12866.81602,9104.673451,75.17084566,-276.6039424,257.2966202,2
4510.483409,-12624.25383,8113.770423,90.13549116,-291.1696724,252.4425026,2
5252.414607,-12363.75189,7111.337282,104.9720492,-305.3216344,247.2296503,2
5986.881835,-12085.68038,6098.798543,119.6594362,-319.0397176,241.6654713,2
6712.841377,-11790.43445,5077.593076,134.1767806,-332.3044279,235.7578723,2
7429.261604,-11478.43368,4049.172073,148.5034524,-345.0969155,229.5152485,2
8135.124444,-11150.12142,3014.996974,162.6190928,-357.3990014,222.946471,2
8829.426827,-10805.96423,1976.537399,176.5036424,-369.1932038,216.0608744,2
9511.182111,-10446.45117,935.2690568,190.1373708,-380.4627625,208.8682435,2
10179.42148,-10072.09313,-107.3283541,203.5009035,-391.1916628,201.3787993,2
10833.19534,-9683.422098,-1149.773245,216.5752504,-401.3646583,193.6031848,2
11471.57464,-9280.990393,-2190.584246,229.3418319,-410.9672926,185.5524497,2
12093.6522,-8865.369893,-3228.282307,241.7825062,-419.98592,177.2380343,2
12698.54402,-8437.151217,-4261.392802,253.8795943,-428.4077244,168.671754,2
13285.39051,-7996.942887,-5288.447624,265.6159055,-436.2207379,159.8657819,2
13853.35774,-7545.370465,-6307.987273,276.9747621,-443.413858,150.8326318,2
14401.63858,-7083.075657,-7318.562927,287.9400223,-449.9768626,141.5851402,2
14929.45391,-6610.715412,-8318.738503,298.4961041,-455.9004255,132.1364485,2
15436.05367,-6128.960978,-9307.092696,308.6280065,-461.176129,122.4999836,2
15920.71796,-5638.496956,-10282.221,318.3213317,-465.796476,112.6894395,2
16382.75803,-5140.02032,-11242.73771,327.5623048,-469.7549007,102.7187575,2
16821.5173,-4634.239435,-12187.27787,336.3377939,-473.0457779,92.60210664,2
17236.37228,-4121.873041,-13114.49924,344.6353287,-475.6644313,82.35386306,2
17626.73343,-3603.649241,-14023.08419,352.4431178,-477.6071394,71.98859014,2
17992.04603,-3080.304458,-14911.74157,359.7500659,-478.8711417,61.5210175,2
18331.79095,-2552.582394,-15779.20855,366.5457895,-479.4546418,50.96602012,2
18645.48538,-2021.23297,-16624.25241,372.8206315,-479.3568107,40.33859724,2
18932.68357,-1487.011264,-17445.6723,378.565675,-478.5777873,29.65385101,2
19192.97737,-950.676433,-18242.30094,383.7727559,-477.1186787,18.92696503,2
19425.9969,-412.9906392,-19013.00626,388.4344747,-474.9815584,8.173182793,2
19631.41103,125.282037,-19756.69307,392.5442069,-472.1694633,-2.592213979,2
19808.92785,663.3766805,-20472.30453,396.0961123,-468.6863895,-13.35392707,2
19958.2951,1200.528629,-21158.82373,399.0851435,-464.5372867,-24.09666351,2
20079.30052,1735.974562,-21815.27508,401.5070528,-459.728051,-34.80515726,2
20171.77215,2268.953579,-22440.72573,403.3583986,-454.2655166,-45.46419099,2
20235.57859,2798.708289,-23034.28688,404.6365501,-448.1574461,-56.05861761,2
20270.62917,3324.485881,-23595.11505,405.3396909,-441.4125193,-66.57338186,2
20276.87408,3845.539197,-24122.41327,405.4668218,-434.0403211,-76.9935417,2
20254.30443,4361.127792,-24615.43222,405.0177622,-426.0513279,-87.3042895,2
20202.95231,4870.518985,-25073.4713,403.9931502,-417.4568925,-97.49097313,2
20122.8907,5372.988904,-25495.8796,402.3944418,-408.2692279,-107.5391168,2
20014.23335,5867.823512,-25882.05686,400.2239088,-398.5013905,-117.4344414,2
19877.13468,6354.319622,-26231.4543,397.4846358,-388.1672608,-127.1628853,2
19711.78952,6831.785896,-26543.57541,394.1805154,-377.2815241,-136.7106238,2
19518.43282,7299.543828,-26817.97665,390.3162429,-365.8596498,-146.064089,2
19297.33936,7756.928709,-27054.26807,385.8973097,-353.9178689,-155.2099891,2
19048.82333,8203.29057,-27252.1139,380.9299953,-341.4731513,-164.1353273,2
18773.23788,8637.995106,-27411.23299,375.4213585,-328.5431817,-172.8274203,2
18470.97463,9060.424579,-27531.39921,369.3792274,-315.1463342,-181.273916,2
18142.46311,9469.978692,-27612.4418,362.8121882,-301.3016466,-189.4628116,2
17788.17016,9866.075448,-27654.24561,355.7295731,-287.0287928,-197.3824702,2
17408.59925,10248.15197,-27656.75122,348.1414467,-272.3480555,-205.0216374,2
17004.28977,10615.66531,-27619.95507,340.0585923,-257.2802966,-212.3694577,2
16575.81626,10968.0932,-27543.90946,331.4924961,-241.8469283,-219.4154894,2
16123.7876,11304.93484,-27428.72244,322.4553309,-226.0698824,-226.1497197,2
15648.84617,11625.71154,-27274.55771,312.959939,-209.9715787,-232.5625788,2
15151.66686,11929.96748,-27081.63434,303.0198139,-193.574894,-238.6449538,2
14632.95621,12217.27027,-26850.22649,292.649081,-176.9031287,-244.3882013,2
14093.45133,12487.21166,-26580.66299,281.8624778,-159.9799744,-249.7841597,2
13533.91888,12739.40803,-26273.32692,270.6753326,-142.8294799,-254.8251612,2
12955.15399,12973.50101,-25928.65501,259.103543,-125.4760168,-259.5040422,2
12357.97912,13189.15794,-25547.13706,247.163553,-107.9442454,-263.8141538,2
11743.24289,13386.07235,-25129.31524,234.8723301,-90.25907933,-267.749371,2
11111.81886,13563.96442,-24675.78328,222.2473408,-72.44565019,-271.3041017,2
10464.60434,13722.58135,-24187.18568,209.3065258,-54.52927181,-274.4732944,2
9802.519032,13861.69774,-23664.21677,196.0682748,-36.53540435,-277.2524455,2
9126.503812,13981.1159,-23107.61972,182.5514001,-18.48961808,-279.6376058,2
8437.519332,14080.66614,-22518.18547,168.7751098,-0.417557058,-281.6253857,2
7736.544674,14160.20697,-21896.75165,154.7589809,17.65509734,-283.2129605,2
7024.575963,14219.62538,-21244.20134,140.522931,35.70266288,-284.3980742,2
6302.624946,14258.83692,-20561.46186,126.0871903,53.69949298,-285.1790427,2
5571.717553,14277.78587,-19849.50342,111.4722728,71.62001316,-285.5547562,2
4832.892445,14276.44531,-19109.33775,96.69894714,89.43875738,-285.5246807,2
4087.199533,14254.81713,-18342.01667,81.78820696,107.1304042,-285.0888591,2
3335.698486,14212.93209,-17548.63057,66.76124127,124.6698129,-284.2479105,2
2579.457229,14150.84969,-16730.30691,51.6394042,142.032059,-283.0030302,2
1819.550422,14068.65815,-15888.20857,36.4441847,159.1924697,-281.355987,2
1057.057935,13966.47429,-15023.53222,21.19717603,176.1266593,-279.3091216,2
293.0633102,13844.4433,-14137.50661,5.920045012,192.8105632,-276.8653426,2
-471.3477734,13702.73859,-13231.39082,-9.365498715,209.2204727,-274.0281229,2
-1235.089046,13541.56155,-12306.4725,-24.63773356,225.3330685,-270.8014942,2
-1997.07519,13361.14121,-11364.06602,-39.87495683,241.1254537,-267.1900417,2
-2756.22338,13161.73395,-10405.51057,-55.05551561,256.5751864,-263.1988976,2
-3511.454826,12943.62315,-9432.168323,-70.15783748,271.6603118,-258.8337334,2
-4261.696303,12707.11875,-8445.422449,-85.16046124,286.3593929,-254.1007524,2
-5005.881676,12452.55684,-7446.675168,-100.0420673,300.6515417,-249.0066802,2
-5742.953417,12180.29917,-6437.345754,-114.7815081,314.5164483,-243.558756,2
-6471.864107,11890.73263,-5418.868519,-129.3578382,327.9344097,-237.7647214,2
-7191.577925,11584.2687,-4392.690776,-143.7503436,340.8863584,-231.6328102,2
-7901.072116,11261.34289,-3360.270779,-157.938572,353.3538889,-225.171736,2
-8599.338452,10922.4141,-2323.075653,-171.902361,365.3192842,-218.3906805,2
-9285.384657,10567.96397,-1282.579309,-185.6218673,376.7655408,-211.2992799,2
-9958.235822,10198.49617,-240.2603502,-199.0775948,387.676393,-203.9076115,2
-10616.93579,9814.535758,802.4000319,-212.2504222,398.0363358,-196.2261791,2
-11260.54851,9416.628351,1843.92016,-225.12163,407.8306472,-188.2658987,2
-11888.15938,9005.3394,2882.819976,-237.6729278,417.0454089,-180.0380821,2
-12498.87652,8581.253369,3917.623147,-249.8864793,425.6675263,-171.5544215,2
-13091.83207,8144.972907,4946.859162,-261.7449284,433.6847468,-162.8269727,2
-13666.18341,7697.117993,5969.065419,-273.2314237,441.0856776,-153.8681379,2
-14221.11436,7238.325053,6982.789307,-284.3296421,447.8598015,-144.690648,2
-14755.83633,6769.246058,7986.59027,-295.0238126,453.9974921,-135.3075448,2
-15269.58944,6290.547593,8979.04185,-305.2987381,459.4900274,-125.7321622,2
-15761.64364,5802.909916,9958.733722,-315.1398174,464.3296023,-115.9781073,2
-16231.29967,5307.025986,10924.27369,-324.5330658,468.5093394,-106.0592411,2
-16677.89014,4803.600482,11874.28966,-333.4651349,472.023299,-95.989659,2
-17100.78042,4293.348799,12807.43162,-341.9233318,474.8664878,-85.78367031,2
-17499.36955,3776.996032,13722.37352,-349.895637,477.0348653,-75.45577833,2
-17873.09112,3255.275948,14617.81517,-357.3707213,478.5253501,-65.02065957,2
-18221.41405,2728.929938,15492.48411,-364.3379623,479.3358242,-54.49314288,2
-18543.84335,2198.705969,16345.13739,-370.787459,479.4651359,-43.88818846,2
-18839.92084,1665.357519,17174.56332,-376.7100465,478.9131014,-33.22086652,2
-19109.22577,1129.642504,17979.58327,-382.0973085,477.6805052,-22.50633592,2
-19351.37544,592.3222063,18759.05324,-386.9415892,475.7690988,-11.75982258,2
-19566.02575,54.16018581,19511.86557,-391.2360048,473.1815985,-0.996597883,2
-19752.87167,-484.0787992,20236.95047,-394.9744526,469.9216813,9.76804303,2
-19911.64767,-1021.629882,20933.27756,-398.1516201,465.9939796,20.51880302,2
-20042.12814,-1557.729172,21599.85731,-400.7629923,461.404075,31.24040467,2
-20144.12764,-2091.614845,22235.74249,-402.8048584,456.15849,41.91761199,2
-20217.50124,-2622.528218,22840.02946,-404.2743168,450.2646788,52.53525209,2
-20262.14466,-3149.714835,23411.85949,-405.1692792,443.7310168,63.07823673,2
-20277.99446,-3672.425535,23950.42,-405.4884739,436.5667888,73.53158374,2
-20265.02813,-4189.917517,24454.94564,-405.2314473,428.7821755,83.88043834,2
-20223.26408,-4701.455397,24924.71947,-404.3985647,420.3882393,94.11009426,2
-20152.76166,-5206.312252,25359.07391,-402.9910096,411.3969083,104.2060146,2
-20053.62107,-5703.770652,25757.39172,-401.0107821,401.8209599,114.1538524,2
-19925.98319,-6193.123682,26119.10687,-398.4606965,391.6740019,123.9394714,2
-19770.02939,-6673.675944,26443.70533,-395.3443763,380.9704537,133.5489657,2
-19585.9813,-7144.744548,26730.72585,-391.6662502,369.7255256,142.9686795,2
-19374.10046,-7605.660079,26979.76054,-387.4315449,357.9551973,152.185227,2
-19134.68796,-8055.76755,27190.45551,-382.6462782,345.6761951,161.185511,2
-18868.08402,-8494.427335,27362.51136,-377.3172502,332.9059681,169.9567416,2
-18574.6675,-8921.016074,27495.68358,-371.4520337,319.6626636,178.4864543,2
-18254.85537,-9334.927561,27589.78293,-365.0589636,305.9651008,186.762528,2
-17909.10208,-9735.573605,27644.67569,-358.1471246,291.832745,194.773202,2
-17537.89899,-10122.38487,27660.28385,-350.7263391,277.2856788,202.5070925,2
-17141.77357,-10494.81167,27636.58524,-342.8071522,262.3445745,209.9532094,2
-16721.28876,-10852.32476,27573.61353,-334.4008176,247.0306642,217.1009713,2
-16277.04209,-11194.41611,27471.4582,-325.5192811,231.3657099,223.9402209,2
-15809.66484,-11520.59958,27330.26443,-316.1751639,215.3719721,230.4612391,2
-15319.8212,-11830.41165,27150.23285,-306.3817445,199.0721791,236.6547593,2
-14808.20725,-12123.41206,26931.61931,-296.1529399,182.4894936,242.5119802,2
-14275.55003,-12399.18444,26674.73447,-285.5032858,165.6474805,248.0245782,2
-13722.60647,-12657.33689,26379.94337,-274.4479159,148.5700733,253.1847197,2
-13150.16234,-12897.50258,26047.66492,-263.0025404,131.2815398,257.985072,2
-12559.03111,-13119.34021,25678.37132,-251.183424,113.8064482,262.4188133,2
-11950.05281,-13322.53454,25272.58734,-239.0073621,96.1696313,266.4796431,2
-11324.09282,-13506.79682,24830.88964,-226.4916578,78.39615213,270.1617907,2
-10682.04069,-13671.8652,24353.90589,-213.6540964,60.51126774,273.4600237,2
-10024.80878,-13817.50511,23842.3139,-200.5129208,42.54039352,276.369655,2
-9353.33108,-13943.5096,23296.84068,-187.0868054,24.50906708,278.8865499,2
-8668.561781,-14049.69959,22718.26137,-173.3948294,6.442911915,281.0071318,2
-7971.473981,-14135.92419,22107.39817,-159.4564498,-11.63239898,282.7283871,2
-7263.058281,-14202.06087,21465.11915,-145.291474,-29.6911796,284.04787,2
-6544.321377,-14248.01564,20792.33702,-130.920031,-47.70776744,284.9637053,2
-5816.284635,-14273.72321,20090.00784,-116.3625434,-65.65655992,285.4745915,2
-5079.982633,-14279.14703,19359.12966,-101.6396983,-83.51205084,285.5798028,2
-4336.461699,-14264.2794,18600.7411,-86.77241769,-101.2488666,285.2791895,2
-3586.778415,-14229.14145,17815.91987,-71.78182869,-118.8418021,284.5731789,2
-2831.998123,-14173.78311,17005.78124,-56.68923378,-136.2658569,283.4627742,2
-2073.193406,-14098.28305,16171.47646,-41.51608036,-153.4962706,281.9495534,2
-1311.442569,-14002.74856,15314.19113,-26.28393033,-170.5085576,280.0356669,2
-547.8280991,-13887.3154,14435.1435,-11.01442939,-187.2785426,277.7238343,2
216.5648641,-13752.1476,13535.58274,4.270723659,-203.7823945,275.017341,2
980.6500767,-13597.43725,12616.78717,19.54980777,-219.9966605,271.920033,2
1743.341732,-13423.4042,11680.06247,34.80111054,-235.8982993,268.4363118,2
2503.556003,-13230.29575,10726.73975,50.00295903,-251.4647136,264.5711279,2
3260.212584,-13018.38633,9758.173746,65.13375057,-266.6737828,260.3299739,2
4012.236225,-12787.97707,8775.740846,80.17198349,-281.503894,255.7188768,2
4758.558258,-12539.3954,7780.837138,95.09628764,-295.9339728,250.7443891,2
5498.11812,-12272.99455,6774.876434,109.8854548,-309.9435131,245.41358,2
6229.864855,-11989.15312,5759.28826,124.5184686,-323.5126068,239.7340247,2
6952.758612,-11688.27443,4735.515823,138.9745349,-336.6219714,233.7137943,2
7665.772117,-11370.78608,3705.013958,153.2331108,-349.2529777,227.3614438,2
8367.892142,-11037.13921,2669.247066,167.2739341,-361.3876765,220.6860002,2
9058.120933,-10687.80796,1629.687027,181.077052,-373.0088235,213.6969498,2
9735.477639,-10323.28875,587.8111146,194.6228494,-384.0999047,206.4042243,2
10398.9997,-9944.099589,-454.90011,207.8920771,-394.6451588,198.8181871,2
11047.74421,-9550.779314,-1496.964897,220.8658788,-404.6296006,190.9496183,2
11680.78927,-9143.88686,-2536.902414,233.5258181,-414.0390416,182.8096998,2
12297.2353,-8724.000441,-3573.234855,245.8539043,-422.8601104,174.4099986,2
12896.20627,-8291.716741,-4604.489533,257.8326187,-431.0802719,165.7624513,2
13476.85104,-7847.650058,-5629.200979,269.4449388,-438.6878447,156.8793464,2
14038.34446,-7392.431434,-6645.913023,280.674363,-445.6720181,147.7733075,2
14579.88862,-6926.707761,-7653.180861,291.5049335,-452.0228672,138.4572745,2
15100.71397,-6451.140857,-8649.573111,301.9212595,-457.731367,128.9444862,2
15600.08037,-5966.406529,-9633.673843,311.908539,-462.7894056,119.2484608,2
16077.27821,-5473.193611,-10604.0846,321.4525793,-467.189795,109.3829767,2
16531.62935,-4972.202985,-11559.42637,330.5398179,-470.9262822,99.36205348,2
16962.48815,-4464.146587,-12498.34156,339.1573413,-473.9935574,89.19993133,2
17369.24232,-3949.746392,-13419.49593,347.2929036,-476.3872618,78.91105118,2
17751.31385,-3429.733392,-14321.58045,354.9349437,-478.1039938,68.51003412,2
18108.15978,-2904.846552,-15203.31323,362.0726018,-479.1413139,58.01166055,2
18439.27304,-2375.831767,-16063.44127,368.6957349,-479.497748,47.43084923,2
18744.18307,-1843.440795,-16900.74228,374.7949313,-479.1727895,36.78263608,2
19022.4566,-1308.430192,-17714.02641,380.3615235,-478.1669003,26.0821528,2
19273.69818,-771.5602388,-18502.13794,385.3876011,-476.4815098,15.34460535,2
19497.55077,-233.5938561,-19263.95692,389.8660219,-474.1190129,4.58525237,2
19693.69628,304.7044763,-19998.40076,393.7904218,-471.082767,-6.1806165,2
19861.85597,842.5698069,-20704.42578,397.1552239,-467.3770867,-16.93770238,2
20001.79088,1379.2378,-21381.02868,399.9556467,-463.007238,-27.67071885,2
20113.30214,1913.94582,-22027.24796,402.1877107,-457.9794306,-38.36441372,2
20196.2313,2445.934019,-22642.16532,403.8482439,-452.3008095,-49.00359066,2
20250.46052,2974.446412,-23224.90693,404.9348866,-445.9794441,-59.57313081,2
20275.91272,3498.731953,-23774.64467,405.4460947,-439.0243176,-70.05801429,2
20272.55174,4018.045605,-24290.59734,405.3811418,-431.4453134,-80.44334149,2
20240.38235,4531.649394,-24772.03174,404.74012,-423.2532019,-90.7143543,2
20179.45027,5038.813462,-25218.26373,403.5239404,-414.4596244,-100.8564571,2
20089.84209,5538.8171,-25628.65919,401.7343312,-405.0770771,-110.8552373,2
19971.68515,6030.949776,-26002.63492,399.3738355,-395.1188931,-120.6964861,2
19825.14735,6514.512142,-26339.65949,396.4458078,-384.5992236,-130.3662187,2
19650.43692,6988.81703,-26639.25395,392.9544088,-373.5330175,-139.8506937,2
19447.80216,7453.190426,-26900.99258,388.9046002,-361.9360005,-149.1364332,2
19217.531,7906.972431,-27124.50343,384.3021368,-349.8246527,-158.2102417,2
18959.95067,8349.518196,-27309.46887,379.1535591,-337.2161849,-167.0592247,2
18675.42723,8780.198838,-27455.62606,373.4661834,-324.1285144,-175.6708075,2
18364.36497,9198.402337,-27562.76731,367.2480918,-310.5802396,-184.0327525,2
18027.20595,9603.534403,-27630.74035,360.5081206,-296.5906133,-192.1331768,2
17664.42928,9995.019322,-27659.44861,353.2558477,-282.1795155,-199.9605694,2
17276.5505,10372.30077,-27648.85127,345.5015788,-267.3674252,-207.5038071,2
16864.12079,10734.84261,-27598.9634,337.2563333,-252.1753911,-214.7521705,2
16427.72624,11082.12966,-27509.85589,328.5318281,-236.625002,-221.6953593,2
15967.98699,11413.66839,-27381.65538,319.3404612,-220.7383558,-228.3235069,2
15485.55636,11728.98767,-27214.54403,309.695294,-204.5380284,-234.6271943,2
14981.1199,12027.63942,-27008.75932,299.6100328,-188.0470412,-240.5974636,2
14455.39446,12309.19924,-26764.5937,289.0990095,-171.2888288,-246.2258307,2
13909.12711,12573.26701,-26482.39412,278.1771605,-154.2872057,-251.5042975,2
13343.09413,12819.46748,-26162.5616,266.8600067,-137.066332,-256.4253629,2
12758.09988,13047.45078,-25805.55066,255.1636301,-119.6506796,-260.9820338,2
12154.97567,13256.89295,-25411.86862,243.1046521,-102.064997,-265.167835,2
11534.57858,13447.49634,-24982.07492,230.7002091,-84.33427441,-268.9768181,2
10897.79022,13618.99011,-24516.78032,217.9679284,-66.48370824,-272.4035705,2
10245.5155,13771.13054,-24016.64604,204.9259034,-48.53866508,-275.4432225,2
9578.681348,13903.70145,-23482.3828,191.5926675,-30.52464581,-278.0914547,2
8898.235364,14016.51443,-22914.7498,177.9871679,-12.46724936,-280.3445036,2
8205.1445,14109.40918,-22314.55368,164.1287388,5.607863735,-282.1991677,2
7500.393677,14182.25369,-21682.64737,150.0370737,23.67500775,-283.6528113,2
6784.984384,14234.94444,-21019.92883,135.7321978,41.70850828,-284.7033687,2
6059.933257,14267.40656,-20327.33981,121.234439,59.68273875,-285.3493471,2
5326.270633,14279.59391,-19605.86454,106.5643995,77.57215677,-285.5898285,2
4585.039088,14271.48917,-18856.52826,91.74292605,95.35134051,-285.424471,2
3837.29195,14243.10387,-18080.39582,76.79108093,112.9950248,-284.8535098,2
3084.091811,14194.47834,-17278.57015,61.73011147,130.4781369,-283.8777562,2
2326.509009,14125.68167,-16452.19068,46.58142015,147.7758325,-282.4985967,2
1565.62011,14036.81165,-15602.43176,31.36653408,164.8635306,-280.7179913,2
802.5063795,13927.99454,-14730.50092,16.10707446,181.7169485,-278.5384702,2
38.25224332,13799.38499,-13837.63723,0.824725793,198.3121367,-275.9631307,2
-726.0562514,13651.16576,-12925.10951,-14.45879485,214.6255126,-272.9956325,2
-1489.33298,13483.54748,-11994.2145,-29.72176875,230.6338938,-269.6401926,2
-2250.493286,13296.76834,-11046.27505,-44.9425064,246.3145316,-265.9015793,2
-3008.455517,13091.09376,-10082.63824,-60.09937828,261.645143,-261.7851052,2
-3762.142569,12866.81602,-9104.673451,-75.17084566,276.6039424,-257.2966202,2
-4510.483409,12624.25383,-8113.770423,-90.13549116,291.1696724,-252.4425026,2
-5252.414607,12363.75189,-7111.337282,-104.9720492,305.3216344,-247.2296503,2
-5986.881835,12085.68038,-6098.798543,-119.6594362,319.0397176,-241.6654713,2
-6712.841377,11790.43445,-5077.593076,-134.1767806,332.3044279,-235.7578723,2
-7429.261604,11478.43368,-4049.172073,-148.5034524,345.0969155,-229.5152485,2
-8135.124444,11150.12142,-3014.996974,-162.6190928,357.3990014,-222.946471,2
-8829.426827,10805.96423,-1976.537399,-176.5036424,369.1932038,-216.0608744,2
-9511.182111,10446.45117,-935.2690568,-190.1373708,380.4627625,-208.8682435,2
-10179.42148,10072.09313,107.3283541,-203.5009035,391.1916628,-201.3787993,2
-10833.19534,9683.422098,1149.773245,-216.5752504,401.3646583,-193.6031848,2
-11471.57464,9280.990393,2190.584246,-229.3418319,410.9672926,-185.5524497,2
-12093.6522,8865.369893,3228.282307,-241.7825062,419.98592,-177.2380343,2
-12698.54402,8437.151217,4261.392802,-253.8795943,428.4077244,-168.671754,2
-13285.39051,7996.942887,5288.447624,-265.6159055,436.2207379,-159.8657819,2
-13853.35774,7545.370465,6307.987273,-276.9747621,443.413858,-150.8326318,2
-14401.63858,7083.075657,7318.562927,-287.9400223,449.9768626,-141.5851402,2
-14929.45391,6610.715412,8318.738503,-298.4961041,455.9004255,-132.1364485,2
-15436.05367,6128.960978,9307.092696,-308.6280065,461.176129,-122.4999836,2
-15920.71796,5638.496956,10282.221,-318.3213317,465.796476,-112.6894395,2
-16382.75803,5140.02032,11242.73771,-327.5623048,469.7549007,-102.7187575,2
-16821.5173,4634.239435,12187.27787,-336.3377939,473.0457779,-92.60210664,2
-17236.37228,4121.873041,13114.49924,-344.6353287,475.6644313,-82.35386306,2
-17626.73343,3603.649241,14023.08419,-352.4431178,477.6071394,-71.98859014,2
-17992.04603,3080.304458,14911.74157,-359.7500659,478.8711417,-61.5210175,2
-18331.79095,2552.582394,15779.20855,-366.5457895,479.4546418,-50.96602012,2
-18645.48538,2021.23297,16624.25241,-372.8206315,479.3568107,-40.33859724,2
-18932.68357,1487.011264,17445.6723,-378.565675,478.5777873,-29.65385101,2
-19192.97737,950.676433,18242.30094,-383.7727559,477.1186787,-18.92696503,2
-19425.9969,412.9906392,19013.00626,-388.4344747,474.9815584,-8.173182793,2
-19631.41103,-125.282037,19756.69307,-392.5442069,472.1694633,2.592213979,2
-19808.92785,-663.3766805,20472.30453,-396.0961123,468.6863895,13.35392707,2
-19958.2951,-1200.528629,21158.82373,-399.0851435,464.5372867,24.09666351,2
-20079.30052,-1735.974562,21815.27508,-401.5070528,459.728051,34.80515726,2
-20171.77215,-2268.953579,22440.72573,-403.3583986,454.2655166,45.46419099,2
-20235.57859,-2798.708289,23034.28688,-404.6365501,448.1574461,56.05861761,2
-20270.62917,-3324.485881,23595.11505,-405.3396909,441.4125193,66.57338186,2
-20276.87408,-3845.539197,24122.41327,-405.4668218,434.0403211,76.9935417,2
-20254.30443,-4361.127792,24615.43222,-405.0177622,426.0513279,87.3042895,2
-20202.95231,-4870.518985,25073.4713,-403.9931502,417.4568925,97.49097313,2
-20122.8907,-5372.988904,25495.8796,-402.3944418,408.2692279,107.5391168,2
-20014.23335,-5867.823512,25882.05686,-400.2239088,398.5013905,117.4344414,2
-19877.13468,-6354.319622,26231.4543,-397.4846358,388.1672608,127.1628853,2
-19711.78952,-6831.785896,26543.57541,-394.1805154,377.2815241,136.7106238,2
-19518.43282,-7299.543828,26817.97665,-390.3162429,365.8596498,146.064089,2
-19297.33936,-7756.928709,27054.26807,-385.8973097,353.9178689,155.2099891,2
-19048.82333,-8203.29057,27252.1139,-380.9299953,341.4731513,164.1353273,2
-18773.23788,-8637.995106,27411.23299,-375.4213585,328.5431817,172.8274203,2
-18470.97463,-9060.424579,27531.39921,-369.3792274,315.1463342,181.273916,2
-18142.46311,-9469.978692,27612.4418,-362.8121882,301.3016466,189.4628116,2
-17788.17016,-9866.075448,27654.24561,-355.7295731,287.0287928,197.3824702,2
-17408.59925,-10248.15197,27656.75122,-348.1414467,272.3480555,205.0216374,2
-17004.28977,-10615.66531,27619.95507,-340.0585923,257.2802966,212.3694577,2
-16575.81626,-10968.0932,27543.90946,-331.4924961,241.8469283,219.4154894,2
-16123.7876,-11304.93484,27428.72244,-322.4553309,226.0698824,226.1497197,2
-15648.84617,-11625.71154,27274.55771,-312.959939,209.9715787,232.5625788,2
-15151.66686,-11929.96748,27081.63434,-303.0198139,193.574894,238.6449538,2
-14632.95621,-12217.27027,26850.22649,-292.649081,176.9031287,244.3882013,2
-14093.45133,-12487.21166,26580.66299,-281.8624778,159.9799744,249.7841597,2
-13533.91888,-12739.40803,26273.32692,-270.6753326,142.8294799,254.8251612,2
-12955.15399,-12973.50101,25928.65501,-259.103543,125.4760168,259.5040422,2
-12357.97912,-13189.15794,25547.13706,-247.163553,107.9442454,263.8141538,2
-11743.24289,-13386.07235,25129.31524,-234.8723301,90.25907933,267.749371,2
-11111.81886,-13563.96442,24675.78328,-222.2473408,72.44565019,271.3041017,2
-10464.60434,-13722.58135,24187.18568,-209.3065258,54.52927181,274.4732944,2
-9802.519032,-13861.69774,23664.21677,-196.0682748,36.53540435,277.2524455,2
-9126.503812,-13981.1159,23107.61972,-182.5514001,18.48961808,279.6376058,2
-8437.519332,-14080.66614,22518.18547,-168.7751098,0.417557058,281.6253857,2
-7736.544674,-14160.20697,21896.75165,-154.7589809,-17.65509734,283.2129605,2
-7024.575963,-14219.62538,21244.20134,-140.522931,-35.70266288,284.3980742,2
-6302.624946,-14258.83692,20561.46186,-126.0871903,-53.69949298,285.1790427,2
-5571.717553,-14277.78587,19849.50342,-111.4722728,-71.62001316,285.5547562,2
-4832.892445,-14276.44531,19109.33775,-96.69894714,-89.43875738,285.5246807,2
-4087.199533,-14254.81713,18342.01667,-81.78820696,-107.1304042,285.0888591,2
-3335.698486,-14212.93209,17548.63057,-66.76124127,-124.6698129,284.2479105,2
-2579.457229,-14150.84969,16730.30691,-51.6394042,-142.032059,283.0030302,2
-1819.550422,-14068.65815,15888.20857,-36.4441847,-159.1924697,281.355987,2
-1057.057935,-13966.47429,15023.53222,-21.19717603,-176.1266593,279.3091216,2
-293.0633102,-13844.4433,14137.50661,-5.920045012,-192.8105632,276.8653426,2
471.3477734,-13702.73859,13231.39082,9.365498715,-209.2204727,274.0281229,2
1235.089046,-13541.56155,12306.4725,24.63773356,-225.3330685,270.8014942,2
1997.07519,-13361.14121,11364.06602,39.87495683,-241.1254537,267.1900417,2
2756.22338,-13161.73395,10405.51057,55.05551561,-256.5751864,263.1988976,2
3511.454826,-12943.62315,9432.168323,70.15783748,-271.6603118,258.8337334,2
4261.696303,-12707.11875,8445.422449,85.16046124,-286.3593929,254.1007524,2
5005.881676,-12452.55684,7446.675168,100.0420673,-300.6515417,249.0066802,2
5742.953417,-12180.29917,6437.345754,114.7815081,-314.5164483,243.558756,2
6471.864107,-11890.73263,5418.868519,129.3578382,-327.9344097,237.7647214,2
7191.577925,-11584.2687,4392.690776,143.7503436,-340.8863584,231.6328102,2
7901.072116,-11261.34289,3360.270779,157.938572,-353.3538889,225.171736,2
8599.338452,-10922.4141,2323.075653,171.902361,-365.3192842,218.3906805,2
9285.384657,-10567.96397,1282.579309,185.6218673,-376.7655408,211.2992799,2
9958.235822,-10198.49617,240.2603502,199.0775948,-387.676393,203.9076115,2
10616.93579,-9814.535758,-802.4000319,212.2504222,-398.0363358,196.2261791,2
11260.54851,-9416.628351,-1843.92016,225.12163,-407.8306472,188.2658987,2
11888.15938,-9005.3394,-2882.819976,237.6729278,-417.0454089,180.0380821,2
12498.87652,-8581.253369,-3917.623147,249.8864793,-425.6675263,171.5544215,2
13091.83207,-8144.972907,-4946.859162,261.7449284,-433.6847468,162.8269727,2
13666.18341,-7697.117993,-5969.065419,273.2314237,-441.0856776,153.8681379,2
14221.11436,-7238.325053,-6982.789307,284.3296421,-447.8598015,144.690648,2
14755.83633,-6769.246058,-7986.59027,295.0238126,-453.9974921,135.3075448,2
15269.58944,-6290.547593,-8979.04185,305.2987381,-459.4900274,125.7321622,2
15761.64364,-5802.909916,-9958.733722,315.1398174,-464.3296023,115.9781073,2
16231.29967,-5307.025986,-10924.27369,324.5330658,-468.5093394,106.0592411,2
16677.89014,-4803.600482,-11874.28966,333.4651349,-472.023299,95.989659,2
17100.78042,-4293.348799,-12807.43162,341.9233318,-474.8664878,85.78367031,2
17499.36955,-3776.996032,-13722.37352,349.895637,-477.0348653,75.45577833,2
17873.09112,-3255.275948,-14617.81517,357.3707213,-478.5253501,65.02065957,2
18221.41405,-2728.929938,-15492.48411,364.3379623,-479.3358242,54.49314288,2
18543.84335,-2198.705969,-16345.13739,370.787459,-479.4651359,43.88818846,2
18839.92084,-1665.357519,-17174.56332,376.7100465,-478.9131014,33.22086652,2
19109.22577,-1129.642504,-17979.58327,382.0973085,-477.6805052,22.50633592,2
19351.37544,-592.3222063,-18759.05324,386.9415892,-475.7690988,11.75982258,2
19566.02575,-54.16018581,-19511.86557,391.2360048,-473.1815985,0.996597883,2
19752.87167,484.0787992,-20236.95047,394.9744526,-469.9216813,-9.76804303,2
19911.64767,1021.629882,-20933.27756,398.1516201,-465.9939796,-20.51880302,2
20042.12814,1557.729172,-21599.85731,400.7629923,-461.404075,-31.24040467,2
20144.12764,2091.614845,-22235.74249,402.8048584,-456.15849,-41.91761199,2
20217.50124,2622.528218,-22840.02946,404.2743168,-450.2646788,-52.53525209,2
20262.14466,3149.714835,-23411.85949,405.1692792,-443.7310168,-63.07823673,2
20277.99446,3672.425535,-23950.42,405.4884739,-436.5667888,-73.53158374,2
20265.02813,4189.917517,-24454.94564,405.2314473,-428.7821755,-83.88043834,2
20223.26408,4701.455397,-24924.71947,404.3985647,-420.3882393,-94.11009426,2
20152.76166,5206.312252,-25359.07391,402.9910096,-411.3969083,-104.2060146,2
20053.62107,5703.770652,-25757.39172,401.0107821,-401.8209599,-114.1538524,2
19925.98319,6193.123682,-26119.10687,398.4606965,-391.6740019,-123.9394714,2
19770.02939,6673.675944,-26443.70533,395.3443763,-380.9704537,-133.5489657,2
19585.9813,7144.744548,-26730.72585,391.6662502,-369.7255256,-142.9686795,2
19374.10046,7605.660079,-26979.76054,387.4315449,-357.9551973,-152.185227,2
19134.68796,8055.76755,-27190.45551,382.6462782,-345.6761951,-161.185511,2
18868.08402,8494.427335,-27362.51136,377.3172502,-332.9059681,-169.9567416,2
18574.6675,8921.016074,-27495.68358,371.4520337,-319.6626636,-178.4864543,2
18254.85537,9334.927561,-27589.78293,365.0589636,-305.9651008,-186.762528,2
17909.10208,9735.573605,-27644.67569,358.1471246,-291.832745,-194.773202,2
17537.89899,10122.38487,-27660.28385,350.7263391,-277.2856788,-202.5070925,2
17141.77357,10494.81167,-27636.58524,342.8071522,-262.3445745,-209.9532094,2
16721.28876,10852.32476,-27573.61353,334.4008176,-247.0306642,-217.1009713,2
16277.04209,11194.41611,-27471.4582,325.5192811,-231.3657099,-223.9402209,2
15809.66484,11520.59958,-27330.26443,316.1751639,-215.3719721,-230.4612391,2
15319.8212,11830.41165,-27150.23285,306.3817445,-199.0721791,-236.6547593,2
14808.20725,12123.41206,-26931.61931,296.1529399,-182.4894936,-242.5119802,2
14275.55003,12399.18444,-26674.73447,285.5032858,-165.6474805,-248.0245782,2
13722.60647,12657.33689,-26379.94337,274.4479159,-148.5700733,-253.1847197,2
13150.16234,12897.50258,-26047.66492,263.0025404,-131.2815398,-257.985072,2
12559.03111,13119.34021,-25678.37132,251.183424,-113.8064482,-262.4188133,2
11950.05281,13322.53454,-25272.58734,239.0073621,-96.1696313,-266.4796431,2
11324.09282,13506.79682,-24830.88964,226.4916578,-78.39615213,-270.1617907,2
10682.04069,13671.8652,-24353.90589,213.6540964,-60.51126774,-273.4600237,2
10024.80878,13817.50511,-23842.3139,200.5129208,-42.54039352,-276.369655,2
9353.33108,13943.5096,-23296.84068,187.0868054,-24.50906708,-278.8865499,2
8668.561781,14049.69959,-22718.26137,173.3948294,-6.442911915,-281.0071318,2
7971.473981,14135.92419,-22107.39817,159.4564498,11.63239898,-282.7283871,2
7263.058281,14202.06087,-21465.11915,145.291474,29.6911796,-284.04787,2
6544.321377,14248.01564,-20792.33702,130.920031,47.70776744,-284.9637053,2
5816.284635,14273.72321,-20090.00784,116.3625434,65.65655992,-285.4745915,2
5079.982633,14279.14703,-19359.12966,101.6396983,83.51205084,-285.5798028,2
4336.461699,14264.2794,-18600.7411,86.77241769,101.2488666,-285.2791895,2
3586.778415,14229.14145,-17815.91987,71.78182869,118.8418021,-284.5731789,2
2831.998123,14173.78311,-17005.78124,56.68923378,136.2658569,-283.4627742,2
2073.193406,14098.28305,-16171.47646,41.51608036,153.4962706,-281.9495534,2
1311.442569,14002.74856,-15314.19113,26.28393033,170.5085576,-280.0356669,2
547.8280991,13887.3154,-14435.1435,11.01442939,187.2785426,-277.7238343,2
-216.5648641,13752.1476,-13535.58274,-4.270723659,203.7823945,-275.017341,2
-980.6500767,13597.43725,-12616.78717,-19.54980777,219.9966605,-271.920033,2
-1743.341732,13423.4042,-11680.06247,-34.80111054,235.8982993,-268.4363118,2
-2503.556003,13230.29575,-10726.73975,-50.00295903,251.4647136,-264.5711279,2
-3260.212584,13018.38633,-9758.173746,-65.13375057,266.6737828,-260.3299739,2
-4012.236225,12787.97707,-8775.740846,-80.17198349,281.503894,-255.7188768,2
-4758.558258,12539.3954,-7780.837138,-95.09628764,295.9339728,-250.7443891,2
-5498.11812,12272.99455,-6774.876434,-109.8854548,309.9435131,-245.41358,2
-6229.864855,11989.15312,-5759.28826,-124.5184686,323.5126068,-239.7340247,2
-6952.758612,11688.27443,-4735.515823,-138.9745349,336.6219714,-233.7137943,2
-7665.772117,11370.78608,-3705.013958,-153.2331108,349.2529777,-227.3614438,2
-8367.892142,11037.13921,-2669.247066,-167.2739341,361.3876765,-220.6860002,2
-9058.120933,10687.80796,-1629.687027,-181.077052,373.0088235,-213.6969498,2
-9735.477639,10323.28875,-587.8111146,-194.6228494,384.0999047,-206.4042243,2
-10398.9997,9944.099589,454.90011,-207.8920771,394.6451588,-198.8181871,2
-11047.74421,9550.779314,1496.964897,-220.8658788,404.6296006,-190.9496183,2
-11680.78927,9143.88686,2536.902414,-233.5258181,414.0390416,-182.8096998,2
-12297.2353,8724.000441,3573.234855,-245.8539043,422.8601104,-174.4099986,2
-12896.20627,8291.716741,4604.489533,-257.8326187,431.0802719,-165.7624513,2
-13476.85104,7847.650058,5629.200979,-269.4449388,438.6878447,-156.8793464,2
-14038.34446,7392.431434,6645.913023,-280.674363,445.6720181,-147.7733075,2
-14579.88862,6926.707761,7653.180861,-291.5049335,452.0228672,-138.4572745,2
-15100.71397,6451.140857,8649.573111,-301.9212595,457.731367,-128.9444862,2
-15600.08037,5966.406529,9633.673843,-311.908539,462.7894056,-119.2484608,2
-16077.27821,5473.193611,10604.0846,-321.4525793,467.189795,-109.3829767,2
-16531.62935,4972.202985,11559.42637,-330.5398179,470.9262822,-99.36205348,2
-16962.48815,4464.146587,12498.34156,-339.1573413,473.9935574,-89.19993133,2
-17369.24232,3949.746392,13419.49593,-347.2929036,476.3872618,-78.91105118,2
-17751.31385,3429.733392,14321.58045,-354.9349437,478.1039938,-68.51003412,2
-18108.15978,2904.846552,15203.31323,-362.0726018,479.1413139,-58.01166055,2
-18439.27304,2375.831767,16063.44127,-368.6957349,479.497748,-47.43084923,2
-18744.18307,1843.440795,16900.74228,-374.7949313,479.1727895,-36.78263608,2
-19022.4566,1308.430192,17714.02641,-380.3615235,478.1669003,-26.0821528,2
-19273.69818,771.5602388,18502.13794,-385.3876011,476.4815098,-15.34460535,2
-19497.55077,233.5938561,19263.95692,-389.8660219,474.1190129,-4.58525237,2
-19693.69628,-304.7044763,19998.40076,-393.7904218,471.082767,6.1806165,2
-19861.85597,-842.5698069,20704.42578,-397.1552239,467.3770867,16.93770238,2
-20001.79088,-1379.2378,21381.02868,-399.9556467,463.007238,27.67071885,2
-20113.30214,-1913.94582,22027.24796,-402.1877107,457.9794306,38.36441372,2
-20196.2313,-2445.934019,22642.16532,-403.8482439,452.3008095,49.00359066,2
-20250.46052,-2974.446412,23224.90693,-404.9348866,445.9794441,59.57313081,2
-20275.91272,-3498.731953,23774.64467,-405.4460947,439.0243176,70.05801429,2
-20272.55174,-4018.045605,24290.59734,-405.3811418,431.4453134,80.44334149,2
-20240.38235,-4531.649394,24772.03174,-404.74012,423.2532019,90.7143543,2
-20179.45027,-5038.813462,25218.26373,-403.5239404,414.4596244,100.8564571,2
-20089.84209,-5538.8171,25628.65919,-401.7343312,405.0770771,110.8552373,2
-19971.68515,-6030.949776,26002.63492,-399.3738355,395.1188931,120.6964861,2
-19825.14735,-6514.512142,26339.65949,-396.4458078,384.5992236,130.3662187,2
-19650.43692,-6988.81703,26639.25395,-392.9544088,373.5330175,139.8506937,2
-19447.80216,-7453.190426,26900.99258,-388.9046002,361.9360005,149.1364332,2
-19217.531,-7906.972431,27124.50343,-384.3021368,349.8246527,158.2102417,2
-18959.95067,-8349.518196,27309.46887,-379.1535591,337.2161849,167.0592247,2
-18675.42723,-8780.198838,27455.62606,-373.4661834,324.1285144,175.6708075,2
-18364.36497,-9198.402337,27562.76731,-367.2480918,310.5802396,184.0327525,2
-18027.20595,-9603.534403,27630.74035,-360.5081206,296.5906133,192.1331768,2
-17664.42928,-9995.019322,27659.44861,-353.2558477,282.1795155,199.9605694,2
-17276.5505,-10372.30077,27648.85127,-345.5015788,267.3674252,207.5038071,2
-16864.12079,-10734.84261,27598.9634,-337.2563333,252.1753911,214.7521705,2
-16427.72624,-11082.12966,27509.85589,-328.5318281,236.625002,221.6953593,2
-15967.98699,-11413.66839,27381.65538,-319.3404612,220.7383558,228.3235069,2
-15485.55636,-11728.98767,27214.54403,-309.695294,204.5380284,234.6271943,2
-14981.1199,-12027.63942,27008.75932,-299.6100328,188.0470412,240.5974636,2
-14455.39446,-12309.19924,26764.5937,-289.0990095,171.2888288,246.2258307,2
-13909.12711,-12573.26701,26482.39412,-278.1771605,154.2872057,251.5042975,2
-13343.09413,-12819.46748,26162.5616,-266.8600067,137.066332,256.4253629,2
-12758.09988,-13047.45078,25805.55066,-255.1636301,119.6506796,260.9820338,2
-12154.97567,-13256.89295,25411.86862,-243.1046521,102.064997,265.167835,2
-2207.60096,-8676.187257,10883.78822,-217.6178923,-173.4391736,366.6170309,2
-1166.829021,-9360.815159,10527.64418,-210.492623,-187.1303273,378.0045877,2
-124.3989538,-10032.14083,10156.53978,-203.0682322,-200.5555586,388.8549793,2
918.2078911,-10689.21028,9771.002391,-195.3552703,-213.6957895,399.1527866,2
1959.509912,-11331.08978,9371.579867,-187.3646979,-226.5323469,408.883376,2
2998.027363,-11956.86718,8958.839816,-179.10787,-239.0469896,418.0329198,2
4032.284452,-12565.65322,8533.368763,-170.59652,-251.2219333,426.5884159,2
5060.811445,-13156.58277,8095.771327,-161.842743,-263.0398769,434.5377065,2
6082.146748,-13728.8161,7646.669356,-152.8589787,-274.4840265,441.8694953,2
7094.838987,-14281.54004,7186.701049,-143.6579933,-285.5381193,448.5733633,2
8097.449072,-14813.96912,6716.520048,-134.2528621,-296.1864467,454.639784,2
9088.552239,-15325.34674,6236.794503,-124.6569502,-306.4138771,460.0601368,2
10066.74008,-15814.94621,5748.206133,-114.883894,-316.2058765,464.8267189,2
11030.62252,-16282.07177,5251.449247,-104.9475815,-325.5485301,468.9327568,2
11978.82985,-16726.05962,4747.229764,-94.86213272,-334.4285614,472.3724155,2
12910.01461,-17146.27882,4236.264208,-84.64187966,-342.8333514,475.1408073,2
13822.85353,-17542.13222,3719.278689,-74.30134586,-350.7509565,477.2339979,2
14716.04942,-17913.05729,3197.007871,-63.85522579,-358.1701252,478.649013,2
15588.333,-18258.52693,2670.19393,-53.31836394,-365.0803147,479.3838416,2
16438.4647,-18578.0502,2139.585498,-42.70573378,-371.471705,479.4374395,2
17265.23645,-18871.17304,1605.936597,-32.03241644,-377.3352137,478.8097306,2
18067.47335,-19137.47892,1070.005573,-21.31357928,-382.6625084,477.5016068,2
18844.03538,-19376.58939,532.5540118,-10.56445435,-387.4460187,475.5149272,2
19593.819,-19588.16467,-5.6543375,0.199683238,-391.6789471,472.8525148,2
20315.75874,-19771.90409,-543.8546517,10.96353707,-395.3552782,469.5181531,2
21008.82867,-19927.54655,-1081.282119,21.71181111,-398.4697879,465.5165804,2
21672.04391,-20054.87089,-1617.173024,32.42923148,-401.0180502,460.8534832,2
22304.46199,-20153.69615,-2150.765839,43.10056814,-402.9964438,455.535488,2
22905.1842,-20223.88191,-2681.302298,53.71065654,-404.4021575,449.5701519,2
23473.3569,-20265.32842,-3208.028479,64.24441915,-405.2331936,442.965952,2
24008.17267,-20277.97679,-3730.195876,74.68688693,-405.4883712,435.7322733,2
24508.87151,-20261.80905,-4247.062461,85.02322055,-405.1673276,427.8793952,2
24974.74191,-20216.84817,-4757.893738,95.23873153,-404.270519,419.4184771,2
25405.12183,-20143.15805,-5261.963787,105.3189031,-402.7992199,410.3615423,2
25799.39969,-20040.84339,-5758.556298,115.2494107,-400.7555211,400.7214613,2
26157.01518,-19910.0496,-6246.965585,125.0161425,-398.1423268,390.5119332,2
26477.46013,-19750.96253,-6726.497592,134.6052196,-394.9633504,379.7474663,2
26760.27915,-19563.80827,-7196.470879,144.0030154,-391.2231095,368.4433575,2
27005.07036,-19348.85277,-7656.217586,153.1961749,-386.9269192,356.6156705,2
27211.48588,-19106.40149,-8105.084389,162.1716343,-382.0808845,344.2812131,2
27379.23239,-18836.79897,-8542.433424,170.916639,-376.691892,331.4575132,2
27508.07151,-18540.42832,-8967.643193,179.4187617,-370.7675997,318.1627941,2
27597.82016,-18217.71071,-9380.109451,187.6659206,-364.3164263,304.4159483,2
27648.3508,-17869.10474,-9779.24606,195.6463959,-357.3475394,290.2365107,2
27659.59162,-17495.10579,-10164.48583,203.348847,-349.8708421,275.6446312,2
27631.52664,-17096.24534,-10535.2813,210.7623283,-341.8969591,260.6610455,2
27564.19575,-16673.09019,-10891.10556,217.8763047,-333.4372219,245.3070463,2
27457.69463,-16226.24167,-11231.45297,224.680667,-324.5036521,229.6044523,2
27312.17463,-15756.33476,-11555.83987,231.1657458,-315.1089449,213.5755779,2
27127.84253,-15264.03725,-11863.80528,237.3223254,-305.2664506,197.2432008,2
26904.96028,-14750.0487,-12154.91158,243.141657,-294.990156,180.6305304,2
26643.84462,-14215.09953,-12428.74509,248.615471,-284.2946643,163.7611741,2
26344.86659,-13659.94992,-12684.91667,253.7359888,-273.1951742,146.6591042,2
26008.45106,-13085.38877,-12923.06229,258.4959339,-261.7074589,129.3486237,2
25635.0761,-12492.23258,-13142.84352,262.8885421,-249.847843,111.8543317,2
25225.2723,-11881.32423,-13343.94806,266.9075713,-237.6331796,94.20108864,2
24779.622,-11253.53188,-13526.09012,270.5473103,-225.0808264,76.41398064,2
24298.7585,-10609.74764,-13689.01087,273.8025867,-212.2086211,58.51828419,2
23783.36514,-9950.886364,-13832.47878,276.6687747,-199.0348557,40.53943006,2
23234.17432,-9277.884338,-13956.28998,279.1418012,-185.5782509,22.50296718,2
22651.96646,-8591.69793,-14060.26853,281.2181519,-171.8579293,4.434526357,2
22037.56892,-7893.30225,-14144.26667,282.8948762,-157.8933881,-13.64021617,2
21391.85479,-7183.689755,-14208.16503,284.1695914,-143.7044718,-31.69557521,2
20715.74166,-6463.868843,-14251.87282,285.0404861,-129.3113435,-49.7058931,2
20010.19033,-5734.862421,-14275.32791,285.5063227,-114.7344568,-67.6455762,2
19276.20342,-4997.706445,-14278.49698,285.5664392,-99.99452614,-85.48913123,2
18514.82398,-4253.448455,-14261.37552,285.2207501,-85.11249778,-103.2112015,2
17727.13395,-3503.146082,-14223.98787,284.4697467,-70.1095199,-120.7866031,2
16914.2527,-2747.865546,-14166.38716,283.3144963,-55.00691255,-138.1903602,2
16077.33537,-1988.680144,-14088.65523,281.7566405,-39.82613738,-155.3977413,2
15217.57127,-1226.668718,-13990.90255,279.798393,-24.58876708,-172.3842937,2
14336.18216,-462.9141284,-13873.26804,277.4425368,-9.316454796,-189.1258786,2
13434.42056,301.4982873,-13735.91885,274.6924195,5.969096677,-205.5987053,2
12513.56791,1065.482257,-13579.05017,271.5519492,21.24616574,-221.7793649,2
11574.93279,1827.952119,-13402.88491,268.0255888,36.49304283,-237.644864,2
10619.84906,2587.82436,-13207.67342,264.1183493,51.68806132,-253.1726567,2
9649.673949,3344.019162,-12993.69311,259.8357832,66.80962824,-268.3406772,2
8665.786119,4095.461929,-12761.24805,255.1839763,81.83625503,-283.1273709,2
7669.583733,4841.084821,-12510.66855,250.1695389,96.74658801,-297.5117251,2
6662.482449,5579.828267,-12242.31072,244.7995969,111.5194388,-311.4732989,2
5645.913412,6310.642471,-11956.55588,239.0817814,126.1338144,-324.992252,2
4621.321224,7032.488906,-11653.81013,233.0242175,140.5689469,-338.0493734,2
3590.161886,7744.341791,-11334.50368,226.6355135,154.8043232,-350.6261082,2
2553.90073,8445.189542,-10999.09027,219.924748,168.8197142,-362.704584,2
1514.010343,9134.036216,-10648.04656,212.9014574,182.5952031,-374.2676368,2
471.9684633,9809.902925,-10281.87139,205.5756222,196.1112142,-385.2988348,2
-570.744109,10471.82923,-9901.085116,197.9576527,209.3485405,-395.7825021,2
-1612.645623,11118.87448,-9506.228861,190.0583746,222.2883711,-405.7037408,2
-2652.255479,11750.11921,-9097.863734,181.8890132,234.9123178,-415.0484523,2
-3688.096335,12364.66638,-8676.570044,173.4611775,247.2024412,-423.8033572,2
-4718.696204,12961.64268,-8242.946474,164.786844,259.1412764,-431.9560143,2
-5742.590548,13540.19977,-7797.609226,155.8783394,270.7118577,-439.4948384,2
-6758.324356,14099.5155,-7341.191148,146.7483231,281.8977427,-446.4091162,2
-7764.454215,14638.79505,-6874.340837,137.4097695,292.6830355,-452.6890222,2
-8759.550361,15157.27207,-6397.72171,127.875949,303.0524097,-458.3256323,2
-9742.198706,15654.20978,-5912.011071,118.1604098,312.9911298,-463.3109367,2
-10711.00285,16128.90199,-5417.899141,108.2769582,322.4850724,-467.6378509,2
-11664.58608,16580.67416,-4916.08808,98.23963912,331.5207461,-471.300226,2
-12601.59329,17008.88428,-4407.290988,88.06271614,340.0853107,-474.2928578,2
-13520.69295,17412.92384,-3892.230895,77.76065121,348.1665954,-476.6114935,2
-14420.57896,17792.21869,-3371.639729,67.34808415,355.7531163,-478.2528381,2
-15299.97254,18146.22982,-2846.257278,56.83981177,362.8340926,-479.2145593,2
-16157.62403,18474.45417,-2316.83014,46.25076692,369.3994618,-479.4952904,2
-16992.31464,18776.4253,-1784.110659,35.59599719,375.4398942,-479.0946325,2
-17802.85825,19051.71411,-1248.85586,24.8906436,380.9468059,-478.0131548,2
-18588.10302,19299.92939,-711.8263682,14.14991904,385.9123714,-476.2523943,2
-19346.93308,19520.71841,-173.7853321,3.389086676,390.3295342,-473.8148531,2
-20078.27009,19713.76742,364.5026625,-7.376561766,394.1920175,-470.7039951,2
-20781.07477,19878.80209,902.2726789,-18.13172771,397.4943323,-466.9242409,2
-21454.34842,20015.5879,1438.760516,-28.86112748,400.2317859,-462.4809619,2
-22097.13426,20123.93046,1973.203796,-39.549514,402.4004883,-457.3804721,2
-22708.51886,20203.67582,2504.843046,-50.18169851,403.9973575,-451.6300196,2
-23287.63342,20254.71064,3032.922776,-60.74257207,405.0201244,-445.2377761,2
-23833.65497,20276.96241,3556.692558,-71.21712711,405.4673355,-438.2128254,2
-24345.8076,20270.39951,4075.408084,-81.59047872,405.3383554,-430.5651503,2
-24823.3635,20235.03127,4588.332233,-91.8478858,404.6333672,-422.3056185,2
-25265.64405,20170.90793,5094.73611,-101.974772,403.353373,-413.4459674,2
-25672.02073,20078.12064,5593.900089,-111.9567465,401.5001915,-403.9987869,2
-26041.91606,19956.80123,6085.11483,-121.7796243,399.0764562,-393.977502,2
-26374.80441,19807.12212,6567.682289,-131.4294466,396.0856115,-383.3963536,2
-26670.21272,19629.296,7040.916712,-140.8925004,392.5319075,-372.2703779,2
-26927.72119,19423.57558,7504.145608,-150.1553384,388.4203941,-360.6153857,2
-27146.9639,19190.2532,7956.710702,-159.2047973,383.7569141,-348.4479393,2
-27327.62929,18929.66042,8397.968875,-168.0280176,378.5480945,-335.7853292,2
-27469.46062,18642.16755,8827.293074,-176.6124608,372.8013374,-322.6455499,2
-27572.25635,18328.18314,9244.073207,-184.945928,366.5248092,-309.0472736,2
-27635.87039,17988.15338,9647.717006,-193.016577,359.7274291,-295.0098242,2
-27660.21235,17622.56148,10037.65087,-200.8129389,352.4188567,-280.5531497,2
-27645.24763,17231.92694,10413.32069,-208.3239345,344.6094778,-265.6977938,2
-27590.9975,16816.8049,10774.1926,-215.5388905,336.31039,-250.4648668,2
-27497.53906,16377.78526,11119.7538,-222.4475539,327.5333868,-234.8760155,2
-27365.0051,15915.49188,11449.51322,-229.0401072,318.2909406,-218.9533926,2
-27193.58398,15430.58173,11763.00226,-235.3071819,308.5961857,-202.7196249,2
-26983.51929,14923.74387,12059.77542,-241.2398723,298.4628986,-186.1977815,2
-26735.10954,14395.69855,12339.41098,-246.8297476,287.9054795,-169.4113409,2
-26448.70773,13847.19616,12601.51157,-252.0688643,276.9389309,-152.3841575,2
-26124.72087,13279.01615,12845.70472,-256.9497774,265.5788369,-135.1404279,2
-25763.60934,12691.96593,13071.64342,-261.4655507,253.8413409,-117.7046563,2
-25365.88632,12086.87973,13279.0066,-265.6097673,241.7431224,-100.10162,2
-24932.11699,11464.61741,13467.49958,-269.3765378,229.3013737,-82.35633376,2
-24462.91775,10826.06324,13636.85451,-272.7605095,216.5337753,-64.4940147,2
-23958.95537,10172.12465,13786.83073,-275.7568736,203.4584705,-46.54004612,2
-23420.946,9503.730905,13917.2151,-278.3613721,190.09404,-28.51994159,2
-22849.65419,8821.831842,14027.82235,-280.5703038,176.4594756,-10.45930865,2
-22245.89177,8127.396474,14118.49529,-282.3805298,162.5741525,7.616187529,2
-21610.51671,7421.411631,14189.10508,-283.7894776,148.4578027,25.68086069,2
-20944.43194,6704.880556,14239.55138,-284.7951451,134.1304863,43.70903995,2
-20248.58397,5978.821479,14269.76249,-285.396103,119.612563,61.67510626,2
-19523.96166,5244.266169,14279.6955,-285.5914975,104.9246638,79.55352888,2
-18771.59474,4502.25847,14269.33627,-285.3810508,90.08766092,97.31890158,2
-17992.55235,3753.852815,14238.69953,-284.7650621,75.12263851,114.9459788,2
-17187.94156,3000.11273,14187.82883,-283.7444066,60.05086273,132.4097115,2
-16358.90576,2242.109321,14116.79644,-282.3205348,44.89375138,149.6852827,2
-15506.62306,1480.919752,14025.70331,-280.49547,29.67284356,166.748143,2
-14632.30461,717.6257143,13914.67889,-278.2718059,14.409769,183.574045,2
-13737.19285,-46.68810845,13783.88095,-275.6527022,-0.873782623,200.1390783,2
-12822.55978,-810.9355848,13633.49537,-272.641881,-16.15609256,216.419703,2
-11889.70516,-1574.030677,13463.73583,-269.2436208,-31.4154438,232.3927834,2
-10939.95461,-2334.888986,13274.8436,-265.4627507,-46.63015198,248.035621,2
-9974.657791,-3092.42929,13067.08708,-261.3046434,-61.77859616,263.3259864,2
-8995.186437,-3845.575082,12840.76152,-256.775208,-76.83924957,278.2421512,2
-8002.932431,-4593.256102,12596.18853,-251.8808809,-91.79071021,292.7629186,2
-6999.30582,-5334.409854,12333.71567,-246.6286173,-106.6117312,306.8676539,2
-5985.732812,-6067.983117,12053.71593,-241.025881,-121.2812511,320.5363135,2
-4963.65375,-6792.933445,11756.5872,-235.0806337,-135.7784238,333.7494734,2
-3934.521065,-7508.230642,11442.75171,-228.801324,-150.0826478,346.4883571,2
-2899.79721,-8212.858233,11112.65544,-222.196875,-164.1735962,358.7348619,2
-1860.952585,-8905.814902,10766.76749,-215.2766722,-178.0312449,370.4715848,2
-819.4634436,-9586.115922,10405.57937,-208.0505494,-191.6359015,381.6818473,2
223.1901997,-10252.79455,10029.60435,-200.5287754,-204.968233,392.349719,2
1265.526678,-10904.90339,9639.37671,-192.722039,-218.0092934,402.4600403,2
2306.064773,-11541.51577,9235.450993,-184.6414341,-230.7405507,411.9984438,2
3343.325824,-12161.72702,8818.401194,-176.2984435,-243.143913,420.951375,2
4375.835826,-12764.65579,8388.819965,-167.7049233,-255.2017545,429.3061113,2
5402.127526,-13349.44529,7947.317763,-158.8730852,-266.8969404,437.0507801,2
6420.742507,-13915.26449,7494.521988,-149.8154797,-278.2128511,444.1743759,2
7430.233261,-14461.30935,7031.076087,-140.5449782,-289.1334061,450.6667755,2
8429.165248,-14986.80389,6557.638643,-131.0747547,-299.6430868,456.518753,2
9416.118929,-15491.00136,6074.882434,-121.4182667,-309.7269582,461.7219924,2
10389.69179,-15973.18528,5583.493486,-111.5892367,-319.3706906,466.2690995,2
11348.50033,-16432.67042,5084.170088,-101.6016323,-328.5605799,470.1536127,2
12291.18203,-16868.80384,4577.621806,-91.46964649,-337.2835665,473.370012,2
13216.39729,-17280.96576,4064.568473,-81.20767726,-345.5272548,475.9137265,2
14122.83133,-17668.57049,3545.739166,-70.83030747,-353.2799299,477.7811416,2
15009.19604,-18031.06721,3021.871169,-60.35228394,-360.5305749,478.9696036,2
15874.23187,-18367.9408,2493.708928,-49.78849652,-367.2688863,479.4774235,2
16716.70955,-18678.71254,1962.00299,-39.15395692,-373.4852884,479.3038798,2
17535.43187,-18962.94081,1427.508939,-28.4637774,-379.1709475,478.449219,2
18329.23538,-19220.2217,890.986319,-17.73314929,-384.317784,476.9146558,2
19096.99205,-19450.1896,353.1975589,-6.977321415,-388.9184839,474.7023707,2
19837.61084,-19652.51772,-185.0931142,3.78842162,-392.9665093,471.8155075,2
20550.0393,-19826.91854,-723.1207598,14.5487811,-396.4561078,468.2581687,2
21233.26503,-19973.14422,-1260.120811,25.28846597,-399.3823204,464.0354094,2
21886.31714,-20090.98697,-1795.330162,35.99221454,-401.740989,459.1532304,2
22508.26758,-20180.27933,-2327.988251,46.6448162,-403.5287616,453.6185696,2
23098.23255,-20240.89441,-2857.33814,57.23113303,-404.7430978,447.4392919,2
23655.37366,-20272.74607,-3382.627596,67.73612129,-405.3822719,440.6241785,2
24178.8992,-20275.78905,-3903.110153,78.14485281,-405.4453755,433.1829141,2
24668.06519,-20250.01902,-4418.046177,88.44253623,-404.9323192,425.126073,2
25122.17652,-20195.4726,-4926.703916,98.61453795,-403.8438318,416.4651045,2
25540.58786,-20112.22732,-5428.360539,108.646403,-402.1814603,407.2123164,2
25922.70462,-20000.40146,-5922.303164,118.5238756,-399.9475669,397.3808572,2
26267.9838,-19860.15393,-6407.829872,128.2329193,-397.1453261,386.9846981,2
26575.93475,-19691.68404,-6884.250704,137.759737,-393.7787201,376.0386125,2
26846.11983,-19495.23119,-7350.888639,147.0907905,-389.8525329,364.5581556,2
27078.15511,-19271.07455,-7807.080558,156.21282,-385.372344,352.5596415,2
27271.71084,-19019.53266,-8252.178189,165.1128626,-380.3445199,340.0601209,2
27426.51199,-18740.96297,-8685.549024,173.7782707,-374.7762054,327.0773562,2
27542.33856,-18435.76134,-9106.577217,182.1967304,-368.6753135,313.6297967,2
27619.02596,-18104.36149,-9514.664467,190.3562785,-362.0505137,299.7365522,2
27656.46521,-17747.23435,-9909.230857,198.24532,-354.9112204,285.4173655,2
27654.60311,-17364.88743,-10289.71569,205.852644,-347.2675787,270.6925852,2
27613.44231,-16957.86404,-10655.57827,213.1674402,-339.1304509,255.5831359,2
27533.0413,-16526.74261,-11006.29869,220.1793137,-330.5114001,240.110489,2
27413.51433,-16072.13576,-11341.37856,226.8783005,-321.4226746,224.296632,2
27255.03125,-15594.68954,-11660.34171,233.2548807,-311.8771898,208.1640371,2
27057.81728,-15095.0824,-11962.73488,239.299993,-301.8885105,191.7356298,2
26822.15268,-14574.02433,-12248.12834,245.0050469,-291.470831,175.0347556,2
26548.37232,-14032.25577,-12516.11655,250.3619352,-280.6389556,158.0851475,2
26236.86528,-13470.54661,-12766.31867,255.3630455,-269.4082769,140.9108918,2
25888.07422,-12889.69507,-12998.37915,260.0012709,-257.7947543,123.5363939,2
25502.49478,-12290.52656,-13211.96822,264.2700203,-245.8148912,105.9863441,2
25080.67491,-11673.89254,-13406.78237,268.1632276,-233.4857117,88.28568186,2
24623.21402,-11040.66928,-13582.54474,271.6753602,-220.8247362,70.45956086,2
24130.7622,-10391.75663,-13739.00557,274.8014273,-207.8499567,52.53331297,2
23604.01925,-9728.076723,-13875.94253,277.5369865,-194.5798111,34.53241236,2
23043.73369,-9050.572685,-13993.16101,279.8781505,-181.0331569,16.4824393,2
22450.70173,-8360.207289,-14090.49444,281.8215923,-167.2292446,-1.590956201,2
21825.76609,-7657.961581,-14167.80451,283.3645502,-153.1876905,-19.66209087,2
21169.81484,-6944.83349,-14224.98135,284.5048316,-138.9284482,-37.70528463,2
20483.78013,-6221.836411,-14261.94372,285.240816,-124.4717811,-55.69489712,2
19768.63685,-5489.997762,-14278.63908,285.5714576,-109.8382327,-73.60536411,2
19025.40125,-4750.357526,-14275.04372,285.4962866,-95.04859817,-91.41123385,2
18255.12951,-4003.966771,-14251.16274,285.0154097,-80.12389439,-109.0872032,2
17458.91624,-3251.886161,-14207.03008,284.1295103,-65.08533018,-126.6081537,2
16637.89289,-2495.184443,-14142.70845,282.8398474,-49.95427615,-143.9491871,2
15793.22618,-1734.936931,-14058.28925,281.1482535,-34.75223436,-161.0856608,2
14926.11644,-972.2239787,-13953.89246,279.0571326,-19.50080774,-177.993223,2
14037.79587,-208.129443,-13829.66643,276.5694563,-4.221669412,-194.647847,2
13129.52682,556.2608561,-13685.78768,273.6887596,11.06346814,-211.0258658,2
12202.6,1319.860678,-13522.46068,270.4191362,26.3328839,-227.1040054,2
11258.33261,2081.584906,-13339.91752,266.7652324,41.56487919,-242.8594177,2
10298.06652,2840.351087,-13138.41761,262.7322406,56.73780852,-258.2697134,2
9323.166311,3595.080975,-12918.24729,258.3258919,71.83011031,-273.3129938,2
8335.017373,4344.702055,-12679.71943,253.552448,86.82033759,-287.9678815,2
7335.023919,5088.149076,-12423.173,248.4186922,101.6871884,-302.213551,2
6324.606995,5824.365559,-12148.97255,242.9319199,116.4095362,-316.0297586,2
5305.202458,6552.3053,-11857.50776,237.099928,130.9664596,-329.3968705,2
4278.258938,7270.933857,-11549.19279,230.9310041,145.3372726,-342.2958915,2
3245.235778,7979.230018,-11224.4658,224.4339146,159.5015533,-354.7084913,2
2207.60096,8676.187257,-10883.78822,217.6178923,173.4391736,-366.6170309,2
1166.829021,9360.815159,-10527.64418,210.492623,187.1303273,-378.0045877,2
124.3989538,10032.14083,-10156.53978,203.0682322,200.5555586,-388.8549793,2
-918.2078911,10689.21028,-9771.002391,195.3552703,213.6957895,-399.1527866,2
-1959.509912,11331.08978,-9371.579867,187.3646979,226.5323469,-408.883376,2
-2998.027363,11956.86718,-8958.839816,179.10787,239.0469896,-418.0329198,2
-4032.284452,12565.65322,-8533.368763,170.59652,251.2219333,-426.5884159,2
-5060.811445,13156.58277,-8095.771327,161.842743,263.0398769,-434.5377065,2
-6082.146748,13728.8161,-7646.669356,152.8589787,274.4840265,-441.8694953,2
-7094.838987,14281.54004,-7186.701049,143.6579933,285.5381193,-448.5733633,2
-8097.449072,14813.96912,-6716.520048,134.2528621,296.1864467,-454.639784,2
-9088.552239,15325.34674,-6236.794503,124.6569502,306.4138771,-460.0601368,2
-10066.74008,15814.94621,-5748.206133,114.883894,316.2058765,-464.8267189,2
-11030.62252,16282.07177,-5251.449247,104.9475815,325.5485301,-468.9327568,2
-11978.82985,16726.05962,-4747.229764,94.86213272,334.4285614,-472.3724155,2
-12910.01461,17146.27882,-4236.264208,84.64187966,342.8333514,-475.1408073,2
-13822.85353,17542.13222,-3719.278689,74.30134586,350.7509565,-477.2339979,2
-14716.04942,17913.05729,-3197.007871,63.85522579,358.1701252,-478.649013,2
-15588.333,18258.52693,-2670.19393,53.31836394,365.0803147,-479.3838416,2
-16438.4647,18578.0502,-2139.585498,42.70573378,371.471705,-479.4374395,2
-17265.23645,18871.17304,-1605.936597,32.03241644,377.3352137,-478.8097306,2
-18067.47335,19137.47892,-1070.005573,21.31357928,382.6625084,-477.5016068,2
-18844.03538,19376.58939,-532.5540118,10.56445435,387.4460187,-475.5149272,2
-19593.819,19588.16467,5.6543375,-0.199683238,391.6789471,-472.8525148,2
-20315.75874,19771.90409,543.8546517,-10.96353707,395.3552782,-469.5181531,2
-21008.82867,19927.54655,1081.282119,-21.71181111,398.4697879,-465.5165804,2
-21672.04391,20054.87089,1617.173024,-32.42923148,401.0180502,-460.8534832,2
-22304.46199,20153.69615,2150.765839,-43.10056814,402.9964438,-455.535488,2
-22905.1842,20223.88191,2681.302298,-53.71065654,404.4021575,-449.5701519,2
-23473.3569,20265.32842,3208.028479,-64.24441915,405.2331936,-442.965952,2
-24008.17267,20277.97679,3730.195876,-74.68688693,405.4883712,-435.7322733,2
-24508.87151,20261.80905,4247.062461,-85.02322055,405.1673276,-427.8793952,2
-24974.74191,20216.84817,4757.893738,-95.23873153,404.270519,-419.4184771,2
-25405.12183,20143.15805,5261.963787,-105.3189031,402.7992199,-410.3615423,2
-25799.39969,20040.84339,5758.556298,-115.2494107,400.7555211,-400.7214613,2
-26157.01518,19910.0496,6246.965585,-125.0161425,398.1423268,-390.5119332,2
-26477.46013,19750.96253,6726.497592,-134.6052196,394.9633504,-379.7474663,2
-26760.27915,19563.80827,7196.470879,-144.0030154,391.2231095,-368.4433575,2
-27005.07036,19348.85277,7656.217586,-153.1961749,386.9269192,-356.6156705,2
-27211.48588,19106.40149,8105.084389,-162.1716343,382.0808845,-344.2812131,2
-27379.23239,18836.79897,8542.433424,-170.916639,376.691892,-331.4575132,2
-27508.07151,18540.42832,8967.643193,-179.4187617,370.7675997,-318.1627941,2
-27597.82016,18217.71071,9380.109451,-187.6659206,364.3164263,-304.4159483,2
-27648.3508,17869.10474,9779.24606,-195.6463959,357.3475394,-290.2365107,2
-27659.59162,17495.10579,10164.48583,-203.348847,349.8708421,-275.6446312,2
-27631.52664,17096.24534,10535.2813,-210.7623283,341.8969591,-260.6610455,2
-27564.19575,16673.09019,10891.10556,-217.8763047,333.4372219,-245.3070463,2
-27457.69463,16226.24167,11231.45297,-224.680667,324.5036521,-229.6044523,2
-27312.17463,15756.33476,11555.83987,-231.1657458,315.1089449,-213.5755779,2
-27127.84253,15264.03725,11863.80528,-237.3223254,305.2664506,-197.2432008,2
-26904.96028,14750.0487,12154.91158,-243.141657,294.990156,-180.6305304,2
-26643.84462,14215.09953,12428.74509,-248.615471,284.2946643,-163.7611741,2
-26344.86659,13659.94992,12684.91667,-253.7359888,273.1951742,-146.6591042,2
-26008.45106,13085.38877,12923.06229,-258.4959339,261.7074589,-129.3486237,2
-25635.0761,12492.23258,13142.84352,-262.8885421,249.847843,-111.8543317,2
-25225.2723,11881.32423,13343.94806,-266.9075713,237.6331796,-94.20108864,2
-24779.622,11253.53188,13526.09012,-270.5473103,225.0808264,-76.41398064,2
-24298.7585,10609.74764,13689.01087,-273.8025867,212.2086211,-58.51828419,2
-23783.36514,9950.886364,13832.47878,-276.6687747,199.0348557,-40.53943006,2
-23234.17432,9277.884338,13956.28998,-279.1418012,185.5782509,-22.50296718,2
-22651.96646,8591.69793,14060.26853,-281.2181519,171.8579293,-4.434526357,2
-22037.56892,7893.30225,14144.26667,-282.8948762,157.8933881,13.64021617,2
-21391.85479,7183.689755,14208.16503,-284.1695914,143.7044718,31.69557521,2
-20715.74166,6463.868843,14251.87282,-285.0404861,129.3113435,49.7058931,2
-20010.19033,5734.862421,14275.32791,-285.5063227,114.7344568,67.6455762,2
-19276.20342,4997.706445,14278.49698,-285.5664392,99.99452614,85.48913123,2
-18514.82398,4253.448455,14261.37552,-285.2207501,85.11249778,103.2112015,2
-17727.13395,3503.146082,14223.98787,-284.4697467,70.1095199,120.7866031,2
-16914.2527,2747.865546,14166.38716,-283.3144963,55.00691255,138.1903602,2
-16077.33537,1988.680144,14088.65523,-281.7566405,39.82613738,155.3977413,2
-15217.57127,1226.668718,13990.90255,-279.798393,24.58876708,172.3842937,2
-14336.18216,462.9141284,13873.26804,-277.4425368,9.316454796,189.1258786,2
-13434.42056,-301.4982873,13735.91885,-274.6924195,-5.969096677,205.5987053,2
-12513.56791,-1065.482257,13579.05017,-271.5519492,-21.24616574,221.7793649,2
-11574.93279,-1827.952119,13402.88491,-268.0255888,-36.49304283,237.644864,2
-10619.84906,-2587.82436,13207.67342,-264.1183493,-51.68806132,253.1726567,2
-9649.673949,-3344.019162,12993.69311,-259.8357832,-66.80962824,268.3406772,2
-8665.786119,-4095.461929,12761.24805,-255.1839763,-81.83625503,283.1273709,2
-7669.583733,-4841.084821,12510.66855,-250.1695389,-96.74658801,297.5117251,2
-6662.482449,-5579.828267,12242.31072,-244.7995969,-111.5194388,311.4732989,2
-5645.913412,-6310.642471,11956.55588,-239.0817814,-126.1338144,324.992252,2
-4621.321224,-7032.488906,11653.81013,-233.0242175,-140.5689469,338.0493734,2
-3590.161886,-7744.341791,11334.50368,-226.6355135,-154.8043232,350.6261082,2
-2553.90073,-8445.189542,10999.09027,-219.924748,-168.8197142,362.704584,2
-1514.010343,-9134.036216,10648.04656,-212.9014574,-182.5952031,374.2676368,2
-471.9684633,-9809.902925,10281.87139,-205.5756222,-196.1112142,385.2988348,2
570.744109,-10471.82923,9901.085116,-197.9576527,-209.3485405,395.7825021,2
1612.645623,-11118.87448,9506.228861,-190.0583746,-222.2883711,405.7037408,2
2652.255479,-11750.11921,9097.863734,-181.8890132,-234.9123178,415.0484523,2
3688.096335,-12364.66638,8676.570044,-173.4611775,-247.2024412,423.8033572,2
4718.696204,-12961.64268,8242.946474,-164.786844,-259.1412764,431.9560143,2
5742.590548,-13540.19977,7797.609226,-155.8783394,-270.7118577,439.4948384,2
6758.324356,-14099.5155,7341.191148,-146.7483231,-281.8977427,446.4091162,2
7764.454215,-14638.79505,6874.340837,-137.4097695,-292.6830355,452.6890222,2
8759.550361,-15157.27207,6397.72171,-127.875949,-303.0524097,458.3256323,2
9742.198706,-15654.20978,5912.011071,-118.1604098,-312.9911298,463.3109367,2
10711.00285,-16128.90199,5417.899141,-108.2769582,-322.4850724,467.6378509,2
11664.58608,-16580.67416,4916.08808,-98.23963912,-331.5207461,471.300226,2
12601.59329,-17008.88428,4407.290988,-88.06271614,-340.0853107,474.2928578,2
13520.69295,-17412.92384,3892.230895,-77.76065121,-348.1665954,476.6114935,2
14420.57896,-17792.21869,3371.639729,-67.34808415,-355.7531163,478.2528381,2
15299.97254,-18146.22982,2846.257278,-56.83981177,-362.8340926,479.2145593,2
16157.62403,-18474.45417,2316.83014,-46.25076692,-369.3994618,479.4952904,2
16992.31464,-18776.4253,1784.110659,-35.59599719,-375.4398942,479.0946325,2
17802.85825,-19051.71411,1248.85586,-24.8906436,-380.9468059,478.0131548,2
18588.10302,-19299.92939,711.8263682,-14.14991904,-385.9123714,476.2523943,2
19346.93308,-19520.71841,173.7853321,-3.389086676,-390.3295342,473.8148531,2
20078.27009,-19713.76742,-364.5026625,7.376561766,-394.1920175,470.7039951,2
20781.07477,-19878.80209,-902.2726789,18.13172771,-397.4943323,466.9242409,2
21454.34842,-20015.5879,-1438.760516,28.86112748,-400.2317859,462.4809619,2
22097.13426,-20123.93046,-1973.203796,39.549514,-402.4004883,457.3804721,2
22708.51886,-20203.67582,-2504.843046,50.18169851,-403.9973575,451.6300196,2
23287.63342,-20254.71064,-3032.922776,60.74257207,-405.0201244,445.2377761,2
23833.65497,-20276.96241,-3556.692558,71.21712711,-405.4673355,438.2128254,2
24345.8076,-20270.39951,-4075.408084,81.59047872,-405.3383554,430.5651503,2
24823.3635,-20235.03127,-4588.332233,91.8478858,-404.6333672,422.3056185,2
25265.64405,-20170.90793,-5094.73611,101.974772,-403.353373,413.4459674,2
25672.02073,-20078.12064,-5593.900089,111.9567465,-401.5001915,403.9987869,2
26041.91606,-19956.80123,-6085.11483,121.7796243,-399.0764562,393.977502,2
26374.80441,-19807.12212,-6567.682289,131.4294466,-396.0856115,383.3963536,2
26670.21272,-19629.296,-7040.916712,140.8925004,-392.5319075,372.2703779,2
26927.72119,-19423.57558,-7504.145608,150.1553384,-388.4203941,360.6153857,2
27146.9639,-19190.2532,-7956.710702,159.2047973,-383.7569141,348.4479393,2
27327.62929,-18929.66042,-8397.968875,168.0280176,-378.5480945,335.7853292,2
27469.46062,-18642.16755,-8827.293074,176.6124608,-372.8013374,322.6455499,2
27572.25635,-18328.18314,-9244.073207,184.945928,-366.5248092,309.0472736,2
27635.87039,-17988.15338,-9647.717006,193.016577,-359.7274291,295.0098242,2
27660.21235,-17622.56148,-10037.65087,200.8129389,-352.4188567,280.5531497,2
27645.24763,-17231.92694,-10413.32069,208.3239345,-344.6094778,265.6977938,2
27590.9975,-16816.8049,-10774.1926,215.5388905,-336.31039,250.4648668,2
27497.53906,-16377.78526,-11119.7538,222.4475539,-327.5333868,234.8760155,2
27365.0051,-15915.49188,-11449.51322,229.0401072,-318.2909406,218.9533926,2
27193.58398,-15430.58173,-11763.00226,235.3071819,-308.5961857,202.7196249,2
26983.51929,-14923.74387,-12059.77542,241.2398723,-298.4628986,186.1977815,2
26735.10954,-14395.69855,-12339.41098,246.8297476,-287.9054795,169.4113409,2
26448.70773,-13847.19616,-12601.51157,252.0688643,-276.9389309,152.3841575,2
26124.72087,-13279.01615,-12845.70472,256.9497774,-265.5788369,135.1404279,2
25763.60934,-12691.96593,-13071.64342,261.4655507,-253.8413409,117.7046563,2
25365.88632,-12086.87973,-13279.0066,265.6097673,-241.7431224,100.10162,2
24932.11699,-11464.61741,-13467.49958,269.3765378,-229.3013737,82.35633376,2
24462.91775,-10826.06324,-13636.85451,272.7605095,-216.5337753,64.4940147,2
23958.95537,-10172.12465,-13786.83073,275.7568736,-203.4584705,46.54004612,2
23420.946,-9503.730905,-13917.2151,278.3613721,-190.09404,28.51994159,2
22849.65419,-8821.831842,-14027.82235,280.5703038,-176.4594756,10.45930865,2
22245.89177,-8127.396474,-14118.49529,282.3805298,-162.5741525,-7.616187529,2
21610.51671,-7421.411631,-14189.10508,283.7894776,-148.4578027,-25.68086069,2
20944.43194,-6704.880556,-14239.55138,284.7951451,-134.1304863,-43.70903995,2
20248.58397,-5978.821479,-14269.76249,285.396103,-119.612563,-61.67510626,2
19523.96166,-5244.266169,-14279.6955,285.5914975,-104.9246638,-79.55352888,2
18771.59474,-4502.25847,-14269.33627,285.3810508,-90.08766092,-97.31890158,2
17992.55235,-3753.852815,-14238.69953,284.7650621,-75.12263851,-114.9459788,2
17187.94156,-3000.11273,-14187.82883,283.7444066,-60.05086273,-132.4097115,2
16358.90576,-2242.109321,-14116.79644,282.3205348,-44.89375138,-149.6852827,2
15506.62306,-1480.919752,-14025.70331,280.49547,-29.67284356,-166.748143,2
14632.30461,-717.6257143,-13914.67889,278.2718059,-14.409769,-183.574045,2
13737.19285,46.68810845,-13783.88095,275.6527022,0.873782623,-200.1390783,2
12822.55978,810.9355848,-13633.49537,272.641881,16.15609256,-216.419703,2
11889.70516,1574.030677,-13463.73583,269.2436208,31.4154438,-232.3927834,2
10939.95461,2334.888986,-13274.8436,265.4627507,46.63015198,-248.035621,2
9974.657791,3092.42929,-13067.08708,261.3046434,61.77859616,-263.3259864,2
8995.186437,3845.575082,-12840.76152,256.775208,76.83924957,-278.2421512,2
8002.932431,4593.256102,-12596.18853,251.8808809,91.79071021,-292.7629186,2
6999.30582,5334.409854,-12333.71567,246.6286173,106.6117312,-306.8676539,2
5985.732812,6067.983117,-12053.71593,241.025881,121.2812511,-320.5363135,2
4963.65375,6792.933445,-11756.5872,235.0806337,135.7784238,-333.7494734,2
3934.521065,7508.230642,-11442.75171,228.801324,150.0826478,-346.4883571,2
2899.79721,8212.858233,-11112.65544,222.196875,164.1735962,-358.7348619,2
1860.952585,8905.814902,-10766.76749,215.2766722,178.0312449,-370.4715848,2
819.4634436,9586.115922,-10405.57937,208.0505494,191.6359015,-381.6818473,2
-223.1901997,10252.79455,-10029.60435,200.5287754,204.968233,-392.349719,2
-1265.526678,10904.90339,-9639.37671,192.722039,218.0092934,-402.4600403,2
-2306.064773,11541.51577,-9235.450993,184.6414341,230.7405507,-411.9984438,2
-3343.325824,12161.72702,-8818.401194,176.2984435,243.143913,-420.951375,2
-4375.835826,12764.65579,-8388.819965,167.7049233,255.2017545,-429.3061113,2
-5402.127526,13349.44529,-7947.317763,158.8730852,266.8969404,-437.0507801,2
-6420.742507,13915.26449,-7494.521988,149.8154797,278.2128511,-444.1743759,2
-7430.233261,14461.30935,-7031.076087,140.5449782,289.1334061,-450.6667755,2
-8429.165248,14986.80389,-6557.638643,131.0747547,299.6430868,-456.518753,2
-9416.118929,15491.00136,-6074.882434,121.4182667,309.7269582,-461.7219924,2
-10389.69179,15973.18528,-5583.493486,111.5892367,319.3706906,-466.2690995,2
-11348.50033,16432.67042,-5084.170088,101.6016323,328.5605799,-470.1536127,2
-12291.18203,16868.80384,-4577.621806,91.46964649,337.2835665,-473.370012,2
-13216.39729,17280.96576,-4064.568473,81.20767726,345.5272548,-475.9137265,2
-14122.83133,17668.57049,-3545.739166,70.83030747,353.2799299,-477.7811416,2
-15009.19604,18031.06721,-3021.871169,60.35228394,360.5305749,-478.9696036,2
-15874.23187,18367.9408,-2493.708928,49.78849652,367.2688863,-479.4774235,2
-16716.70955,18678.71254,-1962.00299,39.15395692,373.4852884,-479.3038798,2
-17535.43187,18962.94081,-1427.508939,28.4637774,379.1709475,-478.449219,2
-18329.23538,19220.2217,-890.986319,17.73314929,384.317784,-476.9146558,2
-19096.99205,19450.1896,-353.1975589,6.977321415,388.9184839,-474.7023707,2
-19837.61084,19652.51772,185.0931142,-3.78842162,392.9665093,-471.8155075,2
-20550.0393,19826.91854,723.1207598,-14.5487811,396.4561078,-468.2581687,2
-21233.26503,19973.14422,1260.120811,-25.28846597,399.3823204,-464.0354094,2
-21886.31714,20090.98697,1795.330162,-35.99221454,401.740989,-459.1532304,2
-22508.26758,20180.27933,2327.988251,-46.6448162,403.5287616,-453.6185696,2
-23098.23255,20240.89441,2857.33814,-57.23113303,404.7430978,-447.4392919,2
-23655.37366,20272.74607,3382.627596,-67.73612129,405.3822719,-440.6241785,2
-24178.8992,20275.78905,3903.110153,-78.14485281,405.4453755,-433.1829141,2
-24668.06519,20250.01902,4418.046177,-88.44253623,404.9323192,-425.126073,2
-25122.17652,20195.4726,4926.703916,-98.61453795,403.8438318,-416.4651045,2
-25540.58786,20112.22732,5428.360539,-108.646403,402.1814603,-407.2123164,2
-25922.70462,20000.40146,5922.303164,-118.5238756,399.9475669,-397.3808572,2
-26267.9838,19860.15393,6407.829872,-128.2329193,397.1453261,-386.9846981,2
-26575.93475,19691.68404,6884.250704,-137.759737,393.7787201,-376.0386125,2
-26846.11983,19495.23119,7350.888639,-147.0907905,389.8525329,-364.5581556,2
-27078.15511,19271.07455,7807.080558,-156.21282,385.372344,-352.5596415,2
-27271.71084,19019.53266,8252.178189,-165.1128626,380.3445199,-340.0601209,2
-27426.51199,18740.96297,8685.549024,-173.7782707,374.7762054,-327.0773562,2
-27542.33856,18435.76134,9106.577217,-182.1967304,368.6753135,-313.6297967,2
-27619.02596,18104.36149,9514.664467,-190.3562785,362.0505137,-299.7365522,2
-27656.46521,17747.23435,9909.230857,-198.24532,354.9112204,-285.4173655,2
-27654.60311,17364.88743,10289.71569,-205.852644,347.2675787,-270.6925852,2
-27613.44231,16957.86404,10655.57827,-213.1674402,339.1304509,-255.5831359,2
-27533.0413,16526.74261,11006.29869,-220.1793137,330.5114001,-240.110489,2
-27413.51433,16072.13576,11341.37856,-226.8783005,321.4226746,-224.296632,2
-27255.03125,15594.68954,11660.34171,-233.2548807,311.8771898,-208.1640371,2
-27057.81728,15095.0824,11962.73488,-239.299993,301.8885105,-191.7356298,2
-26822.15268,14574.02433,12248.12834,-245.0050469,291.470831,-175.0347556,2
-26548.37232,14032.25577,12516.11655,-250.3619352,280.6389556,-158.0851475,2
-26236.86528,13470.54661,12766.31867,-255.3630455,269.4082769,-140.9108918,2
-25888.07422,12889.69507,12998.37915,-260.0012709,257.7947543,-123.5363939,2
-25502.49478,12290.52656,13211.96822,-264.2700203,245.8148912,-105.9863441,2
-25080.67491,11673.89254,13406.78237,-268.1632276,233.4857117,-88.28568186,2
-24623.21402,11040.66928,13582.54474,-271.6753602,220.8247362,-70.45956086,2
-24130.7622,10391.75663,13739.00557,-274.8014273,207.8499567,-52.53331297,2
-23604.01925,9728.076723,13875.94253,-277.5369865,194.5798111,-34.53241236,2
-23043.73369,9050.572685,13993.16101,-279.8781505,181.0331569,-16.4824393,2
-22450.70173,8360.207289,14090.49444,-281.8215923,167.2292446,1.590956201,2
-21825.76609,7657.961581,14167.80451,-283.3645502,153.1876905,19.66209087,2
-21169.81484,6944.83349,14224.98135,-284.5048316,138.9284482,37.70528463,2
-20483.78013,6221.836411,14261.94372,-285.240816,124.4717811,55.69489712,2
-19768.63685,5489.997762,14278.63908,-285.5714576,109.8382327,73.60536411,2
-19025.40125,4750.357526,14275.04372,-285.4962866,95.04859817,91.41123385,2
-18255.12951,4003.966771,14251.16274,-285.0154097,80.12389439,109.0872032,2
-17458.91624,3251.886161,14207.03008,-284.1295103,65.08533018,126.6081537,2
-16637.89289,2495.184443,14142.70845,-282.8398474,49.95427615,143.9491871,2
-15793.22618,1734.936931,14058.28925,-281.1482535,34.75223436,161.0856608,2
-14926.11644,972.2239787,13953.89246,-279.0571326,19.50080774,177.993223,2
-14037.79587,208.129443,13829.66643,-276.5694563,4.221669412,194.647847,2
-13129.52682,-556.2608561,13685.78768,-273.6887596,-11.06346814,211.0258658,2
-12202.6,-1319.860678,13522.46068,-270.4191362,-26.3328839,227.1040054,2
-11258.33261,-2081.584906,13339.91752,-266.7652324,-41.56487919,242.8594177,2
-10298.06652,-2840.351087,13138.41761,-262.7322406,-56.73780852,258.2697134,2
-9323.166311,-3595.080975,12918.24729,-258.3258919,-71.83011031,273.3129938,2
-8335.017373,-4344.702055,12679.71943,-253.552448,-86.82033759,287.9678815,2
-7335.023919,-5088.149076,12423.173,-248.4186922,-101.6871884,302.213551,2
-6324.606995,-5824.365559,12148.97255,-242.9319199,-116.4095362,316.0297586,2
-5305.202458,-6552.3053,11857.50776,-237.099928,-130.9664596,329.3968705,2
-4278.258938,-7270.933857,11549.19279,-230.9310041,-145.3372726,342.2958915,2
-3245.235778,-7979.230018,11224.4658,-224.4339146,-159.5015533,354.7084913,2
-2207.60096,-8676.187257,10883.78822,-217.6178923,-173.4391736,366.6170309,2
-1166.829021,-9360.815159,10527.64418,-210.492623,-187.1303273,378.0045877,2
-124.3989538,-10032.14083,10156.53978,-203.0682322,-200.5555586,388.8549793,2
918.2078911,-10689.21028,9771.002391,-195.3552703,-213.6957895,399.1527866,2
1959.509912,-11331.08978,9371.579867,-187.3646979,-226.5323469,408.883376,2
2998.027363,-11956.86718,8958.839816,-179.10787,-239.0469896,418.0329198,2
4032.284452,-12565.65322,8533.368763,-170.59652,-251.2219333,426.5884159,2
5060.811445,-13156.58277,8095.771327,-161.842743,-263.0398769,434.5377065,2
6082.146748,-13728.8161,7646.669356,-152.8589787,-274.4840265,441.8694953,2
7094.838987,-14281.54004,7186.701049,-143.6579933,-285.5381193,448.5733633,2
8097.449072,-14813.96912,6716.520048,-134.2528621,-296.1864467,454.639784,2
9088.552239,-15325.34674,6236.794503,-124.6569502,-306.4138771,460.0601368,2
10066.74008,-15814.94621,5748.206133,-114.883894,-316.2058765,464.8267189,2
11030.62252,-16282.07177,5251.449247,-104.9475815,-325.5485301,468.9327568,2
11978.82985,-16726.05962,4747.229764,-94.86213272,-334.4285614,472.3724155,2
12910.01461,-17146.27882,4236.264208,-84.64187966,-342.8333514,475.1408073,2
13822.85353,-17542.13222,3719.278689,-74.30134586,-350.7509565,477.2339979,2
14716.04942,-17913.05729,3197.007871,-63.85522579,-358.1701252,478.649013,2
15588.333,-18258.52693,2670.19393,-53.31836394,-365.0803147,479.3838416,2
16438.4647,-18578.0502,2139.585498,-42.70573378,-371.471705,479.4374395,2
17265.23645,-18871.17304,1605.936597,-32.03241644,-377.3352137,478.8097306,2
18067.47335,-19137.47892,1070.005573,-21.31357928,-382.6625084,477.5016068,2
18844.03538,-19376.58939,532.5540118,-10.56445435,-387.4460187,475.5149272,2
19593.819,-19588.16467,-5.6543375,0.199683238,-391.6789471,472.8525148,2
20315.75874,-19771.90409,-543.8546517,10.96353707,-395.3552782,469.5181531,2
21008.82867,-19927.54655,-1081.282119,21.71181111,-398.4697879,465.5165804,2
21672.04391,-20054.87089,-1617.173024,32.42923148,-401.0180502,460.8534832,2
22304.46199,-20153.69615,-2150.765839,43.10056814,-402.9964438,455.535488,2
22905.1842,-20223.88191,-2681.302298,53.71065654,-404.4021575,449.5701519,2
23473.3569,-20265.32842,-3208.028479,64.24441915,-405.2331936,442.965952,2
24008.17267,-20277.97679,-3730.195876,74.68688693,-405.4883712,435.7322733,2
24508.87151,-20261.80905,-4247.062461,85.02322055,-405.1673276,427.8793952,2
24974.74191,-20216.84817,-4757.893738,95.23873153,-404.270519,419.4184771,2
25405.12183,-20143.15805,-5261.963787,105.3189031,-402.7992199,410.3615423,2
25799.39969,-20040.84339,-5758.556298,115.2494107,-400.7555211,400.7214613,2
26157.01518,-19910.0496,-6246.965585,125.0161425,-398.1423268,390.5119332,2
26477.46013,-19750.96253,-6726.497592,134.6052196,-394.9633504,379.7474663,2
26760.27915,-19563.80827,-7196.470879,144.0030154,-391.2231095,368.4433575,2
27005.07036,-19348.85277,-7656.217586,153.1961749,-386.9269192,356.6156705,2
27211.48588,-19106.40149,-8105.084389,162.1716343,-382.0808845,344.2812131,2
27379.23239,-18836.79897,-8542.433424,170.916639,-376.691892,331.4575132,2
27508.07151,-18540.42832,-8967.643193,179.4187617,-370.7675997,318.1627941,2
27597.82016,-18217.71071,-9380.109451,187.6659206,-364.3164263,304.4159483,2
27648.3508,-17869.10474,-9779.24606,195.6463959,-357.3475394,290.2365107,2
27659.59162,-17495.10579,-10164.48583,203.348847,-349.8708421,275.6446312,2
27631.52664,-17096.24534,-10535.2813,210.7623283,-341.8969591,260.6610455,2
27564.19575,-16673.09019,-10891.10556,217.8763047,-333.4372219,245.3070463,2
27457.69463,-16226.24167,-11231.45297,224.680667,-324.5036521,229.6044523,2
27312.17463,-15756.33476,-11555.83987,231.1657458,-315.1089449,213.5755779,2
27127.84253,-15264.03725,-11863.80528,237.3223254,-305.2664506,197.2432008,2
26904.96028,-14750.0487,-12154.91158,243.141657,-294.990156,180.6305304,2
26643.84462,-14215.09953,-12428.74509,248.615471,-284.2946643,163.7611741,2
26344.86659,-13659.94992,-12684.91667,253.7359888,-273.1951742,146.6591042,2
26008.45106,-13085.38877,-12923.06229,258.4959339,-261.7074589,129.3486237,2
25635.0761,-12492.23258,-13142.84352,262.8885421,-249.847843,111.8543317,2
25225.2723,-11881.32423,-13343.94806,266.9075713,-237.6331796,94.20108864,2
24779.622,-11253.53188,-13526.09012,270.5473103,-225.0808264,76.41398064,2
24298.7585,-10609.74764,-13689.01087,273.8025867,-212.2086211,58.51828419,2
23783.36514,-9950.886364,-13832.47878,276.6687747,-199.0348557,40.53943006,2
23234.17432,-9277.884338,-13956.28998,279.1418012,-185.5782509,22.50296718,2
22651.96646,-8591.69793,-14060.26853,281.2181519,-171.8579293,4.434526357,2
22037.56892,-7893.30225,-14144.26667,282.8948762,-157.8933881,-13.64021617,2
21391.85479,-7183.689755,-14208.16503,284.1695914,-143.7044718,-31.69557521,2
20715.74166,-6463.868843,-14251.87282,285.0404861,-129.3113435,-49.7058931,2
20010.19033,-5734.862421,-14275.32791,285.5063227,-114.7344568,-67.6455762,2
19276.20342,-4997.706445,-14278.49698,285.5664392,-99.99452614,-85.48913123,2
18514.82398,-4253.448455,-14261.37552,285.2207501,-85.11249778,-103.2112015,2
17727.13395,-3503.146082,-14223.98787,284.4697467,-70.1095199,-120.7866031,2
16914.2527,-2747.865546,-14166.38716,283.3144963,-55.00691255,-138.1903602,2
16077.33537,-1988.680144,-14088.65523,281.7566405,-39.82613738,-155.3977413,2
15217.57127,-1226.668718,-13990.90255,279.798393,-24.58876708,-172.3842937,2
14336.18216,-462.9141284,-13873.26804,277.4425368,-9.316454796,-189.1258786,2
13434.42056,301.4982873,-13735.91885,274.6924195,5.969096677,-205.5987053,2
12513.56791,1065.482257,-13579.05017,271.5519492,21.24616574,-221.7793649,2
11574.93279,1827.952119,-13402.88491,268.0255888,36.49304283,-237.644864,2
10619.84906,2587.82436,-13207.67342,264.1183493,51.68806132,-253.1726567,2
9649.673949,3344.019162,-12993.69311,259.8357832,66.80962824,-268.3406772,2
8665.786119,4095.461929,-12761.24805,255.1839763,81.83625503,-283.1273709,2
7669.583733,4841.084821,-12510.66855,250.1695389,96.74658801,-297.5117251,2
6662.482449,5579.828267,-12242.31072,244.7995969,111.5194388,-311.4732989,2
5645.913412,6310.642471,-11956.55588,239.0817814,126.1338144,-324.992252,2
4621.321224,7032.488906,-11653.81013,233.0242175,140.5689469,-338.0493734,2
3590.161886,7744.341791,-11334.50368,226.6355135,154.8043232,-350.6261082,2
2553.90073,8445.189542,-10999.09027,219.924748,168.8197142,-362.704584,2
1514.010343,9134.036216,-10648.04656,212.9014574,182.5952031,-374.2676368,2
471.9684633,9809.902925,-10281.87139,205.5756222,196.1112142,-385.2988348,2
-570.744109,10471.82923,-9901.085116,197.9576527,209.3485405,-395.7825021,2
-1612.645623,11118.87448,-9506.228861,190.0583746,222.2883711,-405.7037408,2
-2652.255479,11750.11921,-9097.863734,181.8890132,234.9123178,-415.0484523,2
-3688.096335,12364.66638,-8676.570044,173.4611775,247.2024412,-423.8033572,2
-4718.696204,12961.64268,-8242.946474,164.786844,259.1412764,-431.9560143,2
-5742.590548,13540.19977,-7797.609226,155.8783394,270.7118577,-439.4948384,2
-6758.324356,14099.5155,-7341.191148,146.7483231,281.8977427,-446.4091162,2
-7764.454215,14638.79505,-6874.340837,137.4097695,292.6830355,-452.6890222,2
-8759.550361,15157.27207,-6397.72171,127.875949,303.0524097,-458.3256323,2
-9742.198706,15654.20978,-5912.011071,118.1604098,312.9911298,-463.3109367,2
-10711.00285,16128.90199,-5417.899141,108.2769582,322.4850724,-467.6378509,2
-11664.58608,16580.67416,-4916.08808,98.23963912,331.5207461,-471.300226,2
-12601.59329,17008.88428,-4407.290988,88.06271614,340.0853107,-474.2928578,2
-13520.69295,17412.92384,-3892.230895,77.76065121,348.1665954,-476.6114935,2
-14420.57896,17792.21869,-3371.639729,67.34808415,355.7531163,-478.2528381,2
-15299.97254,18146.22982,-2846.257278,56.83981177,362.8340926,-479.2145593,2
-16157.62403,18474.45417,-2316.83014,46.25076692,369.3994618,-479.4952904,2
-16992.31464,18776.4253,-1784.110659,35.59599719,375.4398942,-479.0946325,2
-17802.85825,19051.71411,-1248.85586,24.8906436,380.9468059,-478.0131548,2
-18588.10302,19299.92939,-711.8263682,14.14991904,385.9123714,-476.2523943,2
-19346.93308,19520.71841,-173.7853321,3.389086676,390.3295342,-473.8148531,2
-20078.27009,19713.76742,364.5026625,-7.376561766,394.1920175,-470.7039951,2
-20781.07477,19878.80209,902.2726789,-18.13172771,397.4943323,-466.9242409,2
-21454.34842,20015.5879,1438.760516,-28.86112748,400.2317859,-462.4809619,2
-22097.13426,20123.93046,1973.203796,-39.549514,402.4004883,-457.3804721,2
-22708.51886,20203.67582,2504.843046,-50.18169851,403.9973575,-451.6300196,2
-23287.63342,20254.71064,3032.922776,-60.74257207,405.0201244,-445.2377761,2
-23833.65497,20276.96241,3556.692558,-71.21712711,405.4673355,-438.2128254,2
-24345.8076,20270.39951,4075.408084,-81.59047872,405.3383554,-430.5651503,2
-24823.3635,20235.03127,4588.332233,-91.8478858,404.6333672,-422.3056185,2
-25265.64405,20170.90793,5094.73611,-101.974772,403.353373,-413.4459674,2
-25672.02073,20078.12064,5593.900089,-111.9567465,401.5001915,-403.9987869,2
-26041.91606,19956.80123,6085.11483,-121.7796243,399.0764562,-393.977502,2
-26374.80441,19807.12212,6567.682289,-131.4294466,396.0856115,-383.3963536,2
-26670.21272,19629.296,7040.916712,-140.8925004,392.5319075,-372.2703779,2
-26927.72119,19423.57558,7504.145608,-150.1553384,388.4203941,-360.6153857,2
-27146.9639,19190.2532,7956.710702,-159.2047973,383.7569141,-348.4479393,2
-27327.62929,18929.66042,8397.968875,-168.0280176,378.5480945,-335.7853292,2
-27469.46062,18642.16755,8827.293074,-176.6124608,372.8013374,-322.6455499,2
-27572.25635,18328.18314,9244.073207,-184.945928,366.5248092,-309.0472736,2
-27635.87039,17988.15338,9647.717006,-193.016577,359.7274291,-295.0098242,2
-27660.21235,17622.56148,10037.65087,-200.8129389,352.4188567,-280.5531497,2
-27645.24763,17231.92694,10413.32069,-208.3239345,344.6094778,-265.6977938,2
-27590.9975,16816.8049,10774.1926,-215.5388905,336.31039,-250.4648668,2
-27497.53906,16377.78526,11119.7538,-222.4475539,327.5333868,-234.8760155,2
-27365.0051,15915.49188,11449.51322,-229.0401072,318.2909406,-218.9533926,2
-27193.58398,15430.58173,11763.00226,-235.3071819,308.5961857,-202.7196249,2
-26983.51929,14923.74387,12059.77542,-241.2398723,298.4628986,-186.1977815,2
-26735.10954,14395.69855,12339.41098,-246.8297476,287.9054795,-169.4113409,2
-26448.70773,13847.19616,12601.51157,-252.0688643,276.9389309,-152.3841575,2
-26124.72087,13279.01615,12845.70472,-256.9497774,265.5788369,-135.1404279,2
-25763.60934,12691.96593,13071.64342,-261.4655507,253.8413409,-117.7046563,2
-25365.88632,12086.87973,13279.0066,-265.6097673,241.7431224,-100.10162,2
-24932.11699,11464.61741,13467.49958,-269.3765378,229.3013737,-82.35633376,2
-24462.91775,10826.06324,13636.85451,-272.7605095,216.5337753,-64.4940147,2
-23958.95537,10172.12465,13786.83073,-275.7568736,203.4584705,-46.54004612,2
-23420.946,9503.730905,13917.2151,-278.3613721,190.09404,-28.51994159,2
-22849.65419,8821.831842,14027.82235,-280.5703038,176.4594756,-10.45930865,2
-22245.89177,8127.396474,14118.49529,-282.3805298,162.5741525,7.616187529,2
-21610.51671,7421.411631,14189.10508,-283.7894776,148.4578027,25.68086069,2
-20944.43194,6704.880556,14239.55138,-284.7951451,134.1304863,43.70903995,2
-20248.58397,5978.821479,14269.76249,-285.396103,119.612563,61.67510626,2
-19523.96166,5244.266169,14279.6955,-285.5914975,104.9246638,79.55352888,2
-18771.59474,4502.25847,14269.33627,-285.3810508,90.08766092,97.31890158,2
-17992.55235,3753.852815,14238.69953,-284.7650621,75.12263851,114.9459788,2
-17187.94156,3000.11273,14187.82883,-283.7444066,60.05086273,132.4097115,2
-16358.90576,2242.109321,14116.79644,-282.3205348,44.89375138,149.6852827,2
-15506.62306,1480.919752,14025.70331,-280.49547,29.67284356,166.748143,2
-14632.30461,717.6257143,13914.67889,-278.2718059,14.409769,183.574045,2
-13737.19285,-46.68810845,13783.88095,-275.6527022,-0.873782623,200.1390783,2
-12822.55978,-810.9355848,13633.49537,-272.641881,-16.15609256,216.419703,2
-11889.70516,-1574.030677,13463.73583,-269.2436208,-31.4154438,232.3927834,2
-10939.95461,-2334.888986,13274.8436,-265.4627507,-46.63015198,248.035621,2
-9974.657791,-3092.42929,13067.08708,-261.3046434,-61.77859616,263.3259864,2
-8995.186437,-3845.575082,12840.76152,-256.775208,-76.83924957,278.2421512,2
-8002.932431,-4593.256102,12596.18853,-251.8808809,-91.79071021,292.7629186,2
-6999.30582,-5334.409854,12333.71567,-246.6286173,-106.6117312,306.8676539,2
-5985.732812,-6067.983117,12053.71593,-241.025881,-121.2812511,320.5363135,2
-4963.65375,-6792.933445,11756.5872,-235.0806337,-135.7784238,333.7494734,2
-3934.521065,-7508.230642,11442.75171,-228.801324,-150.0826478,346.4883571,2
-2899.79721,-8212.858233,11112.65544,-222.196875,-164.1735962,358.7348619,2
-1860.952585,-8905.814902,10766.76749,-215.2766722,-178.0312449,370.4715848,2
-819.4634436,-9586.115922,10405.57937,-208.0505494,-191.6359015,381.6818473,2
223.1901997,-10252.79455,10029.60435,-200.5287754,-204.968233,392.349719,2
1265.526678,-10904.90339,9639.37671,-192.722039,-218.0092934,402.4600403,2
2306.064773,-11541.51577,9235.450993,-184.6414341,-230.7405507,411.9984438,2
3343.325824,-12161.72702,8818.401194,-176.2984435,-243.143913,420.951375,2
4375.835826,-12764.65579,8388.819965,-167.7049233,-255.2017545,429.3061113,2
5402.127526,-13349.44529,7947.317763,-158.8730852,-266.8969404,437.0507801,2
6420.742507,-13915.26449,7494.521988,-149.8154797,-278.2128511,444.1743759,2
7430.233261,-14461.30935,7031.076087,-140.5449782,-289.1334061,450.6667755,2
8429.165248,-14986.80389,6557.638643,-131.0747547,-299.6430868,456.518753,2
9416.118929,-15491.00136,6074.882434,-121.4182667,-309.7269582,461.7219924,2
10389.69179,-15973.18528,5583.493486,-111.5892367,-319.3706906,466.2690995,2
11348.50033,-16432.67042,5084.170088,-101.6016323,-328.5605799,470.1536127,2
12291.18203,-16868.80384,4577.621806,-91.46964649,-337.2835665,473.370012,2
13216.39729,-17280.96576,4064.568473,-81.20767726,-345.5272548,475.9137265,2
14122.83133,-17668.57049,3545.739166,-70.83030747,-353.2799299,477.7811416,2
15009.19604,-18031.06721,3021.871169,-60.35228394,-360.5305749,478.9696036,2
15874.23187,-18367.9408,2493.708928,-49.78849652,-367.2688863,479.4774235,2
16716.70955,-18678.71254,1962.00299,-39.15395692,-373.4852884,479.3038798,2
17535.43187,-18962.94081,1427.508939,-28.4637774,-379.1709475,478.449219,2
18329.23538,-19220.2217,890.986319,-17.73314929,-384.317784,476.9146558,2
19096.99205,-19450.1896,353.1975589,-6.977321415,-388.9184839,474.7023707,2
19837.61084,-19652.51772,-185.0931142,3.78842162,-392.9665093,471.8155075,2
20550.0393,-19826.91854,-723.1207598,14.5487811,-396.4561078,468.2581687,2
21233.26503,-19973.14422,-1260.120811,25.28846597,-399.3823204,464.0354094,2
21886.31714,-20090.98697,-1795.330162,35.99221454,-401.740989,459.1532304,2
22508.26758,-20180.27933,-2327.988251,46.6448162,-403.5287616,453.6185696,2
23098.23255,-20240.89441,-2857.33814,57.23113303,-404.7430978,447.4392919,2
23655.37366,-20272.74607,-3382.627596,67.73612129,-405.3822719,440.6241785,2
24178.8992,-20275.78905,-3903.110153,78.14485281,-405.4453755,433.1829141,2
24668.06519,-20250.01902,-4418.046177,88.44253623,-404.9323192,425.126073,2
25122.17652,-20195.4726,-4926.703916,98.61453795,-403.8438318,416.4651045,2
25540.58786,-20112.22732,-5428.360539,108.646403,-402.1814603,407.2123164,2
25922.70462,-20000.40146,-5922.303164,118.5238756,-399.9475669,397.3808572,2
26267.9838,-19860.15393,-6407.829872,128.2329193,-397.1453261,386.9846981,2
26575.93475,-19691.68404,-6884.250704,137.759737,-393.7787201,376.0386125,2
26846.11983,-19495.23119,-7350.888639,147.0907905,-389.8525329,364.5581556,2
27078.15511,-19271.07455,-7807.080558,156.21282,-385.372344,352.5596415,2
27271.71084,-19019.53266,-8252.178189,165.1128626,-380.3445199,340.0601209,2
27426.51199,-18740.96297,-8685.549024,173.7782707,-374.7762054,327.0773562,2
27542.33856,-18435.76134,-9106.577217,182.1967304,-368.6753135,313.6297967,2
27619.02596,-18104.36149,-9514.664467,190.3562785,-362.0505137,299.7365522,2
27656.46521,-17747.23435,-9909.230857,198.24532,-354.9112204,285.4173655,2
27654.60311,-17364.88743,-10289.71569,205.852644,-347.2675787,270.6925852,2
27613.44231,-16957.86404,-10655.57827,213.1674402,-339.1304509,255.5831359,2
27533.0413,-16526.74261,-11006.29869,220.1793137,-330.5114001,240.110489,2
27413.51433,-16072.13576,-11341.37856,226.8783005,-321.4226746,224.296632,2
27255.03125,-15594.68954,-11660.34171,233.2548807,-311.8771898,208.1640371,2
27057.81728,-15095.0824,-11962.73488,239.299993,-301.8885105,191.7356298,2
26822.15268,-14574.02433,-12248.12834,245.0050469,-291.470831,175.0347556,2
26548.37232,-14032.25577,-12516.11655,250.3619352,-280.6389556,158.0851475,2
26236.86528,-13470.54661,-12766.31867,255.3630455,-269.4082769,140.9108918,2
25888.07422,-12889.69507,-12998.37915,260.0012709,-257.7947543,123.5363939,2
25502.49478,-12290.52656,-13211.96822,264.2700203,-245.8148912,105.9863441,2
25080.67491,-11673.89254,-13406.78237,268.1632276,-233.4857117,88.28568186,2
24623.21402,-11040.66928,-13582.54474,271.6753602,-220.8247362,70.45956086,2
24130.7622,-10391.75663,-13739.00557,274.8014273,-207.8499567,52.53331297,2
23604.01925,-9728.076723,-13875.94253,277.5369865,-194.5798111,34.53241236,2
23043.73369,-9050.572685,-13993.16101,279.8781505,-181.0331569,16.4824393,2
22450.70173,-8360.207289,-14090.49444,281.8215923,-167.2292446,-1.590956201,2
21825.76609,-7657.961581,-14167.80451,283.3645502,-153.1876905,-19.66209087,2
21169.81484,-6944.83349,-14224.98135,284.5048316,-138.9284482,-37.70528463,2
20483.78013,-6221.836411,-14261.94372,285.240816,-124.4717811,-55.69489712,2
19768.63685,-5489.997762,-14278.63908,285.5714576,-109.8382327,-73.60536411,2
19025.40125,-4750.357526,-14275.04372,285.4962866,-95.04859817,-91.41123385,2
18255.12951,-4003.966771,-14251.16274,285.0154097,-80.12389439,-109.0872032,2
17458.91624,-3251.886161,-14207.03008,284.1295103,-65.08533018,-126.6081537,2
16637.89289,-2495.184443,-14142.70845,282.8398474,-49.95427615,-143.9491871,2
15793.22618,-1734.936931,-14058.28925,281.1482535,-34.75223436,-161.0856608,2
14926.11644,-972.2239787,-13953.89246,279.0571326,-19.50080774,-177.993223,2
14037.79587,-208.129443,-13829.66643,276.5694563,-4.221669412,-194.647847,2
13129.52682,556.2608561,-13685.78768,273.6887596,11.06346814,-211.0258658,2
12202.6,1319.860678,-13522.46068,270.4191362,26.3328839,-227.1040054,2
11258.33261,2081.584906,-13339.91752,266.7652324,41.56487919,-242.8594177,2
10298.06652,2840.351087,-13138.41761,262.7322406,56.73780852,-258.2697134,2
9323.166311,3595.080975,-12918.24729,258.3258919,71.83011031,-273.3129938,2
8335.017373,4344.702055,-12679.71943,253.552448,86.82033759,-287.9678815,2
7335.023919,5088.149076,-12423.173,248.4186922,101.6871884,-302.213551,2
6324.606995,5824.365559,-12148.97255,242.9319199,116.4095362,-316.0297586,2
5305.202458,6552.3053,-11857.50776,237.099928,130.9664596,-329.3968705,2
4278.258938,7270.933857,-11549.19279,230.9310041,145.3372726,-342.2958915,2
3245.235778,7979.230018,-11224.4658,224.4339146,159.5015533,-354.7084913,2
2207.60096,8676.187257,-10883.78822,217.6178923,173.4391736,-366.6170309,2
1166.829021,9360.815159,-10527.64418,210.492623,187.1303273,-378.0045877,2
124.3989538,10032.14083,-10156.53978,203.0682322,200.5555586,-388.8549793,2
-918.2078911,10689.21028,-9771.002391,195.3552703,213.6957895,-399.1527866,2
-1959.509912,11331.08978,-9371.579867,187.3646979,226.5323469,-408.883376,2
-2998.027363,11956.86718,-8958.839816,179.10787,239.0469896,-418.0329198,2
-4032.284452,12565.65322,-8533.368763,170.59652,251.2219333,-426.5884159,2
-5060.811445,13156.58277,-8095.771327,161.842743,263.0398769,-434.5377065,2
-6082.146748,13728.8161,-7646.669356,152.8589787,274.4840265,-441.8694953,2
-7094.838987,14281.54004,-7186.701049,143.6579933,285.5381193,-448.5733633,2
-8097.449072,14813.96912,-6716.520048,134.2528621,296.1864467,-454.639784,2
-9088.552239,15325.34674,-6236.794503,124.6569502,306.4138771,-460.0601368,2
-10066.74008,15814.94621,-5748.206133,114.883894,316.2058765,-464.8267189,2
-11030.62252,16282.07177,-5251.449247,104.9475815,325.5485301,-468.9327568,2
-11978.82985,16726.05962,-4747.229764,94.86213272,334.4285614,-472.3724155,2
-12910.01461,17146.27882,-4236.264208,84.64187966,342.8333514,-475.1408073,2
-13822.85353,17542.13222,-3719.278689,74.30134586,350.7509565,-477.2339979,2
-14716.04942,17913.05729,-3197.007871,63.85522579,358.1701252,-478.649013,2
-15588.333,18258.52693,-2670.19393,53.31836394,365.0803147,-479.3838416,2
-16438.4647,18578.0502,-2139.585498,42.70573378,371.471705,-479.4374395,2
-17265.23645,18871.17304,-1605.936597,32.03241644,377.3352137,-478.8097306,2
-18067.47335,19137.47892,-1070.005573,21.31357928,382.6625084,-477.5016068,2
-18844.03538,19376.58939,-532.5540118,10.56445435,387.4460187,-475.5149272,2
-19593.819,19588.16467,5.6543375,-0.199683238,391.6789471,-472.8525148,2
-20315.75874,19771.90409,543.8546517,-10.96353707,395.3552782,-469.5181531,2
-21008.82867,19927.54655,1081.282119,-21.71181111,398.4697879,-465.5165804,2
-21672.04391,20054.87089,1617.173024,-32.42923148,401.0180502,-460.8534832,2
-22304.46199,20153.69615,2150.765839,-43.10056814,402.9964438,-455.535488,2
-22905.1842,20223.88191,2681.302298,-53.71065654,404.4021575,-449.5701519,2
-23473.3569,20265.32842,3208.028479,-64.24441915,405.2331936,-442.965952,2
-24008.17267,20277.97679,3730.195876,-74.68688693,405.4883712,-435.7322733,2
-24508.87151,20261.80905,4247.062461,-85.02322055,405.1673276,-427.8793952,2
-24974.74191,20216.84817,4757.893738,-95.23873153,404.270519,-419.4184771,2
-25405.12183,20143.15805,5261.963787,-105.3189031,402.7992199,-410.3615423,2
-25799.39969,20040.84339,5758.556298,-115.2494107,400.7555211,-400.7214613,2
-26157.01518,19910.0496,6246.965585,-125.0161425,398.1423268,-390.5119332,2
-26477.46013,19750.96253,6726.497592,-134.6052196,394.9633504,-379.7474663,2
-26760.27915,19563.80827,7196.470879,-144.0030154,391.2231095,-368.4433575,2
-27005.07036,19348.85277,7656.217586,-153.1961749,386.9269192,-356.6156705,2
-27211.48588,19106.40149,8105.084389,-162.1716343,382.0808845,-344.2812131,2
-27379.23239,18836.79897,8542.433424,-170.916639,376.691892,-331.4575132,2
-27508.07151,18540.42832,8967.643193,-179.4187617,370.7675997,-318.1627941,2
-27597.82016,18217.71071,9380.109451,-187.6659206,364.3164263,-304.4159483,2
-27648.3508,17869.10474,9779.24606,-195.6463959,357.3475394,-290.2365107,2
-27659.59162,17495.10579,10164.48583,-203.348847,349.8708421,-275.6446312,2
-27631.52664,17096.24534,10535.2813,-210.7623283,341.8969591,-260.6610455,2
-27564.19575,16673.09019,10891.10556,-217.8763047,333.4372219,-245.3070463,2
-27457.69463,16226.24167,11231.45297,-224.680667,324.5036521,-229.6044523,2
-27312.17463,15756.33476,11555.83987,-231.1657458,315.1089449,-213.5755779,2
-27127.84253,15264.03725,11863.80528,-237.3223254,305.2664506,-197.2432008,2
-26904.96028,14750.0487,12154.91158,-243.141657,294.990156,-180.6305304,2
-26643.84462,14215.09953,12428.74509,-248.615471,284.2946643,-163.7611741,2
-26344.86659,13659.94992,12684.91667,-253.7359888,273.1951742,-146.6591042,2
-26008.45106,13085.38877,12923.06229,-258.4959339,261.7074589,-129.3486237,2
-25635.0761,12492.23258,13142.84352,-262.8885421,249.847843,-111.8543317,2
-25225.2723,11881.32423,13343.94806,-266.9075713,237.6331796,-94.20108864,2
-24779.622,11253.53188,13526.09012,-270.5473103,225.0808264,-76.41398064,2
-24298.7585,10609.74764,13689.01087,-273.8025867,212.2086211,-58.51828419,2
-23783.36514,9950.886364,13832.47878,-276.6687747,199.0348557,-40.53943006,2
-23234.17432,9277.884338,13956.28998,-279.1418012,185.5782509,-22.50296718,2
-22651.96646,8591.69793,14060.26853,-281.2181519,171.8579293,-4.434526357,2
-22037.56892,7893.30225,14144.26667,-282.8948762,157.8933881,13.64021617,2
-21391.85479,7183.689755,14208.16503,-284.1695914,143.7044718,31.69557521,2
-20715.74166,6463.868843,14251.87282,-285.0404861,129.3113435,49.7058931,2
-20010.19033,5734.862421,14275.32791,-285.5063227,114.7344568,67.6455762,2
-19276.20342,4997.706445,14278.49698,-285.5664392,99.99452614,85.48913123,2
-18514.82398,4253.448455,14261.37552,-285.2207501,85.11249778,103.2112015,2
-17727.13395,3503.146082,14223.98787,-284.4697467,70.1095199,120.7866031,2
-16914.2527,2747.865546,14166.38716,-283.3144963,55.00691255,138.1903602,2
-16077.33537,1988.680144,14088.65523,-281.7566405,39.82613738,155.3977413,2
-15217.57127,1226.668718,13990.90255,-279.798393,24.58876708,172.3842937,2
-14336.18216,462.9141284,13873.26804,-277.4425368,9.316454796,189.1258786,2
-13434.42056,-301.4982873,13735.91885,-274.6924195,-5.969096677,205.5987053,2
-12513.56791,-1065.482257,13579.05017,-271.5519492,-21.24616574,221.7793649,2
-11574.93279,-1827.952119,13402.88491,-268.0255888,-36.49304283,237.644864,2
-10619.84906,-2587.82436,13207.67342,-264.1183493,-51.68806132,253.1726567,2
-9649.673949,-3344.019162,12993.69311,-259.8357832,-66.80962824,268.3406772,2
-8665.786119,-4095.461929,12761.24805,-255.1839763,-81.83625503,283.1273709,2
-7669.583733,-4841.084821,12510.66855,-250.1695389,-96.74658801,297.5117251,2
-6662.482449,-5579.828267,12242.31072,-244.7995969,-111.5194388,311.4732989,2
-5645.913412,-6310.642471,11956.55588,-239.0817814,-126.1338144,324.992252,2
-4621.321224,-7032.488906,11653.81013,-233.0242175,-140.5689469,338.0493734,2
-3590.161886,-7744.341791,11334.50368,-226.6355135,-154.8043232,350.6261082,2
-2553.90073,-8445.189542,10999.09027,-219.924748,-168.8197142,362.704584,2
-1514.010343,-9134.036216,10648.04656,-212.9014574,-182.5952031,374.2676368,2
-471.9684633,-9809.902925,10281.87139,-205.5756222,-196.1112142,385.2988348,2
570.744109,-10471.82923,9901.085116,-197.9576527,-209.3485405,395.7825021,2
1612.645623,-11118.87448,9506.228861,-190.0583746,-222.2883711,405.7037408,2
2652.255479,-11750.11921,9097.863734,-181.8890132,-234.9123178,415.0484523,2
3688.096335,-12364.66638,8676.570044,-173.4611775,-247.2024412,423.8033572,2
4718.696204,-12961.64268,8242.946474,-164.786844,-259.1412764,431.9560143,2
5742.590548,-13540.19977,7797.609226,-155.8783394,-270.7118577,439.4948384,2
6758.324356,-14099.5155,7341.191148,-146.7483231,-281.8977427,446.4091162,2
7764.454215,-14638.79505,6874.340837,-137.4097695,-292.6830355,452.6890222,2
8759.550361,-15157.27207,6397.72171,-127.875949,-303.0524097,458.3256323,2
9742.198706,-15654.20978,5912.011071,-118.1604098,-312.9911298,463.3109367,2
10711.00285,-16128.90199,5417.899141,-108.2769582,-322.4850724,467.6378509,2
11664.58608,-16580.67416,4916.08808,-98.23963912,-331.5207461,471.300226,2
12601.59329,-17008.88428,4407.290988,-88.06271614,-340.0853107,474.2928578,2
13520.69295,-17412.92384,3892.230895,-77.76065121,-348.1665954,476.6114935,2
14420.57896,-17792.21869,3371.639729,-67.34808415,-355.7531163,478.2528381,2
15299.97254,-18146.22982,2846.257278,-56.83981177,-362.8340926,479.2145593,2
16157.62403,-18474.45417,2316.83014,-46.25076692,-369.3994618,479.4952904,2
16992.31464,-18776.4253,1784.110659,-35.59599719,-375.4398942,479.0946325,2
17802.85825,-19051.71411,1248.85586,-24.8906436,-380.9468059,478.0131548,2
18588.10302,-19299.92939,711.8263682,-14.14991904,-385.9123714,476.2523943,2
19346.93308,-19520.71841,173.7853321,-3.389086676,-390.3295342,473.8148531,2
20078.27009,-19713.76742,-364.5026625,7.376561766,-394.1920175,470.7039951,2
20781.07477,-19878.80209,-902.2726789,18.13172771,-397.4943323,466.9242409,2
21454.34842,-20015.5879,-1438.760516,28.86112748,-400.2317859,462.4809619,2
22097.13426,-20123.93046,-1973.203796,39.549514,-402.4004883,457.3804721,2
22708.51886,-20203.67582,-2504.843046,50.18169851,-403.9973575,451.6300196,2
23287.63342,-20254.71064,-3032.922776,60.74257207,-405.0201244,445.2377761,2
23833.65497,-20276.96241,-3556.692558,71.21712711,-405.4673355,438.2128254,2
24345.8076,-20270.39951,-4075.408084,81.59047872,-405.3383554,430.5651503,2
24823.3635,-20235.03127,-4588.332233,91.8478858,-404.6333672,422.3056185,2
25265.64405,-20170.90793,-5094.73611,101.974772,-403.353373,413.4459674,2
25672.02073,-20078.12064,-5593.900089,111.9567465,-401.5001915,403.9987869,2
26041.91606,-19956.80123,-6085.11483,121.7796243,-399.0764562,393.977502,2
26374.80441,-19807.12212,-6567.682289,131.4294466,-396.0856115,383.3963536,2
26670.21272,-19629.296,-7040.916712,140.8925004,-392.5319075,372.2703779,2
26927.72119,-19423.57558,-7504.145608,150.1553384,-388.4203941,360.6153857,2
27146.9639,-19190.2532,-7956.710702,159.2047973,-383.7569141,348.4479393,2
27327.62929,-18929.66042,-8397.968875,168.0280176,-378.5480945,335.7853292,2
27469.46062,-18642.16755,-8827.293074,176.6124608,-372.8013374,322.6455499,2
27572.25635,-18328.18314,-9244.073207,184.945928,-366.5248092,309.0472736,2
27635.87039,-17988.15338,-9647.717006,193.016577,-359.7274291,295.0098242,2
27660.21235,-17622.56148,-10037.65087,200.8129389,-352.4188567,280.5531497,2
27645.24763,-17231.92694,-10413.32069,208.3239345,-344.6094778,265.6977938,2
27590.9975,-16816.8049,-10774.1926,215.5388905,-336.31039,250.4648668,2
27497.53906,-16377.78526,-11119.7538,222.4475539,-327.5333868,234.8760155,2
27365.0051,-15915.49188,-11449.51322,229.0401072,-318.2909406,218.9533926,2
27193.58398,-15430.58173,-11763.00226,235.3071819,-308.5961857,202.7196249,2
26983.51929,-14923.74387,-12059.77542,241.2398723,-298.4628986,186.1977815,2
26735.10954,-14395.69855,-12339.41098,246.8297476,-287.9054795,169.4113409,2
26448.70773,-13847.19616,-12601.51157,252.0688643,-276.9389309,152.3841575,2
26124.72087,-13279.01615,-12845.70472,256.9497774,-265.5788369,135.1404279,2
25763.60934,-12691.96593,-13071.64342,261.4655507,-253.8413409,117.7046563,2
25365.88632,-12086.87973,-13279.0066,265.6097673,-241.7431224,100.10162,2
24932.11699,-11464.61741,-13467.49958,269.3765378,-229.3013737,82.35633376,2
24462.91775,-10826.06324,-13636.85451,272.7605095,-216.5337753,64.4940147,2
23958.95537,-10172.12465,-13786.83073,275.7568736,-203.4584705,46.54004612,2
23420.946,-9503.730905,-13917.2151,278.3613721,-190.09404,28.51994159,2
22849.65419,-8821.831842,-14027.82235,280.5703038,-176.4594756,10.45930865,2
22245.89177,-8127.396474,-14118.49529,282.3805298,-162.5741525,-7.616187529,2
21610.51671,-7421.411631,-14189.10508,283.7894776,-148.4578027,-25.68086069,2
20944.43194,-6704.880556,-14239.55138,284.7951451,-134.1304863,-43.70903995,2
20248.58397,-5978.821479,-14269.76249,285.396103,-119.612563,-61.67510626,2
19523.96166,-5244.266169,-14279.6955,285.5914975,-104.9246638,-79.55352888,2
18771.59474,-4502.25847,-14269.33627,285.3810508,-90.08766092,-97.31890158,2
17992.55235,-3753.852815,-14238.69953,284.7650621,-75.12263851,-114.9459788,2
17187.94156,-3000.11273,-14187.82883,283.7444066,-60.05086273,-132.4097115,2
16358.90576,-2242.109321,-14116.79644,282.3205348,-44.89375138,-149.6852827,2
15506.62306,-1480.919752,-14025.70331,280.49547,-29.67284356,-166.748143,2
14632.30461,-717.6257143,-13914.67889,278.2718059,-14.409769,-183.574045,2
13737.19285,46.68810845,-13783.88095,275.6527022,0.873782623,-200.1390783,2
12822.55978,810.9355848,-13633.49537,272.641881,16.15609256,-216.419703,2
11889.70516,1574.030677,-13463.73583,269.2436208,31.4154438,-232.3927834,2
10939.95461,2334.888986,-13274.8436,265.4627507,46.63015198,-248.035621,2
9974.657791,3092.42929,-13067.08708,261.3046434,61.77859616,-263.3259864,2
8995.186437,3845.575082,-12840.76152,256.775208,76.83924957,-278.2421512,2
8002.932431,4593.256102,-12596.18853,251.8808809,91.79071021,-292.7629186,2
6999.30582,5334.409854,-12333.71567,246.6286173,106.6117312,-306.8676539,2
5985.732812,6067.983117,-12053.71593,241.025881,121.2812511,-320.5363135,2
4963.65375,6792.933445,-11756.5872,235.0806337,135.7784238,-333.7494734,2
3934.521065,7508.230642,-11442.75171,228.801324,150.0826478,-346.4883571,2
2899.79721,8212.858233,-11112.65544,222.196875,164.1735962,-358.7348619,2
1860.952585,8905.814902,-10766.76749,215.2766722,178.0312449,-370.4715848,2
819.4634436,9586.115922,-10405.57937,208.0505494,191.6359015,-381.6818473,2
-223.1901997,10252.79455,-10029.60435,200.5287754,204.968233,-392.349719,2
-1265.526678,10904.90339,-9639.37671,192.722039,218.0092934,-402.4600403,2
-2306.064773,11541.51577,-9235.450993,184.6414341,230.7405507,-411.9984438,2
-3343.325824,12161.72702,-8818.401194,176.2984435,243.143913,-420.951375,2
-4375.835826,12764.65579,-8388.819965,167.7049233,255.2017545,-429.3061113,2
-5402.127526,13349.44529,-7947.317763,158.8730852,266.8969404,-437.0507801,2
-6420.742507,13915.26449,-7494.521988,149.8154797,278.2128511,-444.1743759,2
-7430.233261,14461.30935,-7031.076087,140.5449782,289.1334061,-450.6667755,2
-8429.165248,14986.80389,-6557.638643,131.0747547,299.6430868,-456.518753,2
-9416.118929,15491.00136,-6074.882434,121.4182667,309.7269582,-461.7219924,2
-10389.69179,15973.18528,-5583.493486,111.5892367,319.3706906,-466.2690995,2
-11348.50033,16432.67042,-5084.170088,101.6016323,328.5605799,-470.1536127,2
-12291.18203,16868.80384,-4577.621806,91.46964649,337.2835665,-473.370012,2
-13216.39729,17280.96576,-4064.568473,81.20767726,345.5272548,-475.9137265,2
-14122.83133,17668.57049,-3545.739166,70.83030747,353.2799299,-477.7811416,2
-15009.19604,18031.06721,-3021.871169,60.35228394,360.5305749,-478.9696036,2
-15874.23187,18367.9408,-2493.708928,49.78849652,367.2688863,-479.4774235,2
-16716.70955,18678.71254,-1962.00299,39.15395692,373.4852884,-479.3038798,2
-17535.43187,18962.94081,-1427.508939,28.4637774,379.1709475,-478.449219,2
-18329.23538,19220.2217,-890.986319,17.73314929,384.317784,-476.9146558,2
-19096.99205,19450.1896,-353.1975589,6.977321415,388.9184839,-474.7023707,2
-19837.61084,19652.51772,185.0931142,-3.78842162,392.9665093,-471.8155075,2
-20550.0393,19826.91854,723.1207598,-14.5487811,396.4561078,-468.2581687,2
-21233.26503,19973.14422,1260.120811,-25.28846597,399.3823204,-464.0354094,2
-21886.31714,20090.98697,1795.330162,-35.99221454,401.740989,-459.1532304,2
-22508.26758,20180.27933,2327.988251,-46.6448162,403.5287616,-453.6185696,2
-23098.23255,20240.89441,2857.33814,-57.23113303,404.7430978,-447.4392919,2
-23655.37366,20272.74607,3382.627596,-67.73612129,405.3822719,-440.6241785,2
-24178.8992,20275.78905,3903.110153,-78.14485281,405.4453755,-433.1829141,2
-24668.06519,20250.01902,4418.046177,-88.44253623,404.9323192,-425.126073,2
-25122.17652,20195.4726,4926.703916,-98.61453795,403.8438318,-416.4651045,2
-25540.58786,20112.22732,5428.360539,-108.646403,402.1814603,-407.2123164,2
-25922.70462,20000.40146,5922.303164,-118.5238756,399.9475669,-397.3808572,2
-26267.9838,19860.15393,6407.829872,-128.2329193,397.1453261,-386.9846981,2
-26575.93475,19691.68404,6884.250704,-137.759737,393.7787201,-376.0386125,2
-26846.11983,19495.23119,7350.888639,-147.0907905,389.8525329,-364.5581556,2
-27078.15511,19271.07455,7807.080558,-156.21282,385.372344,-352.5596415,2
-27271.71084,19019.53266,8252.178189,-165.1128626,380.3445199,-340.0601209,2
-27426.51199,18740.96297,8685.549024,-173.7782707,374.7762054,-327.0773562,2
-27542.33856,18435.76134,9106.577217,-182.1967304,368.6753135,-313.6297967,2
-27619.02596,18104.36149,9514.664467,-190.3562785,362.0505137,-299.7365522,2
-27656.46521,17747.23435,9909.230857,-198.24532,354.9112204,-285.4173655,2
-27654.60311,17364.88743,10289.71569,-205.852644,347.2675787,-270.6925852,2
-27613.44231,16957.86404,10655.57827,-213.1674402,339.1304509,-255.5831359,2
-27533.0413,16526.74261,11006.29869,-220.1793137,330.5114001,-240.110489,2
-27413.51433,16072.13576,11341.37856,-226.8783005,321.4226746,-224.296632,2
-27255.03125,15594.68954,11660.34171,-233.2548807,311.8771898,-208.1640371,2
-27057.81728,15095.0824,11962.73488,-239.299993,301.8885105,-191.7356298,2
-26822.15268,14574.02433,12248.12834,-245.0050469,291.470831,-175.0347556,2
-26548.37232,14032.25577,12516.11655,-250.3619352,280.6389556,-158.0851475,2
-26236.86528,13470.54661,12766.31867,-255.3630455,269.4082769,-140.9108918,2
-25888.07422,12889.69507,12998.37915,-260.0012709,257.7947543,-123.5363939,2
-25502.49478,12290.52656,13211.96822,-264.2700203,245.8148912,-105.9863441,2
-25080.67491,11673.89254,13406.78237,-268.1632276,233.4857117,-88.28568186,2
-24623.21402,11040.66928,13582.54474,-271.6753602,220.8247362,-70.45956086,2
-24130.7622,10391.75663,13739.00557,-274.8014273,207.8499567,-52.53331297,2
-23604.01925,9728.076723,13875.94253,-277.5369865,194.5798111,-34.53241236,2
-23043.73369,9050.572685,13993.16101,-279.8781505,181.0331569,-16.4824393,2
-22450.70173,8360.207289,14090.49444,-281.8215923,167.2292446,1.590956201,2
-21825.76609,7657.961581,14167.80451,-283.3645502,153.1876905,19.66209087,2
-21169.81484,6944.83349,14224.98135,-284.5048316,138.9284482,37.70528463,2
-20483.78013,6221.836411,14261.94372,-285.240816,124.4717811,55.69489712,2
-19768.63685,5489.997762,14278.63908,-285.5714576,109.8382327,73.60536411,2
-19025.40125,4750.357526,14275.04372,-285.4962866,95.04859817,91.41123385,2
-18255.12951,4003.966771,14251.16274,-285.0154097,80.12389439,109.0872032,2
-17458.91624,3251.886161,14207.03008,-284.1295103,65.08533018,126.6081537,2
-16637.89289,2495.184443,14142.70845,-282.8398474,49.95427615,143.9491871,2
-15793.22618,1734.936931,14058.28925,-281.1482535,34.75223436,161.0856608,2
-14926.11644,972.2239787,13953.89246,-279.0571326,19.50080774,177.993223,2
-14037.79587,208.129443,13829.66643,-276.5694563,4.221669412,194.647847,2
-13129.52682,-556.2608561,13685.78768,-273.6887596,-11.06346814,211.0258658,2
-12202.6,-1319.860678,13522.46068,-270.4191362,-26.3328839,227.1040054,2
-11258.33261,-2081.584906,13339.91752,-266.7652324,-41.56487919,242.8594177,2
-10298.06652,-2840.351087,13138.41761,-262.7322406,-56.73780852,258.2697134,2
-9323.166311,-3595.080975,12918.24729,-258.3258919,-71.83011031,273.3129938,2
-8335.017373,-4344.702055,12679.71943,-253.552448,-86.82033759,287.9678815,2
-8335.017373,-4344.702055,12679.71943,-253.552448,-86.82033759,287.9678815,2
-8335.017373,-4344.702055,12679.71943,-253.552448,-86.82033759,287.9678815,2
-8335.017373,-4344.702055,12679.71943,-253.552448,-86.82033759,287.9678815,2
